file,sound,param,value,attack_ms,band_air_share,band_high_share,band_low_share,band_lowmid_share,band_mid_share,band_sub_share,centroid_slope_hz_per_ms,crest_factor_db,decay_ms,duration_s,f0_hz,f0_hz_at_100ms,f0_hz_at_30ms,f0_hz_at_5ms,f0_voiced_confidence,harmonic_percussive_ratio,loudness_a_db,peak_db,rise_10_90_ms,rms_db,spectral_bandwidth,spectral_centroid_hz,spectral_centroid_hz_100ms,spectral_flatness,spectral_flux_mean,spectral_rolloff_85,t60_estimate_ms,zero_crossing_rate,decay20_ms,decay40_ms,sustain_share
library/synth/wav/clap__lib__0001.wav,clap,lib,0001,13.10657596371882,1.2453585360887857e-06,0.027723777533588276,6.676384057047945e-09,0.0020866513150572885,0.9701882981967357,2.0919698822595075e-08,20.760996844055693,23.642162698774797,0.27210884353741494,0.018798185941043082,nan,nan,nan,nan,0.009600945193747563,1.6405523172660728e-05,-24.635844633360744,-1.000151903819357,12.721088435374151,-24.642314602594155,4147.535870839129,3795.529079434967,1413.8357018652068,0.029313350650813762,0.2043423936061187,8403.1171875,88.02849315324428,0.04998046875,24,44,0.001205
library/synth/wav/clap__lib__0002.wav,clap,lib,0002,9.070294784580499,2.0565101003003823e-05,0.23023570746878397,6.135094840661942e-08,0.0007554116617146512,0.7689882450213584,9.39619157860756e-09,15.573043077245947,19.73965258315836,0.18140589569160998,0.029047619047619048,nan,nan,nan,nan,0.010000266032109557,0.003517688143519668,-20.173699758419023,-1.000151903819357,8.956916099773242,-20.739804486977718,2834.8477979922222,2882.546643282034,1733.6657012096687,0.013600761303354685,0.26959662382662736,5427.195387620192,172.29484518737024,0.07042518028846154,42,102,0.03344
library/synth/wav/clap__lib__0003.wav,clap,lib,0003,42.857142857142854,0.0001854966035669931,0.3461190678957924,5.684097864826143e-09,0.00040556699480238587,0.6532898453209173,1.7500823127526265e-08,21.051979838437173,22.66801564705882,0.15873015873015872,0.054965986394557825,nan,nan,nan,nan,0.010033840323701256,0.003367299915429936,-23.126071571488914,-1.000151903819357,42.7891156462585,-23.668167550878177,3796.150717497536,4069.1030215460114,2058.8374821648945,0.036978771351955174,0.537449174899374,8328.181640625,72.57043429441383,0.07314453125,28,52,0.2704
library/synth/wav/clap__lib__0004.wav,clap,lib,0004,54.85260770975057,0.008902515011931974,0.7841154829050877,5.700930740955555e-10,4.0305455014163824e-07,0.2069815783553702,2.01029669722812e-08,2.593701217495832,23.146660509280245,0.22675736961451248,0.05596371882086168,nan,nan,nan,nan,0.010000041005124086,0.0176177853493518,-23.151289969932527,-0.9998544876801003,54.80725623582766,-24.146514996960345,2268.9956297186664,3657.051852797877,3366.1111678316965,0.005477662893603452,0.6750226352046473,5339.15771484375,324.2343350999197,0.1356201171875,96,210,0.982
library/synth/wav/clap__lib__0005.wav,clap,lib,0005,96.07709750566893,9.696900671418143e-05,0.4427664782787036,1.943546937917797e-09,4.169550987557904e-05,0.557094839432481,1.5828678804856287e-08,15.621794032991186,22.16397937584178,0.09070294784580499,0.10530612244897959,nan,nan,nan,nan,0.010101235790032073,0.039479877926523244,-22.395672087903975,-0.9998544876801003,95.91836734693878,-23.16383386352188,2545.3080744304393,3132.861382232234,2318.4149135338166,0.015352936840686325,0.860726641849574,5690.382982336957,81.76889750757483,0.06593919836956522,28,52,0.8746
library/synth/wav/clap__lib__0006.wav,clap,lib,0006,10.272108843537415,8.707618326795057e-05,0.3885470799127765,6.358016407527542e-09,0.0001325712607820924,0.6112332504754613,1.5809695858801093e-08,11.299279291383836,22.02579862627727,0.13605442176870747,0.01634920634920635,nan,nan,nan,nan,0.010000065855648785,0.022544377898064395,-22.295826558432704,-1.000151903819357,10.068027210884354,-23.025950530096626,3046.021925805901,3260.2247774292036,2060.642264613487,0.017348003922315447,0.2829214402769038,6095.642419763513,252.96582786538423,0.08303420608108109,66,146,0.08543
library/synth/wav/clap__lib__0007.wav,clap,lib,0007,37.482993197278915,0.004641695040890011,0.7479461833751464,3.8342039293306017e-10,1.2301945403753734e-06,0.24741087400424008,1.7001762619177047e-08,16.23927377448991,22.376404345389115,0.06802721088435373,0.046848072562358276,nan,nan,nan,nan,0.010017375494965368,0.0074073835382263715,-22.39321834942158,-1.000151903819357,37.43764172335601,-23.376556249208473,3543.352628398012,4592.16237492297,3177.944103664052,0.035657127796543425,0.49127289154692805,8437.825520833334,114.11974024447488,0.12310112847222222,40,76,0.2077
library/synth/wav/clap__lib__0008.wav,clap,lib,0008,47.50566893424036,1.7555820865463473e-06,0.046170567124179024,5.499462477868496e-08,0.002527760645865805,0.9512998431514642,1.8501779751279507e-08,14.575188965426156,22.691318244091125,0.20408163265306123,0.06356009070294785,nan,nan,nan,nan,0.01000092855640946,0.03041817314233042,-23.465562980953866,-0.9998544876801003,47.233560090702944,-23.691172731771225,2593.5546689575403,2469.5530613935657,1438.4905220781588,0.010092643857475922,0.4821046308003255,4673.502604166667,160.91843319400857,0.05101634837962963,52,96,0.415
library/synth/wav/clap__lib__0009.wav,clap,lib,0009,52.53968253968254,0.00020558644293833313,0.5672342665668021,9.677745585861408e-10,9.926078574492058e-06,0.4325502044965362,1.544737425580068e-08,9.97347409133945,21.94187386361424,0.31746031746031744,0.05566893424036281,nan,nan,nan,nan,0.01000671743215812,0.022589584466033378,-21.941647024765505,-0.9998544876801003,52.42630385487528,-22.94172835129434,2883.089360889263,3480.016235370735,2432.9086085615922,0.01877472379684674,0.4979555331904953,6220.887169471154,243.53867758258195,0.09258563701923077,66,134,0.8213
library/synth/wav/clap__lib__0010.wav,clap,lib,0010,50.49886621315193,0.00035452141282809116,0.5090513844998291,3.975425099402787e-09,4.866451199722118e-05,0.4905453964802919,2.9119628590080006e-08,16.10829083854792,24.776049478214997,0.11337868480725624,0.052653061224489796,nan,nan,nan,nan,0.010001385947169365,0.012380039797144722,-24.964448835725285,-0.9998544876801003,50.29478458049886,-25.775903965895097,3717.319378065072,4243.950802546084,2436.155256389449,0.03375154900079108,0.5177623996878923,8380.583732358871,114.96519633594075,0.09156060987903226,32,68,0.772
library/synth/wav/clap__lib__0011.wav,clap,lib,0011,28.66213151927438,3.853583884789135e-05,0.7279187617966512,4.5371499661747465e-10,1.3758095666942454e-08,0.27204267552715516,1.2625535207564574e-08,11.908387002430379,21.095233565890005,0.09070294784580499,0.03199546485260771,nan,nan,nan,nan,0.010000951658724338,0.00365856693273644,-20.907994986522915,-1.000151903819357,28.458049886621314,-22.095385469709363,2009.3984678971892,3032.5920649013005,2528.044436158077,0.005599683957308153,0.6774026070603958,4492.0654296875,119.41970580383148,0.09711371527777778,42,76,0.09149
library/synth/wav/clap__lib__0012.wav,clap,lib,0012,96.55328798185941,0.0008436119860950065,0.4934354093331153,5.341739150950386e-09,1.4040947668543002e-05,0.5057069085633377,2.3828044388036663e-08,10.778869609454286,23.969822369241523,0.13605442176870747,0.10671201814058957,nan,nan,nan,nan,0.010147043023419585,0.019913819155716585,-24.091145632761723,-1.000151903819357,96.43990929705215,-24.96997427306088,2844.146830905106,3622.4293201195933,2676.581481663181,0.019679233828238614,0.7236304044321831,6389.661362591912,164.2201426286214,0.09267290900735294,44,96,0.9581
library/synth/wav/clap__lib__0013.wav,clap,lib,0013,30.181405895691608,2.383402834400276e-06,0.03806902626650106,8.321954831329258e-08,0.000930989410663877,0.9609975076897913,1.001066096353858e-08,12.336411338491548,19.905046353562255,0.22675736961451248,0.03462585034013605,nan,nan,nan,nan,0.010001981646092298,0.007371547357157072,-21.08549297229304,-0.9998544876801003,30.068027210884352,-20.904900841242355,2119.908469712688,2021.1999403166628,1409.5781669240814,0.004944249677121577,0.6352187760066292,3461.71875,144.87234642324364,0.04892113095238095,38,92,0.1446
library/synth/wav/clap__lib__0014.wav,clap,lib,0014,29.024943310657598,1.5772274209939932e-05,0.1212900193203159,5.7904941833962493e-08,0.004790134419661119,0.8739040030380157,1.3042855462607185e-08,11.963410110822958,21.155455605774723,0.15873015873015872,0.03614512471655329,nan,nan,nan,nan,0.009762078159505055,0.022057495670929943,-21.877112601111858,-1.000151903819357,28.934240362811792,-22.15560750959408,3384.342136288263,3292.999790031885,1615.6918144784704,0.02030950706678753,0.39352346530752497,6709.6435546875,198.95281049349273,0.0634184337797619,58,128,0.295
library/synth/wav/clap__lib__0015.wav,clap,lib,0015,25.124716553287982,0.004373515305318714,0.7907298947274299,5.955688387437958e-10,2.3523310553949287e-07,0.20489632985044726,2.428812972646334e-08,11.020113290203064,24.52596190282022,0.20408163265306123,0.0326530612244898,nan,nan,nan,nan,0.009706001770309267,0.001350402790932606,-24.542585025944142,-1.000151903819357,25.011337868480727,-25.52611380663958,4146.329881582089,5351.040362931228,3374.556990677224,0.10243372516566267,0.34232955420310546,10213.071576286764,109.74250587300351,0.12251551011029412,34,64,0.03301
library/synth/wav/clap__lib__0016.wav,clap,lib,0016,30.70294784580499,8.619844879675321e-05,0.4883594042623554,7.235973597711599e-10,3.737376317553604e-05,0.5115170135682138,9.233861081280766e-09,17.55925575173646,19.49454462246194,0.13605442176870747,0.04492063492063492,nan,nan,nan,nan,0.010001155423244092,0.0005142140227960248,-19.612742368579326,-1.000151903819357,28.843537414965986,-20.4946965262813,2287.8276196625966,2805.881048920703,2162.438454284993,0.010363220295555316,0.8611707313117073,4618.154296875,88.46104178463932,0.07760416666666667,26,56,0.02655
library/synth/wav/clap__lib__0017.wav,clap,lib,0017,71.9047619047619,1.969310926138095e-07,0.006916185458849022,7.837719100634529e-10,5.9809967618379125e-06,0.9930776193975129,1.6432011774304225e-08,12.463169713505692,23.212748260256962,0.22675736961451248,0.07401360544217687,nan,nan,nan,nan,0.010109664697371833,0.022029510026323595,-23.96997994817798,-1.000151903819357,71.49659863945578,-24.21290016407632,3279.607059501175,3258.1419880198146,1286.76154619574,0.11553370028625312,0.441101745207925,6891.930042613636,81.70227841820763,0.04086766098484849,4,64,0.9277
library/synth/wav/clap__lib__0018.wav,clap,lib,0018,85.71428571428571,3.1690932709205934e-05,0.23794298565068572,1.6423608919816344e-08,0.0006766790171414105,0.7613486156804887,1.2295365934431417e-08,3.2827113369764107,20.882739053859268,0.15873015873015872,0.09061224489795919,nan,nan,nan,nan,0.010004546163877689,0.021803028404521186,-21.297790328738664,-1.000151903819357,85.3968253968254,-21.882890957678626,1930.532139366544,2182.3452582711475,1990.9173569630411,0.002670506999810518,0.6119829601629782,3380.712890625,321.83272327284993,0.06669013444767442,92,200,0.9863
library/synth/wav/clap__lib__0019.wav,clap,lib,0019,59.84126984126984,0.0004360835032806121,0.5382204342357508,6.640914794475661e-10,1.251708460342202e-05,0.4613309458704403,1.86418332374496e-08,10.913628166611874,22.825483036076157,0.11337868480725624,0.0609297052154195,nan,nan,nan,nan,0.010002573420332332,0.01678185586059458,-22.834917204116433,-0.9998544876801003,59.682539682539684,-23.825337523756257,2122.3888423283092,2971.64813951463,2567.491855370672,0.007697237770386745,0.8572035588077601,4735.9588623046875,85.69278186420188,0.082733154296875,26,54,0.8952
library/synth/wav/clap__lib__0020.wav,clap,lib,0020,75.89569160997732,2.4069261664848303e-06,0.06485698842303858,4.0955790591511475e-08,0.0022960995209439315,0.9328444555385608,8.635499446450211e-09,10.806857596598695,19.30159506237501,0.22675736961451248,0.09462585034013606,nan,nan,nan,nan,0.010009182022788688,0.05048617994115269,-20.078027766997867,-1.000151903819357,71.70068027210884,-20.30174696619437,2277.032822178243,2232.0866145710497,1445.0131695169594,0.007376464249087094,0.5079207911542469,4085.7516381048385,178.09977803133467,0.048528855846774195,56,106,0.8987
library/synth/wav/clap__lib__0021.wav,clap,lib,0021,69.29705215419501,0.019148417521535854,0.746559935388974,1.015233011431065e-09,3.969373740932116e-07,0.23429123298153884,1.6155344335978208e-08,13.088499892591669,22.270681419165303,0.09070294784580499,0.06979591836734694,nan,nan,nan,nan,0.009565304290038329,0.01699870767766312,-22.30483046875674,-1.000151903819357,68.34467120181407,-23.27083332298466,2897.806103663615,4286.891008586855,3511.0875549815437,0.022991760465338046,0.7423698464658621,7183.663807744565,108.4680121149846,0.12654976222826086,36,68,0.8994
library/synth/wav/clap__lib__0022.wav,clap,lib,0022,67.80045351473923,3.810401340171784e-05,0.4080769786896733,3.0846355216806296e-10,1.2448092269420795e-06,0.5918836604671237,1.1712110604009839e-08,2.8233668267696177,20.80325761992816,0.13605442176870747,0.07049886621315193,nan,nan,nan,nan,0.01012824431179446,0.03570104499905966,-20.852606286560604,-1.000151903819357,67.2562358276644,-21.80340952374752,1742.2949938176757,2391.751723753013,2122.9236578939017,0.0015597912001964946,0.571484336925922,3260.665283203125,320.98241895924946,0.082080078125,90,200,0.9606
library/synth/wav/clap__lib__0023.wav,clap,lib,0023,73.26530612244899,4.0279940896701095e-08,0.0004763451139397589,3.1126554310223485e-09,0.00010270687934799809,0.9994208968421615,7.77195454612208e-09,3.382435253881129,18.926395505700963,0.29478458049886624,0.08192743764172336,nan,nan,nan,nan,0.010285014715691508,0.08905107563450229,-20.322638521382036,-1.000151903819357,72.29024943310658,-19.92654740952032,1430.6924829199697,1317.8116233019475,1130.8363381265738,0.00035014111064156063,0.5004164263972071,1587.919921875,280.5873555180963,0.039871651785714286,76,150,0.9194
library/synth/wav/clap__lib__0024.wav,clap,lib,0024,56.07709750566894,0.0010724999167351663,0.7485874989656552,7.684962540486295e-10,4.570007567983413e-08,0.2503399336373394,2.10116982446887e-08,16.745221984044083,23.438337751724568,0.11337868480725624,0.07215419501133787,nan,nan,nan,nan,0.010050937909158125,0.01160961090284964,-23.339984959876595,-1.000151903819357,55.91836734693877,-24.438489655543925,3355.7973270238613,4524.910296144657,3040.4390161894125,0.03212128529769927,0.6112904756678151,8141.85791015625,106.96607946734153,0.11825125558035714,38,76,0.9371
library/synth/wav/clap__lib__0025.wav,clap,lib,0025,69.04761904761905,8.07201800200731e-06,0.1340568719331009,1.2869933637268484e-09,8.674740099593944e-05,0.8658482944330486,1.2927859273083807e-08,3.588568079113344,20.89229057872158,0.15873015873015872,0.09229024943310657,nan,nan,nan,nan,0.010374191501572323,0.03131041017071132,-21.31541814018521,-1.000151903819357,68.93424036281179,-21.892442482540936,1541.748393548513,1926.918914334152,1729.6976061521746,0.0008322489600979413,0.7100631981382624,2583.984375,192.57039486008318,0.058984375,54,110,0.9221
library/synth/wav/clap__lib__0026.wav,clap,lib,0026,72.40362811791383,0.0006708587034313017,0.6224674869010643,9.263742712524687e-10,1.157747514996357e-07,0.37686152285662644,1.4837752144068074e-08,11.857801362904956,21.86975801426676,0.09070294784580499,0.07691609977324262,nan,nan,nan,nan,0.010014176304026453,0.02023704964232401,-21.799051953133826,-0.9998544876801003,72.26757369614513,-22.86961250194686,2531.896266657948,3680.54804770894,2909.1240809951505,0.016698007340311547,0.6691075170439332,6082.301682692308,142.83760875314462,0.10257662259615384,38,82,0.9331
library/synth/wav/clap__lib__0027.wav,clap,lib,0027,31.995464852607707,1.749063002186598e-06,0.06792614408184783,8.755831148740328e-10,1.199576261146339e-05,0.9320600909056893,1.9311266142456468e-08,17.267401058489227,22.87078073690451,0.15873015873015872,0.0336734693877551,nan,nan,nan,nan,0.0100014815483999,0.0045488069909098965,-23.268592390976437,-0.9998544876801003,31.700680272108844,-23.87063522458461,3559.993825119725,3545.5052660128345,1587.075246892035,0.02173771465010262,0.44586588696601637,7265.0248865927415,152.6869387601215,0.06335055443548387,30,82,0.06885
library/synth/wav/clap__lib__0028.wav,clap,lib,0028,14.17233560090703,7.278357932612742e-08,0.0008038386466886179,1.333613488083768e-09,3.2113573064468446e-05,0.9991639627614766,1.0901577487176123e-08,4.076050125791656,21.69456045709583,0.22675736961451248,0.021111111111111112,nan,nan,nan,nan,0.008076168422283956,1.353849899400628e-05,-22.64228247564091,-0.9998544876801003,13.696145124716553,-22.69441494477593,3489.1193661569746,3249.539796375586,1250.4018895398322,0.19800845346229906,0.1096766686094367,7161.526587701613,87.21896555542747,0.03581779233870968,26,50,0.001457
library/synth/wav/clap__lib__0029.wav,clap,lib,0029,41.31519274376417,0.0037139711213865136,0.6669391041193813,3.10569215607653e-10,5.390317718213559e-07,0.3293463751719067,1.0244984514697623e-08,2.490221616679767,20.202103830159274,0.09070294784580499,0.053492063492063494,nan,nan,nan,nan,0.010000064338121267,0.03992678105203957,-20.22873578615429,-1.000151903819357,25.96371882086168,-21.20225573397863,2030.509190289013,3340.2913144792387,3149.8275732264624,0.002538856622291742,0.5299160306621215,4817.497306034483,247.25366398286135,0.12557246767241378,70,138,0.2563
library/synth/wav/clap__lib__0030.wav,clap,lib,0030,47.2562358276644,2.003483797580491e-05,0.3234142705985948,5.312005642335367e-09,5.488790075372277e-05,0.6765107879276845,1.3422985554720394e-08,2.7018058285554685,21.099218803801747,0.13605442176870747,0.04780045351473923,nan,nan,nan,nan,0.010003627983785783,0.028585506911471353,-21.33338423908388,-1.000151903819357,46.98412698412698,-22.099370707621105,1565.5730960251997,2006.3933059478125,1792.2879279093129,0.0006967700496112734,0.6876986864657412,2638.53515625,260.6495198193493,0.06975911458333334,74,138,0.6647
library/synth/wav/clap__lib__0031.wav,clap,lib,0031,85.85034013605441,0.001468538113565135,0.5899542263772528,1.1953341254224024e-09,3.858172824852527e-07,0.4085768303647155,1.8131849977061787e-08,12.207484968014164,22.849519119612737,0.09070294784580499,0.09201814058956916,nan,nan,nan,nan,0.01000615112172413,0.0404416903393647,-22.81193531564387,-1.000151903819357,85.71428571428571,-23.849671023432094,3294.1578251636224,4353.90221078815,3014.66109754531,0.030282510069180885,0.5172937328823777,7914.907094594595,146.8403306995899,0.10933540962837837,48,92,0.8909
library/synth/wav/clap__lib__0032.wav,clap,lib,0032,12.290249433106576,3.455451243733149e-05,0.2552107696481148,5.499720898724035e-09,3.488332762478423e-05,0.7447197703178615,1.6694240663404235e-08,14.281332778169814,22.45039925945898,0.13605442176870747,0.013786848072562358,nan,nan,nan,nan,0.010000148731794084,0.00044661838213366756,-22.572155387076517,-0.9998544876801003,9.909297052154194,-23.45025374713908,4151.797695380326,4301.709719203009,2000.2894556947306,0.036011817709842235,0.1684893698683456,9015.029296875,123.10339228198899,0.07850167410714286,38,72,0.01189
library/synth/wav/clap__lib__0033.wav,clap,lib,0033,80.83900226757369,0.00020264877811207357,0.41140667872302683,4.444301789686643e-09,6.635164713769189e-05,0.5883243018983365,1.450908521634327e-08,3.9311866295787303,21.66074397470618,0.15873015873015872,0.0873015873015873,nan,nan,nan,nan,0.010723089932671022,0.03362616958148693,-21.81596672735155,-0.9998544876801003,80.63492063492063,-22.66059846238628,2020.1872409060354,2583.6982636103976,2233.02233832162,0.0034935772141183544,0.6305167966435659,3951.0517842060813,262.8348156690965,0.08119985219594594,60,158,0.9365
library/synth/wav/clap__lib__0034.wav,clap,lib,0034,78.09523809523809,3.309675676436818e-05,0.477051885968983,2.975048967597166e-10,3.8908384181630355e-06,0.5229111135383023,1.2600027174439678e-08,17.74774366629877,20.907796285413433,0.11337868480725624,0.08959183673469388,nan,nan,nan,nan,0.010041136051234571,0.04571859428407316,-20.90815015832469,-1.000151903819357,77.91383219954648,-21.90794818923279,2627.4679545163303,3193.8936591281577,2027.4361941389761,0.01735712040497195,0.6029062047685612,5781.6650390625,97.50123442247497,0.07309977213541667,26,60,0.8532
library/synth/wav/clap__lib__0035.wav,clap,lib,0035,23.922902494331066,1.4406646574113673e-05,0.36032641974627194,4.484171582306128e-10,1.0196387429432347e-05,0.6396489609027534,1.5868554068714487e-08,10.969614433236135,21.985855587307356,0.13605442176870747,0.024285714285714285,nan,nan,nan,nan,0.010000245232865681,0.03107889505182699,-22.130390719528336,-1.000151903819357,23.60544217687075,-22.986007491126713,3060.0653837607374,3297.36121201981,1932.9966011160698,0.017524664957162178,0.26163189526520114,6134.3994140625,264.2901730783756,0.07695079985119048,70,170,0.1344
library/synth/wav/clap__lib__0036.wav,clap,lib,0036,72.72108843537416,7.241086443258356e-06,0.2651155689885475,2.656777767370326e-08,0.00015783000869799954,0.7347193214550523,1.1893481342986726e-08,6.3064825448652675,20.60799695297308,0.3854875283446712,0.07716553287981859,nan,nan,nan,nan,0.010470085036988045,0.022176793149335607,-20.929826009512897,-0.9998544876801003,72.29024943310658,-21.60785144065318,1708.7054453864032,2002.8147758405355,1731.1484390476646,0.0020445550211255783,0.8333288542820095,3030.3089488636365,124.50523875882027,0.056352095170454544,42,86,0.9313
library/synth/wav/clap__lib__0037.wav,clap,lib,0037,51.54195011337868,0.0006027009316692527,0.6873797379162376,2.9991056658640543e-09,0.00011757866572482499,0.31189995654489133,2.2942371315666978e-08,1.7260725333326918,24.995546933531898,0.36281179138321995,0.05213151927437642,nan,nan,nan,nan,0.00848534369177166,0.0058083418831781294,-24.988655789266883,-0.9998544876801003,49.36507936507936,-25.995401421211998,3376.165130804449,3839.037093202704,2515.95923398205,0.20278408073044987,0.44091901045529824,7726.504794034091,75.45212775968562,0.0683889678030303,24,50,0.6522
library/synth/wav/clap__lib__0038.wav,clap,lib,0038,12.675736961451246,2.70857347558699e-05,0.34097696211926376,3.2225739457937005e-09,6.516795778027941e-05,0.6589307712919001,9.67372604465841e-09,19.603029211464083,19.77710382509773,0.13605442176870747,0.018072562358276645,nan,nan,nan,nan,0.010000633604899473,0.0005260843043264217,-20.114595920244266,-1.000151903819357,9.297052154195011,-20.777255728917087,2634.6222969364903,2846.7762085311306,1855.5315494096462,0.01258614236828053,0.32259394742478387,5116.9690583881575,128.44467475753757,0.07249691611842106,26,80,0.01069
library/synth/wav/clap__lib__0039.wav,clap,lib,0039,20.18140589569161,2.26301113410446e-05,0.14236895425329893,1.0139628190149092e-07,0.00209759335401131,0.8555107147000471,6.185019489751113e-09,5.183453985140494,17.784228309978825,0.20408163265306123,0.02235827664399093,nan,nan,nan,nan,0.010003267005016508,0.009382160882594675,-18.43826690147113,-1.000151903819357,20.068027210884352,-18.784380213798183,1520.8172018751507,1823.1148132015865,1648.105700972273,0.0007850806930237511,0.9752049442168124,2548.095703125,88.55028522611327,0.05413411458333333,26,66,0.6479
library/synth/wav/clap__lib__0040.wav,clap,lib,0040,34.058956916099774,0.00016654157153659748,0.37483522101979416,2.4782277362094005e-09,0.00020109292004790355,0.6247971162283158,2.578207781852966e-08,14.391995435606946,24.095449524993665,0.11337868480725624,0.05040816326530612,nan,nan,nan,nan,0.010000346125267559,0.017037511287137975,-24.47224522462145,-1.000151903819357,33.990929705215414,-25.095601428813023,3573.4501432176075,3832.609636483985,2104.762141914953,0.02666943458954424,0.4079197452184174,7619.677734375,172.15885967377199,0.0818359375,48,106,0.1739
library/synth/wav/hat_closed__lib__0001.wav,hat_closed,lib,0001,0.045351473922902494,0.9160002191126313,0.08397226835461659,1.964774873210309e-09,1.025343564062276e-09,2.7459491604716126e-05,5.0051028864114854e-08,-34.64158126479348,25.032610182412647,0.13605442176870747,0.004897959183673469,nan,nan,nan,nan,0.007143630728712437,8.772754571521222e-08,-31.72794370451633,-0.9998544876801003,0.045351473922902494,-26.032464670092747,5825.758146609814,12257.469260136757,12257.469260136757,0.25326047645187805,0.008105707992417681,19173.779296875,18.501013599639958,0.3827427455357143,8,12,1.194e-08
library/synth/wav/hat_closed__lib__0002.wav,hat_closed,lib,0002,0.06802721088435373,0.8812654940996661,0.11873197562757408,1.0385366402118938e-09,5.038216105502253e-10,2.4980996963293887e-06,3.0630705054284773e-08,-31.61359289129051,23.15895668189016,0.4308390022675737,0.006122448979591836,nan,nan,nan,nan,0.008572460775756274,6.244996482972161e-08,-29.081738107112184,-0.9998544876801003,0.06802721088435373,-24.15881116957026,5781.799634021138,12121.87958839174,12121.87958839174,0.2345293411747416,0.00852798067691994,19112.255859375,19.197285691393905,0.39732142857142855,8,14,1.13e-08
library/synth/wav/hat_closed__lib__0003.wav,hat_closed,lib,0003,0.47619047619047616,0.7727611504768941,0.2270145177453805,1.7258431051690854e-09,3.191468564106609e-09,0.00022429472202550069,3.213838814154436e-08,-53.167275878175715,22.705374470100487,0.27210884353741494,0.0014512471655328798,nan,nan,nan,nan,0.010002894804737206,3.6723647109538864e-06,-29.04083745745554,-1.000151903819357,0.47619047619047616,-23.705526373919845,5870.000685328365,11950.247681950626,11950.247681950626,0.2639173655956079,0.002717465246033146,18828.6328125,12.24766768352737,0.33154296875,6,10,0
library/synth/wav/hat_closed__lib__0004.wav,hat_closed,lib,0004,0.18140589569160998,0.9986527353915947,0.0013471972413577726,1.1346515996192162e-09,8.005397523747787e-10,3.112460344157714e-08,3.430725255205714e-08,-64.28691998844998,22.080242074125135,0.5442176870748299,0.007074829931972789,nan,nan,nan,nan,0.01000153062700912,5.100771381559478e-08,-32.21423077503187,-1.000151903819357,0.09070294784580499,-23.080393977944492,5416.148117704886,13577.041954967252,13577.041954967252,0.1631157596589564,0.0019693812787118397,19850.537109375,19.003533501679126,0.46400669642857145,8,14,9.913e-09
library/synth/wav/hat_closed__lib__0005.wav,hat_closed,lib,0005,0.22675736961451248,0.999015596646055,0.0009843029433778685,1.6489346653765763e-09,8.054075637502266e-10,5.110453373434549e-08,4.685169104386812e-08,-66.56988485837392,23.28530373300652,0.5442176870748299,0.004693877551020408,nan,nan,nan,nan,0.00857275446129439,5.730992077288018e-08,-33.814016860486745,-0.9998544876801003,0.22675736961451248,-24.28515822068662,5305.9298256088305,13558.838393742468,13558.838393742468,0.16532133161346454,0.008780882851449925,19478.3203125,18.447688468977002,0.43038504464285715,6,12,6.564e-09
library/synth/wav/hat_closed__lib__0006.wav,hat_closed,lib,0006,0.24943310657596374,0.7543433818275631,0.24517480306801123,1.987590717685739e-09,8.251294772499112e-09,0.0004817826190720586,2.224646782342892e-08,-60.489559922444066,21.962360126186386,0.18140589569160998,0.0014058956916099773,nan,nan,nan,nan,0.0066724589865958805,0.232433299397941,-27.23102811819095,-1.000151903819357,0.24943310657596374,-22.962512030005744,6048.538292554873,11502.7939594156,11502.7939594156,0.31246724570679035,0.0030307246807710353,18855.908203125,8.225289277908804,0.2919921875,4,6,0
library/synth/wav/hat_closed__lib__0007.wav,hat_closed,lib,0007,0.11337868480725624,0.7450490029328857,0.2549271620766773,1.3358576175777897e-09,6.422128067110379e-10,2.381088989657899e-05,2.212246979617569e-08,-65.27037887824358,22.468371414218318,0.06802721088435373,0.0034693877551020408,nan,nan,nan,nan,0.007504639643549013,1.7845581317244733e-06,-27.843856930788903,-1.000151903819357,0.11337868480725624,-23.468523318037676,6090.433808026888,11782.58003307501,11782.58003307501,0.2697706326115261,0.0019809429089308675,19121.484375,10.891152298527276,0.3511962890625,4,8,0
library/synth/wav/hat_closed__lib__0008.wav,hat_closed,lib,0008,0.9070294784580499,0.8707873311154503,0.12920309878309547,5.944981048509282e-10,6.467190874242741e-10,9.533321479637104e-06,3.553875738003712e-08,-39.59816668081997,24.408280564942736,0.022675736961451247,0.0066213151927437645,nan,nan,nan,nan,0.008666959472684347,7.236666206761787e-08,-30.386391741472494,-1.000151903819357,0.9070294784580499,-25.408432468762093,5544.19349838896,11144.08619897792,12382.966984771785,0.33229085510256606,0.004891863115433966,17796.474609375,40.4986220061978,0.41142578125,16,30,1.345e-07
library/synth/wav/hat_closed__lib__0009.wav,hat_closed,lib,0009,0.20408163265306123,0.9449463980434866,0.05504899802687453,2.3712005129584986e-09,8.431290854089363e-10,4.574817447005768e-06,2.589786198745919e-08,-83.1708002763667,22.522867947313713,0.022675736961451247,0.002562358276643991,nan,nan,nan,nan,0.007505199362339361,5.528801477468874e-07,-30.153638068921843,-1.000151903819357,0.20408163265306123,-23.52301985113307,5681.01775823892,12685.510727418421,12685.510727418421,0.2029283383454519,0.0027543121701405254,19367.578125,10.0275317035602,0.331298828125,4,8,0
library/synth/wav/hat_closed__lib__0010.wav,hat_closed,lib,0010,0.022675736961451247,0.7979324533223725,0.20205546677527886,1.7406645960558923e-09,7.856495423185054e-10,1.204036077114116e-05,3.701526327366673e-08,-59.75969077174999,22.50472948413655,0.31746031746031744,0.0045351473922902496,nan,nan,nan,nan,0.008003310912435174,4.540886370434656e-06,-28.947724911250585,-0.9998544876801003,0.022675736961451247,-23.50458397181665,5917.479179906441,12359.28345902363,12359.28345902363,0.21581672478789216,0.002916091046024949,19461.708984375,14.09833969424014,0.36865234375,6,10,0
library/synth/wav/hat_closed__lib__0011.wav,hat_closed,lib,0011,0.13605442176870747,0.9985993690908004,0.0014005441686755474,1.2058626642462377e-09,7.552088805958883e-10,3.647618280517202e-08,4.830326953302229e-08,-55.59928594763062,24.807176849461168,0.24943310657596374,0.0044444444444444444,nan,nan,nan,nan,0.008571620324204733,7.914011831654475e-08,-34.49821209495379,-0.9998544876801003,0.11337868480725624,-25.807031337141268,5196.562242076594,12100.01118846613,13590.46578469088,0.2890353988072257,0.005493334891135603,18018.6767578125,38.00614495224119,0.45985630580357145,12,26,8.105e-08
library/synth/wav/hat_closed__lib__0012.wav,hat_closed,lib,0012,0.5668934240362812,0.9772174125175056,0.02278112389674634,1.389484517224576e-09,1.4370777552755982e-09,1.411924841837163e-06,4.8834343805300996e-08,-46.81505799617406,24.19141397359528,0.3401360544217687,0.003061224489795918,nan,nan,nan,nan,0.010001363156310589,7.861617995795273e-08,-32.258404144118906,-1.000151903819357,0.5442176870748299,-25.19156587741464,5561.788817782816,12823.587179440252,12823.587179440252,0.19838071390647224,0.007418255552792011,19173.779296875,18.965333372400725,0.42550223214285715,8,14,1.45e-08
library/synth/wav/hat_closed__lib__0013.wav,hat_closed,lib,0013,0.18140589569160998,0.9920534293375894,0.007946154774599394,1.5056680953330251e-09,7.802577129489384e-10,3.7820180584133323e-07,3.540007941305595e-08,-53.0094674070515,24.076213578702006,0.13605442176870747,0.0020634920634920637,nan,nan,nan,nan,0.010002390460078244,1.091964173306023e-05,-32.64362727564946,-1.000151903819357,0.13605442176870747,-25.076365482521364,5385.868732504113,12827.384562128122,12827.384562128122,0.1800036931423533,0.007048353660538696,19189.6728515625,15.960424319517628,0.4037272135416667,6,10,0
library/synth/wav/hat_closed__lib__0014.wav,hat_closed,lib,0014,0.6349206349206349,0.9825218326676224,0.017476756200304127,9.735219252851696e-10,4.759478025105161e-10,1.3853425172224515e-06,2.4340086410781485e-08,-43.724539645385704,22.472445087964847,0.022675736961451247,0.007551020408163266,nan,nan,nan,nan,0.006667797498309609,2.1725071196017685e-05,-30.521448003236323,-0.9998544876801003,0.6349206349206349,-23.472299575644946,5374.212064452512,12708.837520516367,12708.837520516367,0.19041978330079498,0.0020104497939474977,19049.70703125,16.07677206550463,0.4247233072916667,6,12,2.833e-09
library/synth/wav/hat_closed__lib__0015.wav,hat_closed,lib,0015,0.3401360544217687,0.9839990857403396,0.01600010602806472,4.726167717490442e-10,4.82045603292932e-10,7.724441475445473e-07,3.4832785864658915e-08,-46.6899320901292,23.560554750958126,0.045351473922902494,0.013219954648526077,nan,nan,nan,nan,0.008947414303369372,6.092321684512589e-08,-32.262433105126675,-1.000151903819357,0.3401360544217687,-24.560706654777483,5122.513980907385,11251.818675578606,13521.42510563201,0.31508548869360287,0.010604193359426107,17229.96247944079,53.19542724820096,0.4487047697368421,18,36,2.068e-06
library/synth/wav/hat_closed__lib__0016.wav,hat_closed,lib,0016,0.18140589569160998,0.8904842239069141,0.10946360487710886,9.825265188303438e-10,1.3650149515934317e-09,5.214188241303108e-05,2.6986022388848052e-08,-32.890922366943855,22.641943598047416,0.45351473922902497,0.005419501133786848,nan,nan,nan,nan,0.008572899923476861,6.03343924307711e-08,-29.228450266534978,-0.9998544876801003,0.13605442176870747,-23.641798085727515,5846.678777640195,12066.067456307963,12066.067456307963,0.2722475055602733,0.002317073590792767,19019.970703125,20.05235344269189,0.40066964285714285,8,14,1.226e-08
library/synth/wav/hat_closed__lib__0017.wav,hat_closed,lib,0017,0.3401360544217687,0.7473622544131275,0.25246231134495234,1.8743432745976004e-09,8.900809066076537e-10,0.00017539489302323467,3.658447262080174e-08,-37.97088345180616,23.870329285694428,0.15873015873015872,0.0045351473922902496,nan,nan,nan,nan,0.006002104217936675,1.0762843531895526e-05,-29.46505605466012,-0.9998544876801003,0.3401360544217687,-24.870183773374528,5859.23660900942,11825.653898131795,11825.653898131795,0.2523984877902011,0.0029517384968471005,18828.6328125,14.402146981282801,0.3716796875,6,10,0
library/synth/wav/hat_closed__lib__0018.wav,hat_closed,lib,0018,0.36281179138321995,0.926757150214624,0.07323740216668864,1.1039541389420829e-09,7.416832439463148e-10,5.392579211167621e-06,5.31938386876207e-08,-25.274061253595878,25.65925061260257,0.13605442176870747,0.005850340136054422,nan,nan,nan,nan,0.009091221444021219,1.0261680530951402e-07,-32.46385771549355,-1.000151903819357,0.3401360544217687,-26.659402516421927,5821.005391539502,12147.532146013184,12397.74293305139,0.25205994667080805,0.007026010473913319,19056.884765625,31.91057066111732,0.4397638494318182,12,22,7.59e-08
library/synth/wav/hat_closed__lib__0019.wav,hat_closed,lib,0019,0.4308390022675737,0.80798221738008,0.19193510387694532,5.440293742610944e-10,5.041952673039088e-10,8.26529718404307e-05,2.4722909689533656e-08,-13.694981495019713,23.120264087303042,0.022675736961451247,0.001201814058956916,nan,nan,nan,nan,0.009091237514137953,5.621019808812623e-08,-28.437366878393966,-0.9998544876801003,0.4308390022675737,-24.12011857498314,6010.854901657489,11739.545152997442,11844.153654557473,0.31691931459238815,0.004254854634496697,18996.200284090908,31.101946897229883,0.4087801846590909,12,22,4.168e-08
library/synth/wav/hat_closed__lib__0020.wav,hat_closed,lib,0020,0.3854875283446712,0.8494593141971698,0.15049744047822128,2.9185359518068355e-09,7.568738011176701e-10,4.320863460148293e-05,3.3014597373771104e-08,-49.68188805197812,24.06019512046558,0.022675736961451247,0.004172335600907029,nan,nan,nan,nan,0.010004150886529927,1.6849070174208895e-06,-29.708160358370147,-0.9998544876801003,0.13605442176870747,-25.06004960814568,6099.219742145842,11775.297486588486,11775.297486588486,0.28484448346174274,0.005986853149404635,19110.7177734375,11.435920506218933,0.3372802734375,4,8,0
library/synth/wav/hat_closed__lib__0021.wav,hat_closed,lib,0021,0.022675736961451247,0.99834803073788,0.001651690782500696,1.2404598526582024e-09,8.383872536613477e-10,2.2834833665299565e-07,4.805243524141907e-08,-72.07858084207733,25.13827443603176,0.20408163265306123,0.006802721088435374,nan,nan,nan,nan,0.009166886849434085,8.316843068827066e-08,-35.04922446210313,-0.9998544876801003,0.022675736961451247,-26.13812892371186,5066.404310437944,12073.643721080793,13553.576160311673,0.25282423750402405,0.003871742574927395,17865.380859375,33.09155967263407,0.4690348307291667,12,22,6.79e-08
library/synth/wav/hat_closed__lib__0022.wav,hat_closed,lib,0022,0.022675736961451247,0.9973991474917762,0.0025989327033421115,3.292422103574753e-09,7.2736549584203e-10,1.8853182789024026e-06,3.0466814905860786e-08,-121.82460095171159,22.961486643204072,0.15873015873015872,0.0034467120181405895,nan,nan,nan,nan,0.01000863274514313,0.23000708527412528,-31.398244450739767,-0.9998544876801003,0.022675736961451247,-23.961341130884172,5324.219081653726,13041.790408334744,13041.790408334744,0.18207076576194134,0.0037938457288538008,18913.330078125,8.075055949527531,0.3297526041666667,4,6,0
library/synth/wav/hat_closed__lib__0023.wav,hat_closed,lib,0023,0.5895691609977325,0.985664933513572,0.014334760464504935,2.548221163775629e-09,8.935309850374247e-10,2.4638233241098293e-07,5.619783826918899e-08,-58.87249366794477,24.356307861665993,0.045351473922902494,0.00235827664399093,nan,nan,nan,nan,0.006667741726274846,2.1626168725641293e-05,-33.138639443508296,-1.000151903819357,0.5895691609977325,-25.35645976548535,5426.308624360397,13199.131458351529,13199.131458351529,0.16333079270586467,0.004094360065660052,19430.126953125,14.586988584048616,0.420166015625,6,12,5.627e-10
library/synth/wav/hat_closed__lib__0024.wav,hat_closed,lib,0024,0.18140589569160998,0.9843064584047797,0.01569183361371697,1.545803267930551e-09,4.214261209902394e-10,1.6761588252398301e-06,2.9855448419284554e-08,-68.60023124841076,22.072859749233118,0.06802721088435373,0.0045351473922902496,nan,nan,nan,nan,0.006001733311016654,6.794109267108654e-06,-30.88334025238136,-1.000151903819357,0.18140589569160998,-23.073011653052475,5409.458687515978,13079.553789875834,13079.553789875834,0.16223278711598793,0.0020336324988210253,19496.162109375,13.955291515667428,0.40751953125,6,10,0
library/synth/wav/hat_closed__lib__0025.wav,hat_closed,lib,0025,0.22675736961451248,0.9405215873043059,0.05946922099840222,7.370333984112492e-10,5.335471419785582e-10,9.164611196859885e-06,2.5815514340179468e-08,-33.809049366341306,22.781859574035373,0.15873015873015872,0.004421768707482994,nan,nan,nan,nan,0.010000626241835306,5.381389842458072e-08,-29.436795218144898,-1.000151903819357,0.18140589569160998,-23.78201147785473,5801.505993288154,12126.159254388172,12126.159254388172,0.23631349672158325,0.006613535579598942,19145.709228515625,21.139222206085872,0.41107177734375,8,16,2.001e-08
library/synth/wav/hat_closed__lib__0026.wav,hat_closed,lib,0026,0.5895691609977325,0.9344494477268237,0.06554524275386966,4.266180935895942e-10,4.0199864573189785e-10,5.281733115573183e-06,2.6957574429300887e-08,-35.194793373454836,23.017265943921373,0.09070294784580499,0.011224489795918367,nan,nan,nan,nan,0.008823564520057092,5.376630484763342e-08,-29.750200204085203,-1.000151903819357,0.40816326530612246,-24.01741784774073,5497.343690887225,11485.780659559738,12900.722069041081,0.3018632413088442,0.006325416185137198,18001.7578125,49.904986505863675,0.4512293198529412,18,34,8.904e-07
library/synth/wav/hat_closed__lib__0027.wav,hat_closed,lib,0027,0.022675736961451247,0.9844911751129299,0.015506999095426268,8.481984864886179e-10,7.933192831992416e-10,1.7783401224936381e-06,4.581000344429106e-08,-48.356058451907636,25.128486973348064,0.022675736961451247,0.002834467120181406,nan,nan,nan,nan,0.009285890169898335,8.389797080000208e-08,-33.29522325646476,-0.9998544876801003,0.022675736961451247,-26.128341461028164,5366.501496619497,11667.834002003347,12962.43013979614,0.29998627674588985,0.003963850088852127,17952.5390625,38.79213160540185,0.44315011160714285,14,26,9.187e-08
library/synth/wav/hat_closed__lib__0028.wav,hat_closed,lib,0028,0.31746031746031744,0.9893399453279299,0.010659434612235057,7.962316856804538e-10,6.819133811109365e-10,5.784422176922099e-07,4.013947212315916e-08,-28.021651018037886,24.399163997823738,0.29478458049886624,0.0029705215419501135,nan,nan,nan,nan,0.009166904500009098,7.426532742887675e-08,-32.421857273766925,-1.000151903819357,0.31746031746031744,-25.399315901643096,5659.262598512273,12685.034032647034,13097.58540401405,0.2512573294787673,0.0046632215957514754,19254.2724609375,33.105455359503786,0.4657389322916667,12,24,6.204e-08
library/synth/wav/hat_closed__lib__0029.wav,hat_closed,lib,0029,0.7709750566893424,0.9820934940135163,0.017905213785702475,5.392898696913681e-10,3.7318120018708925e-10,1.2671039401498922e-06,2.4184369995847254e-08,-55.72247857509991,22.48020513416963,0.09070294784580499,0.010090702947845805,nan,nan,nan,nan,0.009230972530691413,4.806314462438609e-08,-29.920426287917607,-1.000151903819357,0.36281179138321995,-23.480357037988988,5248.90991006994,11567.505701887447,12917.904780939934,0.27685616686826847,0.002533255294940994,17718.51337139423,35.84214736392866,0.4408428485576923,14,26,4.445e-08
library/synth/wav/hat_closed__lib__0030.wav,hat_closed,lib,0030,0.5215419501133787,0.7519164240832586,0.2479465240516086,8.743367853341658e-10,8.77695977607175e-10,0.00013702406218392172,2.6050915962965846e-08,-35.45495857848433,22.292842250852242,0.09070294784580499,0.0067346938775510205,nan,nan,nan,nan,0.008335035130055707,3.580925843022437e-05,-27.83330011175408,-1.000151903819357,0.11337868480725624,-23.2929941546716,5983.47902127277,12072.491448853872,12072.491448853872,0.2664604496164833,0.0030567445436019505,19297.3388671875,16.81263644214038,0.3793131510416667,6,12,1.243e-09
library/synth/wav/hat_closed__lib__0031.wav,hat_closed,lib,0031,0.20408163265306123,0.9358542054899258,0.06414263140221155,5.684245492189205e-10,4.880960080958989e-10,3.1156348607199104e-06,4.641648124709312e-08,-42.35540206438776,25.329248878547954,0.13605442176870747,0.0009523809523809524,nan,nan,nan,nan,0.00866677703288034,8.968890049965944e-08,-32.28710787226089,-0.9998544876801003,0.022675736961451247,-26.329103366228054,5442.078840167443,11482.288253731282,12788.638409118827,0.3101113714914617,0.003406972779387299,17917.060546875,42.05956991074909,0.44143880208333336,16,30,1.619e-07
library/synth/wav/hat_closed__lib__0032.wav,hat_closed,lib,0032,0.4988662131519275,0.7071868493926688,0.2925898721206921,1.2567520321754504e-09,2.2091284091014564e-09,0.00022322288856490923,5.213219354420841e-08,-14.114041264742792,26.30033646311053,0.06802721088435373,0.006190476190476191,nan,nan,nan,nan,0.010000428859479922,1.1797450513325038e-07,-30.733137544263425,-0.9998544876801003,0.4988662131519275,-27.30019095079063,6064.161503490325,11544.115340692508,11686.596218615981,0.33319616928399376,0.0041666478102180575,18921.812855113636,31.401954857021444,0.38720703125,10,22,8.364e-08
library/synth/wav/hat_closed__lib__0033.wav,hat_closed,lib,0033,0.3854875283446712,0.9048761091268325,0.09510826489074686,7.579536910461336e-10,4.53954617880298e-10,1.5597872868748492e-05,2.6897643523915103e-08,-43.3609697860579,22.4699962941829,0.06802721088435373,0.0032426303854875284,nan,nan,nan,nan,0.008572164428735098,5.1387538027938285e-08,-28.81718137320995,-0.9998544876801003,0.022675736961451247,-23.469850781863,5669.981089023081,12234.846662213853,12234.846662213853,0.23553801934570653,0.005735329833782761,19035.3515625,18.338472652273207,0.38204520089285715,6,14,6.477e-09
library/synth/wav/hat_closed__lib__0034.wav,hat_closed,lib,0034,0.045351473922902494,0.9688557411216043,0.03113341224958394,3.3012054565547055e-09,1.0074114242027383e-09,1.0805245867198402e-05,3.707432714570801e-08,-86.69613976452717,24.333565354630966,0.09070294784580499,0.0025850340136054422,nan,nan,nan,nan,0.010005498219754065,4.6796561215430425e-07,-32.00295608280809,-0.9998544876801003,0.045351473922902494,-25.333419842311066,5802.55247612819,12438.242533943096,12438.242533943096,0.23142595450894315,0.0020942505381038668,19392.1875,9.513162709724332,0.3177490234375,4,6,0
library/synth/wav/hat_closed__lib__0035.wav,hat_closed,lib,0035,0.13605442176870747,0.7375369370165072,0.2622485958398827,1.0088396774958276e-09,2.5171984384872166e-09,0.0002144287835447012,3.483402706011995e-08,-27.243108911477194,23.984348660050923,0.045351473922902494,0.003197278911564626,nan,nan,nan,nan,0.00875037385102025,7.188414823326351e-08,-28.658402624039795,-1.000151903819357,0.09070294784580499,-24.98450056387028,6003.970131759092,11498.40702861087,11498.40702861087,0.282425867648975,0.0059425125284505095,18898.077392578125,22.222463908807768,0.3814697265625,8,16,2.684e-08
library/synth/wav/hat_closed__lib__0036.wav,hat_closed,lib,0036,0.5215419501133787,0.9489197334226511,0.05108006554280815,1.6401142569225833e-09,7.388402585410731e-10,1.6873651722261858e-07,2.9919068844415007e-08,-40.61475497363627,23.208539154947793,0.022675736961451247,0.004580498866213152,nan,nan,nan,nan,0.010002008276163718,7.202140535906122e-06,-29.090390895178473,-1.000151903819357,0.06802721088435373,-24.20869105876715,5530.823544823639,12468.221096759366,12468.221096759366,0.17116854272281484,0.0031739630661636762,18970.751953125,14.043990845368691,0.39296875,6,10,0
library/synth/wav/hat_closed__lib__0037.wav,hat_closed,lib,0037,0.15873015873015872,0.8730975098560568,0.1268770881724819,8.30016754768647e-10,6.682902490884395e-10,2.5373978888136886e-05,2.6494266127012535e-08,-26.84408970734224,22.783098938848173,0.13605442176870747,0.004081632653061225,nan,nan,nan,nan,0.010000853480654721,5.1151667742054255e-08,-28.643284388718335,-0.9998544876801003,0.15873015873015872,-23.782953426528273,5962.640437114505,11962.114752892223,11962.114752892223,0.2854171760781321,0.006291848593269626,19064.0625,24.130775909980294,0.3961588541666667,8,16,2.545e-08
library/synth/wav/hat_closed__lib__0038.wav,hat_closed,lib,0038,0.09070294784580499,0.7824932976434227,0.21742720034695187,3.406600065518411e-09,1.4466873025572906e-09,7.946032987062295e-05,3.68264669686716e-08,-72.88855839383265,24.230129493611518,0.06802721088435373,0.0011564625850340137,nan,nan,nan,nan,0.006673621964330561,0.2593111763372816,-29.916168260745316,-0.9998544876801003,0.09070294784580499,-25.229983981291618,5993.476622128054,11955.941922260114,11955.941922260114,0.2606727036371077,0.004185107279595045,19257.861328125,8.255122473543642,0.31982421875,4,6,0
library/synth/wav/hat_closed__lib__0039.wav,hat_closed,lib,0039,0.045351473922902494,0.7949097906963181,0.20472873561637003,5.297335515793269e-10,3.92540131549197e-09,0.00036143206609979525,3.7166077312583346e-08,-30.075359584489828,25.23157199380523,0.24943310657596374,0.006870748299319728,nan,nan,nan,nan,0.008752425437706057,8.894974467921212e-08,-30.101267087311243,-0.9998544876801003,0.0,-26.23142648148533,5679.200998274542,10751.538799406415,11794.859235313148,0.3573045334563274,0.0023174382996329983,17688.180541992188,44.51671086302791,0.382080078125,16,30,2.536e-07
library/synth/wav/hat_closed__lib__0040.wav,hat_closed,lib,0040,0.06802721088435373,0.8764182615787145,0.12353376306724884,2.1731587161448144e-09,8.64116157573542e-10,4.793414647405653e-05,3.817028768541809e-08,-43.47822052543119,24.103915138350544,0.18140589569160998,0.003968253968253968,nan,nan,nan,nan,0.008003521582412264,4.104871946370633e-06,-30.160407345622836,-0.9998544876801003,0.06802721088435373,-25.103769626030644,5691.8574755010795,11872.8312734046,11872.8312734046,0.24334216047740473,0.004005462229720846,18660.673828125,12.097838500328569,0.32529296875,6,10,0
library/synth/wav/hat_open__lib__0001.wav,hat_open,lib,0001,0.6575963718820862,0.8101061119714049,0.1897802005968135,3.702132880071735e-10,6.869110034464854e-10,0.00011364835943500015,3.8015222325179646e-08,-20.928858584370104,25.179189074892882,0.09070294784580499,0.019886621315192744,nan,nan,nan,nan,0.007142925259757271,0.00016601225764751378,-30.96472706569639,-1.000151903819357,0.045351473922902494,-26.17934097871224,5155.718818546918,10089.128313292227,12638.749550978326,0.37665261939379546,0.03175378450333664,16195.01953125,123.03669981053714,0.43101283482142855,38,82,0.003571
library/synth/wav/hat_open__lib__0002.wav,hat_open,lib,0002,1.99546485260771,0.9777667180403892,0.022232333356261152,2.3631659342126474e-10,6.125300731551977e-10,9.074528592761283e-07,4.0301643717129626e-08,-12.604610243614031,25.43764293282891,0.022675736961451247,0.014489795918367347,nan,nan,nan,nan,0.006223778888008136,0.01336970451559569,-33.09555710036241,-0.9998544876801003,1.99546485260771,-26.43749742050901,4756.70179472736,10232.957259390792,13794.031074264043,0.3502495641358348,0.028905826718422917,15834.560546875,260.6454862216299,0.4658474392361111,88,172,0.07139
library/synth/wav/hat_open__lib__0003.wav,hat_open,lib,0003,1.4965986394557824,0.9167364529019931,0.08325062548243403,3.2492896277827365e-10,7.506084332504401e-10,1.2876621398158688e-05,4.391863731011698e-08,-18.980708864894073,25.91409772873039,0.15873015873015872,0.013219954648526077,nan,nan,nan,nan,0.0070370498008154765,0.0012945324888218792,-32.30637901612622,-1.000151903819357,1.4965986394557824,-26.914249632549748,4912.976457431463,10039.354782616525,13093.320970535857,0.3608236232336693,0.017191254279564125,15863.590494791666,155.91570500908307,0.4391004774305556,52,104,0.01144
library/synth/wav/hat_open__lib__0004.wav,hat_open,lib,0004,1.179138321995465,0.8293553367748051,0.17052565739208222,1.8944804072826965e-10,4.711689167218894e-10,0.00011897528074773545,2.9891747894451926e-08,-10.386483133029742,24.013896316346006,0.27210884353741494,0.0016553287981859411,nan,nan,nan,nan,0.006495235426725251,0.0209051953082379,-30.11110566334016,-1.000151903819357,1.179138321995465,-25.014048220165364,4991.619238316364,9741.60674045401,12760.909918030318,0.3871319151453201,0.05238055186705233,15703.032880960052,280.17032275392864,0.43775169136597936,96,182,0.08432
library/synth/wav/hat_open__lib__0005.wav,hat_open,lib,0005,7.165532879818595,0.9895936555844635,0.0104058036957657,2.8866137300850176e-10,6.78115842771307e-10,4.899869327927776e-07,4.976606074312517e-08,-12.448796257966706,25.98370714884814,0.045351473922902494,0.011904761904761904,nan,nan,nan,nan,0.00608352588771891,0.018981033273562885,-34.54560152557407,-1.000151903819357,1.1337868480725624,-26.983859052667498,4643.602608825742,10347.23603405774,14192.704582097274,0.33963277632720706,0.030010878038552763,15745.211320070875,285.5242691676986,0.48223058956185566,90,184,0.08582
library/synth/wav/hat_open__lib__0006.wav,hat_open,lib,0006,1.9047619047619047,0.9061335539658181,0.09386006239683627,2.4282233809652374e-10,4.126173648255315e-10,6.350745459283272e-06,3.223644664509182e-08,-26.49480507915066,24.46356497816506,0.09070294784580499,0.006689342403628118,nan,nan,nan,nan,0.007368431966276749,5.060759979584524e-05,-30.858058974648948,-1.000151903819357,0.27210884353741494,-25.463716881984418,4939.070784229214,10249.437232505597,13281.316793588747,0.3553974813392537,0.01770619909157678,16080.202765213815,112.30005372878209,0.4468929893092105,36,72,0.00169
library/synth/wav/hat_open__lib__0007.wav,hat_open,lib,0007,0.06802721088435373,0.7044543717525917,0.29496831301562787,2.2919911583613495e-10,1.0230435567485153e-08,0.0005772638854453374,4.088670028150433e-08,-8.34596304699915,26.134929780118565,0.18140589569160998,0.0012244897959183673,nan,nan,nan,nan,0.006186442831888241,0.08791465146002891,-30.639410057886998,-0.9998544876801003,0.0,-27.134784267798665,5008.488163517032,9213.29986662121,12022.492561544599,0.40140812394675796,0.03814377372889718,15295.87360963983,344.37026833920913,0.3974567995233051,114,226,0.1346
library/synth/wav/hat_open__lib__0008.wav,hat_open,lib,0008,4.444444444444445,0.70268928238743,0.2968500494932411,2.477345517476726e-10,6.27521787185313e-09,0.00046062170828838934,3.988808812252206e-08,-10.365584208988514,25.945217252888707,0.06802721088435373,0.03399092970521542,nan,nan,nan,nan,0.0060204087466408885,0.02628041368729991,-30.443284328422877,-1.000151903819357,0.045351473922902494,-26.945369156708065,4949.89133938142,9235.77448258418,12062.341425591136,0.41024134880566154,0.03579559993338518,15236.71875,285.78470180080774,0.4105648118622449,94,184,0.09358
library/synth/wav/hat_open__lib__0009.wav,hat_open,lib,0009,0.8616780045351474,0.9756809351724948,0.0243164065567867,4.16737947752198e-10,7.570379058902647e-10,2.6007268479287035e-06,5.6370094674936676e-08,-17.051051709294292,26.47743967572264,0.29478458049886624,0.014308390022675737,nan,nan,nan,nan,0.005970154549399693,0.004082866507446311,-34.39047204296341,-0.9998544876801003,0.8616780045351474,-27.47729416340274,4758.788469721843,10212.144383674444,13842.467652891004,0.34736287535541416,0.024987303273593612,15802.47857392724,196.79403840261628,0.4632039995335821,68,134,0.02856
library/synth/wav/hat_open__lib__0010.wav,hat_open,lib,0010,0.3854875283446712,0.9946181383863095,0.005381688154464896,2.4645241554017755e-10,4.1032992688202407e-10,1.4153598797719352e-07,3.1266455328770405e-08,-28.331534400052043,23.864044482133014,0.18140589569160998,0.0068480725623582765,nan,nan,nan,nan,0.007435901058731,6.81730462293141e-05,-32.86971350349231,-1.000151903819357,0.3854875283446712,-24.864196385952372,4796.9588278169285,10841.605337578896,14337.139644891193,0.32022242277418583,0.02409569254882658,16414.92638221154,109.0976547450461,0.48510116185897434,38,74,0.001769
library/synth/wav/hat_open__lib__0011.wav,hat_open,lib,0011,4.965986394557824,0.9133697338199376,0.08662436056397219,2.2638847930631174e-10,5.269545408911327e-10,5.868793849494787e-06,3.6068897824788605e-08,-18.616900896934503,24.878301037875513,0.11337868480725624,0.006099773242630386,nan,nan,nan,nan,0.007090910839769606,0.0011175973298669028,-31.38449990285805,-0.9998544876801003,1.2244897959183674,-25.878155525555613,4926.846089883994,10113.544164579374,13231.561576044893,0.3569142496579983,0.028435830112717605,15966.282848011364,159.73056527902278,0.4503018465909091,50,106,0.01318
library/synth/wav/hat_open__lib__0012.wav,hat_open,lib,0012,2.5170068027210886,0.9955936171730436,0.004406178232504742,2.5442955766807836e-10,5.116350053488802e-10,1.6276993204458473e-07,4.105845497586272e-08,-15.619644663328554,24.839986476470706,0.06802721088435373,0.003696145124716553,nan,nan,nan,nan,0.00615629714978039,0.006836567005400727,-33.990023533223365,-1.000151903819357,0.22675736961451248,-25.840138380290064,4659.2724946214375,10563.231833258576,14423.064072474583,0.3356520132844703,0.021248172793790366,15928.220778245191,227.6759933423646,0.488681891025641,70,148,0.04103
library/synth/wav/hat_open__lib__0013.wav,hat_open,lib,0013,0.11337868480725624,0.8130691595686985,0.18674787186075184,2.51047535436607e-10,1.54295526839498e-09,0.00018292598945277195,4.078709411121002e-08,-12.01639927778896,25.863888130906965,0.022675736961451247,0.001201814058956916,nan,nan,nan,nan,0.006057069612983902,0.00974119408421761,-31.421018196195956,-1.000151903819357,0.11337868480725624,-26.864040034726322,5031.8410130220855,9624.749665973359,12465.62177424029,0.39629617655110744,0.03561030510576764,15681.754557291666,234.5954285471873,0.42293595679012347,76,156,0.05169
library/synth/wav/hat_open__lib__0014.wav,hat_open,lib,0014,3.6281179138321997,0.8735078160246605,0.12643967179053034,1.9547252144952908e-10,4.276524789448379e-10,5.247775102301541e-05,3.381066104851382e-08,-12.038474475320248,25.162876420050466,0.22675736961451248,0.010340136054421769,nan,nan,nan,nan,0.005862075261930294,0.01275824509331148,-31.29953170148559,-0.9998544876801003,1.2925170068027212,-26.162730907730566,4890.329494495459,9709.255719513963,12761.903634498467,0.38581836306460854,0.038472604675185894,15574.198545258621,250.39649400379875,0.43753928699712646,84,170,0.06247
library/synth/wav/hat_open__lib__0015.wav,hat_open,lib,0015,0.3401360544217687,0.9428139516449779,0.05718301020359882,2.417401856870485e-10,5.027561567004858e-10,3.005863757013759e-06,3.154316989364077e-08,-18.746832397878748,24.13939460961312,0.22675736961451248,0.005532879818594104,nan,nan,nan,nan,0.006227128580204274,0.0009561842505848388,-31.322688056721113,-1.000151903819357,0.3401360544217687,-25.139546513432478,4971.959628587725,10379.90805037777,13447.132299219296,0.3462470125693184,0.023149655325835253,16251.474056603774,154.09218710276411,0.4552531692216981,52,106,0.01118
library/synth/wav/hat_open__lib__0016.wav,hat_open,lib,0016,10.226757369614512,0.8995170413025286,0.10046898050553668,1.8217903470123932e-10,4.559574603971034e-10,1.394424315326361e-05,3.331064492808519e-08,-7.252669413028771,24.737220340197062,0.09070294784580499,0.0318140589569161,nan,nan,nan,nan,0.005960523670938825,0.08018684784035603,-31.35540805018307,-0.9998544876801003,1.0884353741496597,-25.737074827877162,4826.09406962104,9844.449954672455,13159.174094050632,0.37443258792602696,0.05890659379029232,15562.801699606787,436.8397409737541,0.44969086299668876,144,288,0.2062
library/synth/wav/hat_open__lib__0017.wav,hat_open,lib,0017,0.022675736961451247,0.9938955615284113,0.006104007021514332,3.700752712832336e-10,8.998409863349418e-10,3.6849772629557904e-07,6.168243184589819e-08,-11.829671384678388,26.935713500560095,0.06802721088435373,0.03,nan,nan,nan,nan,0.006000971630204513,0.029900346057377764,-35.88845458494936,-0.9998544876801003,0.022675736961451247,-27.935567988240194,4593.488633369987,10362.241437167437,14372.011029244453,0.34289355161232926,0.027355856135361702,15677.8125,300.8531621875265,0.48438430059523807,100,204,0.1028
library/synth/wav/hat_open__lib__0018.wav,hat_open,lib,0018,4.444444444444445,0.8051979837780919,0.194718531325953,2.7022457674873554e-10,1.066063667773797e-09,8.344981761949589e-05,3.374204743187727e-08,-19.025098169783988,24.687947536263263,0.15873015873015872,0.024376417233560092,nan,nan,nan,nan,0.007342247300579916,0.0003710108989395162,-30.32424462430802,-1.000151903819357,0.3401360544217687,-25.68809944008262,5156.789155580618,9990.07102167989,12589.978033051224,0.38396541521168,0.01662578641561188,16172.810006648937,134.12372606718557,0.4297810006648936,44,90,0.006214
library/synth/wav/hat_open__lib__0019.wav,hat_open,lib,0019,0.045351473922902494,0.6672692284056542,0.33194527156486847,2.13001929489283e-10,1.7152725790558693e-08,0.0007854441852562878,3.8478493395712806e-08,-6.5787031336454085,26.03537639217163,0.11337868480725624,0.007437641723356009,nan,nan,nan,nan,0.006326829898848,0.1851674446034554,-29.993049970382245,-0.9998544876801003,0.045351473922902494,-27.03523087985173,5020.962483571844,9057.587549328497,11760.615681191497,0.40668907141514005,0.046415622796476576,15186.62109375,426.4387784959256,0.38495828018707484,138,280,0.2024
library/synth/wav/hat_open__lib__0020.wav,hat_open,lib,0020,0.3854875283446712,0.997313888221288,0.00268592170190589,3.599486379977039e-10,6.17628585703425e-10,1.491474508425808e-07,3.995177803706667e-08,-30.494167503748717,24.7187714118173,0.045351473922902494,0.001746031746031746,nan,nan,nan,nan,0.007273874773523666,1.5324761179788597e-05,-34.396699357560834,-1.000151903819357,0.13605442176870747,-25.71892331563666,4980.670569122675,11368.423963285955,14665.976760192196,0.30596712529523906,0.015546750262797598,17076.48259943182,93.18517408958573,0.4960049715909091,34,64,0.0006918
library/synth/wav/hat_open__lib__0021.wav,hat_open,lib,0021,2.0408163265306123,0.9634789213794498,0.03651964285717742,2.1718201249515654e-10,4.1032459740773213e-10,1.402885133484457e-06,3.225073264594758e-08,-17.86683255452107,24.342797162925518,0.045351473922902494,0.011678004535147392,nan,nan,nan,nan,0.0065000139790875955,0.001937621574328058,-31.75869371365694,-1.000151903819357,0.18140589569160998,-25.342949066744875,4840.795902568034,10284.286348174172,13562.29753029247,0.35077930125317963,0.019300247939612613,15990.91552734375,172.56275847827766,0.4611002604166667,56,114,0.01764
library/synth/wav/hat_open__lib__0022.wav,hat_open,lib,0022,2.5850340136054424,0.8202659628442044,0.17957437824356812,2.1790582398302405e-10,4.306157536841144e-10,0.00015963042767627784,2.7836029598445004e-08,-13.312602626819345,24.04730663817175,0.022675736961451247,0.014036281179138322,nan,nan,nan,nan,0.005735201135783096,0.006597518024600773,-30.02760675855258,-0.9998544876801003,0.15873015873015872,-25.04716112585185,5010.130738763139,9734.110227235193,12669.001988416874,0.39375879167572675,0.04053147631417776,15727.27734375,215.78298923187583,0.43460286458333336,74,144,0.04359
library/synth/wav/hat_open__lib__0023.wav,hat_open,lib,0023,0.5895691609977325,0.9845950579058489,0.015404307839909306,3.91617743848765e-10,7.961741213532508e-10,5.763000906776377e-07,5.676635929727354e-08,-15.083284390274217,26.459822808144004,0.11337868480725624,0.0031746031746031746,nan,nan,nan,nan,0.0063750103250313425,0.008941431832332668,-34.93807850731137,-1.000151903819357,0.5668934240362812,-27.459974711963362,4663.688077746339,10286.906748136793,14071.128629009185,0.34685192005112936,0.029324670115195618,15695.5517578125,233.2976440378755,0.477392578125,70,148,0.05112
library/synth/wav/hat_open__lib__0024.wav,hat_open,lib,0024,1.9501133786848073,0.8427296925903534,0.15724156072091347,1.8565344394580984e-10,4.280772740232436e-10,2.871863085093172e-05,2.7444151597425403e-08,-17.049182881636252,23.833290745993015,0.09070294784580499,0.0037188208616780044,nan,nan,nan,nan,0.0062711957234757865,0.0018590217884897884,-29.732141733400983,-1.000151903819357,1.927437641723356,-24.833442649812373,4963.313320750602,9860.170195967676,12809.582377855662,0.37320724719504483,0.030150038832393374,15775.443591101695,169.37793244912191,0.4359110169491525,58,114,0.01686
library/synth/wav/hat_open__lib__0025.wav,hat_open,lib,0025,2.9478458049886624,0.9654166764174005,0.03458114513978707,2.7486659905512343e-10,4.0076591842809227e-10,2.1477129625452347e-06,3.0054217380675e-08,-26.86196400148315,23.868300746924028,0.15873015873015872,0.01108843537414966,nan,nan,nan,nan,0.008074778203432366,1.5050867922355176e-05,-31.405054622628782,-1.000151903819357,0.9070294784580499,-24.868452650743386,5151.416518910913,10775.892842511474,13506.6257786258,0.33380016905756266,0.012530706075843463,16892.471590909092,97.47066048074868,0.4561434659090909,34,64,0.0007519
library/synth/wav/hat_open__lib__0026.wav,hat_open,lib,0026,2.3356009070294785,0.7975570026082887,0.20218214836645557,2.6040493918359624e-10,5.53541482568082e-10,0.0002608193015825329,2.8909726893485866e-08,-24.698096153051324,24.04881344150137,0.022675736961451247,0.013174603174603174,nan,nan,nan,nan,0.008000005713976509,3.2148223050122275e-05,-29.400455686094247,-0.9998544876801003,2.290249433106576,-25.04866792918147,5186.406604811679,10050.73920478426,12524.879672934394,0.38091420693703126,0.02502112236395093,16277.255859375,99.81280852155926,0.4258370535714286,36,68,0.001062
library/synth/wav/hat_open__lib__0027.wav,hat_open,lib,0027,0.7482993197278912,0.9814698454429688,0.018528955084955934,2.468256764579798e-10,4.965560422606323e-10,1.1614398077578868e-06,3.728888584591349e-08,-16.84699616925368,24.68774995992145,0.13605442176870747,0.02657596371882086,nan,nan,nan,nan,0.006240204958678783,0.00333364488600079,-32.741122617444745,-0.9998544876801003,0.22675736961451248,-25.68760444760155,4794.130010005079,10428.351832726661,13931.371195497939,0.33998115906994875,0.02031259993541361,16057.570578835228,190.22399265820889,0.47093246922348486,56,122,0.02606
library/synth/wav/hat_open__lib__0028.wav,hat_open,lib,0028,0.06802721088435373,0.6811674415381909,0.3177270501475531,4.742944521317588e-10,1.5340645026013567e-08,0.0011054435778996656,4.892141682548202e-08,-24.039432570241804,26.75904651356207,0.3854875283446712,0.004489795918367347,nan,nan,nan,nan,0.007941444820119613,2.4826320813482146e-05,-31.028822862775595,-0.9998544876801003,0.06802721088435373,-27.75890100124217,5283.367655630009,9602.136316817861,11878.688824828207,0.4062884259068441,0.008866213950735218,16031.4697265625,98.450087512877,0.3870059742647059,32,64,0.0008
library/synth/wav/hat_open__lib__0029.wav,hat_open,lib,0029,0.7709750566893424,0.9736315109512214,0.02636754464989575,3.0634233613922215e-10,5.400173144097301e-10,9.103719166121306e-07,3.3180606551472505e-08,-25.023672488208,24.105216059382354,0.09070294784580499,0.004104308390022676,nan,nan,nan,nan,0.007317094350823413,0.0001420550467804309,-31.804476499140378,-1.000151903819357,0.7482993197278912,-25.10536796320171,4920.1652187417385,10706.038729856018,13858.224541976624,0.3295611765827196,0.01978758063704665,16461.87118902439,118.80029952864206,0.4729301638719512,42,80,0.003397
library/synth/wav/hat_open__lib__0030.wav,hat_open,lib,0030,4.421768707482993,0.8190831452147549,0.18081670519907778,2.1231772057241033e-10,8.300628871135104e-10,0.00010011013217905148,3.841160766685719e-08,-9.558736974826848,25.537830847390516,0.22675736961451248,0.03929705215419501,nan,nan,nan,nan,0.006038095546218774,0.030552523508244403,-31.162029830375765,-1.000151903819357,1.0204081632653061,-26.537982751209874,4980.2181872611445,9626.38344473661,12634.021586652518,0.3964456081490037,0.051389393140068684,15592.883070459906,304.80303446667045,0.43025869693396224,104,200,0.1116
library/synth/wav/hat_open__lib__0031.wav,hat_open,lib,0031,0.022675736961451247,0.9672069772678514,0.03279092586287456,2.893051004870496e-10,7.987591565418821e-10,2.0425239591379695e-06,5.3257250602104925e-08,-12.30442102322942,26.58319548386898,0.045351473922902494,0.008888888888888889,nan,nan,nan,nan,0.0065595595151528895,0.016344351414400302,-33.89389957506538,-0.9998544876801003,0.022675736961451247,-27.58304997154908,4744.726716300295,10134.673009912352,13659.306657371046,0.3602452873162194,0.02769669535024396,15725.489856350807,267.2527625921991,0.45999768985215056,88,168,0.07831
library/synth/wav/hat_open__lib__0032.wav,hat_open,lib,0032,0.5215419501133787,0.993932026106478,0.00606756222077465,2.677000289384031e-10,6.051425192025025e-10,3.667287561138337e-07,4.4071148635538004e-08,-9.599944326487138,25.311833011947236,0.022675736961451247,0.008707482993197279,nan,nan,nan,nan,0.005818780142150651,0.05725984137977626,-34.444782906224034,-1.000151903819357,0.5215419501133787,-26.311984915766594,4617.839928921875,10494.49643025222,14528.216023013914,0.33292358433331876,0.03349278387103764,15838.755904796511,378.7738272646646,0.49620730377906974,130,246,0.1638
library/synth/wav/hat_open__lib__0033.wav,hat_open,lib,0033,0.3854875283446712,0.875956786744211,0.12397265509702216,1.9573644069335995e-10,4.6385628293360376e-10,7.052239975211837e-05,3.509942205106616e-08,-20.438530827069997,25.039460189689454,0.36281179138321995,0.012993197278911565,nan,nan,nan,nan,0.007500001126386597,0.0004036879027081875,-30.957122278084643,-0.9998544876801003,0.3854875283446712,-26.039314677369553,4996.770930404292,9827.780061846737,12714.807636306483,0.3839618235948903,0.030631273381648033,15815.689086914062,133.51870595670746,0.423095703125,48,92,0.006493
library/synth/wav/hat_open__lib__0034.wav,hat_open,lib,0034,0.45351473922902497,0.9970706781959986,0.002929145626082055,2.904511901055101e-10,6.019645209807187e-10,1.2883937301509212e-07,4.644613060924494e-08,-10.075614842267022,25.51357234653931,0.27210884353741494,0.0163718820861678,nan,nan,nan,nan,0.0063759893801815385,0.05283539327955598,-34.82211338972755,-0.9998544876801003,0.45351473922902497,-26.51342683421941,4607.837259234277,10547.154686907845,14608.114257593601,0.33431868252744046,0.03104407173131201,15848.4375,357.7057063543524,0.4962433845766129,118,234,0.1433
library/synth/wav/hat_open__lib__0035.wav,hat_open,lib,0035,1.3151927437641724,0.9919543698724915,0.008045389603531995,2.1494052339080808e-10,4.784435236467182e-10,2.0422340992758296e-07,3.560718241063883e-08,-10.482190794682403,24.49608426402973,0.47619047619047616,0.012471655328798186,nan,nan,nan,nan,0.005812290594701754,0.03540244066885493,-33.15812417107757,-0.9998544876801003,0.24943310657596374,-25.49593875170983,4622.425756560359,10369.304253163898,14284.595895157008,0.33885804221123417,0.02953478004024299,15716.477614182691,337.248706497449,0.4859775641025641,106,226,0.1201
library/synth/wav/hat_open__lib__0036.wav,hat_open,lib,0036,0.5215419501133787,0.9477743321843128,0.052223972211412735,3.319160641054251e-10,4.5305789688038555e-10,1.6554480330698145e-06,3.937126741472222e-08,-26.64703686071206,25.082330672904746,0.06802721088435373,0.005759637188208617,nan,nan,nan,nan,0.008474603238253157,3.170456293270142e-05,-31.914648030743983,-1.000151903819357,0.45351473922902497,-26.082482576724104,5016.102249767893,10601.96680132579,13550.500531408585,0.3406857619653597,0.017662325024954243,16520.751953125,101.42709660357573,0.4552273220486111,36,70,0.001191
library/synth/wav/hat_open__lib__0037.wav,hat_open,lib,0037,0.6575963718820862,0.9916981091993641,0.008301467701064186,2.5824933679189267e-10,5.645972878114432e-10,3.839045494352049e-07,3.837217571462445e-08,-21.241177383073595,24.650212008057675,0.09070294784580499,0.004467120181405895,nan,nan,nan,nan,0.0066666673497168365,0.0011044433868108985,-33.34044409086659,-0.9998544876801003,0.06802721088435373,-25.650066495737775,4755.47990907866,10621.802399883858,14278.083490464262,0.32452351975860494,0.019527023903639924,16139.933268229166,158.82932227273548,0.4839680989583333,54,104,0.01261
library/synth/wav/hat_open__lib__0038.wav,hat_open,lib,0038,1.9727891156462587,0.9935823865039853,0.006417177130053015,3.5212266239642933e-10,5.671737274272962e-10,3.975566506261713e-07,3.7890014580918305e-08,-32.10058186551588,24.493001721735624,0.13605442176870747,0.0027437641723356007,nan,nan,nan,nan,0.007941194251537524,1.7830553225969074e-05,-33.52309511374556,-1.000151903819357,0.13605442176870747,-25.49315362555498,4843.6789468127745,10911.832142971063,14442.689699163793,0.3232899539230266,0.012527137759053928,16510.266831341913,95.28924061098172,0.4782858455882353,36,66,0.0008477
library/synth/wav/hat_open__lib__0039.wav,hat_open,lib,0039,2.0408163265306123,0.8678907405251821,0.13207948917604137,3.3895653714230143e-10,6.609844899411032e-10,2.9729564946462037e-05,3.9733889087152747e-08,-28.164063928457864,25.4804670057355,0.022675736961451247,0.01437641723356009,nan,nan,nan,nan,0.007500002231869797,3.4302049688257237e-05,-31.617268041116446,-0.9998544876801003,1.3605442176870748,-26.480321493415598,4975.785000666489,9978.424698088884,13024.745425649096,0.3679757612085493,0.019923225010083083,15975.244140625,102.09468622900951,0.4303385416666667,36,70,0.001263
library/synth/wav/hat_open__lib__0040.wav,hat_open,lib,0040,6.099773242630386,0.8647550166935437,0.13522406724448172,2.3113616623864053e-10,4.138368328152693e-10,2.0886097358887028e-05,2.931964273851079e-08,-19.274446611911735,24.03255955695125,0.022675736961451247,0.029682539682539682,nan,nan,nan,nan,0.007547174509767856,0.0008188255659817121,-30.237921427695387,-1.000151903819357,1.564625850340136,-25.032711460770606,4937.396654818188,9915.689136401905,12981.261542486798,0.37210939368483126,0.027272829022467533,15803.339659492925,147.5807551619918,0.43628390330188677,54,102,0.01079
library/synth/wav/impact__lib__0001.wav,impact,lib,0001,2.4489795918367347,0.003451038000487857,0.0011752863038196264,0.18538043134322374,0.012887713608094755,0.0003773908141033624,0.7967281399302707,1.1445457847726612,10.763197798610886,9.183673469387756,0.0582312925170068,43.713288216140654,43.713288216140654,nan,nan,0.021868878375677473,72.57998352199714,-34.562126320665314,-1.000151903819357,0.022675736961451247,-11.763349702430242,6778.241468755343,4668.377219553804,4635.814211082397,0.003408910493591326,0.20995486530383384,14317.985026041666,837.3543362686249,0.012709780092592592,252,486,0.6805
library/synth/wav/impact__lib__0002.wav,impact,lib,0002,13.718820861678005,0.003389912709088487,0.001759745165763385,0.4190704825232851,0.04279462825420153,0.0009466355468325418,0.5320385958008289,0.17790402470939895,11.263387613178855,5.328798185941043,0.2008390022675737,52.892820361869546,53.19922535313842,51.98415336679907,57.347817082364955,0.05956849292124461,103.30281113367666,-32.87833428090429,-0.9998544876801003,0.0,-12.263242100858955,5227.457679461436,2730.186880022379,4820.782987610573,0.001972424776957825,0.18232660973976672,6711.507901278409,1478.2077387982822,0.004502089707167832,466,918,0.825
library/synth/wav/impact__lib__0003.wav,impact,lib,0003,0.47619047619047616,0.01672757401788192,0.007192724970874442,0.09531812592274512,0.005341147450992171,0.0034664970941460415,0.8719539305433603,1.6364012256577178,11.872602367075356,2.5396825396825395,0.10852607709750567,38.719810855017364,38.05462768008707,nan,nan,0.007547766613066395,19.637297895495877,-29.94121667352139,-1.000151903819357,0.0,-12.872754270894713,7198.56265460748,8594.327070767189,6732.3130635283305,0.0499767180379335,0.1779130688710906,17736.053466796875,570.5203673840193,0.08545793805803571,116,332,0.4965
library/synth/wav/impact__lib__0004.wav,impact,lib,0004,1.3151927437641724,0.0025414472428438822,0.00040334766763690477,0.16444802758639487,0.013217910143252349,0.0003561639749701795,0.819033103384902,1.0371952657250516,11.398704718022447,0.6802721088435374,0.012267573696145125,42.224253144732614,42.7148753334411,41.49886574883231,nan,0.013883634979478135,139.05537727744672,-35.954271926027246,-1.000151903819357,0.0,-12.398856621841805,6987.802024354814,5352.272226747433,5248.6503313252815,0.007637136710101828,0.21761207554654763,14715.4541015625,1514.3859114628835,0.015399128401360544,358,810,0.8244
library/synth/wav/impact__lib__0005.wav,impact,lib,0005,0.20408163265306123,0.0014081252892208735,0.0006240896168992242,0.30262191385388587,0.032326815816628086,0.0005217262569103469,0.6624973291664557,0.7441899360762797,9.972477851880008,0.7709750566893424,0.10448979591836735,48.78390474418438,48.223573807186426,48.502930128332736,nan,0.04894497452792805,166.69871047195835,-34.00233976219754,-1.000151903819357,0.0,-10.972629755699364,3973.137993901493,1753.9854063281234,4153.211726028381,0.0011880244218241494,0.14396145570032004,3525.6186810661766,1425.6961234305707,0.0026214001225490194,496,934,0.851
library/synth/wav/impact__lib__0006.wav,impact,lib,0006,0.09070294784580499,0.01625733541096184,0.0057460714227538,0.2088807078998985,0.013885850719048473,0.0019129398310926324,0.7533170947162446,0.24150546816999166,12.784899577141562,0.3401360544217687,0.010498866213151927,45.254833995939045,45.51699258231301,46.58090185094999,nan,0.0132464479993333,47.259296751430085,-31.576348425899475,-1.000151903819357,0.022675736961451247,-13.78505148096092,7192.614569110662,8344.121287748274,6468.523867760109,0.025858371173861673,0.48611293602001027,17497.586831701807,2666.528333977737,0.062413717369477914,158,960,0.7238
library/synth/wav/impact__lib__0007.wav,impact,lib,0007,0.13605442176870747,0.003961665788134396,0.002635970039640247,0.7430362187619579,0.04250146748742166,0.001775827004082039,0.20608885091876367,0.9519752918299553,12.299220086707589,0.15873015873015872,0.15820861678004536,64.0,64.0,63.63138712432303,65.11870029457192,0.03382748138627473,82.27463764479758,-32.420993752607494,-1.000151903819357,0.0,-13.299371990526945,7228.483249428891,7600.207590703426,5003.692458121081,0.03584091105608349,0.2325500532200206,17073.184048927436,1078.9594872067619,0.061355849443855935,322,624,0.7334
library/synth/wav/impact__lib__0008.wav,impact,lib,0008,0.9070294784580499,0.003662323997539467,0.0022801575373625586,0.07373762915942877,0.006712795540229546,0.0006012199550937215,0.9130058738103458,0.4193198953489918,10.174816841799654,0.09070294784580499,0.015034013605442176,35.711908564167146,35.301722309239885,nan,nan,0.013372172798223869,76.45027530165999,-32.97648796032747,-1.000151903819357,0.0,-11.17496874561901,4414.11571849534,2036.029353442839,5098.041530044787,0.001726232759390881,0.16344344606733152,4030.910584984756,1120.5098388294648,0.003291730182926829,330,650,0.8102
library/synth/wav/impact__lib__0009.wav,impact,lib,0009,0.31746031746031744,0.012223717339550168,0.006369171715138863,0.17358533879401708,0.007130335724521002,0.002591163886382175,0.7981002725403907,0.6047739811072509,11.487402895825728,0.5895691609977325,0.08256235827664399,44.735037893728624,44.477383034954784,42.962320088968426,nan,0.01947002554227583,44.95333898875424,-30.338866224696144,-1.000151903819357,0.0,-12.487554799645086,7305.828808111559,7721.65520532275,6946.598060312527,0.015544919068112733,0.3543315566855971,17363.06320716595,1407.9327958326335,0.04541576867816092,286,674,0.7124
library/synth/wav/impact__lib__0010.wav,impact,lib,0010,10.72562358276644,0.005173338914715896,0.0014157415968860773,0.7558263543429273,0.03954254850708641,0.0019320916427150539,0.1961099249956693,0.39109702591852596,12.464490525347,4.8979591836734695,0.18834467120181406,65.11870029457192,64.37074822834262,64.37074822834262,65.87534314518349,0.026605492652651396,103.19781504628332,-33.04138169368353,-0.9998544876801003,0.0,-13.4643450130271,7320.3868601765835,8260.245616444252,5745.584232074968,0.03922039207262263,0.2902288654098052,17712.299702429646,1769.2051606047273,0.0775357391197644,504,954,0.8273
library/synth/wav/impact__lib__0011.wav,impact,lib,0011,12.426303854875282,0.009374321477306229,0.0032053547193628988,0.42601794219211286,0.043387036782162866,0.0016840793393689557,0.5163312654896862,0.389415725623643,12.368957475312786,6.598639455782313,0.13365079365079366,54.129131432412706,53.81737057623773,52.28529450371519,nan,0.019591611093665612,59.8924592083029,-32.12863727043879,-0.9998544876801003,0.0,-13.368811962992886,7100.983784213598,8351.21103179209,6268.388436013307,0.04491597177551377,0.2903257502955771,17411.799934111445,1706.3618334709352,0.08366669804216867,350,772,0.8064
library/synth/wav/impact__lib__0012.wav,impact,lib,0012,13.80952380952381,0.005441060278472994,0.0026009543239543394,0.28158892145772285,0.026855120693553586,0.0011945297001724438,0.682319413546124,0.16564142498004475,10.1320255558529,6.984126984126984,0.03215419501133787,48.223573807186426,47.12214585921682,49.06650702942722,nan,0.04506013203866613,70.14226870702295,-31.40728559918073,-0.9998544876801003,0.0,-11.131880043533,4459.810518387331,2123.1045672709993,6074.356278754397,0.0019761926310744517,0.13601282259502667,4555.837649710903,1240.1246086039096,0.004074029460352423,408,790,0.828
library/synth/wav/impact__lib__0013.wav,impact,lib,0013,0.15873015873015872,0.002985480251368281,0.0007293837122023947,0.07418713055616276,0.007585739403813668,0.00031790923763357597,0.9141943568388191,0.30601999894387955,10.092523322481558,13.877551020408163,0.1458503401360544,35.50622310617104,35.301722309239885,34.29675080116138,nan,0.013109551320525631,117.22357191036672,-35.743096708945906,-1.000151903819357,0.0,-11.092675226300914,4490.445692648615,2040.4876916476976,5007.514537065188,0.0013160817723704284,0.1852822109031668,3946.9779349662163,1355.5691874431552,0.002695915781853282,404,812,0.8506
library/synth/wav/impact__lib__0014.wav,impact,lib,0014,0.40816326530612246,0.0022439660951083257,0.0009981316317224887,0.18449273838015465,0.014755257702527984,0.00039133083436372005,0.7971185753561228,0.3584340177876872,9.450009849465925,0.11337868480725624,0.058843537414965986,43.21119827738208,43.46151820247428,42.962320088968426,nan,0.026191385306462388,176.8430325585212,-33.455619341579336,-1.000151903819357,0.0,-10.450161753285283,4421.2131251968485,2008.8538788699138,4934.372534991258,0.0013027597732211782,0.16603891420358957,3989.5751953125,1491.632170533013,0.0028682371386054423,584,1056,0.887
library/synth/wav/impact__lib__0015.wav,impact,lib,0015,0.5215419501133787,0.011507411237484281,0.00468607003006738,0.14854147027879147,0.007804761313617105,0.003566954084176313,0.8238933330558634,0.7180625710486691,11.995757895305452,0.6802721088435374,0.0016780045351473922,42.962320088968426,43.713288216140654,40.55103034518599,nan,0.009609722806638632,29.196522463610084,-30.99046238342662,-1.000151903819357,0.0,-12.99590979912481,7329.360011677279,8414.04165983203,6690.992965046938,0.03868808031321586,0.21986377406743834,17877.78356215533,822.1587266990341,0.08087517233455882,166,306,0.5792
library/synth/wav/impact__lib__0016.wav,impact,lib,0016,0.11337868480725624,0.0034867069124900505,0.0010791509732248606,0.2035765642794638,0.017534519690071578,0.0005908882477044087,0.7737321698970454,0.44772981305779713,10.972088337924585,0.4988662131519275,0.022630385487528343,44.22121215896883,44.735037893728624,44.735037893728624,nan,0.018050937948671825,110.48535978089646,-34.40282595863846,-1.000151903819357,0.045351473922902494,-11.972240241743943,7148.628069833582,6204.119312628553,4546.577792997956,0.00662538106877692,0.3555984293263869,15702.107777648698,1816.343695352688,0.016425490822490705,350,994,0.8258
library/synth/wav/impact__lib__0017.wav,impact,lib,0017,0.29478458049886624,0.005973383147121499,0.0043314952692127245,0.15278178785576338,0.010615723360090314,0.0008701165359232042,0.8254274938318888,0.5689076090079785,12.533311437571339,1.2471655328798186,0.13523809523809524,42.962320088968426,43.713288216140654,40.55103034518599,nan,0.011276670390164176,47.48173482392733,-33.36558540141518,-1.000151903819357,0.0,-13.533463341390696,7141.711820384386,7186.45426991838,4987.988019569476,0.018792254984283528,0.30415480387070715,16515.348026670257,1380.2477222770488,0.04102123742816092,190,504,0.6228
library/synth/wav/impact__lib__0018.wav,impact,lib,0018,1.7687074829931972,0.00513413805763272,0.002505737397025041,0.4562412830536889,0.03357259372372527,0.001951776653985277,0.5005944711139427,0.48724904605310226,12.781299885503067,7.551020408163265,0.11210884353741496,55.07529198363712,54.75808164368654,52.892820361869546,56.68912122255107,0.02340154340952088,64.2141066902488,-33.519577380515926,-1.000151903819357,0.022675736961451247,-13.781451789322425,7147.928062911081,6876.909592306685,4618.436804083021,0.01180009050329998,0.43953479162805603,16657.70433643196,2060.0859430608857,0.033407090585443035,264,690,0.71
library/synth/wav/impact__lib__0019.wav,impact,lib,0019,14.580498866213153,0.005329487816834788,0.0020534074330772066,0.2516084103400839,0.024383977469646954,0.0009914038055506183,0.7156333131348066,0.8160090383543352,10.117998646316211,6.780045351473923,0.10913832199546485,46.850742270260014,46.3126155980921,46.850742270260014,nan,0.044286102496181715,76.27536079451998,-31.91488979598565,-0.9998544876801003,0.022675736961451247,-11.117853133996311,3701.666406546546,1704.5074634669097,5214.88674175214,0.0017099664265581517,0.0859924260621863,3577.7364979619565,1243.1780111337887,0.0033000264190821255,398,758,0.8118
library/synth/wav/impact__lib__0020.wav,impact,lib,0020,0.15873015873015872,0.004929411501650615,0.002260751518208054,0.07887034858698284,0.006687982988485822,0.0007703886631540501,0.9064811167415187,0.3361533151165633,10.455934936107191,1.655328798185941,0.04276643990929705,36.336141730268075,nan,nan,nan,0.014148287440317956,56.540888165030765,-32.92586727854559,-1.000151903819357,0.0,-11.456086839926549,4481.657399516746,2112.2209160940924,5225.228035557291,0.001937846912145267,0.12226119865453675,4410.783025568182,915.1456928356955,0.0032463304924242424,266,508,0.7479
library/synth/wav/impact__lib__0021.wav,impact,lib,0021,0.27210884353741494,0.0040977835919188636,0.0012344276656618856,0.12753369799734363,0.00856064398937426,0.0003355239959782007,0.8582379227597232,0.08118293090085091,11.298033070531165,0.18140589569160998,0.11378684807256235,40.31747359663594,40.31747359663594,39.624843532078096,nan,0.016962396188477162,105.06369896671623,-35.061523958847495,-1.000151903819357,0.0,-12.298184974350521,5510.032775441481,2974.5983408018906,5276.64860996509,0.0019869564721118377,0.19174202925604514,7820.503780819954,1757.9853309478053,0.004814124617737003,426,986,0.8415
library/synth/wav/impact__lib__0022.wav,impact,lib,0022,17.165532879818592,0.025545813066395754,0.010843884354832306,0.13223754279160352,0.006915578404250232,0.004584091966054897,0.8198730894168632,0.2871411250698797,13.51203639162134,7.8684807256235825,0.02528344671201814,nan,nan,nan,nan,0.006897815649249647,34.665834413783195,-30.17606138376205,-0.9998544876801003,0.0,-14.51189087930144,7107.477968091557,9200.64737658648,7334.340766731777,0.0638224293490185,0.4140020955299987,17924.10322980183,2415.681718886833,0.12010527820121951,172,806,0.7085
library/synth/wav/impact__lib__0023.wav,impact,lib,0023,11.655328798185941,0.004339047419669406,0.0018475574636374259,0.5772627023897279,0.04213434933812601,0.0018317145218464136,0.37258462886699306,0.11987756192561515,11.007380059621118,5.736961451247165,0.28950113378684805,57.68002960709313,57.347817082364955,58.350239267725875,61.81992505119011,0.0864423608116037,93.55966506696195,-31.872235068936806,-0.9998544876801003,0.0,-12.007234547301218,4830.215787259381,2446.680550049902,5921.710211401758,0.001989379168073655,0.14154533275647993,5712.4203072742475,1596.7092937359978,0.004495780204849498,514,1014,0.8404
library/synth/wav/impact__lib__0024.wav,impact,lib,0024,1.4512471655328798,0.003770916344443034,0.0015751585659688216,0.7488793305479404,0.042999383462869155,0.0020002740746417973,0.20077493700413673,0.4248065221167766,12.80413500741616,6.258503401360544,0.22215419501133787,64.74364417932304,64.37074822834262,64.0,nan,0.02745458505539131,96.62080953788136,-33.359168398637735,-1.000151903819357,0.0,-13.804286911235518,7253.932903943635,7546.736423338571,5006.942339471167,0.02609820724031979,0.28552571055397136,16847.039794921875,1431.1778522118993,0.05208042689732143,384,464,0.7478
library/synth/wav/impact__lib__0025.wav,impact,lib,0025,0.022675736961451247,0.0020282137287509633,0.0009316959924954971,0.1924707739618083,0.014072431206458135,0.00042277117803549196,0.7900741139324515,0.557581987291749,9.668740736572213,1.4285714285714286,0.0014512471655328798,43.46151820247428,43.96651671865885,43.46151820247428,nan,0.02351861233305478,162.2794988279947,-33.91181347554483,-0.9998544876801003,0.0,-10.668595224252313,5974.622153119564,3480.152679738991,3789.9059819965833,0.0019496701113778242,0.28865146956813026,10546.03400735294,1543.6714058270234,0.0049306832107843136,506,984,0.8641
library/synth/wav/impact__lib__0026.wav,impact,lib,0026,1.201814058956916,0.0026384614337677946,0.0010562261394812772,0.4677597456126963,0.0441218175513045,0.0006576218394426076,0.48376612742330755,0.8596154485651168,10.883277660789176,0.6575963718820862,0.05650793650793651,54.75808164368654,54.129131432412706,53.5074053304646,nan,0.039833482976030385,121.32134188311122,-33.219435432220045,-1.000151903819357,0.0,-11.883429564608534,6994.582839394384,5897.082179345278,5106.79812213841,0.012264036979857177,0.2306417641769217,15449.4140625,808.4526103278474,0.023164461096938777,414,618,0.8132
library/synth/wav/impact__lib__0027.wav,impact,lib,0027,0.13605442176870747,0.0027066791682489794,0.0004025818908712667,0.0686985071025303,0.007454077883146539,0.00018254152300003584,0.920555612432203,0.8927708080178879,9.795580111119854,0.29478458049886624,0.3119047619047619,34.896247445288246,34.896247445288246,nan,nan,0.01269206244761975,110.257593714792,-35.87998207743272,-1.000151903819357,0.0,-10.795732014939212,3553.649924270428,1512.1549488930218,4011.179936375729,0.0010089191795452925,0.13338953096452366,3039.0177210365855,1278.356818437804,0.0019840891768292683,380,752,0.8241
library/synth/wav/impact__lib__0028.wav,impact,lib,0028,0.06802721088435373,0.0020390936390105177,0.0007400469699822507,0.3997309212392047,0.042581114186818696,0.0007096989547639834,0.5541991250102202,1.08185357002025,10.491557956740508,1.2698412698412698,0.019410430839002266,52.28529450371519,52.28529450371519,51.38706443925609,nan,0.06971048873357613,129.57055664169508,-33.365699980952314,-1.000151903819357,0.0,-11.491709860559865,3639.8852589633148,1628.0280258000291,3322.2787770538407,0.0012593656783289721,0.11455490096197088,3338.8372605846776,1269.7038275632979,0.00283743159562212,384,792,0.8069
library/synth/wav/impact__lib__0029.wav,impact,lib,0029,0.0,0.01063399087586708,0.005226800259066825,0.32908130126927965,0.03324308103323171,0.0025127011799279076,0.6193021253826267,0.5504798008724255,12.879010922231231,0.6802721088435374,0.010068027210884354,50.21338226539205,52.588180133490575,50.50426542967306,nan,0.015677791640359668,33.97927819153068,-31.61902866396819,-1.000151903819357,0.0,-13.879162826050589,7086.735638381951,7885.833231237849,5927.862760764376,0.03460662832273541,0.34370977948978176,17075.3173828125,1260.8315098894943,0.06612141927083333,222,504,0.5769
library/synth/wav/impact__lib__0030.wav,impact,lib,0030,0.8616780045351474,0.0012763085397891553,0.0005685019196329661,0.5184376879840485,0.05102438412873192,0.0010687446019258398,0.42762437282587157,0.40050868433717085,10.881967053518213,8.00453514739229,0.11746031746031746,55.715236050951944,55.715236050951944,55.715236050951944,nan,0.04692330520546111,190.6291177549813,-33.36790347626713,-1.000151903819357,0.0,-11.882118957337571,6789.670114624067,5055.157492530865,3867.552417100582,0.005872786883910241,0.24787094219826394,14096.513419315732,1747.2612940533634,0.013774301813936782,540,844,0.867
library/synth/wav/impact__lib__0031.wav,impact,lib,0031,0.5668934240362812,0.0012907646625471305,0.0010230612137167119,0.7553909040829926,0.04148977273621606,0.001690368759910809,0.19911512854461677,0.40092330461198944,11.334819824940947,0.15873015873015872,0.22167800453514738,63.63138712432303,64.0,64.0,64.74364417932304,0.1137233158060646,159.92954651172627,-32.79180781098884,-1.000151903819357,0.0,-12.334971728760305,5133.535422475714,2626.2952741063796,4290.584782686412,0.0017365791208948898,0.16619159823294377,6144.52090231788,1497.8288917052537,0.004523877276490066,544,1036,0.8309
library/synth/wav/impact__lib__0032.wav,impact,lib,0032,13.786848072562359,0.0036745524159761834,0.002564765727224044,0.3686460078678386,0.038672061474505,0.0018554057131068887,0.5845872068013493,1.0920299359462498,11.821898794401465,5.827664399092971,0.20931972789115647,51.68474667520269,51.98415336679907,51.0910967268256,nan,0.029777106091466356,82.32498684516368,-32.65549340336522,-0.9998544876801003,0.0,-12.821753282081565,7088.665922414898,6432.2240386738395,4915.997158237254,0.02343063626534546,0.2234535592975188,16072.542317708334,1303.4690656714056,0.034595630787037035,380,718,0.7885
library/synth/wav/impact__lib__0033.wav,impact,lib,0033,0.9750566893424036,0.0039645925644008805,0.0015707334731840648,0.11802690258475103,0.00906022535562469,0.0015132075495278587,0.8658643384725114,0.9130762808882457,11.55462910426828,11.83673469387755,0.11700680272108843,39.624843532078096,39.16971338574897,38.719810855017364,nan,0.015209298839427005,62.48334593566049,-33.7922179732816,-1.000151903819357,0.045351473922902494,-12.554781008087637,6132.579709898324,3838.446079559184,4330.470475586777,0.004605237429850244,0.19253669559414555,11081.290601647419,966.6760108948918,0.008157481317934782,294,502,0.7039
library/synth/wav/impact__lib__0034.wav,impact,lib,0034,0.0,0.0015801661004972462,0.0003284128967153971,0.6238402702147471,0.042180788793663423,0.0015525016351619419,0.33051786035921493,1.1726996817441808,10.557993335054384,0.09070294784580499,0.09421768707482993,59.37018348424381,58.68825876509896,59.02823638950011,62.53823797979174,0.11122589932267456,145.8438640453209,-33.16495151872821,-0.9998544876801003,0.0,-11.557847822734484,3622.3278273845212,1667.3217755464304,3644.250163648656,0.0014066575332663815,0.09614214354356614,3573.5148111979165,1254.151177967152,0.003029152199074074,398,826,0.7999
library/synth/wav/impact__lib__0035.wav,impact,lib,0035,10.997732426303855,0.003940293313619698,0.0015384376604987123,0.7829618325149377,0.04908632228642342,0.0018732738042915452,0.16059984042022887,0.45870127228129415,12.147380342670958,4.421768707482993,0.030997732426303853,66.64077776222761,65.11870029457192,65.4959290877936,nan,0.04716526474003328,101.49884351741962,-32.435918812211504,-0.9998544876801003,0.0,-13.147234830351058,7272.569807840481,7253.396935026148,5326.884518695523,0.02250724982368379,0.2706806116103777,17061.707652698864,1504.8553161634245,0.04420847706980519,346,734,0.8009
library/synth/wav/impact__lib__0036.wav,impact,lib,0036,12.244897959183673,0.00457008037656598,0.002602490443241391,0.5588811061081499,0.046341805715367286,0.0012717807654014134,0.38633273659127404,0.45937444249123055,12.373879837592543,5.28344671201814,0.035215419501133785,57.347817082364955,56.68912122255107,57.347817082364955,nan,0.023552673271838038,99.7282446813668,-32.93693159891576,-0.9998544876801003,0.0,-13.373734325272643,7081.421409657931,7411.761837021261,4985.979282736906,0.027507204813692936,0.29751214866345066,16680.225709727114,1724.2057587806048,0.050910541373239436,534,752,0.8168
library/synth/wav/impact__lib__0037.wav,impact,lib,0037,0.13605442176870747,0.015480144771885291,0.007775220395992791,0.3111269863709133,0.026687373142798267,0.0017038951613562304,0.6372263801570542,0.29624631855038513,13.459353682766551,0.5895691609977325,0.10131519274376417,49.9241744648559,52.588180133490575,49.9241744648559,nan,0.012427591927398538,39.32641841387627,-31.467417535214505,-1.000151903819357,0.0,-14.459505586585909,7254.158247921204,8396.303796747445,6424.48475910239,0.034930268811101915,0.4660665324402699,17915.95755912162,2507.72445573651,0.07934664575289575,248,928,0.6846
library/synth/wav/impact__lib__0038.wav,impact,lib,0038,0.8843537414965986,0.0035650913682422057,0.0022198957065153214,0.2170162897466894,0.01979118229309779,0.000704988561127125,0.7567025523243281,0.3681452870691848,10.414686828303207,0.3854875283446712,0.18065759637188208,44.99418533191518,44.99418533191518,44.99418533191518,nan,0.03762127479909184,77.23807656427924,-32.28959135548945,-1.000151903819357,0.022675736961451247,-11.414838732122563,4969.724052866023,2405.167949350841,3939.5938017212206,0.0017506694192027127,0.16101820657333477,5206.4208984375,721.2978461544757,0.0033482142857142855,244,458,0.7358
library/synth/wav/impact__lib__0039.wav,impact,lib,0039,0.8163265306122449,0.0031289008429564997,0.001122082276073812,0.2087220040927039,0.01975779772171932,0.00057158922594879,0.7666976258405976,0.3857762482696146,10.994754919802936,0.31746031746031744,0.1357596371882086,44.22121215896883,44.477383034954784,44.735037893728624,nan,0.01892147232685852,121.77626795626446,-34.09986674791806,-1.000151903819357,0.022675736961451247,-11.994906823622294,6777.903716335218,5554.184396205421,3870.184206203843,0.0065478572214543,0.3102295578944037,14351.722706147353,1725.1049204997516,0.014167284443430657,372,576,0.8275
library/synth/wav/impact__lib__0040.wav,impact,lib,0040,1.2471655328798186,0.005774021530667804,0.0019197561389982549,0.06029496384761064,0.005485291112772623,0.0011589803454125935,0.9253669870245379,0.621754223800996,11.082889106790862,1.0884353741496597,0.06070294784580499,34.69525984964539,nan,nan,nan,0.006457014543849539,80.77132440407135,-33.96324617277907,-1.000151903819357,0.0,-12.08304101061022,7084.140866293734,6212.881470654341,5535.835301595923,0.006511885907877614,0.3914358589410415,15684.525272764009,1835.1788991884307,0.02326702249461207,370,894,0.797
library/synth/wav/kick__lib__0001.wav,kick,lib,0001,1.4058956916099772,7.589806192089186e-05,3.23058147386252e-05,0.610519810963779,0.04524697827882086,0.0057362613173512845,0.33838874556338927,6.502446384906006,13.54488080510703,2.0181405895691613,0.05705215419501134,51.98415336679907,53.19922535313842,52.588180133490575,nan,0.028591973018600305,0.9337192730452691,-34.24686652428363,-1.000151903819357,0.3854875283446712,-14.545032708926389,3860.777769538925,1953.4086319971464,832.3196907122287,0.001197506353134651,0.003096410107315019,4638.937100497159,174.67860902854136,0.0023415305397727275,50,108,0.04781
library/synth/wav/kick__lib__0002.wav,kick,lib,0002,2.9478458049886624,5.291311085085374e-05,0.00018943572815487416,0.4218210473787847,0.08033975487511046,0.010136255240920763,0.48746059366617833,-0.04388217296574856,5.6392185263597,2.312925170068027,0.07712018140589569,50.79683366298238,50.21338226539205,54.442698300854765,nan,0.08882187036066475,10.986575038234827,-24.68286550164906,-0.9998544876801003,0.045351473922902494,-6.639073014039801,832.6472567422097,253.82270263834772,798.8073942498218,0.00013777716804634052,0.021366831493532135,381.23557350852275,558.2799271249594,0.0023193359375,248,388,0.6714
library/synth/wav/kick__lib__0003.wav,kick,lib,0003,0.0,0.0009514287222280823,0.0001231565713212451,0.22234073198562102,0.03508620007627415,0.0034948637737049603,0.7380036188708505,0.7155425359121749,7.158965597835406,0.15873015873015872,0.17746031746031746,43.96651671865885,43.46151820247428,42.962320088968426,51.38706443925609,0.050049465367613385,24.61131979197908,-29.45549661751832,-0.9998544876801003,0.0,-8.158820085515506,1651.0059481152036,585.9740249536279,1350.459511850853,0.0005298649932054725,0.006261583896411909,961.1638849431819,405.59442105520884,0.0020530007102272725,170,288,0.5468
library/synth/wav/kick__lib__0004.wav,kick,lib,0004,2.0181405895691613,0.00030745623916919574,0.0001578876749813711,0.6299824374475173,0.03393437583053314,0.0023906387007597545,0.3332272041070394,-0.7021207105323045,14.740463053030247,3.1065759637188206,0.03147392290249433,54.75808164368654,56.3626159101535,55.39433990439315,65.11870029457192,0.012831747683745872,0.12015964222039159,-36.559043820668364,-1.000151903819357,0.5215419501133787,-15.740614956849605,3299.7726919593765,1745.028891137551,1076.249641080943,0.2060802163748149,0.0020767195207262116,4377.112926136364,121.3815504923331,0.001919833096590909,38,84,0.007641
library/synth/wav/kick__lib__0005.wav,kick,lib,0005,0.997732426303855,5.674983185068329e-05,2.566897879283701e-05,0.6074731826187009,0.05708632732863608,0.0022591383988141258,0.3330989328432052,8.223926163626958,15.404029694286262,1.5419501133786848,0.009070294784580499,54.442698300854765,54.75808164368654,55.07529198363712,nan,0.07116326206794737,1.4060309382928828,-36.082122330127376,-1.000151903819357,0.4988662131519275,-16.40418159810562,3594.899320856294,1792.755777362071,447.54166223826337,0.0013194248656924505,0.0021166167987322214,4171.079323508523,223.4952681597208,0.002385919744318182,50,106,0.05967
library/synth/wav/kick__lib__0006.wav,kick,lib,0006,1.6780045351473922,0.00035599052604298715,0.00027697883647908895,0.8008925899852253,0.07570823003258897,0.002400218373766139,0.12036599224589761,-1.9729215454805908,18.870807474092263,2.0408163265306123,0.01650793650793651,46.98644406473842,48.223573807186426,54.129131432412706,nan,0.007568926966418963,0.05290102190955777,-38.35288026747564,-1.000151903819357,1.0204081632653061,-19.87095937791162,3002.9200189503517,1532.866100942005,707.6332189819926,0.2738976346333478,0.001302363331233057,3655.7506214488635,116.90560467489739,0.001553622159090909,34,68,0.003138
library/synth/wav/kick__lib__0007.wav,kick,lib,0007,1.4965986394557824,0.0004728511979978068,0.00019444380016023333,0.13436395820550986,0.01636555982283864,0.0010303867486067648,0.8475728002248867,-1.3831076138383716,5.783482654782378,2.9705215419501134,0.1626077097505669,37.61753300107548,37.61753300107548,37.83544915286874,nan,0.019087384589466117,34.75032840365258,-31.147689472703682,-1.000151903819357,0.022675736961451247,-6.783634558601735,863.6168129904275,385.647989863807,1464.2289379556105,0.0006224416815480713,0.009628552107039964,944.0352006392045,757.7892731394849,0.0017533735795454545,236,456,0.6724
library/synth/wav/kick__lib__0008.wav,kick,lib,0008,1.6099773242630386,0.00010491229930439465,7.808165711401804e-05,0.494420519789353,0.024781210158648957,0.0011822801634492341,0.4794329959321304,-1.1247861538319723,7.773453432209364,1.9727891156462587,0.024421768707482992,52.28529450371519,52.28529450371519,54.129131432412706,nan,0.09612728812732331,16.23172985533233,-32.080119535637735,-1.000151903819357,0.45351473922902497,-8.773605336028721,883.5746482926185,305.0665985406245,1145.8154994474692,0.0001402331592791871,0.009943109538140435,671.4444247159091,781.3785287057314,0.002374822443181818,206,450,0.5824
library/synth/wav/kick__lib__0009.wav,kick,lib,0009,1.7006802721088434,0.0005277395198108094,0.00020158289061232573,0.6295339412634443,0.043893139345713816,0.0032242893742475964,0.3226193076061712,5.638392155548948,12.200805311776278,3.4693877551020407,0.039501133786848074,58.350239267725875,58.350239267725875,58.350239267725875,62.90051830689607,0.0537857461459309,2.7611123526109305,-33.728299502024804,-1.000151903819357,0.0,-13.200957215595635,3864.149629215948,2018.0331484676703,1028.8305165706777,0.0013372874343991748,0.0038472006470880176,4976.616876775568,166.40609936064283,0.002596768465909091,48,118,0.06781
library/synth/wav/kick__lib__0010.wav,kick,lib,0010,0.9750566893424036,6.7819751735953e-05,5.273818403398514e-05,0.46465585788099234,0.18343787594442007,0.013961855770846826,0.33782385246797086,6.468568310615334,11.62590253580571,1.1337868480725624,0.0077777777777777776,41.02221062146332,41.02221062146332,nan,nan,0.0202169663074075,0.885950427142214,-28.262883430086404,-1.000151903819357,0.20408163265306123,-12.626054439625067,3184.9002406504314,1458.5685658861619,895.0162869121078,0.0007700777825065716,0.011019223388780672,3254.9394087357955,254.72866518679476,0.0019753196022727275,60,122,0.1437
library/synth/wav/kick__lib__0011.wav,kick,lib,0011,0.6349206349206349,0.0007623812575261324,0.00034982497302617584,0.3521009159379345,0.050771194390387596,0.004457431184500522,0.5915582522566251,4.429014157105424,11.685987704300828,3.854875283446712,0.057369614512471655,47.39512167317005,48.223573807186426,47.39512167317005,53.81737057623773,0.014279005017998735,1.6295159616088317,-32.43865772105055,-1.000151903819357,0.0,-12.686139608120186,3702.8716636129425,1941.9454894310759,831.9450997986771,0.04732629644827722,0.0040376832589916695,4770.093883167614,146.15397375282654,0.002041903409090909,60,102,0.06254
library/synth/wav/kick__lib__0012.wav,kick,lib,0012,1.8367346938775508,0.0005566400507388874,0.0002721756831617453,0.3785350264727497,0.020430033830215577,0.0013499677335234166,0.5988561562296105,0.331572344248925,10.353702787488462,2.8798185941043086,0.004807256235827664,49.350746413054104,49.350746413054104,49.350746413054104,56.03799112997665,0.09450757516320328,22.109966710425887,-34.71629035488542,-1.000151903819357,0.022675736961451247,-11.353854691307818,1862.6378548479233,656.6008718593822,1548.9282853444092,0.00041863333747068975,0.003221518323152255,1075.191983309659,454.69168732888096,0.002385919744318182,98,232,0.3499
library/synth/wav/kick__lib__0013.wav,kick,lib,0013,2.766439909297052,0.0006120395105161063,0.0002901277002626228,0.5453260421893474,0.13092818876874632,0.015087389849176892,0.30775621198195074,6.414174459135941,9.569821661906843,1.5873015873015872,0.05326530612244898,54.129131432412706,53.5074053304646,57.68002960709313,nan,0.10905937152292339,2.463941274179703,-26.38612090957072,-0.9998544876801003,0.0,-10.569676149586943,2821.3150582441813,1305.3195267105248,707.2798213187714,0.000820422938603452,0.011065108766488464,2879.0871360085225,271.8744811211683,0.002507990056818182,104,170,0.2858
library/synth/wav/kick__lib__0014.wav,kick,lib,0014,1.0204081632653061,7.585027034566671e-05,4.568819450073855e-05,0.2932564573324363,0.08216352287106027,0.006694288734831835,0.6177641925968251,1.3751075240625066,9.40885174394328,1.201814058956916,0.06852607709750567,39.624843532078096,39.624843532078096,45.254833995939045,nan,0.027265209164841545,3.250191770956115,-29.28214490086298,-1.000151903819357,0.27210884353741494,-10.409003647762638,1599.2172881660101,440.06362455413097,872.7075371927264,0.00011589551387605879,0.009205470185402022,537.3512961647727,478.1053906113336,0.0018865411931818182,110,252,0.4012
library/synth/wav/kick__lib__0015.wav,kick,lib,0015,8.594104308390023,0.00030418139650537546,5.685395112874888e-05,0.30892622836020733,0.03741483788598678,0.002355159483913482,0.6509427389222583,3.2076480360171185,8.04329837039449,6.802721088435374,0.11140589569160998,47.669678819926474,47.94582646005381,47.12214585921682,56.03799112997665,0.07716143174883168,32.65733741607764,-31.113779132269784,-0.9998544876801003,0.022675736961451247,-9.04315285807459,2034.2066037823533,752.1256169771983,859.0128481194987,0.0002778893410192354,0.006243528480659916,1386.4446466619318,356.7763829580741,0.002130681818181818,124,242,0.465
library/synth/wav/kick__lib__0016.wav,kick,lib,0016,1.0657596371882085,0.0003452237143340869,0.00014599911783146524,0.2832613657417157,0.029545832430990883,0.0019364070023359893,0.6847651719927919,2.6125498756447416,10.981906118736308,1.6780045351473922,0.021882086167800453,45.254833995939045,45.254833995939045,44.735037893728624,nan,0.06084455863700253,10.074011167009271,-34.391312226801396,-1.000151903819357,0.3401360544217687,-11.982058022555664,2040.8320943552585,672.0900552526639,846.1280357430843,0.00017327808386556495,0.002063210265312428,1078.6177201704545,425.85242073884507,0.0020308061079545455,96,222,0.3043
library/synth/wav/kick__lib__0017.wav,kick,lib,0017,1.4965986394557824,0.00024255114407030332,8.422366981626893e-05,0.33720477119785375,0.03239152395267111,0.0017516503128730985,0.6283252797227153,3.4731269748367573,9.050202388751561,3.8321995464852607,0.05723356009070295,48.502930128332736,48.78390474418438,48.223573807186426,56.3626159101535,0.08693787889370586,23.500058271618432,-32.7947491022462,-1.000151903819357,0.0,-10.050354292570919,2368.847007966608,971.6131487322549,1178.7280525081287,0.0003388085817798573,0.004445327522860412,2063.7617631392045,341.64920274167525,0.0022416548295454545,110,204,0.3798
library/synth/wav/kick__lib__0018.wav,kick,lib,0018,1.1111111111111112,0.00036676341892861894,0.0001522115391104962,0.5292061947959668,0.1234066210429285,0.01521903866091265,0.3316491705421529,6.091617863148207,12.44883714183273,1.4965986394557824,0.046031746031746035,38.27507589559692,39.16971338574897,nan,nan,0.010769537211718453,0.4291575040417478,-29.481068074438674,-1.000151903819357,0.24943310657596374,-13.448989045652088,3665.3447258158867,1797.097662793073,637.9671912008864,0.001100590743000746,0.008303277386299468,4117.735706676136,179.93282092812555,0.0018310546875,46,100,0.06944
library/synth/wav/kick__lib__0019.wav,kick,lib,0019,1.1111111111111112,0.001232931697688967,0.0006264529115987103,0.23830827945190136,0.04297238419632442,0.004766706234463934,0.7120932455080226,5.523442358212921,11.677260847308965,3.1065759637188206,0.06811791383219955,37.83544915286874,37.40087195395986,37.83544915286874,nan,0.010493418880144526,1.6779313287259447,-32.43426430022844,-1.000151903819357,0.022675736961451247,-12.67741275112832,3728.2777263492794,1898.2733250017625,1144.9660803582874,0.0015828371276523936,0.0041849272928467405,4500.928844105114,171.93018384931364,0.0017200816761363637,48,116,0.06415
library/synth/wav/kick__lib__0020.wav,kick,lib,0020,1.8367346938775508,0.0013872190467089105,0.0005666073187356384,0.2631991530492484,0.0255675703554152,0.004579579010727453,0.7046998712191644,4.6052118953527375,12.413690040856821,3.9229024943310655,0.04253968253968254,38.83196164623814,38.49680115462773,39.39662122703732,nan,0.010266264506893892,1.0558698175846573,-33.79108435088219,-1.000151903819357,0.15873015873015872,-13.413841944676177,3797.774422840733,1978.4283740509209,1197.324702590301,0.030777956218429662,0.002876763419476122,4726.5380859375,155.7050156986091,0.0017533735795454545,54,94,0.04086
library/synth/wav/kick__lib__0021.wav,kick,lib,0021,4.081632653061225,0.0004957201132848376,6.761012192451642e-05,0.5496021751988153,0.07343619690491782,0.008137902472549925,0.3682603951885075,2.949397727721199,8.586201489339057,1.9727891156462587,0.10968253968253969,53.81737057623773,53.19922535313842,56.68912122255107,nan,0.1390296865171133,5.152552862240626,-27.822253546428975,-0.9998544876801003,0.0,-9.586055977019157,2104.459413469216,799.3740812721027,936.4835472132773,0.000413897693163399,0.010764105960698876,1497.0470081676137,359.97765851603776,0.0024636008522727275,108,212,0.4112
library/synth/wav/kick__lib__0022.wav,kick,lib,0022,1.927437641723356,0.0006960381145766618,0.0009488695342486115,0.7566387745829058,0.03717772560129934,0.003972108998703185,0.2005664831682663,6.317570952776461,11.31285329080601,2.494331065759637,0.058526077097505666,57.68002960709313,58.01416661939906,60.75789574083323,80.63494719327188,0.12120366711768495,4.40444439038385,-31.431245764607127,-1.000151903819357,0.11337868480725624,-12.313005194625369,3259.5458945269816,1594.275712753846,1113.711298689573,0.0009770749307005063,0.006747125777217466,3710.0730202414775,242.42539211286612,0.002630060369318182,78,158,0.1646
library/synth/wav/kick__lib__0023.wav,kick,lib,0023,1.3378684807256236,0.002419351053744711,0.0002306396627629308,0.767522635407777,0.0572189438097391,0.009024345925157447,0.1635840841408188,6.118085160758579,12.32432937445331,2.312925170068027,0.015623582766439909,59.714111458355674,59.714111458355674,61.10986265026666,82.04442124292666,0.04152959124357332,0.8127448611574958,-30.969063075000914,-1.000151903819357,0.11337868480725624,-13.324481278272666,3865.8396758161966,2048.727066575842,799.6541026828131,0.0014704793719948013,0.0064398397326461305,5002.554598721591,152.945458955443,0.002685546875,68,102,0.05402
library/synth/wav/kick__lib__0024.wav,kick,lib,0024,0.9750566893424036,0.00022209039349139982,0.00042308985634981395,0.5600518793504002,0.26699927374432764,0.024018641493548876,0.1482850251618822,2.1332334764461147,13.71400432222607,1.201814058956916,0.012154195011337868,41.25984987006653,41.02221062146332,nan,nan,0.008874418086272496,0.12773412316801583,-28.489807093054246,-1.000151903819357,0.13605442176870747,-14.714156226045429,3302.5534337233316,1659.0198587869695,677.6480426150048,0.13825528492619193,0.008705297508933063,3802.078524502841,134.66992894077455,0.0016867897727272727,44,80,0.01875
library/synth/wav/kick__lib__0025.wav,kick,lib,0025,3.560090702947846,0.00040102054061154927,0.0009698780825758479,0.7006731318504298,0.09968864410611993,0.01656016105748855,0.18170716436277437,6.948225107214895,10.802407585209934,2.5850340136054424,0.050249433106575966,59.02823638950011,59.714111458355674,61.46386848326427,nan,0.0654817482581531,1.3634689766358223,-27.397951989712816,-0.9998544876801003,0.0,-11.802262072890034,3584.4768107990353,1833.582009568432,745.3772776696419,0.0011580284227202637,0.008110027807598582,4360.963023792614,177.23371302977327,0.002652254971590909,76,136,0.1261
library/synth/wav/kick__lib__0026.wav,kick,lib,0026,6.122448979591836,0.0002235320916086023,0.0002977645971092394,0.5616383460539053,0.06564031806943522,0.007138819612307269,0.3650612195756344,6.962159517270431,11.328921640653618,5.124716553287982,0.06653061224489797,54.75808164368654,56.03799112997665,54.442698300854765,63.63138712432303,0.03194142323891878,1.991891583965148,-30.910681377160735,-0.9998544876801003,0.09070294784580499,-12.328776128333718,3809.6487179574997,1993.7188730717419,736.4266341430598,0.0014704114620742404,0.006718447397770153,4820.990545099432,154.75116141613995,0.0024303089488636365,60,106,0.08783
library/synth/wav/kick__lib__0027.wav,kick,lib,0027,4.829931972789116,0.0010282977616254884,0.00012731669931156944,0.5165325337518408,0.0646671532031463,0.008343990863254883,0.40930070772082094,6.120335930273864,9.951539913295512,3.492063492063492,0.08356009070294784,52.28529450371519,52.588180133490575,52.892820361869546,nan,0.07288637918242116,4.0997909290764145,-29.495852575168442,-0.9998544876801003,0.09070294784580499,-10.951394400975612,3101.416992879261,1492.3634754868494,1057.8605255717512,0.0009074022932568699,0.006837435685509831,3417.4172141335225,236.87912716744495,0.002408114346590909,88,166,0.2355
library/synth/wav/kick__lib__0028.wav,kick,lib,0028,5.691609977324264,0.00011675070926100716,5.5836165087614144e-05,0.1496678252839038,0.024112135687550697,0.002939773643592982,0.823107678510604,1.2406350856084019,6.989778115806683,8.435374149659863,0.10702947845804989,38.719810855017364,38.719810855017364,38.05462768008707,nan,0.02327881477708047,22.809198505858216,-30.531579672693034,-0.9998544876801003,0.022675736961451247,-7.9896326034867835,1381.326669247928,386.5128353632809,812.709880527143,0.00013644996805193456,0.006666407862785492,489.3909801136364,441.96546621319436,0.0016645951704545455,140,286,0.5538
library/synth/wav/kick__lib__0029.wav,kick,lib,0029,2.1768707482993195,4.957371809449305e-05,3.351255354219804e-05,0.20392671085467318,0.010660829024533532,0.000874981715850715,0.784454392133306,1.314428094270819,9.191991527322955,3.3333333333333335,0.005578231292517007,41.73926623249805,41.73926623249805,41.73926623249805,nan,0.037105300416377156,35.117796034614436,-35.66440947993243,-1.000151903819357,0.5668934240362812,-10.192143431142311,1470.4473146963776,398.15678521916647,686.0072345760206,0.0001529064227377517,0.0027248398426441525,504.07270951704544,498.04524061356864,0.0018310546875,136,284,0.4144
library/synth/wav/kick__lib__0030.wav,kick,lib,0030,3.401360544217687,9.121895427692382e-05,0.0003773535099944527,0.7154838890941677,0.11389930772401602,0.015259435191384108,0.15488879552616083,6.45565955846596,9.426403868198149,1.7006802721088434,0.04970521541950113,61.10986265026666,61.10986265026666,65.4959290877936,nan,0.19690882223911768,2.82425573860677,-26.48336551146112,-0.9998544876801003,0.09070294784580499,-10.426258355878248,2727.3674219642944,1235.1857699335733,741.5237345411265,0.0006995872219069975,0.011675875947576513,2608.9433149857955,282.6173759382945,0.002840909090909091,114,188,0.3185
library/synth/wav/kick__lib__0031.wav,kick,lib,0031,1.1337868480725624,0.001978966113834282,0.0012729444780765359,0.6324904618037575,0.05680878210696466,0.008679370572319897,0.2987694749250472,5.549186833647915,12.262852783750983,2.4716553287981857,0.05478458049886621,55.715236050951944,55.715236050951944,56.3626159101535,71.01244621234207,0.02844520079686426,1.0889647889241072,-31.12602114044023,-1.000151903819357,0.0,-13.26300468757034,4047.391510512028,2223.0182271373674,1194.1903797991831,0.017037010089064053,0.004337501413048652,5490.477405894886,151.23778246784804,0.002507990056818182,48,102,0.04798
library/synth/wav/kick__lib__0032.wav,kick,lib,0032,1.3151927437641724,0.0008987078194185042,0.0013965679476786149,0.7244934290263855,0.0511673163674817,0.005435307239069143,0.21660867159996627,-0.29034895844639164,16.235161774963732,2.312925170068027,0.03623582766439909,60.40795601162838,61.81992505119011,60.40795601162838,70.60344461847977,0.01760144411644476,0.1481101297395728,-35.74241629266749,-1.000151903819357,0.47619047619047616,-17.23531367878309,3441.7343825527105,1862.6705260574445,1120.752987434672,0.1836256884880233,0.0010825208379682614,4702.557927911932,125.44918775615521,0.0022083629261363635,30,72,0.005777
library/synth/wav/kick__lib__0033.wav,kick,lib,0033,4.829931972789116,0.000673565294765233,7.836133412972853e-05,0.23034859923167922,0.044354854301150014,0.007953168809829046,0.7165914510284467,5.583073152136441,11.143936670735254,5.192743764172335,0.06571428571428571,36.971286299912734,36.54663485794469,37.18545878265087,nan,0.01056688187505443,2.0213140029290995,-31.446611692271105,-0.9998544876801003,0.045351473922902494,-12.143791158415354,3625.119340305044,1802.198261272438,1140.384693053914,0.0012187682688270752,0.0028464875144937137,4265.531782670455,185.69669854057219,0.0016645951704545455,74,118,0.09269
library/synth/wav/kick__lib__0034.wav,kick,lib,0034,0.9523809523809523,0.0001691702971891898,0.00032958736212816583,0.48492600530899005,0.06190879627792205,0.005909811359222237,0.4467566293945482,4.37581755488017,9.270767324942263,1.7687074829931972,0.07170068027210884,51.68474667520269,51.38706443925609,52.892820361869546,nan,0.10859751314014353,4.946008152220389,-29.20174647139413,-1.000151903819357,0.0,-10.270919228761619,2548.947994753975,1100.9219614151234,1197.4686896026449,0.000488420764451506,0.006317486795858774,2439.6140358664775,320.08964533698685,0.002374822443181818,106,224,0.3329
library/synth/wav/kick__lib__0035.wav,kick,lib,0035,4.875283446712018,0.00013839881740498864,4.077862948305994e-05,0.12883456247297012,0.01883285489257819,0.002111945755004854,0.8500414594325589,-0.07145418833982892,4.516144439279389,5.555555555555555,0.09208616780045352,37.18545878265087,37.40087195395986,36.75834735990512,nan,0.017490340978058447,45.39833629513607,-28.98224158875839,-0.9998544876801003,0.045351473922902494,-5.5159989269594885,684.3203295829534,270.32794360744185,885.9489992900066,0.00022259026169044313,0.011560854856318832,574.0556196732955,859.9891395042617,0.0016313032670454545,252,500,0.7446
library/synth/wav/kick__lib__0036.wav,kick,lib,0036,1.0657596371882085,0.0014801744975037742,0.0012568287615561894,0.2481562011458177,0.027376684061492178,0.0044447272911479945,0.7172853842424822,0.29003712935619785,12.030725691194142,5.28344671201814,0.05598639455782313,40.31747359663594,39.854387915482334,40.78594007421639,nan,0.008967010643214509,0.5485730576618968,-33.01328141041784,-1.000151903819357,0.0,-13.0308775950135,3247.041652283458,1710.9578007312336,1296.3254368977703,0.16209856269266185,0.003911019167162157,4121.161443536932,135.52595032739552,0.0015647194602272727,54,92,0.03311
library/synth/wav/kick__lib__0037.wav,kick,lib,0037,1.201814058956916,0.0013297434768655709,8.99433167487493e-05,0.4401719620070839,0.05882373367056175,0.008706892773005773,0.4908777247557344,5.339840045330809,12.933500675051516,1.8594104308390023,0.017800453514739228,42.46885575483417,43.713288216140654,44.22121215896883,nan,0.011309433203280865,0.5785754592959347,-32.391975557577666,-1.000151903819357,0.045351473922902494,-13.933652578870872,3959.0301645054756,2078.4119670004893,1164.929679861919,0.005308265230450895,0.00365077996327887,5046.110395951705,157.35858279859954,0.0019753196022727275,48,96,0.02968
library/synth/wav/kick__lib__0038.wav,kick,lib,0038,0.8843537414965986,7.561497394394224e-05,0.00012510030297480644,0.41482219007365223,0.08851257490709517,0.003948324499560298,0.49251619524277357,3.4087164337836224,16.093911652405062,1.4058956916099772,0.008095238095238095,40.31747359663594,40.78594007421639,41.73926623249805,nan,0.009374166169914443,0.28627926740530185,-34.93041607020186,-1.000151903819357,0.3401360544217687,-17.09406355622442,3576.2502779200545,1784.7382415426619,609.8881085601986,0.09299792577983389,0.0021737814506431886,4072.222345525568,153.18090303321793,0.0015758167613636363,28,78,0.01482
library/synth/wav/kick__lib__0039.wav,kick,lib,0039,1.0204081632653061,0.0003914493259132326,8.41130075409984e-05,0.2217237930174559,0.050512412641837055,0.0011465352910720815,0.7261416967161808,0.7608761740124927,11.945708221791921,1.3151927437641724,0.06857142857142857,37.18545878265087,36.75834735990512,38.05462768008707,nan,0.019239940870835033,3.8780115007279816,-34.231118282833926,-1.000151903819357,0.5215419501133787,-12.945860125611278,1614.4214756124297,409.999583200941,869.145394365995,9.962827692582323e-05,0.007145251751879319,379.2780095880682,529.1825683939713,0.0016867897727272727,60,242,0.2993
library/synth/wav/kick__lib__0040.wav,kick,lib,0040,1.4512471655328798,0.00033598756300053426,8.118504538656815e-05,0.3773950505336931,0.02842675425882547,0.002369786745229883,0.5913912358538643,6.027849184909368,14.689289203818895,2.9024943310657596,0.014693877551020407,45.78066983792827,45.78066983792827,46.3126155980921,54.442698300854765,0.01429836165263277,0.7076215094825385,-37.655314260602225,-1.000151903819357,0.45351473922902497,-15.68944110763825,4011.3681062186934,2065.5912791345954,909.369137307277,0.0014109630973837208,0.0012378168149980806,5006.959117542614,161.51580470519082,0.0020640980113636365,28,84,0.02784
library/synth/wav/pad__lib__0001.wav,pad,lib,0001,613.9002267573696,1.3744716856908865e-10,5.6218249821464e-11,0.28774466009071803,0.04732714982746541,5.22273482390732e-09,0.6649281846654165,0.0022378682793552994,4.911437655182101,6.598639455782313,0.6450566893424037,41.73926623249805,41.98105934199836,41.98105934199836,41.98105934199836,0.022781824872555576,4817.450089803783,-29.921729711917692,-1.000151903819357,412.44897959183675,-5.911589559001458,326.5860363738946,103.27406877881894,904.6754149063023,5.538234444966422e-06,0.047894502169351316,162.7376590154867,3875.3823994487398,0.0037218842182890855,1176,1734,1
library/synth/wav/pad__lib__0002.wav,pad,lib,0002,737.9365079365078,9.491909294580207e-11,3.946467299203976e-11,0.8654744911628842,0.09605553961472743,0.038465100674063446,4.868413941087967e-06,0.014773627979572932,3.3375755552335895,4.01360544217687,0.7419727891156462,106.39845070627683,106.39845070627683,107.0148106609292,107.0148106609292,0.4240289249665649,6404735.478162274,-16.86406901942547,-0.9998544876801003,183.40136054421768,-4.33743004291369,343.9186811050852,255.29018634650407,627.6492902948086,1.1574715518665617e-06,0.11035151713144621,517.950439453125,675.8595134695134,0.004791259765625,1774,1872,1
library/synth/wav/pad__lib__0003.wav,pad,lib,0003,630.9977324263039,2.1469015859277537e-10,8.913773513598317e-11,0.30985941484044327,0.08817386893882664,1.4981127401259344e-08,0.6019667009357748,-0.006043445858619017,6.897086986155855,9.138321995464853,0.6414285714285715,40.08526203597209,41.02221062146332,40.31747359663594,40.31747359663594,0.020337567605352373,27.178433238558775,-28.23340374788129,-1.000151903819357,401.2244897959184,-7.8972388899752115,339.8224246698901,126.16305241571321,813.0455384757211,6.500569761565157e-06,0.15590165249510513,200.15762636325502,15901.004012825884,0.0018007419253355706,10,1768,1
library/synth/wav/pad__lib__0004.wav,pad,lib,0004,636.5759637188208,9.865291716538097e-11,4.3232182343790546e-11,0.8802501336472396,0.10524182185047148,0.014456428551471914,5.1615808932069644e-05,0.0002875120612906241,3.493656533226971,3.4693877551020407,0.6529931972789116,116.70047853545175,116.70047853545175,116.70047853545175,116.70047853545175,0.47516992428373667,1063166.2008152667,-17.4061278096857,-0.9998544876801003,412.9251700680272,-4.493511020907071,354.33344611841864,241.43681552892374,776.998595921595,2.5541971520884746e-06,0.0783769359646195,373.32945478723406,1000.8077344953628,0.005237521371580547,2826,2972,1
library/synth/wav/pad__lib__0005.wav,pad,lib,0005,225.78231292517006,1.2479320820542075e-10,5.474448456403737e-11,0.761287850718126,0.2165673568893052,0.02192251021612869,0.00022228199690232174,0.02249402220171222,4.526671167668097,2.7437641723356005,0.22970521541950115,99.8483489297118,99.8483489297118,99.8483489297118,100.42676453078408,0.3859458675673924,6987.038511076671,-19.48581890364997,-1.000151903819357,148.86621315192744,-5.5268230714874536,294.4644133457726,191.23294672975032,572.9978722276004,4.098339197831085e-06,0.059631726970917155,255.9064644380564,1302.5081417812453,0.008964380100148368,892,1286,1
library/synth/wav/pad__lib__0006.wav,pad,lib,0006,541.8140589569161,8.55308825891694e-11,3.605197775584386e-11,0.6346906461311252,0.128962052574322,0.017413854438010783,0.21893344673495915,0.010681924266352885,2.8771396155840123,7.09750566893424,0.5816553287981859,61.46386848326427,61.46386848326427,61.46386848326427,61.81992505119011,0.11333764651331463,3345.1607213792645,-20.51988349469758,-0.9998544876801003,351.4512471655329,-3.8769941032641126,303.102472820969,168.43398874214895,651.9530370219176,3.7626443975042978e-06,0.04556176702514072,312.7208362926136,1206.0314829972351,0.0027632279829545455,3282,3448,1
library/synth/wav/pad__lib__0007.wav,pad,lib,0007,163.015873015873,1.9263856715490746e-10,7.778696254273993e-11,0.3549233108427763,0.10726944038981776,3.351333390057608e-08,0.5378072149836465,0.018622652820844524,6.440340135741153,8.231292517006803,0.17224489795918368,44.477383034954784,44.477383034954784,44.99418533191518,44.735037893728624,0.03219968890262678,24.282108657960368,-26.59799618825621,-1.000151903819357,91.47392290249432,-7.44049203956051,283.9266761289955,124.3150418177364,307.9045242284609,1.4952596299862808e-06,0.11436698132898811,198.35968017578125,17193.016648169953,0.0019972059461805555,10,2450,0.9997
library/synth/wav/pad__lib__0008.wav,pad,lib,0008,777.1882086167801,1.3919694932016849e-10,5.781998731066751e-11,0.4195230059508251,0.047709588315446014,1.0698471696657647e-08,0.53276739483824,0.0036737574549528243,4.976241839942254,5.691609977324264,0.8083219954648526,48.502930128332736,48.223573807186426,48.502930128332736,48.223573807186426,0.04488019658269385,1001.5380483374571,-28.069938558476505,-1.000151903819357,501.3151927437641,-5.976393743761611,331.85023407997437,114.72712376553089,950.385250510117,5.239595629929461e-06,0.07758557905960367,171.4065876412899,9228.356828748527,0.004329600232712766,698,1262,1
library/synth/wav/pad__lib__0009.wav,pad,lib,0009,828.798185941043,9.242446833682768e-11,4.0327937337891987e-11,0.8458281658878881,0.12205352609691443,0.02436893915786131,0.007749368724583766,-0.0015640778106781744,3.1936795036635073,5.578231292517007,0.9179365079365079,77.88822487491782,78.33942677149794,78.33942677149794,78.33942677149794,0.23609533187585993,50831.35131323913,-18.664585410890336,-0.9998544876801003,509.2063492063492,-4.193533991343608,337.9419098062292,208.8518060865325,872.0199185766379,3.7240546402171986e-06,0.04625236095344442,398.86298322547685,1112.991278559541,0.0035137623467302453,2934,3096,1
library/synth/wav/pad__lib__0010.wav,pad,lib,0010,410.99773242630386,1.3268367855919585e-10,5.43849479182922e-11,0.3004583495497513,0.047562441324548455,2.0905956519002205e-09,0.651979206848036,0.011563748407351849,4.775850273418,6.4852607709750565,0.420249433106576,42.46885575483417,42.7148753334411,43.46151820247428,43.713288216140654,0.025117601831878264,1563.9040935542625,-29.531108779857288,-1.000151903819357,266.8934240362812,-5.776002177237357,314.543812560144,101.22667640838314,689.0018879332832,2.9878779421817894e-06,0.03754089517090178,157.68107962101064,2294.600884472235,0.003791971409574468,676,1106,1
library/synth/wav/pad__lib__0011.wav,pad,lib,0011,248.93424036281178,1.5151239229930888e-10,6.160031669990211e-11,0.7135473566915479,0.2578973760046403,0.028548570168066546,6.696922632420462e-06,0.015419882214728974,5.369381596128512,3.6054421768707483,0.25718820861678005,109.51616328737308,109.51616328737308,110.78867980878631,110.15058396727426,0.43506330764583906,118685.98328104791,-18.32021021692241,-1.000151903819357,146.21315192743765,-6.3695334999478685,302.84753351290334,231.98260705628513,590.6264768912109,1.1794208747073144e-06,0.06455173822268541,346.002943738759,1106.383505185909,0.004949555980215827,1238,1430,1
library/synth/wav/pad__lib__0012.wav,pad,lib,0012,423.265306122449,8.65371526318361e-11,3.6185068760044317e-11,0.2665428689265766,0.09589401400941733,4.325895471338129e-08,0.6375630736823293,0.008395865383529592,2.9384615652146233,9.365079365079364,0.5512925170068027,46.58090185094999,46.58090185094999,46.850742270260014,47.12214585921682,0.038144784668440554,992.869929810304,-23.317273599515175,-0.9998544876801003,272.31292517006807,-3.9383160528947236,275.91717417374645,126.9496909041613,548.0778102498273,1.2638683362654237e-06,0.025043263186262262,238.88972355769232,1077.7589167065812,0.0020908453525641025,1576,1754,1
library/synth/wav/pad__lib__0013.wav,pad,lib,0013,518.59410430839,1.6091856105250634e-10,6.603654057114468e-11,0.4346179155647094,0.08541203345029297,2.78389017731223e-08,0.47997002291914065,0.008115282525154331,5.578543545783501,8.095238095238095,0.5986394557823129,49.06650702942722,49.350746413054104,49.06650702942722,49.63663237867951,0.0494621195005167,96.75602333226662,-26.912703844353345,-1.000151903819357,328.59410430839006,-6.578695449602858,309.1124834020582,120.82443893139492,784.432026833389,2.742474924870366e-06,0.06806456777262346,163.83125463649853,11608.404675277772,0.0022008878894658754,2702,3010,1
library/synth/wav/pad__lib__0014.wav,pad,lib,0014,169.50113378684807,1.481678582265913e-10,5.869944253222268e-11,0.366760253861552,0.04345192179401539,6.088494566374938e-10,0.589787823528716,0.01919011481671825,5.214290731323792,9.09297052154195,0.24802721088435375,43.713288216140654,43.713288216140654,43.713288216140654,43.713288216140654,0.029601328051611964,115.95383144030706,-27.95917673393163,-1.000151903819357,77.3015873015873,-6.214442635143149,275.79501973794964,104.57841462307083,250.91233821726442,2.2976097214314077e-06,0.02979231394328354,153.23893229166666,13987.302466630408,0.001958291997354497,3222,3588,0.9998
library/synth/wav/pad__lib__0015.wav,pad,lib,0015,829.6598639455782,9.678961707346088e-11,4.1840027325479186e-11,0.8501962873978112,0.09976949802688713,0.04998854673595145,4.566770072062106e-05,0.004059177018331739,3.424144730718487,3.7868480725623583,0.9075963718820862,114.69563416472991,114.69563416472991,115.36005921418628,114.69563416472991,0.47015893692179006,3955200.7038433137,-15.787551875721299,-0.9998544876801003,514.6485260770976,-4.4239992183985875,400.6317174616673,300.10363979038715,988.5475322487655,7.067289721054464e-06,0.09451039034583725,604.1788512171961,1082.8521051626667,0.0051782091678176795,2686,2844,1
library/synth/wav/pad__lib__0016.wav,pad,lib,0016,569.5691609977325,2.3135500020668746e-10,9.534769491353965e-11,0.6752734040465653,0.29254567556805516,0.028690230313956382,0.00349068974472023,-0.0075661427912948505,7.201052721125332,4.603174603174603,0.574671201814059,79.24968706415619,79.24968706415619,79.70877583096467,79.70877583096467,0.24098420993016256,91.46011221461004,-21.567610104689713,-1.000151903819357,367.687074829932,-8.201204624944689,342.3499979130527,215.05076663862462,797.4423235746964,2.778360101259578e-06,0.052583351684512766,347.53177830430326,1857.3396062647107,0.0035780609631147543,106,1092,1
library/synth/wav/pad__lib__0017.wav,pad,lib,0017,803.2426303854875,1.6461664069373769e-10,6.71108563836487e-11,0.7132447794117561,0.2582220599462159,0.028518767716471105,1.4392693829336599e-05,0.004300855630501623,5.698028531861424,3.560090702947846,1.176938775510204,110.78867980878631,110.78867980878631,111.43047210190389,111.43047210190389,0.43810572064830905,57457.01422636743,-18.55531353362179,-1.000151903819357,424.1496598639456,-6.698180435680781,343.2785830007988,245.44560716053252,898.0415599583184,5.127181340124445e-06,0.06316666021685087,363.7858072916667,1497.2033216992613,0.005004236937830688,2546,2826,1
library/synth/wav/pad__lib__0018.wav,pad,lib,0018,597.6190476190476,8.900769567556415e-11,3.703163302933527e-11,0.6167856027259809,0.12906291074408505,0.017308408004794953,0.23684307839909974,0.005935364084460643,3.0415106724343866,7.188208616780045,0.7454195011337869,60.75789574083323,60.75789574083323,61.10986265026666,61.10986265026666,0.11090415319901217,5054.242465880667,-20.793467102774553,-0.9998544876801003,357.9138321995465,-4.041365160114487,312.615742545111,166.8765102049002,668.35573597143,2.574515127333969e-06,0.03680757905839221,307.7602652616279,911.5747023699674,0.0027252906976744187,1648,1788,1
library/synth/wav/pad__lib__0019.wav,pad,lib,0019,664.6031746031747,1.6028118498303938e-10,6.511919942489913e-11,0.775525075383132,0.1935063951821158,0.030966783113627157,1.7460957246724976e-06,-0.0033457886049628456,5.598206084379474,2.5170068027210886,0.6878458049886621,107.0148106609292,107.63474115247546,107.63474115247546,107.63474115247546,0.4190525614860943,4401606.77164663,-20.39306306965864,-1.000151903819357,439.8866213151927,-6.598357988198831,357.18978217935035,208.49354852848654,705.8044381322096,4.9286659623415515e-06,0.05139705549432833,259.8533836570946,1123.8128410119607,0.009645204286317568,416,932,1
library/synth/wav/pad__lib__0020.wav,pad,lib,0020,605.1927437641723,1.5527217903342753e-10,6.366296553766885e-11,0.32424839316468335,0.047615382910462016,4.0425986236840416e-10,0.6281362233016595,-0.02995092814830319,5.498028624080104,6.258503401360544,0.6165306122448979,43.96651671865885,43.96651671865885,43.96651671865885,43.96651671865885,0.02776333415634678,603.9994765191985,-29.837870631602396,-1.000151903819357,391.74603174603175,-6.498180527899461,376.3900048082739,113.01167197188003,743.5933616873375,5.3478323034346395e-06,0.033750397087678845,159.00506488347457,4792.500878644382,0.00390625,724,1022,1
library/synth/wav/pad__lib__0021.wav,pad,lib,0021,155.9183673469388,1.964745295072743e-10,8.406007821966118e-11,0.6699243509331603,0.27493863780787686,0.05486431554444429,0.0002726954339839305,0.02905409327463136,6.459812927105081,3.7414965986394555,0.1601814058956916,97.56780948836877,97.56780948836877,98.13301405885444,97.56780948836877,0.36864467444280236,115.94694908643098,-18.945843217088814,-1.000151903819357,102.87981859410431,-7.459964830924438,316.09596762812953,254.63634267359524,451.23270450434643,3.3318399706122337e-06,0.050784408434557456,431.4542717889908,2882.5020629270402,0.0043878117832568805,838,1178,0.9998
library/synth/wav/pad__lib__0022.wav,pad,lib,0022,640.2721088435375,2.390254060653562e-10,1.0011702645602223e-10,0.6020542189320924,0.15912247752192712,9.930016372530504e-07,0.23882231020520078,-0.012656782662655058,7.376591925885966,6.2811791383219955,0.647233560090703,58.350239267725875,58.01416661939906,58.350239267725875,58.350239267725875,0.09620560641507327,44.489449879900064,-24.876889867898925,-1.000151903819357,416.1451247165533,-8.376743829705322,344.3516383290063,164.95768919037704,764.4994830070136,3.1157143881511215e-06,0.08589473268325074,264.4877449410861,10829.144135302442,0.0026175076844262295,24,1924,1
library/synth/wav/pad__lib__0023.wav,pad,lib,0023,592.1768707482993,1.651568366677513e-10,6.74038113707145e-11,0.3963652879755782,0.062610258747097,1.7852846677044997e-08,0.5410244351919175,-0.0007183095008687479,5.7023732506887805,8.594104308390023,0.6009977324263038,46.3126155980921,46.04587456034624,46.04587456034624,46.3126155980921,0.037050920280594556,98.40780504593748,-27.739255329407367,-1.000151903819357,375.17006802721085,-6.7025251545081375,318.924638155436,117.55438673735284,707.088550556448,3.627547921534424e-06,0.06136191118390572,167.27622427591464,6672.9309574445215,0.002073706650152439,840,1142,1
library/synth/wav/pad__lib__0024.wav,pad,lib,0024,875.6009070294784,2.6782384440144976e-10,1.092472785617299e-10,0.6946731113707889,0.18432972505102196,0.0020613420788165274,0.11893582112230153,-0.047194633473133164,7.868902815182978,5.691609977324264,0.8820181405895692,64.37074822834262,64.37074822834262,64.37074822834262,64.37074822834262,0.12972394965243902,33.20020948937202,-24.17223739907935,-1.000151903819357,563.6054421768707,-8.869054719002335,398.9962882757409,194.40839116326825,817.9471530336765,6.7063732289604165e-06,0.04829724582277719,306.05567893401013,3949.532311883305,0.0028900301395939085,6,1194,1
library/synth/wav/pad__lib__0025.wav,pad,lib,0025,209.04761904761904,1.50946216297222e-10,6.338197183381207e-11,0.7384132232828441,0.2384766558770032,2.4785321265917257e-06,0.023107642093697974,0.02237451273826466,5.333619813600443,5.374149659863946,0.36430839002267573,73.51669471981023,73.94257259982547,74.37091756530172,74.37091756530172,0.208533473897021,158.58459165217607,-22.159025239297097,-1.000151903819357,120.0453514739229,-6.3337717174198,282.0131346334502,160.43196707849057,310.5410632817916,1.7182731060091488e-06,0.05286480591054391,242.8194912997159,1784.7636328945482,0.0033125443892045455,1736,1942,0.9999
library/synth/wav/pad__lib__0026.wav,pad,lib,0026,212.4716553287982,9.042225004417083e-11,3.695382867695358e-11,0.75865468790913,0.12782591433046114,0.007954685434223879,0.10556471219880884,0.01306992034731957,3.106673920935371,6.394557823129252,0.24891156462585035,67.02682386052011,66.64077776222761,67.41510630110949,67.41510630110949,0.15817045909378272,32491.045622463764,-20.767109948623,-0.9998544876801003,120.2267573696145,-4.106528408615471,275.2871815452969,163.08680491317222,467.0864149918967,7.383810195369328e-07,0.049994520232554865,323.6036682128906,984.232598802329,0.00301055908203125,1358,1502,0.9999
library/synth/wav/pad__lib__0027.wav,pad,lib,0027,168.82086167800452,1.842499084427375e-10,7.925014676903867e-11,0.7391557715646401,0.24825437364157651,0.012554026101582674,3.582842870089106e-05,0.029002219827481,6.215923191793532,2.993197278911565,0.17219954648526076,114.03503592196343,114.03503592196343,114.69563416472991,115.36005921418628,0.4674855131054329,4993.126934389617,-19.818329233569823,-1.000151903819357,105.4875283446712,-7.216075095612889,310.9716445968507,229.9807400740162,457.5302096349486,2.8192504868332543e-06,0.050787689430837626,351.64737292113733,876.8778030240605,0.005125905311158798,2134,2372,0.9998
library/synth/wav/pad__lib__0028.wav,pad,lib,0028,625.1020408163265,1.4421758097240232e-10,6.035672928969021e-11,0.7612335646037081,0.22696513699357243,0.011497969274250147,0.000303328923894921,0.0008799130669745594,5.076212225493484,2.7891156462585034,0.6587528344671202,98.13301405885444,98.13301405885444,98.13301405885444,98.13301405885444,0.35725704085845916,1743.6467473345947,-20.20626292393212,-1.000151903819357,399.7278911564626,-6.076364129312841,347.4950652960013,196.65538453064,851.730617908722,4.500968875645532e-06,0.06973209149696265,238.72015449438203,1050.0850354298398,0.008805521418539327,1852,2170,1
library/synth/wav/pad__lib__0029.wav,pad,lib,0029,274.8299319727891,1.506258347202189e-10,6.097164361012566e-11,0.7260577874320874,0.1256909374937455,3.9395695830995873e-07,0.14825088090561134,0.016535379657995487,5.320761611731078,6.2811791383219955,0.2812698412698413,63.26489730258535,63.26489730258535,63.63138712432303,63.26489730258535,0.13150166726855148,82.4470634183007,-23.78139010245343,-1.000151903819357,159.61451247165533,-6.320913515550435,280.90951685914297,143.4538657399181,420.0191999640687,2.076491841556897e-06,0.04555793797539641,202.18607022617402,8776.259683966171,0.002843361533149171,2330,2602,1
library/synth/wav/pad__lib__0030.wav,pad,lib,0030,213.99092970521542,2.1142424362913e-10,8.643742792787387e-11,0.7295166135606885,0.18433495303136066,0.003259725458665216,0.0828887076514237,0.021281706733328968,6.806358794061228,5.374149659863946,0.22006802721088436,67.02682386052011,67.02682386052011,67.02682386052011,68.19843210422299,0.15781100417499738,64.0374676559236,-23.722189661720652,-1.000151903819357,134.6485260770975,-7.806510697880585,297.09439644585245,169.8533683505314,330.9276759340555,2.7070095853327307e-06,0.05711029180106312,282.05662777549344,2665.397985585645,0.003009996916118421,6,2482,0.9999
library/synth/wav/pad__lib__0031.wav,pad,lib,0031,205.23809523809524,1.9720683633732538e-10,8.067584974638059e-11,0.7005499986458673,0.18800118383643216,0.003834975672437435,0.10761384156738038,0.022331948172356297,6.516522413000685,5.623582766439909,0.21154195011337867,65.11870029457192,65.11870029457192,65.11870029457192,65.4959290877936,0.14525898218436115,34.632574241284175,-22.71491152394247,-1.000151903819357,136.66666666666666,-7.516674316820042,291.87131613373725,176.68619730340208,249.5000326260373,2.484231759943057e-06,0.030172681511282447,295.63455409521663,6099.749510827158,0.002917348262635379,6,2710,0.9999
library/synth/wav/pad__lib__0032.wav,pad,lib,0032,332.2448979591837,1.3669517366083038e-10,5.538317154226084e-11,0.7619690653160673,0.19064320180516767,0.04738308091346809,4.651773218643867e-06,0.0027867940741367536,4.891080045717102,2.494331065759637,0.34401360544217685,109.51616328737308,109.51616328737308,110.15058396727426,110.15058396727426,0.4279153007078487,1007785.7723466426,-18.92540414772504,-1.000151903819357,210.7482993197279,-5.891231949536459,310.5035727833978,204.76267679280878,664.4860804061396,7.955651507318943e-07,0.06511876099748948,264.78627766148327,782.6970205002937,0.00985440340909091,976,1260,1
library/synth/wav/pad__lib__0033.wav,pad,lib,0033,458.9795918367347,8.35951703321719e-11,3.6173655928801166e-11,0.8040055601947081,0.12899978025859063,0.017433877816340457,0.04956078161059208,0.01388610495937004,2.783139202191619,6.122448979591836,0.5075056689342403,71.01244621234207,71.01244621234207,71.42381712833429,71.83757109179987,0.18187141032654625,4192.691515058353,-19.08288173999645,-0.9998544876801003,275.46485260770976,-3.782993689871719,305.823045368358,188.67090669152932,630.7692528918383,3.841898104666564e-06,0.0493493689768651,357.92722726542416,1196.4527659963107,0.003197049726863753,1598,1774,1
library/synth/wav/pad__lib__0034.wav,pad,lib,0034,277.5283446712018,9.032866492980257e-11,3.985284912554432e-11,0.8532694404876869,0.11957057378407526,0.00201947153120328,0.025140514066852884,0.013340670893672737,3.1519666071721724,5.623582766439909,0.4048979591836735,74.37091756530172,74.37091756530172,74.80174390791971,74.80174390791971,0.21192594091086134,6623.756756941089,-20.81426219509277,-0.9998544876801003,175.89569160997732,-4.151821094852273,286.5371451088191,165.04590357066806,523.141379102431,1.366504578852015e-06,0.04476482590706653,243.44659912833828,1044.8056242337634,0.0033368300259643915,1238,1402,1
library/synth/wav/pad__lib__0035.wav,pad,lib,0035,446.32653061224494,1.8140394312910976e-10,7.640632098101848e-11,0.7337244702161446,0.24870606685302346,0.0001440597141081522,0.0174254029589135,-0.009979394569498961,6.154296775797275,5.306122448979592,1.2831292517006803,74.80174390791971,75.23506600215096,75.23506600215096,74.80174390791971,0.20509744428627444,124.91508399720077,-22.867052828589337,-1.000151903819357,297.68707482993193,-7.154448679616632,341.43034757907924,170.9037723257054,523.5048268622546,1.834493470132404e-06,0.07134504289834596,239.23015263728323,3809.1372291878515,0.0033474078757225433,730,864,1
library/synth/wav/pad__lib__0036.wav,pad,lib,0036,336.4625850340136,1.5447721756623262e-10,6.32742611314268e-11,0.7198869740323707,0.12299993669015674,3.9551140101583457e-07,0.15711269354832014,0.01875507524688528,5.4318905431453475,6.326530612244898,0.3749659863945578,62.53823797979174,62.90051830689607,63.26489730258535,62.90051830689607,0.12733318589718276,100.85469496619531,-23.973308910006367,-1.000151903819357,208.66213151927437,-6.432042446964704,296.7738932454946,146.40630955309976,542.7462279155459,3.4840672332376117e-06,0.05358174107831936,208.17701122428798,16225.522989669646,0.0028168883504746836,696,966,1
library/synth/wav/pad__lib__0037.wav,pad,lib,0037,302.6984126984127,9.213259059899002e-11,3.845467432041695e-11,0.8683380185504239,0.09628745591583532,0.035164590006024614,0.00020993539712897878,0.01867606403528732,3.1759419250288414,4.73922902494331,0.3242857142857143,89.47007578745725,89.47007578745725,89.98837066383037,89.98837066383037,0.32654288976053725,639326.4011326905,-18.41297814011216,-0.9998544876801003,162.58503401360545,-4.175796412708942,312.6581566048248,212.6474402968622,529.4592818632723,3.1099672023548337e-06,0.03396842749392679,441.52824655400303,981.2141185807143,0.004030164274924471,2714,2860,1
library/synth/wav/pad__lib__0038.wav,pad,lib,0038,337.7324263038549,8.373120102602538e-11,3.5102177106733076e-11,0.65938103586184,0.12897690989284083,0.017411446972226137,0.1942306071542595,0.008589558215462123,2.7993355132218567,6.984126984126984,0.4894557823129252,62.53823797979174,62.53823797979174,62.53823797979174,62.90051830689607,0.12925854257718253,17171.603221912563,-20.286917165349863,-0.9998544876801003,160.9297052154195,-3.799190000901957,275.159979751706,160.8692801468571,491.2693448686015,3.4082067951127547e-07,0.0632196005873298,302.03400330396477,691.6814892976043,0.0028027773953744495,1786,1882,1
library/synth/wav/pad__lib__0039.wav,pad,lib,0039,453.9229024943311,1.3973328652051184e-10,5.765379331387568e-11,0.4021526492168764,0.04768362398095637,1.1425673324670913e-08,0.5501637151791068,0.0016036328313971421,4.997081459839208,5.782312925170068,0.46217687074829933,47.669678819926474,47.94582646005381,47.39512167317005,48.78390474418438,0.04180029809933182,2457.537018705838,-28.285400212494388,-1.000151903819357,296.734693877551,-5.997233363658565,328.9604661306704,109.75050961080483,685.9375328478365,2.679251463501163e-06,0.07294124775726392,162.28923272649084,5108.664480769693,0.004248942803899082,284,602,1
library/synth/wav/pad__lib__0040.wav,pad,lib,0040,336.3265306122449,1.711097948987384e-10,7.203086519771883e-11,0.7316772949822927,0.2589460139972698,0.0034377611361658955,0.00593892964113062,0.017890610280316722,5.876984527240492,4.965986394557824,0.6742857142857143,78.33942677149794,78.33942677149794,78.79324245407464,78.33942677149794,0.23757133401447106,306.50176383062404,-22.76700245949431,-1.000151903819357,217.80045351473922,-6.877136431059849,303.9200691125408,169.80152223184058,514.2336186620593,5.9715447662393566e-06,0.04471255758310825,258.59874636627904,21652.985383689065,0.003529251453488372,2968,3352,1
library/synth/wav/perc__lib__0001.wav,perc,lib,0001,6.621315192743764,0.7055300323286836,0.28012262124900267,2.359114546893459e-10,5.478230449008611e-07,0.01434676288958169,3.547377565271837e-08,-2.599988398147034,24.043704832636166,0.09070294784580499,0.011541950113378685,nan,nan,nan,nan,0.008039215995677211,0.0058016352304271195,-28.805497336717877,-1.000151903819357,0.7936507936507936,-25.043856736455524,6193.548263220761,11373.063906445446,11958.425757235374,0.2837108299032969,0.05298132712549654,18784.975298713234,193.9990933916609,0.5240693933823529,64,130,0.02933
library/synth/wav/perc__lib__0002.wav,perc,lib,0002,0.4988662131519275,0.2625182474221076,0.4243015421728319,1.3476273173670428e-10,1.317014590886905e-09,0.3131801854466184,2.3506664876919792e-08,-1.8674008674142049,23.514097326124904,0.20408163265306123,0.013469387755102041,324.40824276148794,324.40824276148794,324.40824276148794,324.40824276148794,0.05845048340521533,1.429638893640859,-24.29278234347249,-1.000151903819357,0.4988662131519275,-24.514249229944262,6525.853728247484,9848.502586850886,10178.178641601633,0.0824000879684275,0.024890281590708517,18136.829723011364,211.79549109686377,0.22820490056818182,70,142,0.03872
library/synth/wav/perc__lib__0003.wav,perc,lib,0003,1.6780045351473922,0.6991605763712239,0.22526752179316115,3.3566277883204045e-10,2.1418484162940264e-07,0.07557165716468318,3.0150427293484187e-08,-6.185229833970045,22.89290736782879,0.09070294784580499,0.005578231292517007,nan,nan,nan,nan,0.00941177909957393,1.8493386219796826e-07,-27.757596958132137,-0.9998544876801003,1.0657596371882085,-23.89276185550889,6342.18603117203,11064.960541164608,11361.666261826822,0.32384543180508496,0.03619496786240992,18745.286649816175,66.2332859168211,0.4932215073529412,22,44,2.862e-05
library/synth/wav/perc__lib__0004.wav,perc,lib,0004,0.06802721088435373,0.7612306252842378,0.23860322018339908,2.2390792074431104e-10,4.19314602228848e-10,0.00016612691675337298,2.697238724011741e-08,-9.183027062185639,22.072032539187962,0.045351473922902494,0.013968253968253968,nan,nan,nan,nan,0.008695659415366033,1.4454194355507072e-05,-27.708481370522566,-0.9998544876801003,0.06802721088435373,-23.071887026868062,6043.4360947582845,11819.754998386794,12641.441222991525,0.22270546503197816,0.015107077243526546,19066.24702785326,85.73180322882807,0.5238620923913043,30,58,0.0003499
library/synth/wav/perc__lib__0005.wav,perc,lib,0005,0.20408163265306123,0.7694994516575442,0.22969161638275015,5.727843088367831e-10,6.497918217974541e-10,0.0008088947763961379,3.596073339240647e-08,-14.690010041616596,22.933264187037715,0.27210884353741494,0.007210884353741497,nan,nan,nan,nan,0.009230822314780996,8.79099284561046e-08,-28.76297099523681,-1.000151903819357,0.20408163265306123,-23.933416090857072,6056.467284449158,11707.050203394725,11993.177823194514,0.2564562567740095,0.011393778805165232,18932.654747596152,47.61360594662995,0.4931640625,16,32,5.558e-07
library/synth/wav/perc__lib__0006.wav,perc,lib,0006,0.24943310657596374,0.7796134078048503,0.22005747291306754,6.652191260512595e-10,6.471925890208342e-10,0.0003290835713607169,3.439830967736877e-08,-16.122991350167457,23.179769078575085,0.13605442176870747,0.006485260770975057,nan,nan,nan,nan,0.010000174063897246,8.815878201695483e-08,-28.52928865224612,-1.000151903819357,0.22675736961451248,-24.179920982394442,6016.8734985974115,11746.075738982054,11797.269841566414,0.25861605306282476,0.00818770219623069,18968.5986328125,35.65775800665367,0.48916015625,12,26,6.605e-08
library/synth/wav/perc__lib__0007.wav,perc,lib,0007,1.5419501133786848,0.6974993435195287,0.2738601352060124,2.092689077118502e-10,1.3705579703619893e-06,0.02863912337267644,2.7134543160001266e-08,-2.6330077547018162,22.84259247260097,0.11337868480725624,0.018117913832199545,nan,nan,nan,nan,0.007333333610319456,0.0019281054603885255,-27.63825823725832,-1.000151903819357,0.45351473922902497,-23.842744376420328,6289.24504579538,11322.433550058719,11801.897309771854,0.29722240930451277,0.04898069598796685,18898.49609375,171.477169695125,0.5302083333333333,60,116,0.0186
library/synth/wav/perc__lib__0008.wav,perc,lib,0008,0.9750566893424036,0.6277088201000544,0.3659177475609631,4.586092151014147e-10,8.746463946693384e-09,0.006373391749292892,3.138461648439318e-08,-8.279140466443645,23.154557243430386,0.13605442176870747,0.003696145124716553,nan,nan,nan,nan,0.01000005217717142,8.699731498618817e-08,-26.99704886955278,-0.9998544876801003,0.47619047619047616,-24.154411731110486,6241.689256233089,11160.983731974906,11409.93962798833,0.2950875125703553,0.017905327620535767,18700.048828125,52.67806698765506,0.47855050223214285,18,36,1.802e-06
library/synth/wav/perc__lib__0009.wav,perc,lib,0009,0.29478458049886624,0.6590042847690398,0.3395768423371454,5.945073982992492e-10,9.062428717469722e-10,0.0014188337998919068,3.759317253031276e-08,-8.473059673377408,24.023989411275977,0.22675736961451248,0.011609977324263039,nan,nan,nan,nan,0.009473700200287805,7.210744962417055e-07,-28.60084719387688,-1.000151903819357,0.29478458049886624,-25.024141315095335,6159.965211896536,11531.424985345127,12163.622113178035,0.2543693756661461,0.009695472149968265,18954.885382401317,69.04569127886123,0.4971731085526316,24,48,5.323e-05
library/synth/wav/perc__lib__0010.wav,perc,lib,0010,0.4308390022675737,0.8265213528866615,0.17324659585961286,1.8954775684831381e-10,3.487266572463454e-09,0.00023202560705211497,2.1969859225658166e-08,-9.206585962046269,21.41078947938027,0.15873015873015872,0.02163265306122449,nan,nan,nan,nan,0.01000000819481776,1.1110083014635167e-06,-27.286780677159882,-1.000151903819357,0.022675736961451247,-22.410941383199628,6063.367383648246,11729.39456465044,12422.580739077814,0.24591309716695653,0.028492610469250456,18994.4384765625,76.80490770106357,0.531982421875,28,54,0.0001243
library/synth/wav/perc__lib__0011.wav,perc,lib,0011,0.11337868480725624,0.6560522145786546,0.2262533902984293,7.547569952701409e-10,2.6809968252536026e-06,0.11769168394802049,2.9423313441698286e-08,-8.612823898364491,22.82221180552232,0.09070294784580499,0.012448979591836735,nan,nan,nan,nan,0.01000017442250219,8.22878486853459e-08,-26.93815076415278,-1.000151903819357,0.11337868480725624,-23.822363709341676,6403.810411188683,10916.814159362235,11049.976667519972,0.31284879603020666,0.004962017716363963,18712.353515625,42.45854176039251,0.4391682942708333,14,30,1.481e-07
library/synth/wav/perc__lib__0012.wav,perc,lib,0012,1.8367346938775508,0.2036636720735139,0.20660277255998857,3.1935991682569143e-10,3.1456434448102425e-08,0.5897335023159263,2.1274776908035875e-08,-4.1436797140908235,22.64806675999632,0.11337868480725624,0.0026077097505668935,324.40824276148794,326.28752059373113,324.40824276148794,nan,0.026043767450495223,9.060513054093645e-05,-23.615817564710277,-1.000151903819357,1.8367346938775508,-23.648218663815676,6638.796824555648,9747.25301881259,10066.247295899944,0.11316868881912119,0.015514730909483725,18174.0234375,69.4392921711741,0.21417557565789475,26,50,6.206e-05
library/synth/wav/perc__lib__0013.wav,perc,lib,0013,0.27210884353741494,0.5507888837020646,0.17616796578590602,3.267808744927713e-10,3.26334131594043e-06,0.27303986392415336,2.2919779253442096e-08,-2.590226901400632,22.51447642194092,0.15873015873015872,0.002018140589569161,nan,nan,nan,nan,0.009677438432513964,0.0017359650190731186,-26.051869517633406,-0.9998544876801003,0.27210884353741494,-23.51433090962102,6463.952131191922,10781.210776272803,11165.854612650604,0.29327837253048356,0.025267409981885872,18649.837764616936,120.14597078905244,0.4610792590725806,42,82,0.003139
library/synth/wav/perc__lib__0014.wav,perc,lib,0014,1.1564625850340136,0.03925957172739246,0.7689762325854262,2.506729464225559e-10,7.468796934321123e-08,0.19176410757783155,1.3170707539576301e-08,10.41382690946864,20.679579462858207,0.06802721088435373,0.01070294784580499,1035.8983068691687,1029.9319716534822,1035.8983068691687,1041.899204713151,0.12241598061669379,2.0367505920094928e-06,-20.689590958650967,-0.9998544876801003,1.1337868480725624,-21.679433950538307,6606.271956320829,8576.487828739697,8465.90730191911,0.05038462337744112,0.001167862350280236,17161.962890625,39.87232205578115,0.13605291193181818,14,28,6.924e-08
library/synth/wav/perc__lib__0015.wav,perc,lib,0015,0.3401360544217687,0.7611252939527715,0.233551615950226,3.109853722617663e-10,6.864087006416679e-10,0.005323059161461197,2.993814715304595e-08,-6.852441565921475,22.955926961980897,0.20408163265306123,0.012244897959183673,nan,nan,nan,nan,0.009285716518627616,0.0006122444449565414,-28.281163311671534,-1.000151903819357,0.3401360544217687,-23.956078865800254,6046.673739857085,11737.272015556771,12519.534940424483,0.22846919797639512,0.01742478072233911,18966.90673828125,106.91084644156693,0.5268903459821429,38,76,0.001765
library/synth/wav/perc__lib__0016.wav,perc,lib,0016,4.761904761904763,0.16517960443510638,0.8201448530717059,1.9733843352051424e-10,3.957930766291068e-07,0.01467512202451038,2.4478262233821112e-08,-1.66072063888114,23.72795420928575,0.06802721088435373,0.021156462585034015,423.1425628949564,423.1425628949564,423.1425628949564,423.1425628949564,0.03565470909299554,1.2066557989157345,-24.471022955534117,-1.000151903819357,1.383219954648526,-24.728106113105106,6561.7798436269695,9974.630928107665,10297.520996556785,0.10240112024045753,0.056741254512254174,18211.905924479168,208.6835034049106,0.23278356481481483,70,138,0.03764
library/synth/wav/perc__lib__0017.wav,perc,lib,0017,0.3401360544217687,0.7146226944853552,0.279523712654757,3.2794833533520364e-10,3.3518903736389725e-09,0.00585355658544708,3.259460192408581e-08,-5.647019591847991,23.5109261018254,0.09070294784580499,0.00816326530612245,nan,nan,nan,nan,0.009166671199173611,1.1386442914076811e-05,-28.394160037070773,-0.9998544876801003,0.3401360544217687,-24.5107805895055,6173.467184662884,11491.624113013895,12070.231861208362,0.28038810297756117,0.026348190753802694,18845.1416015625,93.58283993951092,0.531982421875,34,64,0.0006333
library/synth/wav/perc__lib__0018.wav,perc,lib,0018,0.3401360544217687,0.6931672808394812,0.29737077907435944,3.4209668798051223e-10,1.1848265111642828e-08,0.009461894151207566,3.3744589987932133e-08,-5.196781811553842,23.616055214572903,0.24943310657596374,0.010317460317460317,nan,nan,nan,nan,0.008846156424708955,4.2976225607382165e-05,-28.33506864831385,-0.9998544876801003,0.3401360544217687,-24.615909702253003,6237.326440290879,11319.657767792765,11888.348121823989,0.28110456072920964,0.016162174120135226,18861.429537259617,97.87553570608459,0.5057654747596154,32,66,0.0009031
library/synth/wav/perc__lib__0019.wav,perc,lib,0019,1.4512471655328798,0.5103884637764478,0.4805057766359094,3.854306590579969e-10,2.2176377470652686e-09,0.00910573424062012,2.2743954376551697e-08,-8.03412401789491,22.189453551090413,0.022675736961451247,0.010975056689342403,nan,nan,nan,nan,0.01000039855969292,9.726821278309111e-08,-25.201700110389787,-0.9998544876801003,1.2698412698412698,-23.189308038770513,6318.460860770441,11051.024127917162,11288.842875914044,0.23353229136340956,0.0028997788452704387,18832.32421875,51.63181649624351,0.42776925223214285,20,36,1.239e-06
library/synth/wav/perc__lib__0020.wav,perc,lib,0020,0.3854875283446712,0.8180630010835178,0.1801729309101002,9.225559980674136e-10,1.594065367051956e-07,0.0017638615376080948,4.613968103845032e-08,-16.563089915340523,24.260917145902265,0.022675736961451247,0.00040816326530612246,nan,nan,nan,nan,0.010000202397669316,1.1876711316015823e-07,-29.906186231311228,-0.9998544876801003,0.3854875283446712,-25.260771633582365,6060.876110155609,11872.973715944847,12020.379065402441,0.2592441519160666,0.002495095256079967,19097.993607954544,39.26453549376956,0.4969815340909091,14,28,1.057e-07
library/synth/wav/perc__lib__0021.wav,perc,lib,0021,2.0181405895691613,0.7001375722727807,0.2580077498082047,3.974623600899105e-10,1.176973383196994e-08,0.041854640330251,2.542156743270606e-08,-9.479375536862241,22.27561998477235,0.13605442176870747,0.005396825396825397,nan,nan,nan,nan,0.01000007347978791,8.59840578096918e-08,-26.746102317457705,-0.9998544876801003,1.4512471655328798,-23.27547447245245,6285.80989751863,11178.976071451683,11376.988149997727,0.28881426800794924,0.006897961743821705,18806.768329326922,48.39256473878981,0.46251502403846156,16,32,5.197e-07
library/synth/wav/perc__lib__0022.wav,perc,lib,0022,0.18140589569160998,0.7605848205986606,0.23790045195512713,3.8996748752635555e-10,8.003896300994823e-10,0.0015146973192342915,2.893662081463479e-08,-14.725192733523278,22.53923991502063,0.13605442176870747,0.008390022675736962,nan,nan,nan,nan,0.010000129219214898,7.663697364842897e-08,-28.062502212292376,-0.9998544876801003,0.18140589569160998,-23.53909440270073,5961.408843996574,11909.297837652184,12118.493536313452,0.2513605979424544,0.004416115566648648,18954.60205078125,44.75942957223861,0.5100911458333334,16,32,2.482e-07
library/synth/wav/perc__lib__0023.wav,perc,lib,0023,0.5668934240362812,0.6245286055759414,0.37516074362332485,5.433535484381554e-10,4.6098036807942066e-10,0.0003106247833170546,2.501308277085282e-08,-16.353821810313676,21.77129771101665,0.11337868480725624,0.006303854875283447,nan,nan,nan,nan,0.010000238756879961,7.583476100103945e-08,-26.27699702500604,-0.9998544876801003,0.13605442176870747,-22.77115219869675,6123.905254286982,11570.294431919408,11703.028941209974,0.24869500405639383,0.013262388055666945,18947.261186079544,39.696006293281485,0.4655095880681818,14,26,6.497e-08
library/synth/wav/perc__lib__0024.wav,perc,lib,0024,0.15873015873015872,0.13450309534033295,0.5481059910055376,2.0650080020677867e-10,4.2467081556981247e-08,0.3173908526148811,1.8365666004434045e-08,-2.389929247943012,22.209798768522337,0.18140589569160998,0.006122448979591836,256.0,256.0,256.0,nan,0.021390263210204315,0.0012182740758396873,-23.09427111491766,-0.9998544876801003,0.15873015873015872,-23.209653256202436,6617.306435619946,9835.41599046463,10068.424501840695,0.11867476210615745,0.008479019258873531,18195.556640625,81.81462559788801,0.23876953125,30,58,0.0002466
library/synth/wav/perc__lib__0025.wav,perc,lib,0025,0.18140589569160998,0.8528032126514938,0.14708825419907948,5.337524642709279e-10,9.670408676619107e-10,0.00010849418546036178,3.7463172905325964e-08,-19.579420140749708,23.925589678840982,0.022675736961451247,0.007868480725623583,nan,nan,nan,nan,0.009166742682540313,1.0854550934266882e-07,-30.026523223311035,-0.9998544876801003,0.18140589569160998,-24.925444166521082,5953.97818939397,11832.734129960567,12134.841792460109,0.2446124384030365,0.010468599501380746,19044.32373046875,45.16864759891458,0.5091959635416666,18,32,4.496e-07
library/synth/wav/perc__lib__0026.wav,perc,lib,0026,2.2675736961451247,0.03141444185751648,0.2443557918164993,3.060806585607102e-10,1.7418133388564122e-06,0.7242280026335637,2.1573000804984608e-08,-0.8277909587004605,23.29816268141948,0.15873015873015872,0.00582766439909297,337.7940251578609,335.8484747359869,335.8484747359869,337.7940251578609,0.2156813860013973,2.0599321212484094,-23.56633535128507,-1.000151903819357,2.2675736961451247,-24.29831458523884,6823.032658169718,8430.5362029535,8479.310559210826,0.04206411126278951,0.025128709349363385,17374.7109375,190.01540710252183,0.104775390625,64,128,0.02715
library/synth/wav/perc__lib__0027.wav,perc,lib,0027,0.13605442176870747,0.800249229069717,0.19840603561983775,4.642000244899686e-10,2.2068063247439258e-09,0.0013446808600832785,5.177935565786607e-08,-5.530045320896116,25.247236211075084,0.022675736961451247,0.0016553287981859411,nan,nan,nan,nan,0.008787879761901398,0.0007192010750684499,-30.913324627466253,-0.9998544876801003,0.13605442176870747,-26.247090698755184,6077.6236837703855,11762.812122205352,12578.810497131411,0.24152442551248518,0.02316801465059702,19030.783913352272,125.29516413897288,0.5397579308712122,40,80,0.003833
library/synth/wav/perc__lib__0028.wav,perc,lib,0028,0.7256235827664399,0.684004037610296,0.2787478357696108,4.0363734455546184e-10,3.254760390396093e-06,0.03724481789513324,5.356093211112402e-08,-2.8894830361088277,25.856065542001023,0.11337868480725624,0.008435374149659863,nan,nan,nan,nan,0.008048781671813969,0.0012301830518063228,-30.33347242057481,-0.9998544876801003,0.7256235827664399,-26.855920029681123,6280.273890845136,11217.50165274249,11727.10187658661,0.30188578535718785,0.03137232695540677,18826.847132240855,155.6043346623836,0.5115401105182927,48,104,0.01166
library/synth/wav/perc__lib__0029.wav,perc,lib,0029,0.4308390022675737,0.7348379307342051,0.2642908332881234,5.35502095681037e-10,9.270256219418251e-10,0.0008711924263900575,4.2088753645388077e-08,-8.92991525508556,24.39212918636097,0.40816326530612246,0.004671201814058957,nan,nan,nan,nan,0.01000001823592146,2.676310115991918e-07,-29.26432107921805,-1.000151903819357,0.4308390022675737,-25.39228109018033,6071.1802025220495,11709.855710217233,12307.994306705648,0.2544867699820058,0.013581940922575706,19023.388671875,66.83703026566683,0.5186903211805556,24,46,3.767e-05
library/synth/wav/perc__lib__0030.wav,perc,lib,0030,0.5215419501133787,0.722506587726395,0.27389896077043674,5.840624759127916e-10,2.7273847721891803e-09,0.003594419561420487,2.863030052262396e-08,-12.607444972721577,22.632566238176192,0.22675736961451248,0.006122448979591836,nan,nan,nan,nan,0.010000184037653684,1.1435282604143755e-07,-27.57186739279865,-1.000151903819357,0.5215419501133787,-23.63271814199555,6161.127246764371,11569.750996255763,11641.744361630257,0.2890890905222595,0.018137168935006564,19009.903231534092,41.8538428525518,0.49897904829545453,14,30,1.476e-07
library/synth/wav/perc__lib__0031.wav,perc,lib,0031,3.3560090702947845,0.7133177048024053,0.2861985255143076,2.2453920745111563e-10,5.937189148334518e-10,0.0004837383698223698,3.0495206721582e-08,-3.334938901771991,23.345209848392237,0.20408163265306123,0.014353741496598639,nan,nan,nan,nan,0.008372093737904936,0.002641654329112028,-28.065583047691295,-1.000151903819357,0.18140589569160998,-24.345361752211595,6129.621365945391,11606.092321286567,12216.280777228942,0.2487029483432217,0.04324816035163864,18968.24809229651,167.8949848569046,0.5395053597383721,56,110,0.0166
library/synth/wav/perc__lib__0032.wav,perc,lib,0032,4.036281179138323,0.061004420279570024,0.4186893133613373,1.487004583113039e-10,3.418068442955405e-08,0.5203062135633935,1.8466314310209587e-08,-1.2554448746516094,22.516124022486093,0.11337868480725624,0.00943310657596372,256.0,256.0,256.0,257.4829929133705,0.1261107767074884,0.20783672985722326,-23.069436119820818,-0.9998544876801003,1.3151927437641724,-23.515978510166192,6716.750002196698,9383.529596414088,9457.173930615458,0.07192178293510833,0.018220829153542402,17970.380859375,132.372132969664,0.1832310267857143,44,90,0.005888
library/synth/wav/perc__lib__0033.wav,perc,lib,0033,0.6575963718820862,0.19816533950458912,0.7529543769646002,3.33371469486182e-10,3.957067693914835e-09,0.04888025022738327,2.901298826113487e-08,-3.797285735794514,24.022552959218718,0.24943310657596374,0.01399092970521542,nan,nan,nan,nan,0.01329012032140824,0.00036544723387928337,-25.06155647855926,-1.000151903819357,0.6349206349206349,-25.022704863038076,6500.227609573884,10204.105811093477,10549.425029999758,0.12749954078715273,0.005655824111451084,18330.908203125,78.63758490900527,0.2584635416666667,28,52,0.0001465
library/synth/wav/perc__lib__0034.wav,perc,lib,0034,0.9070294784580499,0.8410616980138811,0.15879024055588098,3.292310522380263e-10,5.470315229157273e-10,0.0001480287577893233,3.179618590315644e-08,-8.355096150743012,23.13110255202317,0.09070294784580499,0.005736961451247165,nan,nan,nan,nan,0.008695659676058025,7.00344234779472e-06,-28.96408040855161,-0.9998544876801003,0.022675736961451247,-24.13095703970327,5959.378699626215,11972.9770503553,12780.194941259017,0.2200792080611385,0.020579077737461083,19124.29305366848,87.79213925680061,0.5443062160326086,30,58,0.0003322
library/synth/wav/perc__lib__0035.wav,perc,lib,0035,0.24943310657596374,0.6957646358141327,0.2815100603597378,2.4495948562868175e-10,6.508537738914814e-07,0.022724624485905915,2.824149028516238e-08,-2.9269983120852006,22.91945841330718,0.11337868480725624,0.012063492063492064,nan,nan,nan,nan,0.007777779265227454,0.00043112500386898074,-27.482821474460923,-0.9998544876801003,0.09070294784580499,-23.91931290098728,6284.118856237898,11237.326411424465,11667.668299037578,0.3032649189648582,0.031733909596869996,18816.4306640625,137.98138362118027,0.5223931206597222,46,92,0.00654
library/synth/wav/perc__lib__0036.wav,perc,lib,0036,2.403628117913832,0.6618751153354265,0.2751640758885475,2.426033211721568e-10,1.0612460213074133e-06,0.06295972131373792,2.5973663346235695e-08,-1.853164826830708,22.66366167458684,0.18140589569160998,0.013129251700680272,nan,nan,nan,nan,0.007872340942727369,0.002799562680431329,-26.980027959189318,-1.000151903819357,1.4285714285714286,-23.6638135784062,6368.700426636657,11029.75920245911,11402.970716937347,0.32547490671442997,0.07015900658332319,18732.054105718085,182.6058400485758,0.513173204787234,62,122,0.02223
library/synth/wav/perc__lib__0037.wav,perc,lib,0037,0.6349206349206349,0.7506015035857933,0.24912344423410476,3.5709506032171107e-10,5.48680399091627e-10,0.00027501725868214153,3.401564437019056e-08,-10.871856371973564,23.301443540055363,0.36281179138321995,0.0034693877551020408,nan,nan,nan,nan,0.009333369218112408,9.01638006223149e-08,-28.335649774818215,-1.000151903819357,0.6349206349206349,-24.30159544387472,6057.514083439479,11755.922601030645,12190.638397314866,0.24400529060872092,0.017816055054501585,19051.142578125,57.33320442738712,0.5181640625,20,38,5.188e-06
library/synth/wav/perc__lib__0038.wav,perc,lib,0038,0.09070294784580499,0.6852749255014803,0.30240580176128395,3.2028318193539005e-10,3.2009442431654886e-08,0.012319207765743002,3.264176713375925e-08,-5.693206430485055,23.582037639195708,0.24943310657596374,0.00399092970521542,nan,nan,nan,nan,0.009130438532225704,1.5842498413895833e-05,-27.93983256834041,-0.9998544876801003,0.09070294784580499,-24.581892126875807,6249.053547859738,11317.610609215428,11886.556412089933,0.2817623871461538,0.02105240037133723,18856.532353940216,88.26782415857745,0.5058169157608695,30,60,0.0004017
library/synth/wav/perc__lib__0039.wav,perc,lib,0039,0.40816326530612246,0.7380655310788276,0.2562028052002355,4.521594917012455e-10,9.255415161361834e-10,0.005731635702585944,2.6640650025180014e-08,-9.533817629764402,22.442648566791657,0.15873015873015872,0.007800453514739229,nan,nan,nan,nan,0.00923080411103351,7.738423458723733e-08,-27.113810909785087,-0.9998544876801003,0.3854875283446712,-23.442503054471757,6122.5791504169265,11543.436915542161,11769.548468698456,0.2739907018826137,0.027814953667120786,19043.633563701922,47.566518021256336,0.4922626201923077,16,32,5.092e-07
library/synth/wav/perc__lib__0040.wav,perc,lib,0040,1.2471655328798186,0.6948310076570066,0.28735110049939455,2.9669104677600707e-10,2.6975163138083835e-08,0.017817833424481306,3.114726332948183e-08,-6.206449275165081,23.166691259748433,0.24943310657596374,0.002653061224489796,nan,nan,nan,nan,0.008947380798251503,4.942571158936367e-07,-27.770696161638217,-1.000151903819357,0.06802721088435373,-24.16684316356779,6244.010781357894,11253.979078488168,11695.040279597502,0.29750868525548274,0.014299902824383218,18753.153268914473,71.76711304901876,0.49956311677631576,26,50,6.875e-05
library/synth/wav/riser__lib__0001.wav,riser,lib,0001,5605.759637188209,0.6678103367935625,0.2592415518036495,9.766407729955972e-05,0.0007613077854156696,0.0720888930963173,2.4644375561248385e-07,0.053356467974754976,15.515976863150971,0.09070294784580499,5.630680272108844,32.37182208966152,nan,nan,nan,0.004769230833559084,1.00651692203465,-19.92216638520731,-1.000151903819357,4087.324263038549,-16.51612876697033,6206.333213560812,11341.36198077451,10592.09690320626,0.5201034840095518,1.0182790938085737,18838.27674278846,53.34788019750187,0.5175614316239316,6800,6800,1
library/synth/wav/riser__lib__0002.wav,riser,lib,0002,5925.873015873016,0.5177326641262526,0.4551837352197932,3.658720993704546e-10,2.3929229179533475e-06,0.02708120506034927,2.304814806365364e-09,0.32944827482803846,13.45876115166309,0.022675736961451247,5.956507936507936,1386.7634636777018,767.1332233608607,749.6118763241601,745.2944296152001,0.3656934997987073,0.9303147998927092,-14.898466434416768,-0.9998544876801003,4202.857142857143,-14.45861563934319,6400.410168583291,10892.687184135402,8954.795580848559,0.040018810048184035,0.8874115433418726,18730.059388626454,52.611773884861016,0.160322525176495,7002,7002,1
library/synth/wav/riser__lib__0003.wav,riser,lib,0003,3272.7891156462583,0.14582013149313366,0.056836943579206566,1.254798800637796e-05,0.015090816187869015,0.7822390194627503,5.412890340649316e-07,0.11574742412409005,14.370343866076979,0.22675736961451248,3.2952154195011336,447.0129087237143,204.36438690730233,197.40298565221642,191.78330584021526,0.023529183855243954,4.778911224872508,-16.113594540709194,-1.000151903819357,2440.385487528345,-15.370495769896337,6643.836891649473,10433.453375380086,9570.443207887016,0.14949400981229644,0.952579162442677,18550.344830575075,nan,0.1821968033468935,3930,3930,1
library/synth/wav/riser__lib__0004.wav,riser,lib,0004,5789.092970521542,0.7212126470387746,0.25723302621370975,1.0919332538855969e-05,0.0007945871101939755,0.020748800134819605,2.0169963238513344e-08,0.11916881937733692,16.526294467123083,0.09070294784580499,5.792063492063492,32.55935014728596,nan,nan,nan,0.004941956951092934,1.008677505445982,-21.347259934848644,-0.9998544876801003,4125.056689342404,-17.526148954803183,6050.723477675315,11712.887490304809,10621.279197234577,0.4767973455537022,0.99737086314283,18986.14301539179,57.22236440655498,0.5382001127176617,7012,7012,1
library/synth/wav/riser__lib__0005.wav,riser,lib,0005,3007.6417233560087,0.6625331139823943,0.25850578858692413,8.48091217545721e-06,0.0009307233616271198,0.07802187875478216,1.4402096881445497e-08,0.1632411290208003,17.229488275156303,0.045351473922902494,3.009138321995465,32.7479645438968,nan,nan,nan,0.004870967994737981,1.0061656974752662,-21.544378329379423,-0.9998544876801003,2294.920634920635,-18.229342762836403,6164.712859860694,11439.395463254943,10655.789865165802,0.48412238481361614,1.0459134685427576,18886.63353704637,47.357489562046126,0.5211268271169355,3604,3604,1
library/synth/wav/riser__lib__0006.wav,riser,lib,0006,5157.868480725623,0.2814387944524408,0.5872399508773851,3.759936962873218e-07,0.0001487449419451692,0.131171972351462,1.6138307062838793e-07,0.1523927274647389,16.342846969425352,0.06802721088435373,5.168684807256236,507.5851377076335,477.71289166684534,450.90092728122806,450.90092728122806,0.010047813195933645,1.6490652289613768,-17.97087745493374,-1.000151903819357,3652.4036281179137,-17.34299887324471,6298.667473689136,11247.371665591565,10119.58532133861,0.22104337315296418,0.9458970256498351,18839.88064852628,97.8468103010954,0.32063432173295453,6132,6132,1
library/synth/wav/riser__lib__0007.wav,riser,lib,0007,2531.496598639456,0.26378785574447666,0.10272875321014016,8.234712004772296e-06,0.010862354860555016,0.6226126172152734,1.8425754996112716e-07,0.06788153310309533,15.207323690895297,0.13605442176870747,2.5473469387755103,440.602335869097,225.45046364061403,211.5712814474782,211.5712814474782,0.010108914720999325,2.6062492286011802,-17.686755766278903,-0.9998544876801003,1849.0249433106576,-16.207178178575397,6523.088391889672,10707.105936525248,10246.437391936379,0.25370707028762146,0.9903911141710292,18624.384538517443,1532.4187988108556,0.3129069010416667,2994,2994,1
library/synth/wav/riser__lib__0008.wav,riser,lib,0008,3056.4625850340135,0.20265930495873663,0.6534541015296618,7.9360923671502e-06,0.0018010061851722464,0.14207762321216316,2.802189904908767e-08,0.3725006466134349,14.603919122133135,0.045351473922902494,3.059954648526077,881.204671738194,266.5631110489104,251.6020732275843,245.8554739330571,0.11893625547221068,0.4310448784685825,-15.540680711920977,-1.000151903819357,2285.260770975057,-15.604071025952493,6564.910744636041,10766.428296394559,9293.662251872178,0.07802705845287673,1.0218339456559498,18697.674933430466,nan,0.15427175442122187,3618,3618,1
library/synth/wav/riser__lib__0009.wav,riser,lib,0009,6048.9569160997735,0.06770598258749128,0.22362479882066177,1.0135983486924296e-06,0.0033311303418083697,0.7053370536768145,2.0974875395211264e-08,0.09293288328828452,14.456507857948672,0.3401360544217687,6.0501587301587305,617.7328960771608,274.37400640929104,269.660425204438,268.1072954420805,0.21692661903982025,13.532218456012126,-15.1123309371308,-1.000151903819357,4437.006802721088,-15.45665976176803,6754.232317336278,10099.511565252578,8867.062264748733,0.06889949648363604,0.8945392789128077,18415.390751620747,nan,0.11353844838938412,7178,7178,1
library/synth/wav/riser__lib__0010.wav,riser,lib,0010,1640.7256235827665,0.09801946568734277,0.8377028635011051,4.991288350962779e-09,1.3466124435980032e-05,0.06426419547385491,4.221972918675565e-09,0.5514349788323474,13.992658965768545,0.20408163265306123,1.6542403628117914,1239.0546174733863,695.3842912395884,637.6702066477172,612.401214329551,0.12095602240849995,0.20615519046720493,-14.79471191028763,-1.000151903819357,1166.0997732426304,-14.9928108695879,6495.806127147788,10616.684048373738,9568.837084343286,0.07197932096354522,1.0706447297860338,18615.776454902694,52.7710503575637,0.15709498970808383,1936,1936,1
library/synth/wav/riser__lib__0011.wav,riser,lib,0011,5752.811791383219,0.06803101593415019,0.02692808066757671,0.0003898509720991133,0.0884280601801048,0.8162220447109805,9.475350888140538e-07,0.050209629816606934,13.456773434153089,0.18140589569160998,5.764331065759637,297.48367026120695,133.2815555244552,130.99185817558717,128.74149645668524,0.15787000109855556,24.670380987156385,-16.24809569841659,-0.9998544876801003,4052.8344671201817,-14.456627921833189,6877.20105746277,9859.373864814492,9028.641579330011,0.0766110659741371,0.8974578157877312,18357.906632570877,nan,0.10959564943084192,6762,6762,1
library/synth/wav/riser__lib__0012.wav,riser,lib,0012,2262.857142857143,0.44239876061316236,0.46102576450239163,4.7081006990059815e-05,0.001973889951553222,0.09455439942673545,1.0449916723314999e-07,0.5152996111236149,16.594765578249916,0.022675736961451247,2.2705215419501132,581.3782676842893,260.4748011782877,245.8554739330571,229.39126832945985,0.009707565890323686,0.58551952017063,-19.313978490023008,-0.9998544876801003,1725.3061224489795,-17.594620065930016,6239.267266862386,11638.379994619203,10259.074947963036,0.2698508268245147,1.0900940595058524,19029.147080243645,818.815413529775,0.4040734242584746,2740,2740,1
library/synth/wav/riser__lib__0013.wav,riser,lib,0013,4549.591836734693,0.7143194395658762,0.27157625017606574,1.7455097554348797e-07,0.00011408255197948042,0.013989968703398546,8.44517046038825e-08,0.1960694976845913,16.957130163930085,0.022675736961451247,4.55140589569161,32.7479645438968,nan,nan,nan,0.00452586217085925,1.0074326818648947,-21.713367137729144,-0.9998544876801003,3360.15873015873,-17.956984651610185,5987.864120890725,11845.909934693165,10693.706945018053,0.421543649298838,0.9809921828695533,19019.387291217674,nan,0.538848876953125,5392,5392,1
library/synth/wav/riser__lib__0014.wav,riser,lib,0014,5708.866213151928,0.37428729446016235,0.419882036249101,0.00012173768555246104,0.00630569615030224,0.19940232103862923,9.144162527952391e-07,0.14041089355332095,16.379090664539753,0.022675736961451247,5.712585034013605,115.03168458038078,nan,nan,nan,0.009900698045161745,1.4466608180674765,-18.773183354273616,-1.000151903819357,4151.360544217688,-17.37924256835911,6298.752524802512,11303.647662333691,10210.66007716854,0.29852227633608974,0.9767937862486219,18857.179897119888,5211.850396841107,0.39897485892248724,6824,6824,1
library/synth/wav/riser__lib__0015.wav,riser,lib,0015,2958.8888888888887,0.7621851402246455,0.21147959947088293,6.051071073378431e-06,0.0007891780807751847,0.02553999152387966,3.962874340835674e-08,0.525032717702417,16.748408675818755,0.13605442176870747,2.98297052154195,nan,nan,nan,nan,0.004361370918015687,0.8982401805724749,-21.812233026854983,-0.9998544876801003,2236.281179138322,-17.748263163498855,5996.117765403982,12162.038651569801,10633.1369406078,0.3770934193135913,1.040197109108864,19193.194637120327,nan,0.5360080802180686,3734,3734,1
library/synth/wav/riser__lib__0016.wav,riser,lib,0016,3095.714285714286,0.06087026322758572,0.3222845456205245,9.51108609843708e-07,0.00010495713134100745,0.6167388140467587,4.688651801955309e-07,0.15880209395739167,13.497406954651169,0.06802721088435373,3.105895691609977,808.0682468747689,423.1425628949564,411.0965155140487,399.3933957188472,0.2666877184288949,4.62313978586471,-13.927573154793054,-1.000151903819357,2347.4149659863947,-14.497558858470526,6760.497383076583,10060.148253130872,9108.744931819238,0.060427802140140575,0.9135237697501323,18406.18449519231,59.585647216317625,0.11079927884615384,3772,3772,1
library/synth/wav/riser__lib__0017.wav,riser,lib,0017,2485.5555555555557,0.7966110228579354,0.18709552201921031,2.7087206914923173e-08,9.047548726646091e-05,0.016202938232795033,1.4315585865667967e-08,0.790349346536624,16.566027094384296,0.13605442176870747,2.486780045351474,nan,nan,nan,nan,0.008142296121407214,0.6945498216381113,-21.486733883386542,-1.000151903819357,1687.482993197279,-17.566178998203654,5971.827291727916,12291.365659706093,10693.99130008439,0.2981774094561926,1.031578951332634,19261.662973999504,172.7106149403546,0.504597177618577,2934,2934,1
library/synth/wav/riser__lib__0018.wav,riser,lib,0018,6412.335600907029,0.6564686428578427,0.25813054599961893,0.00016914237548125717,0.0016070457335793423,0.0836230679345851,1.5550988927913553e-06,0.04892577448105738,16.182975424174703,0.022675736961451247,6.431473922902494,nan,nan,nan,nan,0.004419642956253281,1.0289395321233739,-20.54336350788194,-0.9998544876801003,4547.414965986395,-17.182829911854803,6234.812803687902,11287.070216942795,10593.870208492217,0.5215080678895008,0.9918984916889367,18834.823608398438,nan,0.5155588785807291,7808,7808,1
library/synth/wav/riser__lib__0019.wav,riser,lib,0019,1368.7301587301588,0.7915706461076132,0.20200606337299498,1.3575109513426513e-07,0.00030959332850163636,0.0061135532272515525,8.212543397999582e-09,0.7359526130376557,16.340548984188477,0.45351473922902497,1.3730839002267574,32.55935014728596,nan,nan,nan,0.004577465016145399,0.9215818070382464,-21.805652725098152,-1.000151903819357,1019.3650793650795,-17.340700888007834,5897.18483873065,12076.451399611944,11061.014504060193,0.4386487103944405,1.2175491750396332,19115.418683978874,16330.732609035987,0.5551345180457746,1650,1650,1
library/synth/wav/riser__lib__0020.wav,riser,lib,0020,3525.9637188208617,0.7759962331253094,0.19989121035552226,6.82142236413979e-06,0.0008385660829882754,0.02326706667966645,1.023341494770887e-07,0.4325813579224296,16.806043303049915,0.18140589569160998,3.5303628117913832,32.937671572591746,nan,nan,nan,0.004532967215196556,0.9485726565968771,-22.0418442048806,-0.9998544876801003,2556.3718820861677,-17.805897790730015,5972.000055514519,12173.533627966619,10606.304915119537,0.3918645661564353,1.0261586075992015,19202.23388671875,3704.4800302503936,0.5422108409168956,4230,4230,1
library/synth/wav/riser__lib__0021.wav,riser,lib,0021,1559.9092970521542,0.8634443287128937,0.12860975034196537,7.3749029512020755e-06,0.000811481435666698,0.007126952647958096,1.1195856501086641e-07,0.9931438991955924,16.66782470386381,0.045351473922902494,1.5642403628117914,nan,nan,nan,nan,0.004390244077803073,0.9382136337142266,-22.957196717203754,-0.9998544876801003,1127.233560090703,-17.66767919154391,5851.439404731882,12356.23295393957,10942.637496584655,0.4311080545514242,1.171428136594756,19247.401093273627,57.15087253724833,0.5718309355945121,1904,1904,1
library/synth/wav/riser__lib__0022.wav,riser,lib,0022,5081.292517006803,0.2632410922123764,0.10367061553990346,2.0560927773377455e-05,0.008701066670966387,0.6243664116658255,2.529831549202539e-07,0.06872422679627546,15.766549729143769,0.06802721088435373,5.089478458049887,323.4740157672877,210.35272053396233,197.40298565221642,200.85352906156817,0.010106556485331914,3.2764306042798865,-17.85519917150388,-1.000151903819357,3612.0861678004535,-16.766701632963127,6488.355437346911,10833.709666258117,10074.64298915611,0.2502676910109202,0.9438831940095659,18705.18966468206,1667.615182133247,0.315122740872824,6012,6012,1
library/synth/wav/riser__lib__0023.wav,riser,lib,0023,4299.68253968254,0.6536859204020204,0.2520964978662485,8.167590161332872e-06,0.0007959966710544056,0.0934131147960425,3.026744727269319e-07,0.0723482562929372,16.56223435791525,0.06802721088435373,4.312879818594104,32.37182208966152,nan,nan,nan,0.004355555638658173,1.0318170391021921,-20.879571763821716,-1.000151903819357,3293.0612244897957,-17.56238626173461,6231.117116516803,11316.319496967288,10568.149053393994,0.5033624262183592,1.0062512978664016,18843.275390625,456.9719723041114,0.516298828125,5224,5224,1
library/synth/wav/riser__lib__0024.wav,riser,lib,0024,3156.7346938775513,0.6639590251579812,0.31673036875199867,4.589600710894179e-07,5.5929065496639714e-05,0.019253984706562616,2.3335788971007043e-07,0.28255991258753144,16.822007901317097,0.13605442176870747,3.1784580498866215,33.12847756292408,nan,nan,nan,0.004417178234673429,0.9836691304700733,-21.176925806633093,-1.000151903819357,2329.8639455782313,-17.822159805136454,6017.366293514596,11799.291195643447,10699.934857451668,0.3951339627423752,1.0043500575793067,19025.906016343943,1077.7175392282443,0.5244934456480062,3782,3782,1
library/synth/wav/riser__lib__0025.wav,riser,lib,0025,3368.390022675737,0.0702971382893926,0.7111900469163482,1.4573056399069884e-05,0.004171617405012566,0.21432656448415852,5.984868889848316e-08,0.26696201846922246,13.888840374569556,0.45351473922902497,3.3806802721088434,732.4907174068522,216.51652572965082,202.01706171869222,203.18733465192952,0.19983191975669595,0.735902600250562,-14.47319805143348,-0.9998544876801003,2374.920634920635,-14.888694862249656,6679.793172055579,10451.193571117788,9168.376123594957,0.06328367091118367,0.9953011720084675,18608.512882790114,nan,0.12856207467765043,4056,4056,1
library/synth/wav/riser__lib__0026.wav,riser,lib,0026,3447.006802721088,0.6289630118817444,0.2490509397449376,0.00015254280236757294,0.0037044753526751127,0.11812811701647187,9.132018034289243e-07,0.08702988096468167,15.962874780623043,0.045351473922902494,3.4769614512471656,32.18537411417131,nan,nan,nan,0.004515235545232577,1.0611151410156925,-20.211093833447663,-1.000151903819357,2593.922902494331,-16.9630266844424,6270.54367999413,11219.158233370976,10636.370372985164,0.5122138073033762,1.0286053504844164,18800.45473727493,54.52608095417879,0.5091353228878116,4198,4198,1
library/synth/wav/riser__lib__0027.wav,riser,lib,0027,2292.312925170068,0.8356384519754702,0.15398918764471292,1.5072926707092538e-06,0.0006622337608504443,0.009708553097989453,6.622830627709132e-08,0.6230325225671661,16.898452847050443,0.13605442176870747,2.2957369614512473,32.46558611847374,32.18537411417131,nan,nan,0.004375000159420588,0.9535837269643076,-22.87636191960246,-0.9998544876801003,1667.0068027210884,-17.898307334730543,5891.87654667244,12279.632582963171,10852.269612691864,0.4255010406282291,1.0870591068177389,19199.542236328125,nan,0.5647318522135417,2782,2782,1
library/synth/wav/riser__lib__0028.wav,riser,lib,0028,2030.7482993197282,0.7211718172900883,0.2589332749338415,2.0452357800931157e-06,0.0006590446213943877,0.019233801876649217,1.6042246537160225e-08,0.4162055191057096,16.93821996540615,0.045351473922902494,2.0433786848072564,32.937671572591746,nan,33.707553150554745,nan,0.004454976346850221,0.9569226368427766,-21.78897381383699,-1.000151903819357,1483.5827664399092,-17.93837186922551,6033.207219425496,11789.789463708106,10886.506593958962,0.45606865443236977,1.1037326660424778,19023.71750962678,739.7643901809338,0.539090269549763,2448,2448,1
library/synth/wav/riser__lib__0029.wav,riser,lib,0029,5547.823129251701,0.2529338010486535,0.0978186933830206,2.603800968019567e-06,0.0029756666557942575,0.6462689060932092,3.2901835461512435e-07,0.06139582489131207,16.054797385690147,0.11337868480725624,5.560385487528345,474.9614678739504,272.793728416892,272.793728416892,275.9634388589709,0.010242214016582938,4.386192443225579,-18.000176027975858,-1.000151903819357,4163.446712018141,-17.054949289509505,6485.627628949427,10796.08079349965,9969.725347986865,0.23502826299338173,0.9300722288411087,18664.242617733828,4589.709415250104,0.29951786494755245,6644,6644,1
library/synth/wav/riser__lib__0030.wav,riser,lib,0030,4421.791383219954,0.1632633035481626,0.3943447551326508,5.492944302013987e-07,0.0005418236733503654,0.4418494058457382,1.6250566785565807e-07,0.13292695255672216,15.264485951435145,0.11337868480725624,4.432403628117914,773.8120314841533,355.8190642796383,343.6985607117474,341.71900266752874,0.019503549842165586,3.336187448908934,-16.276137530668507,-0.9998544876801003,3240.975056689342,-16.264340439115244,6517.226063606553,10708.93644825315,9661.022560003206,0.15101753290089456,0.9329861993147903,18632.089092548078,nan,0.20005902300824177,5288,5288,1
library/synth/wav/riser__lib__0031.wav,riser,lib,0031,4132.539682539683,0.6447417500227508,0.253827790884434,4.719621735565167e-06,0.0007930788553817996,0.10063264250999482,1.8105703004133645e-08,0.06609569092976463,15.961619481642707,0.045351473922902494,4.135804988662131,32.37182208966152,nan,nan,nan,0.004322429975878969,1.05408706078487,-20.199671638878808,-1.000151903819357,2941.700680272109,-16.961771385462065,6234.690774246461,11296.386482858155,10658.584816152075,0.49761226283767684,0.9986989685259609,18848.696927935165,46.18720555652453,0.5150500146028038,4976,4976,1
library/synth/wav/riser__lib__0032.wav,riser,lib,0032,6168.185941043083,0.1772731176919271,0.5709994191575894,4.537854247835998e-05,0.006017955804012313,0.24566392707986612,2.0172412669282008e-07,0.1436469953138268,15.652486697576034,0.09070294784580499,6.173469387755102,621.3113863398103,179.97674132766073,175.8660668746354,173.84607280989715,0.017513309187680758,1.9885454193360634,-16.811087927144843,-0.9998544876801003,4309.433106575963,-16.652341185256134,6461.257310091534,11016.936411832692,9512.459768320005,0.15320435929656798,0.9522931076523978,18794.247508612203,3082.9038852024787,0.21484913262795274,7382,7382,1
library/synth/wav/riser__lib__0033.wav,riser,lib,0033,5577.34693877551,0.5906446573724697,0.3519717954041587,3.992094946703723e-05,0.0012697227170106423,0.056073852127187886,5.1429706000975594e-08,0.24034923842806435,16.731971914943628,0.022675736961451247,5.587528344671202,32.46558611847374,nan,nan,nan,0.0058362403269251045,1.0329439044416313,-20.617984219616904,-0.9998544876801003,3771.043083900227,-17.731826402623728,6089.68793866959,11879.372574867419,10307.39797168618,0.35735164598191604,0.9829534644925517,19098.4130859375,63.707816180934586,0.4928535700675087,6670,6670,1
library/synth/wav/riser__lib__0034.wav,riser,lib,0034,2514.3083900226757,0.7747079656724342,0.20013677328767687,1.007148402076157e-07,0.0001363847792645709,0.025018764513413092,1.1032371094653372e-08,1.194327796341689,15.629222753914803,0.31746031746031744,2.530770975056689,1193.3812917857715,601.8805280172077,558.3399591246119,542.4451043119591,0.01658689899622018,0.12515884550104747,-19.910572776092952,-0.9998544876801003,1911.2018140589569,-16.629077241594903,6267.52500711946,11934.675060070987,10065.656609298872,0.11888189417306233,1.0494332542710336,19261.36737530048,6262.195904652651,0.2869666466346154,3022,3022,1
library/synth/wav/riser__lib__0035.wav,riser,lib,0035,2245.78231292517,0.8109574546153683,0.17573731032757725,4.513105097480514e-08,2.038900730021941e-05,0.013284775209437482,2.570926585065597e-08,2.083173882460624,14.10548629845897,0.06802721088435373,2.268798185941043,1423.3000008431595,871.0831728136762,789.6119426088657,776.0468820533237,0.05798057013327314,0.0555810590688341,-20.02285430448957,-1.000151903819357,1729.9092970521542,-15.105638202278326,6211.489542916661,11927.766050604725,9799.884415599538,0.06879436627200844,1.0518431391553322,19316.291140292553,nan,0.2926799368351064,2724,2724,1
library/synth/wav/riser__lib__0036.wav,riser,lib,0036,2837.732426303855,0.1366398260949616,0.05369953461675757,2.207391989510006e-06,0.005915984407655135,0.8037424241096244,2.3379011857604607e-08,0.13409105311183592,15.484193353186708,0.15873015873015872,2.8463265306122447,545.587456833784,260.4748011782877,250.15295191916698,245.8554739330571,0.030169527684588787,3.513958570629009,-16.90869338425982,-0.9998544876801003,2211.24716553288,-16.484047840866808,6642.7656797422605,10413.762614025616,9571.430445773158,0.13893224639248788,0.9511893979952981,18537.86797277706,nan,0.17431472830756015,3380,3380,1
library/synth/wav/riser__lib__0037.wav,riser,lib,0037,3304.648526077098,0.8116465847876273,0.18036996759568313,4.847288024213647e-05,0.0010446890227886402,0.006890203500281369,8.22133774834312e-08,0.3604645260749933,16.433685506257284,0.15873015873015872,3.343378684807256,32.7479645438968,nan,nan,nan,0.004228571510725109,0.9817260696174621,-22.14575193779887,-1.000151903819357,2467.3015873015875,-17.43383741007664,5913.595142241202,12131.464838282238,10812.721711309605,0.4558510112497001,1.0644597749471338,19153.6611328125,1451.7000657686558,0.5612025669642857,4070,4070,1
library/synth/wav/riser__lib__0038.wav,riser,lib,0038,4580.5895691609985,0.07962908617054333,0.03171080574071747,0.0005222066172611648,0.15928656291925974,0.7288505115075341,8.270446842661894e-07,0.049284495893811155,13.695329102403175,0.15873015873015872,4.588548752834467,266.5631110489104,128.0,123.63985010238022,122.21972530053333,0.10456376297211382,20.610886477332855,-17.62477973192644,-0.9998544876801003,3372.358276643991,-14.695183590083275,6858.961659746795,9906.763210458217,9037.513059491414,0.09104234636124996,0.8982072591315041,18367.500874533584,52.61313814476991,0.11897092384061833,5452,5452,1
library/synth/wav/riser__lib__0039.wav,riser,lib,0039,3309.229024943311,0.5316383608097659,0.39866010286790093,2.3954536094033246e-07,0.00029802735889748576,0.06940323475245058,3.466562418971904e-08,0.21603896064003658,16.90919316105616,0.06802721088435373,3.3218367346938775,1921.921017182501,nan,nan,nan,0.00591304540280847,1.0334765025237735,-20.208281495921554,-0.9998544876801003,2626.6213151927436,-17.90904764873626,6145.695131940164,11548.862005161362,10595.208766289616,0.3650953696931393,1.0087081816451313,18933.49014945652,nan,0.4792416779891304,4004,4004,1
library/synth/wav/riser__lib__0040.wav,riser,lib,0040,5261.111111111111,0.6227088613037199,0.3382090103472297,2.5239350785425984e-06,0.0006571432036317,0.03842244793136192,1.3278978107008914e-08,0.2463229269027817,17.122900391965306,0.06802721088435373,5.2674149659863945,32.18537411417131,nan,nan,nan,0.005036901483016232,1.022181628046234,-21.283940614549856,-0.9998544876801003,3775.6916099773243,-18.122754879645406,6040.020030709817,11912.899581775457,10434.670763776374,0.3721926652903448,0.9907672116142265,19071.90238699262,57.74436206160653,0.5093629281019373,6296,6296,1
library/synth/wav/rumble__lib__0001.wav,rumble,lib,0001,216.5079365079365,1.1591181731534087e-09,6.211669542355626e-10,0.4718240894303292,0.003129283668192377,1.4864051556334407e-06,0.5250451387160378,1.2344388159157351,14.540798719512775,3.5374149659863945,0.25811791383219956,nan,nan,nan,nan,0.014045562227308328,226.5039477332657,-42.20979781497904,-1.000151903819357,148.20861678004536,-15.540950623332133,1857.5800743987947,588.7382322021342,243.80609288695075,8.163427865808621e-05,0.10177290407968968,794.1785310444079,1607.066433559497,0.002479954769736842,26,446,0.9961
library/synth/wav/rumble__lib__0002.wav,rumble,lib,0002,92.29024943310657,6.834037802498055e-10,2.6134842083356682e-08,0.23115027187812598,0.02249314668867913,0.00025379122332888133,0.7461027633916203,3.7207503883696678,13.00989487875211,4.104308390022676,0.19151927437641722,43.713288216140654,47.669678819926474,42.7148753334411,45.254833995939045,0.01631273665057674,24.26490084374398,-38.976709016551574,-0.9998544876801003,62.38095238095239,-14.00974936643221,2366.1778771467793,1024.9043799476683,514.8367306191345,0.0005921498093523325,0.13728545316526058,2037.6790364583333,546.2611264085986,0.0023389274691358024,100,232,0.9778
library/synth/wav/rumble__lib__0003.wav,rumble,lib,0003,217.27891156462584,7.71950244007645e-10,5.436313285246614e-10,0.31677567693799225,0.006116414156182789,8.771627213245137e-06,0.6770991359630303,1.031048365155336,12.70616714681056,4.01360544217687,0.2435827664399093,46.58090185094999,44.735037893728624,46.04587456034624,nan,0.018468422655087243,138.13400116596398,-41.72759070733963,-1.000151903819357,93.83219954648527,-13.706319050629919,1733.7177616359243,519.1163718906657,397.36329193032344,5.6161612573838314e-05,0.10264666243571913,664.453125,1793.8628235434637,0.002280667701863354,40,536,0.9919
library/synth/wav/rumble__lib__0004.wav,rumble,lib,0004,76.55328798185941,4.738406352825193e-10,3.803945318839373e-10,0.5352526236986519,0.029642788363049666,0.0001953075895481925,0.4349092794945148,0.861679746383239,10.296435657084341,3.560090702947846,0.18886621315192745,55.39433990439315,56.3626159101535,54.75808164368654,nan,0.0407167356656902,94.77114071327814,-35.46776174284944,-0.9998544876801003,52.8344671201814,-11.296290144764441,1528.5062536703333,439.63857122646135,410.1867815573875,2.9417328627992392e-05,0.11729996314120611,420.24034633757964,1561.698313718471,0.002456956608280255,308,722,0.9854
library/synth/wav/rumble__lib__0005.wav,rumble,lib,0005,108.61678004535148,5.251197841738723e-10,4.564777121752108e-10,0.20414366290147024,0.011930043967472612,5.755793802737641e-05,0.7838687342114322,2.435427681649171,11.328809492327899,5.623582766439909,0.14839002267573695,44.22121215896883,45.51699258231301,45.254833995939045,50.21338226539205,0.03411180850791381,96.61600246961211,-39.77372325540275,-0.9998544876801003,73.90022675736961,-12.328663980007999,1991.2736263394395,727.5602363538627,420.5353316939047,0.0001499311201001684,0.0832483016036763,1272.900894007732,779.4214765693965,0.001927955863402062,64,332,0.9941
library/synth/wav/rumble__lib__0006.wav,rumble,lib,0006,173.74149659863946,1.1327333827962326e-09,7.644002514910055e-10,0.2630307873625457,0.012600146728674867,6.590478679807296e-06,0.724362473532966,2.4926464025041533,14.896199689208874,5.850340136054422,0.19938775510204082,43.96651671865885,45.51699258231301,42.224253144732614,47.12214585921682,0.015909994405479726,38.196923200174254,-42.20851984041262,-1.000151903819357,136.89342403628117,-15.896351593028232,2086.118368216308,788.23465751441,438.07950756265495,0.00024367847696593278,0.10419679999477191,1370.077237215909,811.3702740563549,0.0022095959595959595,26,306,0.9932
library/synth/wav/rumble__lib__0007.wav,rumble,lib,0007,170.2721088435374,3.468744961090679e-10,2.2826727075481517e-09,0.213592836998315,0.02085205681657321,0.0003484287695617667,0.7652066747860027,0.6201124087020925,9.025421470061442,4.535147392290249,0.2780045351473923,44.477383034954784,44.735037893728624,42.962320088968426,46.3126155980921,0.02657242189113456,88.61560463186541,-34.86950745005789,-1.000151903819357,106.19047619047619,-10.025573373880798,1261.8240352522653,320.70172684767044,502.6167314260517,1.246366364106979e-05,0.17217225042302006,243.145751953125,1455.416713491867,0.0019327799479166667,152,748,0.9992
library/synth/wav/rumble__lib__0008.wav,rumble,lib,0008,130.7482993197279,7.77968617844158e-10,4.533880583793362e-10,0.232583224563832,0.004046992821623421,5.006785305305764e-06,0.7633647745978827,2.376749730812845,13.088013617297426,5.26077097505669,0.1773469387755102,44.735037893728624,45.51699258231301,45.254833995939045,nan,0.026300655446116258,174.1642221859495,-43.60722163274548,-0.9998544876801003,92.26757369614512,-14.087868104977526,2056.2010477059885,752.6981346397678,437.49371028972274,0.00014572762021553242,0.08267249479816031,1266.4478975183824,890.1348902100705,0.001967486213235294,102,286,0.9952
library/synth/wav/rumble__lib__0009.wav,rumble,lib,0009,80.97505668934241,8.46413982535387e-10,4.772833098121629e-10,0.3824507354102938,0.010214748166787059,2.173640747763737e-05,0.6073127786917443,1.5259374392934169,13.253385344186196,4.875283446712018,0.09698412698412698,50.50426542967306,47.39512167317005,50.79683366298238,nan,0.02955701261967638,114.97222442647987,-41.541612125270646,-0.9998544876801003,61.36054421768707,-14.253239831866296,1945.8914078498453,651.2030989719135,405.6228508577908,7.314722827237974e-05,0.09341224561404916,1028.3687815946691,1498.2330761844487,0.002265481387867647,28,344,0.9865
library/synth/wav/rumble__lib__0010.wav,rumble,lib,0010,207.32426303854876,7.331871921761651e-10,7.55455294073671e-09,0.3521941005860578,0.02467790360954213,0.00016864144361539973,0.6229593460730446,1.7351703990100442,12.48567292612297,4.512471655328798,0.24448979591836734,47.25863376619344,43.46151820247428,47.12214585921682,48.223573807186426,0.022964724502171286,31.0181660654335,-38.072510514819335,-1.000151903819357,151.97278911564626,-13.485824829942327,1775.8972434963732,625.8047305101419,520.297762035617,0.0001657848916501687,0.17598679271448617,941.2531672297297,981.8522035955679,0.0025689752252252254,72,324,0.9982
library/synth/wav/rumble__lib__0011.wav,rumble,lib,0011,102.94784580498866,2.933541208246412e-10,1.4233463491800995e-09,0.20537634196792773,0.02144253494873655,0.0007362955797648818,0.7724448257868703,0.814553384405687,8.114108479549213,6.462585034013605,0.12020408163265306,44.22121215896883,43.96651671865885,46.58090185094999,54.442698300854765,0.03413959190536105,129.8880237861772,-33.69099139761627,-1.000151903819357,51.7687074829932,-9.114260383368569,1349.6408430575082,358.2567224019308,410.3999906472149,1.7946467801398415e-05,0.14429412261970334,293.0458470394737,1229.5000713268007,0.00193843984962406,264,672,0.9923
library/synth/wav/rumble__lib__0012.wav,rumble,lib,0012,119.8185941043084,3.8710177024480737e-10,1.4105764841971594e-09,0.224963085004679,0.021016580759632735,0.00040082366073444857,0.7536195087772757,1.0106231597167243,9.491535617480068,4.761904761904763,0.17573696145124718,44.477383034954784,45.51699258231301,45.254833995939045,51.0910967268256,0.025667782580001918,70.84509386612152,-35.74769509576224,-1.000151903819357,83.19727891156462,-10.491687521299424,1466.6423328591104,417.89844153344933,474.97550297112423,2.9172816520606677e-05,0.14375579486670556,400.927734375,1271.4983037561399,0.001968625992063492,228,580,0.9979
library/synth/wav/rumble__lib__0013.wav,rumble,lib,0013,81.56462585034014,2.3030389371942588e-10,6.525512839363599e-07,0.2978589152842056,0.05044134429554325,0.003464386799716136,0.648234700838947,1.119609678980963,7.2675120270526445,8.36734693877551,0.12217687074829932,48.223573807186426,46.3126155980921,47.669678819926474,52.892820361869546,0.05637289432571629,72.87125975570203,-29.759280851008818,-0.9998544876801003,49.342403628117914,-8.267366514732744,1405.958651299773,418.05639664319654,463.3020647252776,2.5644577539932437e-05,0.1833101711578252,430.4646809895833,910.9867150218888,0.002152054398148148,332,636,0.9901
library/synth/wav/rumble__lib__0014.wav,rumble,lib,0014,59.93197278911565,3.0718478361085054e-10,3.1723870262293286e-08,0.3615217022922136,0.06972332163638306,0.0034043820659116863,0.5653505619744366,4.268627607992294,9.59759244159781,7.165532879818595,0.08623582766439909,51.239080583040845,50.79683366298238,51.0910967268256,59.37018348424381,0.04110713254131767,17.68797599226437,-31.325591173988162,-0.9998544876801003,41.26984126984127,-10.59744692927791,2501.988752825485,1126.2997459380533,445.5549590082705,0.0006211519022516081,0.16910861533756963,2354.583984375,498.9543593799005,0.00236328125,114,250,0.953
library/synth/wav/rumble__lib__0015.wav,rumble,lib,0015,99.29705215419501,4.974822278800311e-10,4.645965609767135e-10,0.20346835765883522,0.011753169218173517,0.00015316109527144486,0.7846253110656412,3.9918185324276814,11.760669899689127,5.759637188208617,0.13956916099773242,43.713288216140654,45.254833995939045,44.735037893728624,53.5074053304646,0.03448727880664921,64.20206061160576,-39.946153327717795,-1.000151903819357,68.86621315192744,-12.760821803508485,2363.3280782470583,1016.1575424921228,453.81693261760404,0.0005405135556373796,0.09936187083509013,2126.473721590909,535.9470597476114,0.0019214184253246753,64,238,0.9886
library/synth/wav/rumble__lib__0016.wav,rumble,lib,0016,77.05215419501134,9.009053581474633e-10,1.0232801940522726e-09,0.5573451387663446,0.02036566516375475,6.766908956889385e-05,0.4222215250561463,4.5568178320852155,14.656458939967532,4.444444444444445,0.09925170068027211,nan,nan,nan,nan,0.02075035648352552,16.512530374829268,-40.018704516617646,-0.9998544876801003,53.53741496598639,-15.656313427647632,2612.894053856881,1216.947561461913,342.986972234872,0.0008828250916595859,0.08799385439654327,2706.29296875,522.4676065120119,0.0026497395833333334,30,216,0.9399
library/synth/wav/rumble__lib__0017.wav,rumble,lib,0017,66.25850340136054,7.680593271800101e-10,6.235648878225908e-10,0.3082020508966803,0.015128075211657575,7.670210737405905e-05,0.6765931703926638,2.774900733382366,13.226428977608483,3.5147392290249435,0.11766439909297052,44.99418533191518,46.850742270260014,44.477383034954784,49.06650702942722,0.015692240908898123,39.68064229121778,-39.880258180763995,-0.9998544876801003,50.58956916099773,-14.226283465288583,2215.465142873496,876.3040380491025,332.82908497848507,0.00031701611638164677,0.09712633519674074,1630.810546875,884.13796086504,0.0022520727040816328,88,278,0.9576
library/synth/wav/rumble__lib__0018.wav,rumble,lib,0018,223.46938775510202,8.382043312424937e-10,4.930483565011087e-10,0.3835333621900311,0.00900612956555966,4.6166638336341954e-05,0.6074143402748203,1.4248734731925061,13.080315210025391,4.5578231292517,0.24884353741496598,49.63663237867951,41.25984987006653,49.350746413054104,nan,0.026591442389834664,124.39744921932952,-41.05327719209139,-0.9998544876801003,167.89115646258503,-14.080169697705491,1838.736936579511,599.86370301784,453.8190734425895,7.079420979456413e-05,0.11021770340684395,894.4314074160447,1226.7045576863945,0.002379460121268657,38,38,0.9946
library/synth/wav/rumble__lib__0019.wav,rumble,lib,0019,140.68027210884355,2.8596736557190724e-10,2.6908424605938394e-08,0.1946532744632969,0.018043458923116287,0.0007061005083775778,0.7865971389108174,2.1513867630554016,8.444189820560087,6.8480725623582765,0.1946938775510204,43.46151820247428,43.96651671865885,43.713288216140654,45.254833995939045,0.04302537139253099,142.79235200949987,-34.143477697533406,-1.000151903819357,99.63718820861678,-9.444341724379443,1633.0652892799742,570.5993818620867,502.1366874142629,7.258178294106253e-05,0.16279008187878466,931.6353303840361,585.6576830361709,0.0019295933734939758,204,368,0.9985
library/synth/wav/rumble__lib__0020.wav,rumble,lib,0020,215.98639455782313,7.402045728289446e-10,3.773208085874413e-08,0.5091544857020093,0.028776598806172823,0.0003743163979154457,0.46169456062161685,2.2302554198689313,12.80974260049534,3.2426303854875282,0.22975056689342405,53.5074053304646,55.39433990439315,50.21338226539205,56.68912122255107,0.030823995330108316,29.557276550448247,-37.32119765859772,-0.9998544876801003,154.7392290249433,-13.80959708817544,1917.0689163163759,724.885820830674,518.9408553701109,0.0001827168826490261,0.18685702214012304,1297.9248046875,813.5595427189943,0.0027553013392857145,40,208,0.997
library/synth/wav/rumble__lib__0021.wav,rumble,lib,0021,170.04535147392292,3.1998814252322e-10,2.1352082460451022e-09,0.20139754276708066,0.021032480379712667,0.0005004044261566266,0.7770695699718536,0.6921130617446819,8.52190617261218,4.9433106575963714,0.37299319727891156,44.22121215896883,43.713288216140654,42.46885575483417,45.78066983792827,0.03044373591050084,123.00683126547365,-34.10984083507793,-1.000151903819357,102.26757369614513,-9.522058076431538,1260.248094505508,328.55135292636805,497.5204125805546,3.0126563499060607e-05,0.1694214877466834,215.81411788712686,1266.212397512047,0.0019312616604477612,240,660,0.9992
library/synth/wav/rumble__lib__0022.wav,rumble,lib,0022,128.86621315192744,5.26170828923891e-10,2.925232524625237e-10,0.19527911353949676,0.001869922239134224,3.3723608522808062e-06,0.8028475910418227,3.868991272895308,11.88958275532266,5.238095238095238,0.16058956916099773,44.735037893728624,45.51699258231301,46.04587456034624,nan,0.03110348152200649,669.9011610325845,-43.669975307390665,-1.000151903819357,89.88662131519274,-12.889734659142016,2295.0891703238212,961.1338383853736,404.08079345871374,0.00043295345408005576,0.06850963703189997,1953.369140625,494.3320065733741,0.0019150771103896105,32,202,0.9808
library/synth/wav/rumble__lib__0023.wav,rumble,lib,0023,163.26530612244898,4.2091479430353404e-10,2.0589161287312366e-08,0.2381541044941001,0.027500640689255534,0.0006453999477846494,0.7336998338587837,1.002316454653531,9.836568729914243,5.487528344671201,0.2836734693877551,41.98105934199836,nan,39.624843532078096,44.99418533191518,0.013990685844531055,34.75741106767257,-34.143749425107536,-0.9998544876801003,90.52154195011337,-10.836423217594342,1447.7826904772032,431.3669942188459,307.0315337945924,6.416685711496651e-05,0.19438256016592936,505.517578125,1313.7418467908333,0.002146887400793651,146,562,0.9979
library/synth/wav/rumble__lib__0024.wav,rumble,lib,0024,164.98866213151928,5.02988292308479e-10,4.995718804940353e-10,0.30700137944933165,0.012989265538733016,0.0001647648793203446,0.6798445891300547,3.8992604806312943,11.570947445864038,3.7414965986394555,0.16900226757369616,48.502930128332736,46.850742270260014,48.502930128332736,54.75808164368654,0.06188422021918065,214.5788478909526,-39.83683434560567,-0.9998544876801003,98.0952380952381,-12.570801933544137,2208.8283447652652,943.5173726482319,477.4028213184157,0.0004413865763081092,0.11713229842089684,1940.572265625,467.97480262686025,0.0021419270833333334,86,224,0.9941
library/synth/wav/rumble__lib__0025.wav,rumble,lib,0025,211.26984126984127,1.0989987758986586e-09,6.048221671639079e-10,0.316001301133955,0.020035539116862428,1.2334257586042462e-05,0.6639508237877756,0.9314767225487669,14.068311793369507,5.192743764172335,0.22868480725623583,44.99418533191518,47.94582646005381,45.78066983792827,46.04587456034624,0.016214362310602953,78.01196396908657,-40.226803932803136,-1.000151903819357,186.57596371882087,-15.068463697188864,1692.7204459068412,507.47411004664605,293.497972732082,5.763417529347988e-05,0.116461275894383,559.3505859375,1791.521350147744,0.0024472191220238095,84,354,0.9967
library/synth/wav/rumble__lib__0026.wav,rumble,lib,0026,175.98639455782313,6.433510494882879e-10,3.5687263673910276e-10,0.20380120288328935,0.005912494214292005,2.963612071436216e-05,0.7902566657814806,1.1373236113107508,11.890942751983197,6.4852607709750565,0.1826530612244898,41.73926623249805,nan,nan,nan,0.015354870192247254,133.5516758693561,-40.81308958568832,-1.000151903819357,123.6734693877551,-12.891094655802554,1661.3195044244194,488.6812137353498,438.81232282219327,3.8736952700050065e-05,0.11309560440697114,623.8248697916666,1412.106760760204,0.0019820601851851852,60,480,0.9978
library/synth/wav/rumble__lib__0027.wav,rumble,lib,0027,120.54421768707483,6.860113094092327e-10,4.2121066433147315e-10,0.4467106843200311,0.010421735257474387,2.4524759870700238e-05,0.5428430545554018,3.564375462931657,13.019122999064436,7.4603174603174605,0.13712018140589569,49.637460438955,nan,nan,nan,0.017539829773357697,30.195423943424842,-39.69739110071003,-1.000151903819357,101.54195011337869,-14.019274902883794,2276.280273494518,957.3129735965763,434.20682612103195,0.0004315809983074855,0.10231458847821105,1915.4173333960844,600.2266092442655,0.0023708113704819277,124,230,0.9747
library/synth/wav/rumble__lib__0028.wav,rumble,lib,0028,103.7641723356009,7.048234206980633e-10,5.064757811290796e-10,0.23864142560693152,0.00439864422392345,1.1212525400644407e-05,0.756948716432445,2.0827754756652594,12.46789246057348,5.328798185941043,0.10931972789115646,45.51699258231301,45.254833995939045,46.58090185094999,nan,0.02322400025040228,214.00926825290225,-42.75568414169829,-1.000151903819357,82.8344671201814,-13.468044364392837,2018.5520031334338,722.6260120042169,426.8939645970215,0.0001570664866337113,0.08602599421274901,1256.0394287109375,1016.7091407832622,0.0019662039620535715,58,312,0.9887
library/synth/wav/rumble__lib__0029.wav,rumble,lib,0029,202.10884353741497,1.8483796801251704e-09,9.875634504437463e-10,0.557795908352884,0.05163049407882058,1.61154079330101e-05,0.3905574793244192,1.8976301671309617,16.676322143899135,3.1519274376417235,0.2063265306122449,55.715236050951944,58.350239267725875,54.442698300854765,55.39433990439315,0.017996123603947943,21.17366260852479,-40.06677906862011,-1.000151903819357,158.07256235827663,-17.676474047718493,2033.9431579170227,752.8573173820404,449.69409701796474,0.000194149814693324,0.11315448689485129,1326.05700883709,1074.8026147359974,0.0030897797131147543,6,254,0.9937
library/synth/wav/rumble__lib__0030.wav,rumble,lib,0030,102.94784580498866,7.251358830772125e-10,4.643794353721473e-10,0.24409530236255014,0.004153007473807542,6.157929709537228e-06,0.7517455310444173,3.661774408510223,13.400157988702631,4.988662131519274,0.1082312925170068,45.51699258231301,44.22121215896883,46.04587456034624,nan,0.022036840867178255,132.45685641114807,-43.62077790208666,-1.000151903819357,76.05442176870748,-14.400309892521987,2430.3609066060076,1023.9351329742148,393.36007701245876,0.0004739683276445379,0.07059746074485168,2007.2021484375,654.6913071672952,0.002028692336309524,40,236,0.968
library/synth/wav/rumble__lib__0031.wav,rumble,lib,0031,118.843537414966,7.281066824517418e-10,2.7559880159558693e-09,0.3520888466350003,0.012983217266527116,9.470767442759786e-05,0.6348332249399502,4.038732217055764,13.405100884434802,7.437641723356009,0.1362358276643991,47.80775263999014,40.31747359663594,48.502930128332736,54.129131432412706,0.018766014131658525,29.852740993117504,-40.47655988148484,-1.000151903819357,97.73242630385487,-14.40525278825416,2344.2819897215973,1029.338031853046,435.0551681919053,0.0005753173998082546,0.12131343295812701,2207.7199835526317,531.5310571147862,0.0022936369243421054,90,222,0.982
library/synth/wav/rumble__lib__0032.wav,rumble,lib,0032,164.82993197278913,7.299233516202096e-10,4.639127771606924e-10,0.22760549608379174,0.011316113379733633,3.138535348554717e-05,0.7610470039891531,1.8128044845234947,12.70428740237029,5.079365079365079,0.2124263038548753,43.21119827738208,48.502930128332736,40.55103034518599,48.502930128332736,0.014768982944269423,52.24990066139982,-40.14497044595397,-0.9998544876801003,129.34240362811792,-13.70414189005039,1885.1654897035328,651.2528854409643,220.54541581460745,0.00015874675104504232,0.1228345757823404,993.3606599506579,1072.6890340833613,0.0020644873903508773,28,352,0.9943
library/synth/wav/rumble__lib__0033.wav,rumble,lib,0033,214.85260770975057,4.5357717140667673e-10,8.608391143732279e-08,0.3200620017550667,0.02449454157783615,0.00046629810187374536,0.6549770720277348,1.9667493476427986,10.416819922796082,5.28344671201814,0.2515419501133787,48.78390474418438,47.669678819926474,48.502930128332736,51.0910967268256,0.0514684665091776,105.88008783197834,-36.777321169654115,-0.9998544876801003,128.29931972789115,-11.416674410476181,1748.3842244603231,615.46950059301,540.6613912240114,0.00011354373948397837,0.17141062535082938,958.6761474609375,741.1732814224971,0.0021464029947916665,70,332,0.999
library/synth/wav/rumble__lib__0034.wav,rumble,lib,0034,114.21768707482994,6.328227593806121e-10,5.069402149812505e-10,0.5301942808120998,0.023291727070823106,0.0001155687822041103,0.44639842219511006,2.6777299732331237,12.189488275596858,4.331065759637188,0.1280952380952381,55.39433990439315,55.715236050951944,55.715236050951944,nan,0.08087339130709466,116.17157487425425,-38.37626284072122,-1.000151903819357,89.63718820861678,-13.189640179416216,2087.8235833517247,816.9484000206603,463.4046043704887,0.000222011817630354,0.09885593341404965,1537.5151014819587,745.4314466007459,0.0024464400773195876,126,354,0.9946
library/synth/wav/rumble__lib__0035.wav,rumble,lib,0035,174.98866213151928,1.0128790472584025e-09,6.291821410774413e-10,0.18672179188308538,0.0014804473151096168,6.871641858994885e-07,0.8117970719955578,2.384359124690247,14.254323264742148,5.442176870748299,0.2054421768707483,44.22121215896883,45.51699258231301,42.224253144732614,47.12214585921682,0.025389328745445517,458.8660800769973,-45.93097005369682,-1.000151903819357,135.12471655328798,-15.254475168561505,2104.3926580811963,767.6166104898574,290.36230749605124,0.00019166632455151167,0.06812238228106911,1340.4941595873786,808.6190033086989,0.001924681432038835,50,144,0.9954
library/synth/wav/rumble__lib__0036.wav,rumble,lib,0036,205.41950113378684,5.297001870914962e-10,3.298655831681725e-08,0.23794750094420491,0.025824771456779038,0.00028466385854784897,0.7359430302242097,1.2237449640993108,10.983259513764864,6.00907029478458,0.33988662131519276,44.477383034954784,46.58090185094999,44.99418533191518,44.99418533191518,0.02256586486587246,52.370434763685815,-36.40710822123599,-1.000151903819357,137.02947845804988,-11.98341141758422,1533.809067757716,478.45441125203155,517.8757026790238,5.6632468769975015e-05,0.18189169322351895,611.1237382466815,1024.347912444035,0.0022383158185840706,120,342,0.9992
library/synth/wav/rumble__lib__0037.wav,rumble,lib,0037,73.74149659863946,1.2311053106370872e-09,7.567305762539602e-10,0.38313245951399677,0.007864688092278771,6.474012433093875e-06,0.6089963763934555,3.6822062217590794,15.794252463655475,4.01360544217687,0.10047619047619048,49.63663237867951,nan,nan,nan,0.02023948477229829,91.06672582040515,-44.326840601297036,-1.000151903819357,58.45804988662132,-16.794404367474833,2570.310482972906,1107.6833143236568,281.0602080877417,0.000502359836583299,0.07768589801531746,2200.3468480603447,793.9133098855821,0.0023403825431034483,14,218,0.946
library/synth/wav/rumble__lib__0038.wav,rumble,lib,0038,81.63265306122449,5.76303303185579e-10,8.984971610754314e-10,0.5616756199360617,0.03809461111443564,0.0002231085315183355,0.4000066589431838,0.8015395114270422,11.2200177532531,5.28344671201814,0.08736961451247166,56.03799112997665,58.350239267725875,nan,nan,0.023275050161287437,57.661280823299656,-35.23322535848109,-1.000151903819357,57.14285714285714,-12.220169657072457,1499.2726248162585,436.8747551143056,464.5911770582083,3.5649647802012604e-05,0.14917477772332954,464.1007133152174,1720.5174140348552,0.002817473796583851,64,772,0.9911
library/synth/wav/rumble__lib__0039.wav,rumble,lib,0039,217.32426303854876,7.343729707719509e-10,5.480521005982492e-09,0.37745257473958455,0.021393346549607152,0.00037080228873123585,0.6007832702071831,2.0248834935761364,12.78227856373927,4.172335600907029,0.24170068027210884,50.21338226539205,49.9241744648559,49.63663237867951,55.39433990439315,0.03003349406152958,47.616155578757066,-38.37366024170046,-0.9998544876801003,157.2562358276644,-13.78213305141937,1879.3118308577054,689.7019717861775,333.8784823118193,0.0002824981051914568,0.17396988524584664,1155.6829488502358,958.8076904816741,0.0025151090801886792,46,300,0.9966
library/synth/wav/rumble__lib__0040.wav,rumble,lib,0040,210.34013605442175,5.419607070935852e-10,3.475705545970527e-10,0.2544508958927073,0.019809100394953764,8.9179433688485e-05,0.7256508233891191,0.7049872495773247,10.849136371654911,5.623582766439909,0.3069387755102041,44.477383034954784,47.12214585921682,45.254833995939045,44.477383034954784,0.020253308515605778,67.0974998890224,-37.249600201897046,-1.000151903819357,134.7392290249433,-11.849288275474269,1400.9080483142673,372.3130645124974,473.47926004908663,1.752509787506789e-05,0.1456705372344194,250.14870383522728,1594.8218464255792,0.0021877536525974025,122,550,0.999
library/synth/wav/stab__lib__0001.wav,stab,lib,0001,6.099773242630386,4.788269344581762e-05,0.0018863078829080083,0.8112038662403442,0.13377084564197952,0.040439707097220855,0.012651390444101518,1.7143738138539037,9.395053320174497,5.510204081632653,0.08351473922902494,83.96211868399672,83.96211868399672,83.4785324649961,83.96211868399672,0.47603107375052334,17.74870998234486,-23.507212097721506,-0.9998544876801003,1.383219954648526,-10.394907807854597,1464.159084405631,642.476955072961,843.1076822429864,5.051976924508604e-05,0.20742344641567131,1008.6605674342105,383.358274306317,0.005538137335526316,116,236,0.3692
library/synth/wav/stab__lib__0002.wav,stab,lib,0002,12.154195011337867,2.9774166040492924e-06,0.0008212219518626321,0.8740997586106667,0.07754967396938223,0.04158509341625546,0.005941274635228962,1.8659784681017821,7.001162619520291,5.328798185941043,0.052290249433106575,86.42239655476416,86.42239655476416,86.42239655476416,86.92303640494856,0.4728333856995831,76.80924534630527,-21.60303644011467,-1.000151903819357,2.7437641723356005,-8.001314523339648,1331.0603404045182,501.6001750823947,633.2069854800444,2.75605716045609e-05,0.2403510511973273,630.2826752533783,321.8573945588916,0.007442989864864865,152,240,0.461
library/synth/wav/stab__lib__0003.wav,stab,lib,0003,11.927437641723357,0.0008809397693335544,0.017872174630250162,0.013962170893669074,0.8103955916977842,0.15681440631650514,7.471669245786132e-05,-0.6517628692363318,8.43096186864907,2.857142857142857,0.16342403628117913,167.92423736799344,167.92423736799344,167.92423736799344,168.89701257893046,0.8434742276584097,133.2989225815422,-16.883528744704165,-1.000151903819357,5.646258503401361,-9.431113772468429,1995.6460388362798,1397.7085860853158,1613.8852039331873,7.380767826841812e-05,0.2771933866210619,2971.58203125,241.43308145920156,0.00720703125,108,186,0.175
library/synth/wav/stab__lib__0004.wav,stab,lib,0004,3.310657596371882,3.751651797468931e-08,0.0006028500915699932,0.04132636706647743,0.8696998715161808,0.08776538956763184,0.0006054842416220647,9.481985282930273,11.522019769501696,2.312925170068027,0.04766439909297052,167.92423736799344,166.9570649299922,166.9570649299922,167.92423736799344,0.723911204821515,0.5988710973900793,-21.485975378776935,-0.9998544876801003,1.7687074829931972,-12.521874257181796,1700.7507124399897,765.9058127267939,544.813632887818,8.975399249908657e-05,0.039973716051911995,1162.79296875,133.03432179023093,0.00693359375,40,88,0.01629
library/synth/wav/stab__lib__0005.wav,stab,lib,0005,8.36734693877551,3.5857975344042306e-05,0.0018925939367458768,0.5601189867185465,0.10886192041531796,0.0406882341783801,0.2884024067756655,1.1464389037501286,11.03623135147091,8.095238095238095,0.016870748299319727,57.347817082364955,57.347817082364955,57.347817082364955,57.01751796098171,0.1773243332142377,3.044779812589458,-25.334730836003814,-0.9998544876801003,4.376417233560091,-12.03608583915101,1424.4228806103317,553.0866195215916,724.8279370354037,2.8965930847238314e-05,0.15335556728577954,780.3929822198276,338.97518279373054,0.002475080818965517,44,132,0.1681
library/synth/wav/stab__lib__0006.wav,stab,lib,0006,4.852607709750567,1.2339307173644852e-06,0.001392573732317225,0.6622818574037748,0.22352061056136027,0.09194757338825245,0.020856150983578035,5.248181852599823,12.72685493117176,4.104308390022676,0.018979591836734692,103.96830673359814,103.96830673359814,103.96830673359814,103.96830673359814,0.2661348286354232,0.01176626125251438,-23.926079087743762,-0.9998544876801003,2.9705215419501134,-13.72670941885186,1415.3141399830095,680.4005045009363,619.8849911573993,4.834631633248717e-05,0.04735986456112821,1060.51025390625,121.39081255716145,0.005615234375,24,62,0.003977
library/synth/wav/stab__lib__0007.wav,stab,lib,0007,3.1746031746031744,0.0003667955927681367,0.005430673949284444,0.06304247241091601,0.8437780491916714,0.08499792229578804,0.0023840865595719843,0.019293243786960988,8.107763172983445,2.9024943310657596,0.01235827664399093,160.3410481438884,160.3410481438884,160.3410481438884,160.3410481438884,0.7452758585867079,4.45079489881742,-18.413484006584813,-0.9998544876801003,0.8390022675736961,-9.107617660663545,1628.3416621723227,912.240593804956,878.436730016167,0.00022054511341227523,0.1315299449088256,1593.45703125,149.89176549203634,0.007611443014705882,60,116,0.05985
library/synth/wav/stab__lib__0008.wav,stab,lib,0008,3.650793650793651,0.001091174334714531,0.008532369818902824,0.41500579388725883,0.4312860661207698,0.13999357214923394,0.004091023689119994,-6.835831161192817,6.230273262706415,17.687074829931973,0.08546485260770975,140.3935974009121,140.3935974009121,140.3935974009121,141.20688923695954,0.6467235994310999,4.902354177984432,-16.332362201292035,-0.9998544876801003,0.8616780045351474,-7.230127750386515,2041.4088758191392,1157.536871054965,1297.8268938003791,0.0003821453788964148,0.13993273020273939,2434.7900390625,134.8218538013718,0.010811941964285714,74,116,0.05331
library/synth/wav/stab__lib__0009.wav,stab,lib,0009,2.8117913832199544,0.00047035356157925046,0.007907005112730436,0.003382848587798169,0.8898378158106496,0.09781263281691395,0.0005893441103287202,-1.1485390731881298,7.600706125205127,2.5170068027210886,0.048798185941043085,184.18349824138494,184.18349824138494,184.18349824138494,184.18349824138494,0.8259564902979427,227.0870118343027,-16.670754250948185,-0.9998544876801003,0.6349206349206349,-8.600560612885227,1409.5681219835749,756.6385191010661,1755.8149153956708,6.442457979355313e-05,0.09460400347194413,1204.2643229166667,519.1305722924833,0.00809280960648148,214,388,0.6215
library/synth/wav/stab__lib__0010.wav,stab,lib,0010,6.984126984126984,7.07710022786937e-05,0.0025830140415516105,0.7807391878624115,0.11680808420936964,0.044290729342225624,0.055508213542163,0.2460610617602664,5.671782888934853,6.326530612244898,0.09888888888888889,76.10925536017415,76.10925536017415,76.10925536017415,76.10925536017415,0.18841322384201104,1.4805611348107182,-19.02184452250354,-0.9998544876801003,0.8163265306122449,-6.671637376614953,1319.2441501976798,662.5701885872802,709.9697115251806,0.00012010563532172085,0.1965072923679972,1224.31640625,130.16943886460342,0.0030691964285714285,78,120,0.06149
library/synth/wav/stab__lib__0011.wav,stab,lib,0011,7.573696145124717,4.29475380400895e-05,0.002138946146847519,0.6708140720442554,0.1168658485616163,0.04341919022158553,0.1667189954876552,1.3686043767795504,10.769982761512152,7.210884353741497,0.015147392290249433,63.63138712432303,63.63138712432303,64.0,66.25695512584817,0.1917999360389151,0.445408446486731,-24.583596331857088,-0.9998544876801003,3.8321995464852607,-11.769837249192252,1388.3866052772767,654.2695675741759,728.9282338789928,3.879814286331456e-05,0.19294813149297807,1166.89453125,238.16782164331732,0.004324776785714286,40,104,0.09171
library/synth/wav/stab__lib__0012.wav,stab,lib,0012,8.571428571428571,4.491635930871611e-05,0.005109696549317736,0.02184114034705958,0.848640535563107,0.12422103362284438,0.00014267755836264344,-0.8902543698528179,10.134846250102576,2.4716553287981857,0.022653061224489797,173.84607280989715,173.84607280989715,173.84607280989715,173.84607280989715,0.6253561391303456,1.0520340897108424,-18.73955598440431,-0.9998544876801003,2.35827664399093,-11.134700737782676,1280.4333731337965,825.7207828088626,864.3497106059506,1.5273186531931256e-05,0.2003541806692314,1440.7670454545455,103.65031516627202,0.006969105113636364,32,66,0.004826
library/synth/wav/stab__lib__0013.wav,stab,lib,0013,15.600907029478458,0.00038897809496795126,0.006868605524326905,0.7778728622059029,0.14620494645612822,0.06464534814405885,0.0040192595746153595,-1.8112246739948943,8.702881838621364,4.920634920634921,0.0418140589569161,94.7902433463401,94.7902433463401,94.7902433463401,94.7902433463401,0.5085558807650418,2.2293463846603534,-20.314599066341547,-0.9998544876801003,2.834467120181406,-9.702736326301464,1630.6462702981441,1023.9769302704042,1283.2228281954513,0.0001305308855288297,0.18646995397621574,2021.9677734375,213.88546971786954,0.00400390625,60,112,0.1167
library/synth/wav/stab__lib__0014.wav,stab,lib,0014,5.510204081632653,7.530246126629083e-05,0.0037577332527366715,0.8278459313820042,0.09156516082477945,0.07070817154224686,0.006047700536966704,0.07167166601298086,7.36979267301979,4.920634920634921,0.19698412698412698,96.44714761437285,96.44714761437285,96.44714761437285,96.44714761437285,0.547688852094337,124.59688765175513,-19.323989343148476,-0.9998544876801003,0.6349206349206349,-8.36964716069989,1272.8812121968615,563.3676450711536,1029.9849648111003,5.18393918408919e-05,0.09838870705609834,924.5532746010638,452.00121372275714,0.004228307845744681,232,376,0.5226
library/synth/wav/stab__lib__0015.wav,stab,lib,0015,2.2448979591836733,0.00013841540160376245,0.008570096026015231,0.004119742239057789,0.7852798725713276,0.2009463885686137,0.0009454851933820769,5.132095837416773,11.897851439560483,1.8594104308390023,0.025941043083900227,229.39126832945985,229.39126832945985,230.72011842837256,230.72011842837256,0.8518228380463359,1.3044289452608464,-19.233396327124773,-0.9998544876801003,1.0204081632653061,-12.897705927240583,1813.7100209795124,1192.965049512483,971.8898204532395,0.00018208765565450654,0.053522560103633335,1913.9217601102941,149.92528004777387,0.01677389705882353,50,98,0.01934
library/synth/wav/stab__lib__0016.wav,stab,lib,0016,3.310657596371882,0.0007940188404250982,0.015390720275260563,0.10662872234344059,0.7223432067929748,0.15174135831116423,0.003101973436734798,-5.090814407769809,7.5030046597367,18.88888888888889,0.08882086167800453,157.58648490814926,157.58648490814926,157.58648490814926,157.58648490814926,0.6046801583294991,0.7560653056068801,-16.46978944958306,-0.9998544876801003,1.4058956916099772,-8.5028591474168,1894.199452088996,1116.684280911204,1193.6894621962206,0.0002038232225630862,0.0899098869965703,2088.720703125,111.24218556965317,0.006306966145833333,54,90,0.008743
library/synth/wav/stab__lib__0017.wav,stab,lib,0017,6.893424036281179,0.00022061852599893677,0.006143507640485335,0.0021169524442077137,0.8444112104031111,0.14701548146943783,9.222951675927746e-05,6.226239581249273,10.408428294883912,2.0408163265306123,0.03197278911564626,217.77079320341906,217.77079320341906,217.77079320341906,217.77079320341906,0.8635711368278356,15.072994170168837,-18.698654495733578,-0.9998544876801003,1.383219954648526,-11.408282782564012,1931.004361706304,1303.1731928388533,1122.3725165623541,0.00034521285667823,0.20302354074598894,2264.5751953125,201.7486976206596,0.021504720052083332,76,152,0.09844
library/synth/wav/stab__lib__0018.wav,stab,lib,0018,7.709750566893424,1.4398016127904457e-05,0.0014724604526070244,0.6962298810416078,0.10647442100229522,0.03933842091636417,0.15647041857099792,2.1681762325585843,9.817922962993245,7.029478458049887,0.015011337868480726,65.11870029457192,65.11870029457192,65.11870029457192,65.87534314518349,0.24561374721222054,2.2149378967279,-24.171060898614574,-0.9998544876801003,2.4489795918367347,-10.817777450673345,1369.6971200674723,554.800464582049,681.4544986844495,0.0001344552641777587,0.11708446077961492,855.94482421875,269.65955625470883,0.0027669270833333335,40,132,0.1575
library/synth/wav/stab__lib__0019.wav,stab,lib,0019,7.4603174603174605,5.334671683338151e-05,0.00119443205119574,0.7701233289438444,0.07899321444182922,0.02147845496843091,0.1281572228778664,2.118074451955546,8.782539213723695,7.074829931972789,0.029659863945578232,67.02682386052011,67.02682386052011,67.02682386052011,67.02682386052011,0.25330825028644255,12.98881523676072,-25.192646649273264,-0.9998544876801003,1.99546485260771,-9.782393701403794,1450.4333055740058,657.6056547888371,783.566128116557,0.00011533876902915927,0.3608989344705563,1064.9147727272727,320.36556758158815,0.005741003787878788,82,186,0.3306
library/synth/wav/stab__lib__0020.wav,stab,lib,0020,10.975056689342402,0.00021946768515369693,0.004846689894089236,0.5449349343415701,0.3623587499179012,0.08729804836120153,0.0003421098000840201,-1.5593395736653424,7.702122375952335,3.4467120181405897,0.058866213151927436,135.6112760779898,134.830212602219,135.6112760779898,135.6112760779898,0.7463795716763385,53.284403341372524,-18.701723366332942,-0.9998544876801003,2.0861678004535147,-8.701976863632435,1369.2476729337357,657.0594766257892,1125.2676118216982,3.470582939453973e-05,0.2082750383079226,1011.2630208333334,260.7420234362588,0.005859375,106,180,0.323
library/synth/wav/stab__lib__0021.wav,stab,lib,0021,4.829931972789116,0.000512749894311543,0.007107122679252981,0.8099747292111886,0.09744230817028064,0.07149490656211784,0.013468183482848327,-6.608829731685548,5.816334120768744,4.444444444444445,0.04600907029478458,108.88539660170953,108.88539660170953,108.88539660170953,108.88539660170953,0.366753169224487,1.3920485693070088,-16.865744787934343,-0.9998544876801003,0.24943310657596374,-6.816188608448844,1780.7116423693024,953.13729165189,1043.0037460727856,0.0002757971376180262,0.1390869222847725,1785.46142578125,110.46340998554662,0.004313151041666667,66,102,0.02073
library/synth/wav/stab__lib__0022.wav,stab,lib,0022,7.392290249433106,0.0004355391562035502,0.004033444695639491,0.7155692161738973,0.09717814582460815,0.04020320192589907,0.14258045222375235,-3.195274451963371,7.5197260401771455,7.437641723356009,0.045668934240362814,65.11870029457192,65.11870029457192,65.11870029457192,65.11870029457192,0.25656753472506194,16.286204906680727,-21.489480865407103,-0.9998544876801003,2.7210884353741496,-8.519580527857245,1564.2159145543892,789.1443080032179,1442.285153039935,0.00024074033983953152,0.11928764534612946,1461.2877155172414,334.05093261442016,0.0028118265086206897,84,176,0.3886
library/synth/wav/stab__lib__0023.wav,stab,lib,0023,7.823129251700681,6.168405558490446e-05,0.0019387091104876755,0.6645606399143426,0.11271358696426942,0.033848755938038856,0.18687662401727667,2.7975876250040472,7.915140728081855,7.551020408163265,0.06165532879818594,65.11870029457192,65.11870029457192,65.11870029457192,65.4959290877936,0.1480524930132149,2.4122731384895406,-22.854717493090977,-0.9998544876801003,2.5396825396825395,-8.914995215761955,1770.9472671920958,910.9266618927902,831.2875763703931,7.569372399259037e-05,0.2773223202769115,1985.83984375,169.01694454081544,0.012044270833333334,76,122,0.06348
library/synth/wav/stab__lib__0024.wav,stab,lib,0024,1.4285714285714286,5.633943753109031e-07,0.0003548359708405554,0.3592401187068272,0.11460967685209424,0.017404358430515098,0.5083904466453476,3.589437739277062,7.208788981734981,17.98185941043084,0.07698412698412699,52.588180133490575,53.19922535313842,52.28529450371519,52.588180133490575,0.07525327408622681,3.172632453666842,-24.444327477380448,-1.000151903819357,0.47619047619047616,-8.208940885554338,1237.1616715408559,442.0063723111442,480.4744592888506,8.419242680478506e-05,0.24078390023411853,703.41796875,193.65138345103142,0.002162388392857143,84,142,0.1364
library/synth/wav/stab__lib__0025.wav,stab,lib,0025,3.1746031746031744,1.1597083570489393e-05,0.0036173498334783546,0.02016948935106072,0.8435864700830417,0.12788687125793752,0.004728222390911143,2.366934208764889,7.7618523848250405,10.18140589569161,0.07943310657596372,189.58048669268024,189.58048669268024,189.58048669268024,189.58048669268024,0.6784546151146368,0.9139495941214136,-16.806440686188495,-0.9998544876801003,0.5668934240362812,-8.76170687250514,1255.0345717929076,698.3737377893807,684.7373763674906,4.119164917380761e-05,0.055714495590795436,1160.8354048295455,104.18570797298533,0.007546164772727273,48,80,0.005299
library/synth/wav/stab__lib__0026.wav,stab,lib,0026,8.979591836734693,3.099989068498285e-05,0.0016784306955181009,0.5292001270258353,0.12434826834361297,0.043671817481109106,0.30107035656323944,-0.4519504310087375,6.168391093970067,8.276643990929704,0.2315873015873016,58.350239267725875,58.350239267725875,58.350239267725875,61.10986265026666,0.18692174965147357,84.33667114808374,-20.71975119334812,-0.9998544876801003,1.5873015873015872,-7.168245581650168,975.0614608813503,462.0680721639662,854.4242986443287,1.4836062427635013e-05,0.12316276553063152,860.1318359375,354.3653222612223,0.002536349826388889,196,316,0.527
library/synth/wav/stab__lib__0027.wav,stab,lib,0027,8.16326530612245,0.0010241626486501543,0.007374682767388531,0.6022279441839998,0.12168492054844646,0.0533615625225907,0.21432672732892444,-2.3531332800896925,5.3595833410969735,81.13378684807256,0.37335600907029476,61.46386848326427,61.81992505119011,61.46386848326427,62.53823797979174,0.20121896356553473,186.5864450673498,-18.417496210505647,-0.9998544876801003,0.3854875283446712,-6.359437828777073,2119.1025909790224,1299.915950539217,2253.965827797129,0.00018764181570590883,0.12626023525209001,2921.664151278409,429.90276149009213,0.0026966441761363635,266,406,0.6631
library/synth/wav/stab__lib__0028.wav,stab,lib,0028,11.496598639455781,3.921098582189987e-05,0.0034510404063641613,0.8145807034163274,0.09279642517837025,0.07380798687049848,0.015324633142617944,0.29817907698802654,6.0616747984624615,10.929705215419501,0.08417233560090703,89.47007578745725,89.47007578745725,88.95476606990958,89.47007578745725,0.15393746983535153,1.2105397420770676,-18.293848520260106,-1.000151903819357,2.9024943310657596,-7.061826702281818,1337.8032696929436,731.0237756097079,708.4697649233433,5.850508114644482e-05,0.29827933953704083,1328.5986328125,92.32384660517425,0.00341796875,44,76,0.006805
library/synth/wav/stab__lib__0029.wav,stab,lib,0029,14.875283446712018,4.772173887125877e-09,0.00024212440279402882,0.7203246110562921,0.20513014396875093,0.07085181324042696,0.003451302559562152,4.340359998356058,12.732304413376305,4.172335600907029,0.029365079365079365,100.42676453078408,100.42676453078408,100.42676453078408,101.00853085934612,0.6222808148107891,2.5221666786640133,-24.819756345499098,-0.9998544876801003,4.01360544217687,-13.732158901056405,1609.8901551597141,645.7823381484933,395.6593970425903,7.149640831039191e-05,0.09338904309596037,889.013671875,283.68169131377374,0.004324776785714286,54,144,0.1345
library/synth/wav/stab__lib__0030.wav,stab,lib,0030,15.011337868480727,3.9141507179894033e-05,0.005168702525701229,0.0005944175398243592,0.8556288593232063,0.13854738032310265,2.1498780985422715e-05,0.30898168732256825,7.765793497366434,53.83219954648526,0.3887074829931973,203.18733465192952,203.18733465192952,203.18733465192952,203.18733465192952,0.8477534682550302,722.950687848048,-16.030541478567137,-1.000151903819357,4.807256235827664,-8.76594540118579,1247.7934355121492,722.659477757722,1078.3160025970583,2.3485903515159953e-05,0.15607225974855107,1199.830078125,490.94731059435946,0.008974609375,232,394,0.5626
library/synth/wav/stab__lib__0031.wav,stab,lib,0031,6.530612244897959,4.919268224768177e-05,0.0023991342102945134,0.7892714872863935,0.10341799851876828,0.052567176007908056,0.052295011294387954,-0.364080228826956,7.495875238075563,6.077097505668934,0.05671201814058957,80.17052407194419,80.17052407194419,79.70877583096467,80.17052407194419,0.10896825460790308,0.3614866510304664,-20.799282033652663,-0.9998544876801003,2.4716553287981857,-8.495729725755663,1362.4738270163216,609.9714745605435,637.3661313968663,2.85047751569373e-05,0.15740572696025892,980.7395241477273,104.12520656688157,0.0031516335227272725,48,80,0.006388
library/synth/wav/stab__lib__0032.wav,stab,lib,0032,4.784580498866213,8.992127764663262e-05,0.00442047871566811,0.7340210040298284,0.16975689828576754,0.0843387631276387,0.007372934563450566,0.4664352796656254,9.58351525085416,4.399092970521542,0.03857142857142857,102.77412887851219,102.77412887851219,102.77412887851219,103.36949335040538,0.2380189133979955,0.023188178369253683,-20.816923568448345,-0.9998544876801003,2.4489795918367347,-10.58336973853426,1407.1013684752509,831.3013793563713,794.6719174551704,0.00010724247136361145,0.10368116309719982,1495.5788352272727,110.51749889310982,0.003995028409090909,34,64,0.005358
library/synth/wav/stab__lib__0033.wav,stab,lib,0033,5.532879818594104,0.0005961261745376327,0.004280760359392132,0.8118102829572826,0.1202082735438557,0.04409427876335458,0.019010278201577212,-5.451615027546931,7.600229174730568,5.419501133786848,0.033605442176870746,88.95476606990958,88.95476606990958,88.44242431793766,88.95476606990958,0.22524312670463273,0.053820360331390926,-20.905114728332425,-0.9998544876801003,1.3151927437641724,-8.600083662410668,1981.9504293066443,1122.3085857064345,1170.2170350975518,0.000608845599551562,0.17510384667155818,2333.867938701923,129.69476258601,0.0035306490384615385,38,84,0.02598
library/synth/wav/stab__lib__0034.wav,stab,lib,0034,3.2426303854875282,0.00022658996936614147,0.003667689800632252,0.06866298571641961,0.8550601529800669,0.07038207155172986,0.0020005099817851963,1.2181019525950683,9.803885331280075,2.9478458049886624,0.07585034013605442,158.49937412831235,158.49937412831235,158.49937412831235,158.49937412831235,0.6234751240270322,32.48075016559803,-20.722797979140797,-0.9998544876801003,0.6575963718820862,-10.803739818960175,1596.9385700215803,1097.8997812528546,1230.287661769663,0.00018086579423641703,0.38047489648614585,1819.017333984375,355.62417739046776,0.02108154296875,116,238,0.2722
library/synth/wav/stab__lib__0035.wav,stab,lib,0035,5.034013605442177,0.0008174023933954179,0.007072081323608353,0.8205730437473111,0.09210142447169192,0.07243654009358427,0.006999507970409164,-3.551327216545391,6.486999713245561,4.807256235827664,0.1326530612244898,101.59366732596477,101.59366732596477,101.59366732596477,101.59366732596477,0.603552342708161,51.014437712008935,-17.806618187037447,-0.9998544876801003,0.7256235827664399,-7.486854200925662,1755.4253465218055,918.6679383242254,1495.7016895717034,0.00022483144188769903,0.16353354909594192,1685.619140625,243.82481876447048,0.00453125,132,210,0.2908
library/synth/wav/stab__lib__0036.wav,stab,lib,0036,15.034013605442176,0.0004004784314300087,0.005940629118863008,0.8247277103009448,0.09259653500423771,0.07464440408568135,0.001690243058843167,-1.2731555237746093,5.602845445518396,69.41043083900226,0.40233560090702947,101.00853085934612,100.42676453078408,100.42676453078408,101.00853085934612,0.5347679408907933,342.50436980017304,-16.964723222497046,-0.9998544876801003,2.1088435374149657,-6.602699933198496,1275.4675803867867,699.890156031303,1661.9328828373975,4.841904289792373e-05,0.17305025119569997,1351.4078776041667,526.2548101475294,0.004430700231481482,312,486,0.7203
library/synth/wav/stab__lib__0037.wav,stab,lib,0037,1.1564625850340136,6.841238107775581e-05,0.0021435860360917635,0.6187565359412167,0.11663369637221924,0.04024143802181549,0.2221563312475791,-1.7357641348232264,5.993347168071627,14.399092970521542,0.04639455782312925,65.11870029457192,66.25695512584817,65.11870029457192,65.4959290877936,0.06864627653586788,0.35139691989348865,-20.414835792577218,-1.000151903819357,0.31746031746031744,-6.993499071890984,1342.5449354593418,583.0639064163005,570.0024485672969,4.5167837922845106e-05,0.23602740499887603,972.9092684659091,102.97353379792821,0.0024857954545454545,60,90,0.01242
library/synth/wav/stab__lib__0038.wav,stab,lib,0038,3.560090702947846,3.235825488557105e-05,0.0029778207145485895,0.19034283940125907,0.7053188936321776,0.1003090537370666,0.0010190342600626013,1.2164094433240324,9.306375724649667,2.9024943310657596,0.026643990929705215,149.60348781583943,149.60348781583943,149.60348781583943,149.60348781583943,0.804831276904851,35.14426033969736,-19.68997539318933,-0.9998544876801003,1.3378684807256236,-10.306230212329767,1439.1648072760868,654.7054538457309,788.8612531675955,3.0039056260719372e-05,0.07004070297491426,858.45703125,283.54984693741267,0.006396484375,96,190,0.2599
library/synth/wav/stab__lib__0039.wav,stab,lib,0039,18.54875283446712,6.113908524926799e-08,0.0003246701513648303,0.7735711161420077,0.17444167169309138,0.03818269099371716,0.013479789880733724,2.5793751903833435,11.195375587304271,5.442176870748299,0.049206349206349205,80.17052407194419,80.17052407194419,80.17052407194419,80.63494719327188,0.43485027618007777,10.507991163473152,-25.525032711534674,-0.9998544876801003,4.217687074829931,-12.195230074984371,1396.4299346369294,594.2025330398943,385.9755101219754,7.390151942914909e-05,0.19875599529328433,800.419921875,352.28778089111745,0.005984933035714286,44,182,0.2566
library/synth/wav/stab__lib__0040.wav,stab,lib,0040,4.807256235827664,0.0001386668834801622,0.006135141167881074,0.8850558896793402,0.06441256646547795,0.0384683141410498,0.005789421662770746,1.966491873168542,8.472812317320663,4.535147392290249,0.25795918367346937,107.0148106609292,107.0148106609292,107.0148106609292,107.63474115247546,0.37187156114463793,32.2140123850006,-21.31728305267923,-0.9998544876801003,1.0430839002267573,-9.472666805000763,1905.3085990359577,1460.9711359622524,1359.0671185822564,0.0002068279924835964,0.2555041007167109,3033.720703125,246.17383468408383,0.009654017857142858,120,224,0.2723
