file,sound,param,value,attack_ms,band_air_share,band_high_share,band_low_share,band_lowmid_share,band_mid_share,band_sub_share,centroid_slope_hz_per_ms,crest_factor_db,decay_ms,duration_s,f0_hz,f0_hz_at_100ms,f0_hz_at_30ms,f0_hz_at_5ms,f0_voiced_confidence,harmonic_percussive_ratio,loudness_a_db,peak_db,rise_10_90_ms,rms_db,spectral_bandwidth,spectral_centroid_hz,spectral_centroid_hz_100ms,spectral_flatness,spectral_flux_mean,spectral_rolloff_85,t60_estimate_ms,zero_crossing_rate,decay20_ms,decay40_ms,sustain_share
library/real/wav/clap__real__0001.wav,clap,real,0001,25.96371882086168,0.01814852279029323,0.2965608324266182,0.00013073163388421146,0.002164832950678382,0.6829168849447844,7.819525374153982e-05,-0.7103630393027426,18.910724358431825,0.13605442176870747,0.04970521541950113,nan,nan,nan,nan,0.010007321816012413,0.011115049600663382,-19.519262687322147,-0.9998544876801003,13.26530612244898,-19.910578846111925,3676.0575712736845,3018.343496036269,3119.745150160146,0.005219232571379218,0.5873055638149144,5201.6143798828125,334.54963735603565,0.070465087890625,34,150,0.03671
library/real/wav/clap__real__0002.wav,clap,real,0002,18.707482993197278,0.21496544303573475,0.24561804015386177,0.0003082793372210314,0.0027555165012285183,0.5361916538305399,0.00016106714141409247,32.271385132319686,22.779945773172084,0.06802721088435373,0.02197278911564626,nan,nan,nan,nan,0.006844074964328855,0.008476795794829052,-23.941809953691404,-1.000151903819357,18.68480725623583,-23.780097676991442,6004.981971264762,10269.937802886787,5719.0556488754655,0.0850735898260172,0.2972927930663507,15751.5380859375,333.7496297683545,0.37015573601973684,32,132,0.03807
library/real/wav/clap__real__0003.wav,clap,real,0003,11.26984126984127,0.14298508265122903,0.24555850796128256,0.0001620164616503604,0.003000687088025701,0.6082072741572416,8.643168057074704e-05,42.66591237764545,21.26664432065508,0.06802721088435373,0.014943310657596371,nan,nan,nan,nan,0.008524268437890585,0.009356839188405444,-22.41211301333328,-1.000151903819357,11.26984126984127,-22.266796224474437,5442.5950613737205,7764.043434875645,5000.480386972255,0.06053918367194826,0.4008604233255135,12577.783203125,365.4433260492566,0.23618344907407407,38,152,0.03648
library/real/wav/clap__real__0004.wav,clap,real,0004,5.442176870748299,0.025052162707868628,0.4179336142015521,0.005909825707417759,0.00714681674301976,0.5419058267034083,0.002051753936733425,19.474147222910243,14.424283185554245,1.179138321995465,0.015941043083900226,nan,nan,nan,nan,0.009738988705977432,0.00021578044708706954,-15.43750790289347,-1.000151903819357,2.0861678004535147,-15.424435089373603,7052.839949274733,6527.714869208917,6045.787536558402,0.025702816056025302,0.25557883027045974,17484.9609375,18.925496858390645,0.18046875,10,22,0.0002148
library/real/wav/clap__real__0005.wav,clap,real,0005,9.81859410430839,0.02702106905808863,0.43434504400771345,0.0010033637271163322,0.0033375340774234826,0.5327155952851782,0.0015773938444800597,16.500947626816874,13.233524290366066,0.6122448979591837,0.03013605442176871,nan,nan,nan,nan,0.009905541243850322,0.0008790856513248112,-14.0938489845765,-1.000151903819357,5.396825396825397,-14.233676194185422,6305.430311063791,5221.360575702272,3942.599353090179,0.013221267152322665,0.5173191142507283,14333.179995888158,124.7203176098877,0.0962171052631579,22,68,0.0108
library/real/wav/clap__real__0006.wav,clap,real,0006,21.99546485260771,0.020963066128961757,0.37894562760791456,0.001553907815282066,0.0034847462938004713,0.5931518819689525,0.001900770185088606,19.14294019524813,12.55573840374953,0.47619047619047616,0.038140589569161,861.0779292198037,nan,nan,nan,0.011535603183849419,0.0012535721861810282,-13.428955426495147,-1.000151903819357,2.562358276643991,-13.555890307568887,5870.302836223449,4934.996838859156,3254.0682203563556,0.013907752416478594,0.5377020303284881,12872.548828125,154.91147773566257,0.0864013671875,42,94,0.06443
library/real/wav/clap__real__0007.wav,clap,real,0007,6.598639455782313,0.019826009692750605,0.41466735348120287,0.0018652555781746819,0.004228925287790791,0.5575384026974777,0.001874053262603348,20.272077801766017,12.919287845691548,0.7256235827664399,0.025328798185941043,nan,nan,nan,nan,0.009023426007874587,0.010996870549599514,-13.871435332312902,-0.9998544876801003,2.562358276643991,-13.919142333371648,5867.140199628624,4912.902108156241,3160.7495131088926,0.013462118331361938,0.4139915299567211,12848.8623046875,173.43795851340505,0.09404296875,22,98,0.02169
library/real/wav/clap__real__0008.wav,clap,real,0008,8.480725623582767,0.03480875500863956,0.31475884702921775,0.0010232923384413182,0.0025218561726290827,0.6450476602539833,0.0018395891970889363,12.29110454816901,12.841968467324548,0.45351473922902497,0.015532879818594105,nan,nan,nan,nan,0.009927775691611618,0.08067995688629692,-13.704112404826317,-1.000151903819357,5.170068027210885,-13.842120371143904,5481.829023487858,4395.8437795404325,3390.802238650067,0.011988240581851207,0.607821623689927,10883.62984035326,227.09580857572777,0.061990489130434784,24,112,0.1173
library/real/wav/clap__real__0009.wav,clap,real,0009,24.467120181405896,0.02733638137444723,0.3054864635949682,0.0014159849382620418,0.0030206771898745365,0.6606868154988771,0.0020536774035709165,11.931488363215518,12.541345416858118,0.09070294784580499,0.041700680272108846,nan,nan,nan,nan,0.008266820043749167,0.043931702805429705,-13.410252338875296,-1.000151903819357,3.038548752834467,-13.541497320677475,5342.33670169361,4202.253640969779,3226.594861841514,0.010504047420963183,0.6199326375943739,10497.904636548914,205.49047320253965,0.06317934782608696,28,114,0.1724
library/real/wav/clap__real__0010.wav,clap,real,0010,6.054421768707483,0.021254195906445426,0.36511283166399144,0.0012027438473150745,0.002835749782456307,0.6078825760832073,0.0017119027165845237,0.4198250004473402,12.195165702355013,0.20408163265306123,0.024671201814058956,32.84939302221568,nan,nan,nan,0.010017300715823862,0.3207221452717639,-13.067526877793966,-1.000151903819357,2.3356009070294785,-13.195317606174369,4105.173684643723,3051.904792987112,3508.6973478285586,0.00581865803789051,0.7440297682535069,6010.733768857759,477.21812526233555,0.05659011314655173,20,176,0.3065
library/real/wav/clap__real__0011.wav,clap,real,0011,15.578231292517007,0.01931413184482758,0.3729459948759325,0.0008256193662256306,0.002579367628787795,0.6029189653445244,0.0014159209397020974,0.5500879679893813,12.265918083304634,0.11337868480725624,0.02328798185941043,nan,nan,nan,nan,0.00978036975710621,0.2974195551092191,-13.135621449859416,-1.000151903819357,4.829931972789116,-13.266069987123991,4013.478419566364,3062.313639845868,3586.5672453829065,0.006874550023108816,0.8533064493601472,6127.119140625,539.6796723336082,0.05234375,26,216,0.4187
library/real/wav/clap__real__0012.wav,clap,real,0012,26.167800453514737,0.019074114351457314,0.3687068172873093,0.001065637870551658,0.0026565447842735257,0.6071656510427915,0.0013312346636168578,-0.5892423079651518,12.22971016951914,0.6802721088435374,0.04659863945578231,32.7479645438968,33.12847756292408,33.513411930260055,nan,0.00993366236373249,0.7462584210127785,-13.119496449206402,-1.000151903819357,4.240362811791384,-13.229862073338499,3632.750575201645,2777.5834902409506,3766.5190113037906,0.004742004602340823,1.1450791272226712,5615.416044347427,1091.7309945130507,0.05255485983455882,24,410,0.7331
library/real/wav/clap__real__0013.wav,clap,real,0013,20.0,0.021551543039603976,0.3640583918205393,0.0010058841920452476,0.00245116882995672,0.609594914665652,0.0013380974522027903,-0.022037172619020263,12.252256903569856,0.5215419501133787,0.020521541950113378,32.18537411417131,nan,nan,nan,0.009943060907686763,0.8979454289375725,-13.125311968139265,-0.9998544876801003,16.077097505668934,-13.252111391249956,3748.5041917275676,2881.496335558964,3892.256779992214,0.0052461566574079814,1.1438577078456211,5909.502963362069,1362.8419104867974,0.052571614583333336,60,480,0.7818
library/real/wav/clap__real__0014.wav,clap,real,0014,8.820861678004535,0.045683730306040074,0.37184369368172093,0.002777054119574366,0.011287943828014624,0.5606387620290316,0.007768816035618341,44.407010432726764,12.775921049807813,0.09070294784580499,0.02761904761904762,nan,nan,nan,nan,0.010015601612244105,0.002028476338466106,-13.36437613149884,-1.000151903819357,1.927437641723356,-13.77607295362717,5812.45729171622,5090.390299005446,5090.390299005446,0.016228493931222346,0.43942740899329363,12715.3564453125,119.03214930276191,0.079833984375,10,46,0.000308
library/real/wav/clap__real__0015.wav,clap,real,0015,13.061224489795919,0.021749432977782954,0.36448870245230075,0.000937258050714939,0.0024022768407850324,0.6091988784848109,0.001223451193605352,-0.6600782625375093,12.55579645528815,0.11337868480725624,0.03927437641723356,32.37182208966152,nan,nan,nan,0.009858612149488008,0.8298911944063775,-13.388353922307248,-0.9998544876801003,8.956916099773242,-13.55565094296825,3624.4900802222483,2776.993963168457,4005.4319805146497,0.005093617523995312,1.1899396189953948,5548.620211693548,1518.7753300059815,0.0534221690188172,26,514,0.7732
library/real/wav/clap__real__0016.wav,clap,real,0016,17.551020408163264,0.03134418561533076,0.35978381412863225,0.0012568848465665055,0.002633988713772812,0.6034477832233054,0.0015333434723923147,13.327088786131403,12.777276180538479,0.13605442176870747,0.03310657596371882,nan,nan,nan,nan,0.009177466677326425,0.033219237690144475,-13.613940916368643,-1.000151903819357,10.612244897959185,-13.777428084357837,5513.071131926859,4414.060561977982,3246.541376286843,0.012399627285165991,0.6561837564998749,11232.501775568182,193.00453378997395,0.07111150568181818,26,110,0.1344
library/real/wav/clap__real__0017.wav,clap,real,0017,5.464852607709751,0.026431289000407535,0.35110399547455257,0.00314880193996264,0.0066061936361363465,0.6118814698252888,0.0008282501236520026,24.266935243462775,14.309984061986492,0.31746031746031744,0.015147392290249433,960.9605085912505,960.9605085912505,1078.641700817752,960.9605085912505,0.011180154853546629,0.0003297615111614142,-15.22132089555745,-0.9998544876801003,1.5192743764172334,-15.309838549666592,6860.4375323738195,6581.173176578311,6205.998252737575,0.02308524806429182,0.28445867208239617,16780.99083533654,45.97980320519547,0.16109525240384615,10,32,0.0002935
library/real/wav/clap__real__0018.wav,clap,real,0018,4.671201814058957,0.05266577160831768,0.32555975907566825,0.0036018754049547256,0.0030076228115686458,0.6111830679391363,0.00398190316035452,20.94487169870188,13.982869469978247,0.20408163265306123,0.020340136054421767,nan,nan,nan,nan,0.010026941992532692,0.00040688665853009316,-14.893923553184447,-1.000151903819357,1.3605442176870748,-14.983021373797605,6914.155440959853,6540.924583226806,6098.521703161383,0.03343981839302418,0.27925607319475526,16871.2646484375,25.47953776479287,0.16542271205357142,14,30,0.0002533
library/real/wav/clap__real__0019.wav,clap,real,0019,5.736961451247165,0.036564799994026516,0.3190374204250255,0.002789815621587354,0.006498558853075468,0.6278289200843935,0.007280485021891748,41.01988712818001,13.428529348590573,0.47619047619047616,0.014240362811791384,nan,nan,nan,nan,0.010010429971114395,0.002157252481666116,-14.16663197570944,-0.9998544876801003,2.0181405895691613,-14.428383836270672,6088.887628892333,5494.061484922183,5331.17179784883,0.017033988123903922,0.3002478544936542,13882.4560546875,85.37748297222036,0.09560546875,22,30,0.0005569
library/real/wav/clap__real__0020.wav,clap,real,0020,5.124716553287982,0.021269089258963578,0.41794819072901007,0.0036785241119485176,0.007637380278178391,0.5466775295977837,0.002789286024115794,24.32696931911111,13.81907262763724,0.11337868480725624,0.019138321995464853,nan,nan,nan,nan,0.00949111040759099,0.0008811538547498231,-14.770955949680447,-0.9998544876801003,2.766439909297052,-14.81892711531734,6677.797949226573,5843.51258647463,4896.071088011254,0.0171362750252619,0.3659643969318218,15639.834594726562,118.46536090612464,0.12945556640625,16,40,0.0008073
library/real/wav/clap__real__0021.wav,clap,real,0021,8.503401360544219,0.037244717961190214,0.32550734058821795,0.001828691921882403,0.0037875605789541994,0.6282203606960213,0.0034113282537339665,14.447943661694115,13.674975872363213,0.5215419501133787,0.024807256235827663,nan,nan,nan,nan,0.009780800108384613,0.0012580723097123676,-14.637011276069137,-1.000151903819357,6.145124716553288,-14.67512777618257,6435.129256780477,5339.794820619255,4256.0467066702495,0.019636754270632828,0.5112423613643721,14712.844366776315,147.00434180450313,0.09593441611842106,24,48,0.001662
library/real/wav/clap__real__0022.wav,clap,real,0022,5.510204081632653,0.024581878702278948,0.3231154706042609,0.0020341205281367474,0.005255264214527184,0.6426627417955386,0.002350524155257672,19.142940921398438,12.991608508168447,0.5215419501133787,0.014829931972789116,1029.9319716534822,1054.005490322936,nan,nan,0.010032327677173455,0.0006957100930010246,-13.857285729143705,-0.9998544876801003,1.9727891156462587,-13.991462995848547,6153.72058036417,5126.504490955686,4095.9045708529147,0.015910112024289207,0.420472221614417,14077.648207720587,117.06026014175347,0.0908203125,12,60,0.002309
library/real/wav/clap__real__0023.wav,clap,real,0023,6.167800453514739,0.02139295551353196,0.39886840681101454,0.00293167370292412,0.0048363081077617415,0.5695328636450218,0.0024377922197458993,19.296515165917295,13.528414268163628,0.13605442176870747,0.006303854875283447,nan,nan,nan,nan,0.010026408265966017,0.000663632841693459,-14.435895155828764,-0.9998544876801003,2.35827664399093,-14.528268755843728,6453.893559845771,5461.906640385539,4319.81902216019,0.014513599198188204,0.35110994821835667,14933.2763671875,107.53343821145653,0.111083984375,18,62,0.0009499
library/real/wav/clap__real__0024.wav,clap,real,0024,6.349206349206349,0.07272115656811284,0.7124330650406084,4.332194247424641e-05,0.00139735152454983,0.21335097849484183,5.412642941270486e-05,-1.5637163523624822,14.628774457623765,0.18140589569160998,0.013015873015873015,34.69525984964539,nan,38.49680115462773,32.0,0.010000018546604749,0.05887338821776747,-14.953984456772016,-0.9998544876801003,0.06802721088435373,-15.628628945303864,2603.6416739818237,4075.8416190131006,4133.65151084111,0.0045023135504250284,0.42800297393372727,6511.640625,282.69136238848114,0.15524088541666667,98,162,0.1549
library/real/wav/clap__real__0025.wav,clap,real,0025,24.12698412698413,0.07010734338182428,0.24653464477829076,0.0003002557249589296,0.0025357158103999,0.6803403921513457,0.00018164815318045545,1.600139866407367,22.072344047211427,0.09070294784580499,0.05480725623582766,32.7501498262928,nan,33.12847756292408,35.91878554589994,0.010003898396962078,0.10635418309687125,-22.748621209197385,-0.9998544876801003,24.12698412698413,-23.072198534891527,3776.1575848592315,3246.6630119546767,4372.095696533011,0.012744698092608912,0.5988838149787986,6376.904296875,708.5593524217937,0.07182716836734694,92,334,0.217
library/real/wav/clap__real__0026.wav,clap,real,0026,3.1065759637188206,0.04485406287820051,0.2763297629297076,7.121332249275244e-06,0.00038080439555188654,0.6784222546657616,5.993798529216983e-06,-7.133727393410525,16.219910054858783,0.11337868480725624,0.00943310657596372,nan,nan,nan,nan,0.010000183340887632,0.08681901590750592,-16.702429044560517,-0.9998544876801003,0.47619047619047616,-17.219764542538883,3107.871903855577,3470.548502423648,3646.3562257392446,0.0026173435627727328,0.8490019655550506,6490.46630859375,208.3830815723879,0.09932454427083333,42,128,0.2069
library/real/wav/hat_closed__real__0001.wav,hat_closed,real,0001,19.43310657596372,0.07707039981372218,0.3926802733887891,0.005546039430966793,0.27915191549078533,0.24077086773301756,0.004780504142718921,-14.231487257912898,14.224276666387276,0.09070294784580499,0.02018140589569161,nan,nan,nan,nan,0.009091125463772163,0.24738189257662058,-16.2524550733875,-1.000151903819357,5.487528344671201,-15.224428570206632,4901.270116924508,5214.070358144484,5432.625827866652,0.05139307221518792,0.6148725873475599,10840.988991477272,243.238628816285,0.1307705965909091,76,120,0.1023
library/real/wav/hat_closed__real__0002.wav,hat_closed,real,0002,32.06349206349206,0.6554691105494104,0.05190115467052643,0.10665508567033208,0.016924637986545775,0.024912279924897168,0.1441377311982882,-21.984259948600243,21.295455488680368,0.09070294784580499,0.03496598639455782,35.301722309239885,35.711908564167146,nan,nan,0.009494074049036343,0.35348980277775716,-26.22014586466875,-0.9998544876801003,32.06349206349206,-22.295309976360468,4400.223796275037,3960.40305599669,6806.255695395958,0.012357014645686682,1.146139260797205,7315.491661658654,2808.8978010251985,0.08589993990384616,42,298,0.3012
library/real/wav/hat_closed__real__0003.wav,hat_closed,real,0003,0.0,0.6531780200260371,0.23334883419803748,0.002696220906401497,0.013191908036093917,0.09378300129564665,0.0038020155377833246,5.574158957706175,11.978284240986708,0.5895691609977325,0.022267573696145123,nan,nan,nan,nan,0.00500000278389942,0.0993292348276355,-16.195437633566197,-0.9998544876801003,0.0,-12.978138728666808,6358.642684145185,11048.566272388083,11048.566272388083,0.5565456347998702,0.3858329706945148,18744.6533203125,266.4342253708947,0.4393310546875,90,90,0.03002
library/real/wav/hat_closed__real__0004.wav,hat_closed,real,0004,5.714285714285714,0.12309171180499805,0.4572377374736495,0.0203158831068884,0.04659583794647439,0.21182706698254916,0.14093176268544053,-2.205141283762656,21.362205596503912,0.22675736961451248,0.017687074829931974,nan,nan,nan,nan,0.010003911756286482,0.14682228068794217,-23.523381331176502,-1.000151903819357,5.691609977324264,-22.36235750032327,4993.38857534184,4794.146248848061,4687.778480036793,0.020043774837309895,0.25094306465597316,10000.827026367188,393.9139475390292,0.06103515625,58,122,0.04205
library/real/wav/hat_closed__real__0005.wav,hat_closed,real,0005,0.9297052154195011,0.07035785122542673,0.2920827075471932,0.21779402893374394,0.07169451839543715,0.1287581578294732,0.2193127360687258,1.3482198079841086,23.172217654300283,0.09070294784580499,0.017392290249433107,84.93771150966836,84.93771150966836,nan,nan,0.07745263916411681,0.35392196626398237,-27.11451823133112,-0.9998544876801003,0.8163265306122449,-24.172072141980383,4642.7565440852595,5417.539728595517,5097.664133362824,0.02147743336175512,0.32338554621834886,10255.813953488372,1336.563725495032,0.13943268531976744,20,426,0.1395
library/real/wav/hat_closed__real__0006.wav,hat_closed,real,0006,47.2108843537415,0.11154685270631635,0.11298437207149052,0.051817315215825784,0.1343166992314017,0.4343424940072283,0.15499226676773734,2.95034927547673,10.673620363870608,0.6349206349206349,0.05766439909297052,nan,nan,nan,nan,0.0066667892586756376,2.590877692640744,-15.238153949230618,-0.9998544876801003,44.87528344671202,-11.673474851550708,6616.48460563116,7331.943811769735,7331.943811769735,0.1645138077212315,0.978922860415826,15951.318359375,1664.6237579317121,0.17985026041666666,100,100,0.4205
library/real/wav/hat_closed__real__0007.wav,hat_closed,real,0007,2.562358276643991,0.9892513311041158,0.009642671433849108,3.2859704887904975e-05,0.00014007869232233306,0.0008723346087845878,6.072445604021148e-05,12.842927269426843,22.62790976025122,0.22675736961451248,0.005464852607709751,nan,nan,nan,nan,0.008571803453479411,2.0271406842897218e-05,-30.788102164078555,-0.9998544876801003,0.8163265306122449,-23.62776424793132,5809.2054933664285,13933.559072516256,13591.706143416382,0.10976875393731222,0.27105561737516165,19452.1728515625,84.34746878812456,0.33607700892857145,34,46,1.111e-05
library/real/wav/hat_closed__real__0008.wav,hat_closed,real,0008,16.870748299319725,0.9840678274249274,0.015763792581788956,5.086645645255023e-06,5.720816999493046e-06,8.128015134657421e-05,7.629237929234367e-05,-1.7756457915820358,17.911987354919027,0.36281179138321995,0.01997732426303855,174.85315286456265,174.85315286456265,174.85315286456265,174.85315286456265,0.010002217848340371,2.495736435395388,-21.973442364820507,-0.9998544876801003,9.47845804988662,-18.911841842599127,4342.808902279741,10927.331182056434,11021.93376336872,0.07166190446959936,0.4788608527287185,15908.73046875,737.1654828800183,0.3751953125,286,402,0.552
library/real/wav/hat_closed__real__0009.wav,hat_closed,real,0009,6.575963718820862,0.9541207648327711,0.03943713317059837,7.10775737493812e-05,0.0005701214658402993,0.005769078035046604,3.1824921994300086e-05,5.377821648958705,24.35205662671607,0.06802721088435373,0.006643990929705215,nan,nan,nan,nan,0.004500004180588025,0.01469260750859727,-31.45363054255977,-1.000151903819357,6.303854875283447,-25.352208530535428,6185.58769793244,14156.187442420773,12344.573665874412,0.15677496497058327,0.6429163136512522,19949.794921875,159.2654258376619,0.5968994140625,64,114,0.04031
library/real/wav/hat_closed__real__0010.wav,hat_closed,real,0010,3.7414965986394555,0.9120774398455318,0.06981255027819307,0.0005228129648199462,0.004115989117457188,0.01319090980489159,0.0002802979891063932,9.608673925526105,21.365853679799358,0.022675736961451247,0.007437641723356009,nan,nan,nan,nan,0.004411784736577743,0.00013844590194797795,-26.810032770220854,-0.9998544876801003,3.2426303854875282,-22.365708167479458,6272.609193434683,14262.974823311975,11925.256950604366,0.16123760702382423,0.5963030788891036,20075.91193704044,117.67181909939171,0.5308766084558824,54,72,0.007691
library/real/wav/hat_closed__real__0011.wav,hat_closed,real,0011,19.43310657596372,0.07707039981372218,0.3926802733887891,0.005546039430966793,0.27915191549078533,0.24077086773301756,0.004780504142718921,-14.231487257912898,14.224276666387276,0.09070294784580499,0.02018140589569161,nan,nan,nan,nan,0.009091125463772163,0.24738189257662058,-16.2524550733875,-1.000151903819357,5.487528344671201,-15.224428570206632,4901.270116924508,5214.070358144484,5432.625827866652,0.05139307221518792,0.6148725873475599,10840.988991477272,243.238628816285,0.1307705965909091,76,120,0.1023
library/real/wav/hat_closed__real__0012.wav,hat_closed,real,0012,6.666666666666667,0.8284110865283515,0.1372356338540436,0.0003204119458323674,0.0016142478236390008,0.03144133528565942,0.000977284562474137,1.5200088576528419,18.18273993834219,0.13605442176870747,0.010272108843537416,nan,nan,nan,nan,0.008717965580584078,0.6282591252468012,-21.952491647371243,-1.000151903819357,6.575963718820862,-19.18289184216155,5481.036869550382,10096.429669743191,9930.607209163767,0.17081475069017157,0.42799776764642883,16024.01592548077,563.1847657968732,0.32946464342948717,188,330,0.3121
library/real/wav/hat_closed__real__0013.wav,hat_closed,real,0013,34.08163265306123,0.7390011646612993,0.2133191306785909,2.328187422623035e-06,2.393231858606122e-05,0.04764976035900295,3.683795098181924e-06,-1.6110274014361612,15.875518383906105,0.045351473922902494,0.03469387755102041,nan,nan,nan,nan,0.006440687600194259,3.2862466923447693,-19.352620073974233,-0.9998544876801003,34.058956916099774,-16.875372871586205,4454.139207057872,9419.026946113614,9600.76046310546,0.1038442992589095,0.71145889322209,14010.450873940677,1552.7279478923765,0.4049341234110169,498,674,0.7734
library/real/wav/hat_closed__real__0014.wav,hat_closed,real,0014,47.2108843537415,0.14659223252060377,0.14846112953971888,0.06792890653096001,0.17370766321104622,0.2597877494552238,0.20352231874244728,2.7261447854648586,10.102896576370188,0.6575963718820862,0.0572108843537415,nan,nan,nan,nan,0.006666668206699755,1.612816758548289,-14.550794048916844,-0.9998544876801003,44.94331065759637,-11.102751064050288,6601.985192873369,7562.374523141409,7562.374523141409,0.2078887813596587,0.9910151279021068,16140.33203125,1628.4119078554024,0.1975368923611111,100,100,0.4073
library/real/wav/hat_closed__real__0015.wav,hat_closed,real,0015,2.1768707482993195,0.003236806534298204,0.1455887626612478,0.0907167275315331,0.10025171135971533,0.2944937510586806,0.365712240854525,0.8162173032676306,23.186838117834032,0.31746031746031744,0.012335600907029478,72.67228346053615,72.67228346053615,nan,nan,0.015018538700533018,0.529558914645643,-27.774671750418506,-0.9998544876801003,1.927437641723356,-24.186692605514132,2850.016045707623,2619.2981607035645,2250.538671911936,0.0011257635082780441,0.4923026736817892,4592.009943181818,2938.100414957026,0.06187855113636364,38,778,0.1807
library/real/wav/hat_closed__real__0016.wav,hat_closed,real,0016,13.356009070294784,0.005629091416683274,0.24120615270391108,0.046062348637329165,0.1266624523162629,0.45856811698677125,0.1218718379390424,3.548263514690756,21.651273926868633,0.5442176870748299,0.020272108843537414,290.68913384214454,nan,nan,nan,0.010000808072760131,0.5825194507334635,-24.34154860441765,-1.000151903819357,13.310657596371883,-22.65142583068799,3557.166424553072,2582.7328457935278,2274.922882219029,0.0011603651329275969,0.4672019070125578,4857.53173828125,934.7811695999201,0.031426323784722224,90,280,0.1557
library/real/wav/hat_closed__real__0017.wav,hat_closed,real,0017,12.857142857142858,0.8741170647644159,0.07835443814106233,0.0008674932720024177,0.026490641160012086,0.020151418189213788,1.894447329359521e-05,-19.99074839703017,19.602965944166872,0.18140589569160998,0.027913832199546487,nan,nan,nan,nan,0.008571665875342194,0.011188500260988938,-25.892659086576906,-0.9998544876801003,12.857142857142858,-20.602820431846972,4744.688274734065,9104.504094535021,9737.449505874383,0.09501438278011722,0.49844674868628835,14148.8525390625,226.9025449480047,0.39111328125,52,130,0.0344
library/real/wav/hat_closed__real__0018.wav,hat_closed,real,0018,30.657596371882086,0.7836557450732243,0.15390981461265693,0.00017220635560974995,0.010536912172197994,0.051717442648627425,7.879137683533462e-06,-0.532601646432778,18.28731863787699,0.09070294784580499,0.03888888888888889,nan,nan,nan,nan,0.0073076984301085005,1.2753315488427934,-22.550098814872953,-0.9998544876801003,30.612244897959183,-19.28717312555709,4623.920964479594,9008.932688796453,9270.282356315274,0.06449080471126163,0.6943859223516908,14201.561560997596,967.6558203278065,0.4190110426682692,314,524,0.6009
library/real/wav/hat_closed__real__0019.wav,hat_closed,real,0019,1.1111111111111112,0.9010739734488317,0.07582553826063962,0.00012939978237088746,0.0083106366898177,0.014621810679726939,3.864113861317789e-05,-22.971715770890004,20.40089778729668,0.06802721088435373,0.0018594104308390022,nan,nan,nan,nan,0.00764708404030915,0.03274823040633553,-26.63366205197487,-1.000151903819357,0.7256235827664399,-21.40104969111604,4730.99608574138,8925.658000482164,10081.532379252392,0.07814278766861729,0.33938142758072193,14185.314223345587,229.29782532460857,0.39455997242647056,72,148,0.06145
library/real/wav/hat_closed__real__0020.wav,hat_closed,real,0020,35.12471655328798,0.8338432984277809,0.10652015823571757,0.00031182455659253946,0.0226533791620546,0.03551389471781434,0.0011574449000399689,-3.009286046661296,25.72528574111598,0.11337868480725624,0.06918367346938775,533.1262220978209,nan,nan,nan,0.01981349912234151,0.13623395661544097,-30.912918465750096,-0.9998544876801003,24.92063492063492,-26.72514022879608,5022.700661726002,6242.413731430418,11362.032747053045,0.07187417122870465,0.8108436564723687,11507.389322916666,669.1442312733809,0.1797882564484127,164,466,0.4865
library/real/wav/hat_closed__real__0021.wav,hat_closed,real,0021,35.12471655328798,0.8337557707220572,0.10651524451348306,0.0003203844975770708,0.022652531523489314,0.035592501798969,0.0011635669444243135,-2.0048656566170857,27.103675611546436,0.11337868480725624,0.06918367346938775,536.2145908841608,nan,nan,nan,0.020701994515661716,0.13635495804174774,-32.29108257982557,-0.9998544876801003,24.92063492063492,-28.103530099226536,5199.901065262403,5644.574747226679,11362.032747053045,0.054092786362426364,0.8161682520045613,11029.905247043918,669.1442312733809,0.14849405767374518,164,466,0.4866
library/real/wav/hat_closed__real__0022.wav,hat_closed,real,0022,0.09070294784580499,0.8041360187518245,0.15286126613593964,0.00046861595409463465,0.013543731446487527,0.02866648463998804,0.00032388307166557464,-15.145811367020762,22.943598228810977,0.022675736961451247,0.004580498866213152,nan,nan,nan,nan,0.007222284306169004,0.12207875684442639,-27.705746052816288,-1.000151903819357,0.045351473922902494,-23.943750132630335,5246.51933524926,9802.590874613472,10570.371590182775,0.24201709244662906,0.3149252499926727,15478.7841796875,300.08647690081796,0.3905978732638889,96,178,0.109
library/real/wav/hat_closed__real__0023.wav,hat_closed,real,0023,16.235827664399093,0.4531351384770362,0.16365305626371968,0.006358271411723084,0.26940466380298744,0.10545256905831774,0.0019963009862158207,-22.815551758837845,19.957459444820348,0.8616780045351474,0.018956916099773242,nan,nan,nan,nan,0.00998676638280683,0.022958097672995725,-25.1789728610122,-1.000151903819357,15.396825396825397,-20.957611348639706,6079.852135729222,7319.685952664734,9558.564858644893,0.1411428019417205,0.9462801416753331,14673.08349609375,296.10084281215995,0.19553629557291666,54,142,0.08784
library/real/wav/hat_open__real__0001.wav,hat_open,real,0001,22.494331065759635,0.8889644095190876,0.08993946320417337,5.193972703038762e-05,0.0013724991989507403,0.019656640606552592,1.5047744205294298e-05,-0.40761782936364255,20.119182540323862,0.09070294784580499,0.03258503401360544,33.90281901949745,nan,nan,nan,0.008020840457201308,1.5908853119474393,-25.154362453412737,-1.000151903819357,22.494331065759635,-21.11933444414322,4718.881974992448,10246.316668235835,10934.809214281671,0.14591053039203405,0.7141547020802127,15456.129455566406,1485.7149381885135,0.4332173665364583,336,854,0.541
library/real/wav/hat_open__real__0002.wav,hat_open,real,0002,31.156462585034014,0.8943166697269913,0.08162814679344643,3.812187847269651e-05,0.0004359447978810869,0.02356630407485883,1.4812728349716514e-05,-1.3691439994994292,20.279635136436315,0.06802721088435373,0.035238095238095235,nan,nan,nan,nan,0.005945952110621686,1.69270706462446,-26.56775844306477,-1.000151903819357,30.453514739229025,-21.279787040255673,4953.469617252068,11361.47260988639,12099.545825026296,0.16034128347550244,0.7745001287640607,16856.715186866553,1458.6315020640639,0.49053790118243246,306,854,0.5324
library/real/wav/hat_open__real__0003.wav,hat_open,real,0003,7.437641723356009,0.48983383668455277,0.365928674924326,0.008004396318183936,0.0029962074000446826,0.11343510665597407,0.019801778016918563,0.33512213846216937,19.043339404637436,0.06802721088435373,0.01070294784580499,33.12847756292408,nan,nan,nan,0.009523865619276761,0.3032544800508007,-21.04478621353717,-0.9998544876801003,7.414965986394558,-20.043193892317536,5135.372953735033,8229.117308231866,8161.055141431905,0.1854123404060495,0.47289986700803316,14132.958984375,450.8230277497572,0.2897832961309524,126,212,0.1617
library/real/wav/hat_open__real__0004.wav,hat_open,real,0004,2.7210884353741496,0.5983732404847515,0.3453110681073501,0.0002498954338802454,0.0007675223665733432,0.055274689333008026,2.3584274436726497e-05,-6.20590543887638,13.149230125029952,0.045351473922902494,0.005623582766439909,nan,nan,nan,nan,0.009000218812321981,2.267973575949714,-15.335520369307538,-0.9998544876801003,2.653061224489796,-14.149084612710052,3779.235712282277,7516.762572509347,8195.491338796222,0.027376977698787986,0.5661644521347262,11744.9267578125,344.7320860228549,0.3017578125,228,296,0.616
library/real/wav/hat_open__real__0005.wav,hat_open,real,0005,23.49206349206349,0.9139720394568388,0.0801926745879985,2.8843388665252795e-05,0.0013371998493655103,0.004465047547163194,4.1951699687339926e-06,-6.119080873151869,17.51229436496486,0.18140589569160998,0.027210884353741496,nan,nan,nan,nan,0.005882288723970344,0.7913853181050591,-24.32540480967684,-1.000151903819357,0.15873015873015872,-18.512446268784217,5647.955200132306,9828.884608088872,12370.495852465196,0.1507550942833,0.5605091217454743,16425.048828125,475.1217605691369,0.3655753968253968,198,348,0.4378
library/real/wav/hat_open__real__0006.wav,hat_open,real,0006,18.639455782312925,0.4166124785192547,0.5825881645399497,4.323910320953189e-06,9.516611582428587e-06,0.0007846106725907197,9.057463015879981e-07,1.1383667373634037,14.229067907363323,0.045351473922902494,0.020521541950113378,nan,nan,nan,nan,0.010000203151734015,0.7522612831731332,-15.33217612467224,-0.9998544876801003,18.639455782312925,-15.228922395043423,3008.276550719833,6803.888310936162,6724.309571183993,0.010064915562927953,0.4441414870403092,10000.472861842105,458.5454759250278,0.2548057154605263,172,196,0.3039
library/real/wav/hat_open__real__0007.wav,hat_open,real,0007,0.27210884353741494,0.9489152756246102,0.018194982045279164,0.002585927456550785,0.004232942552579164,0.01050237752384735,0.01556849479713328,-1.1957433676316003,21.311666741037154,0.15873015873015872,0.004897959183673469,nan,nan,nan,nan,0.007750007629188571,0.12914118769979355,-27.18730205100652,-0.9998544876801003,0.20408163265306123,-22.311521228717254,4281.261573983552,10733.866211629975,10964.350387901442,0.06860105833577787,0.745810564672943,14468.428344726562,1172.0411525000477,0.303857421875,120,410,0.254
library/real/wav/hat_open__real__0008.wav,hat_open,real,0008,0.9750566893424036,0.7811529272378981,0.17579010786743937,8.90035413345903e-06,0.0020239418063274775,0.04101261974473202,1.1502989469545882e-05,-7.221828559898208,25.317442935326998,0.06802721088435373,0.0091156462585034,nan,nan,nan,nan,0.007289585044476458,1.1609555358986454,-29.925964436729195,-0.9998544876801003,0.9297052154195011,-26.317297423007098,4817.5724428856365,7894.66508959566,10916.816730643,0.17862627851313062,0.5042781285105403,13351.5087890625,931.4953021171949,0.28065011160714287,218,360,0.4121
library/real/wav/hat_open__real__0009.wav,hat_open,real,0009,18.049886621315192,0.6554180595475672,0.2945400808271437,5.976823264327022e-06,0.000632363809861758,0.0494022079998853,1.3109922777397948e-06,-0.8828046664329828,21.543407028070835,0.13605442176870747,0.024603174603174603,32.18537411417131,nan,nan,nan,0.008723415790515209,0.7555268027696272,-24.03961848219838,-0.9998544876801003,18.027210884353742,-22.543261515750935,4785.980708414079,8839.329933919134,8992.958822724437,0.14996583497837904,0.6191822377577996,13912.739985039894,784.0341670726624,0.35945811170212766,228,444,0.3514
library/real/wav/hat_open__real__0010.wav,hat_open,real,0010,20.975056689342406,0.7003753035549358,0.24366202395976558,4.382920160613675e-05,0.0005988201326316996,0.05522819941416751,9.182373689318447e-05,-1.0564533494103934,21.437533107807123,0.09070294784580499,0.028662131519274377,34.099216052111494,34.69525984964539,nan,nan,0.008536615724441617,0.6699381318814227,-24.188635080642662,-0.9998544876801003,16.394557823129254,-22.437387595487223,5046.403278090465,9231.12057327276,9334.000341229324,0.21526658052299313,0.6101959859498345,14776.504144435976,732.4770168738931,0.3542659108231707,202,414,0.3203
library/real/wav/hat_open__real__0011.wav,hat_open,real,0011,3.0839002267573696,0.7009850001119033,0.27424228012140583,1.9146456299656994e-07,9.086830958205801e-05,0.024681653281198535,6.71134719246171e-09,-1.004329825083192,17.25677693214945,0.045351473922902494,0.0033560090702947844,nan,nan,nan,nan,0.008684219984235452,1.060186927511831,-20.175039344748576,-0.9998544876801003,2.9705215419501134,-18.25663141982955,5296.872245037395,9797.436659516712,9906.087377836528,0.22946981322331625,0.6042635557746352,16304.03474506579,816.3607091432478,0.3657098067434211,282,438,0.4497
library/real/wav/hat_open__real__0012.wav,hat_open,real,0012,18.41269841269841,0.5564083607533866,0.43337833435760226,3.809906366982366e-06,0.0006618958308218898,0.009547581004964579,1.8146857675361052e-08,6.799689347586745,17.22634622978785,0.13605442176870747,0.03492063492063492,33.12847756292408,35.91878554589994,nan,nan,0.008163301519740693,1.0897348364426607,-18.962735517510108,-0.9998544876801003,18.39002267573696,-18.22620071746795,4849.728053824981,8637.44378562498,7705.302935201227,0.18139723897109378,0.3797330730208107,13930.224609375,425.5986252546075,0.35916573660714285,210,286,0.539
library/real/wav/hat_open__real__0013.wav,hat_open,real,0013,1.5192743764172334,0.8989187300314045,0.0944759310567289,8.623141948784838e-07,2.4894397566718424e-06,0.0066017396076759926,2.4755023908094526e-07,-10.632812520351715,12.025862164186542,0.13605442176870747,0.005238095238095238,nan,nan,nan,nan,0.007812576413549033,3.0033487375822046,-15.919161476133134,-1.000151903819357,1.2925170068027212,-13.026014068005898,3775.411996414511,9244.720058545265,10639.679400126157,0.06578933910063761,0.893008048073437,13020.858764648438,499.83613434897615,0.4002532958984375,314,366,0.761
library/real/wav/hat_open__real__0014.wav,hat_open,real,0014,88.50340136054422,0.2520761090840014,0.7115571594381164,1.2124058304346566e-05,0.002207502087879053,0.0338709461346659,0.0002761591970329508,0.0034764740210191307,21.420039659999855,0.20408163265306123,0.08884353741496599,nan,nan,nan,nan,0.009807511555233425,3.2090393194324087,-22.139317393207453,-0.9998544876801003,45.41950113378685,-22.419894147679955,3257.800167640191,5972.457134822108,5389.686631942867,0.014101833306824607,0.8613735532550595,9364.282886402027,5551.088065589222,0.23140383687258687,646,2736,0.8874
library/real/wav/hat_open__real__0015.wav,hat_open,real,0015,78.84353741496598,0.7304436402349649,0.24789013089363396,0.0003783423805758973,0.0004905438068013861,0.020684455245708232,0.00011288743831552222,-2.8268895231719893,14.149507821519691,0.022675736961451247,0.08068027210884354,nan,nan,nan,nan,0.006976747063652951,1.462584589685674,-17.42010553305303,-0.9998544876801003,12.675736961451246,-15.149362309199791,4624.907875718975,9381.718890434033,9633.049365031367,0.1610077208556653,0.7569269861335441,14412.22292877907,1000.6428384323582,0.3905341569767442,374,498,0.6592
library/real/wav/hat_open__real__0016.wav,hat_open,real,0016,18.54875283446712,0.5939256556281289,0.2658349257020845,0.00020532992416804312,0.0044503997897020085,0.13552548656456626,5.820239135027346e-05,-0.46546888844726114,19.072911212347737,0.20408163265306123,0.0190702947845805,nan,nan,nan,nan,0.008653864584975461,3.442226370131979,-22.154796968977028,-0.9998544876801003,0.06802721088435373,-20.072765700027837,4637.02960811194,7833.364735763219,9597.747102942096,0.09478788295841346,0.9525129862346031,12664.560171274039,2915.6745065461114,0.3162528796073718,666,1470,0.7031
library/real/wav/impact__real__0001.wav,impact,real,0001,17.573696145124718,0.06068166275968832,0.6587384972793333,5.376814297736185e-05,0.0014478698401193411,0.27906374098695746,1.4460990924133117e-05,3.900179917305058,11.774241757576457,0.36281179138321995,0.023356009070294784,nan,nan,nan,nan,0.01016063401762698,9.824986891135614,-12.359979489835935,-0.9998544876801003,1.7913832199546487,-12.774096245256557,5338.059014598385,5883.805558766875,5574.821822880693,0.01627649746309828,0.7476546517827377,14049.984375,905.8148861021746,0.19025390625,254,260,0.6136
library/real/wav/impact__real__0002.wav,impact,real,0002,18.54875283446712,0.15190093460299456,0.6497418798713556,0.00010216020046464869,0.0013206256057810748,0.19692073772869087,1.3661990713251898e-05,-1.8365290286846623,18.26350081208058,0.15873015873015872,0.022585034013605444,630.345939632597,630.345939632597,nan,nan,0.01092042904573303,6.414115914200924,-19.476609165274734,-0.9998544876801003,1.7687074829931972,-19.26335529976068,5298.170409148529,6088.990123358799,6592.739950670227,0.008727774316125054,0.6429350713027158,14285.81210049716,1986.5373034752176,0.17228560014204544,348,502,0.501
library/real/wav/impact__real__0003.wav,impact,real,0003,71.06575963718821,0.002538424377911801,0.14006633588392764,0.23339562397930813,0.0784960008548848,0.4934225757412584,0.0520810391627092,0.3498515365242207,21.07379265472406,2.7210884353741496,0.07852607709750567,nan,nan,nan,nan,0.010018419394111756,1.5481319319570734,-24.523794684887015,-0.9998544876801003,62.26757369614513,-22.07364714240416,2917.9803020677828,2172.7667219520863,2704.4962975029966,0.0017977621600650739,0.7154776987986013,4023.6185709635415,3109.9104098379885,0.051289876302083336,312,1316,0.8963
library/real/wav/impact__real__0004.wav,impact,real,0004,3.1746031746031744,0.9695438214668278,0.029516691050983958,2.344866873608039e-05,0.00011057951687514488,0.0007829622729094505,2.249702366748964e-05,-11.318566216693652,22.658812286763528,0.06802721088435373,0.007346938775510204,nan,nan,nan,nan,0.00971753376160745,0.7080146378891965,-31.152170440012835,-0.9998544876801003,0.5442176870748299,-23.658666774443628,4926.424634672362,11663.49064518593,13517.252943102518,0.15219451544574322,0.6379302056371378,17314.541015625,1065.1827409619398,0.47518136160714286,138,396,0.2065
library/real/wav/impact__real__0005.wav,impact,real,0005,0.13605442176870747,0.9824596375100212,0.016623749951145524,2.9118660452467484e-05,0.0001225594645648282,0.0007329804868856968,3.1953926930351476e-05,-15.312122942914272,20.86104517043547,0.18140589569160998,0.008321995464852608,271.2225521559796,271.2225521559796,271.2225521559796,nan,0.009288338680402962,0.6262254126800318,-29.74572955947493,-1.000151903819357,0.11337868480725624,-21.86119707425483,4784.254451077523,13085.996588683496,13503.455324737042,0.1496300111285725,0.47561242441862855,18473.9501953125,631.3198946910233,0.5020577566964286,126,154,0.1628
library/real/wav/impact__real__0006.wav,impact,real,0006,2.7437641723356005,0.4759158650608956,0.5102432542130478,5.6731237480348886e-05,0.00020542372660610104,0.013568114866809844,1.0610895160191406e-05,-6.1475422336253445,22.084861145515756,0.022675736961451247,0.016235827664399093,949.9229357479009,955.425783333691,nan,nan,0.010821856617945382,3.4340907779719516,-24.117475592244617,-0.9998544876801003,2.7437641723356005,-23.084715633195856,3986.9523938182483,6276.890145650429,9125.883041447658,0.018548500034966286,0.6534519501320706,10225.351728019068,1466.1685483059755,0.2215224443855932,176,674,0.3308
library/real/wav/impact__real__0007.wav,impact,real,0007,1.5873015873015872,0.4622019869748335,0.525552138900838,6.802594094014905e-05,0.00022544084236624288,0.011896898760003143,5.550858101888881e-05,-13.772249747574804,18.572101310438363,0.045351473922902494,0.009954648526077097,944.4517822320021,949.9229357479009,nan,nan,0.011099565246988671,3.1198465687922434,-20.65867295301746,-1.000151903819357,1.3151927437641724,-19.57225321425772,4635.018516855787,7868.372809036545,9103.284452668504,0.04033388093175921,0.5745936328299666,12987.330163043478,858.2449938215105,0.25887398097826086,176,264,0.303
library/real/wav/impact__real__0008.wav,impact,real,0008,2.494331065759637,0.6055136515281503,0.3274051434782771,0.00010110656872211209,0.0016245349501039174,0.06519674117849962,0.00015882229624695007,-21.848480892442492,20.0026800083292,0.06802721088435373,0.006303854875283447,nan,nan,nan,nan,0.006523037023170502,0.8901129511313006,-24.42209271019854,-1.000151903819357,0.22675736961451248,-21.002831912148558,5654.261983349609,9562.61892089127,11423.488286741243,0.18082711283561992,0.6162267457191312,16471.964164402172,1154.3449447212317,0.3628991168478261,214,260,0.3344
library/real/wav/impact__real__0009.wav,impact,real,0009,0.6349206349206349,0.5437405839428606,0.37631834249852386,0.00011398015106182587,0.0016577932610554408,0.07812917163436385,4.012851213430402e-05,-9.664156358397245,21.42154401006367,0.13605442176870747,0.0012925170068027211,32.561522843381525,nan,nan,nan,0.00934463151991219,1.2671716111330014,-25.24433597194511,-1.000151903819357,0.6349206349206349,-22.421695913883028,4655.901273830251,7172.952086429127,11348.31218256592,0.09050124697195577,0.7031137543179093,12033.883516905738,2224.634490133646,0.2742939933401639,254,702,0.4108
library/real/wav/impact__real__0010.wav,impact,real,0010,71.06575963718821,0.002538424377911801,0.14006633588392764,0.23339562397930813,0.0784960008548848,0.4934225757412584,0.0520810391627092,0.3498515365242207,21.07379265472406,2.7210884353741496,0.07852607709750567,nan,nan,nan,nan,0.010018419394111756,1.5481319319570734,-24.523794684887015,-0.9998544876801003,62.26757369614513,-22.07364714240416,2917.9803020677828,2172.7667219520863,2704.4962975029966,0.0017977621600650739,0.7154776987986013,4023.6185709635415,3109.9104098379885,0.051289876302083336,312,1316,0.8963
library/real/wav/impact__real__0011.wav,impact,real,0011,56.53061224489796,0.44040997679327315,0.423092930563327,4.730334482869096e-06,0.0003558865912657624,0.13613457483862565,1.9008790256719046e-06,1.6674891540335688,20.620445454568422,0.06802721088435373,0.057369614512471655,nan,nan,nan,nan,0.009122380913467804,2.863719556082794,-22.19804006314568,-1.000151903819357,31.90476190476191,-21.62059735838778,4695.0888575116605,7351.5267940802,7080.674190729848,0.0773430112970163,0.7503559382020776,12230.019054878048,3251.023965198322,0.2914729420731707,578,1674,0.8264
library/real/wav/impact__real__0012.wav,impact,real,0012,0.22675736961451248,0.6002815439592315,0.3477412670780726,4.185400359531281e-06,0.0005528674698186623,0.051405292644768216,1.4843447749445925e-05,0.798057797313873,32.17982036452589,0.09070294784580499,0.0027210884353741495,nan,nan,nan,nan,0.00914595574238353,0.6695834082536128,-36.52124445646377,-0.9998544876801003,0.15873015873015872,-33.17967485220599,5045.272992678575,6842.302618337434,11407.608897414259,0.08148619159707965,0.7100159845846312,12019.557622409759,3000.0038423285464,0.2481408756684492,156,1290,0.3297
library/real/wav/impact__real__0013.wav,impact,real,0013,0.7029478458049886,0.4076112782409062,0.4003961020391395,1.0730951191574547e-05,0.011824803940990409,0.18014781054756784,9.274280204352257e-06,-1.299617463309568,27.64650559309885,0.045351473922902494,0.007233560090702948,nan,nan,nan,nan,0.009812348742600244,1.1910048391124752,-28.668347010097136,-0.9998544876801003,0.36281179138321995,-28.64636008077895,2917.504507983318,3286.3128930601724,5214.322317766381,0.001283795220540347,0.7555795906611061,5239.9885847761825,4712.547184076201,0.12268396326013513,328,1716,0.5285
library/real/wav/impact__real__0014.wav,impact,real,0014,136.12244897959184,0.26072877151624657,0.6490620484864604,4.0312122922166445e-06,0.0016728003159456092,0.08853076702083541,1.581448219681418e-06,1.6541601421416423,17.368250597476514,0.09070294784580499,0.13625850340136053,33.513411930260055,nan,nan,nan,0.009658559035651215,4.180625839840548,-18.127924033044994,-1.000151903819357,40.952380952380956,-18.368402501295872,3737.172545451285,6111.731880420435,6427.222015390747,0.037159853000261735,0.7727584077622788,9478.39081554878,3513.19930285648,0.24821360518292682,1218,1942,0.9144
library/real/wav/impact__real__0015.wav,impact,real,0015,1.0657596371882085,0.5402436108639996,0.3786217304032572,0.0001086585804109086,0.0015692883824755177,0.07939397745464255,6.273431521425696e-05,2.717929226274308,28.750568751314386,0.13605442176870747,0.004852607709750567,nan,nan,nan,nan,0.008271885126918706,1.177146585094218,-32.57527846195493,-0.9998544876801003,1.0657596371882085,-29.750423238994486,5329.900214168638,8159.182893195555,11417.770245934862,0.10203917699871662,0.7793251053687432,13501.584201388889,3905.680965455402,0.328978989840535,256,1554,0.4119
library/real/wav/impact__real__0016.wav,impact,real,0016,34.89795918367347,0.029779497920968963,0.6926711046579872,0.00032873062361042513,0.0019347923520730544,0.27491379404460065,0.0003720804007598291,0.3378962028439607,13.343499011543345,0.15873015873015872,0.05997732426303855,nan,nan,nan,nan,0.010240980254903189,0.9823736127175362,-13.317427741676543,-0.9998544876801003,3.968253968253968,-14.343353499223445,3504.9135312771996,3839.253339121378,4157.102035112944,0.01405286466134923,0.7268145562629958,6957.80859375,1362.228397092509,0.094859375,676,1050,0.8295
library/real/wav/impact__real__0017.wav,impact,real,0017,44.421768707483,0.043112801046991264,0.7162462393378203,0.00038484911374115814,0.0015440475267903958,0.23847404808816,0.0002380148864969265,0.12651806440236352,15.577959028383827,0.11337868480725624,0.062494331065759634,1772.6188769405812,nan,1814.0518791216348,1814.0518791216348,0.009908178433345334,1.189476615920716,-15.576133823469153,-0.9998544876801003,16.55328798185941,-16.577813516063927,3445.315893929559,3817.6366309418117,4421.219773686073,0.013140081444453782,0.773595496430266,6804.962344773472,2533.3414599639273,0.0977564649290393,1154,1792,0.9073
library/real/wav/impact__real__0018.wav,impact,real,0018,40.02267573696145,0.03221087681724184,0.6400967000732078,0.0006668502337695163,0.001744229289043471,0.3242333585442396,0.0010479850424977041,7.154825184200171,11.558749611414115,0.15873015873015872,0.042585034013605444,nan,nan,nan,nan,0.006573156376905008,0.6584126926854909,-11.55378481026246,-0.9998544876801003,4.376417233560091,-12.558604099094214,4424.975169049896,4646.97329139806,4118.68818018363,0.011871520473198541,0.5849679235228669,9235.8984375,198.1759833355009,0.07843191964285715,158,206,0.6409
library/real/wav/impact__real__0019.wav,impact,real,0019,7.551020408163265,0.041379140331308205,0.907483585996337,0.00260552284914635,0.0020018396947716947,0.0260977701476997,0.020432140980737055,30.558547093096625,14.00312855990881,0.45351473922902497,0.016984126984126983,749.6118763241601,745.2944296152001,nan,nan,0.010008157896256151,0.010054957507195237,-14.115023328548734,-0.9998544876801003,1.3378684807256236,-15.00298304758891,6226.354715726045,6248.168932218453,5143.425913556608,0.02681152789574231,0.4734193554014894,14248.828125,224.55754565388236,0.053431919642857144,12,44,0.0009829
library/real/wav/impact__real__0020.wav,impact,real,0020,6.961451247165534,0.050100124277443855,0.879510937547731,0.002284374914204862,0.0008242899479313025,0.041810161929760545,0.025470111382928477,26.46486551868605,14.47297866080333,0.31746031746031744,0.016394557823129253,nan,nan,nan,nan,0.010041589793951596,0.017729781666003443,-14.63595747415701,-0.9998544876801003,2.199546485260771,-15.47283314848343,6383.491546999065,6562.093990994338,5199.547962674376,0.03134523713938513,0.5022601982940295,14940.005493164062,216.43128867607203,0.054718017578125,16,46,0.001049
library/real/wav/impact__real__0021.wav,impact,real,0021,6.598639455782313,0.08468032100344901,0.8157455968289912,0.0039524936606141455,0.001912680948041902,0.06897982951826202,0.024729078040641787,25.251428413259145,14.18980819309611,0.4988662131519275,0.018072562358276645,1592.972909496567,1597.5735828753889,1663.4929077375705,1653.9118936064858,0.024714505514648457,0.011506066027742871,-14.444661030587122,-0.9998544876801003,1.4739229024943312,-15.18966268077621,6302.932356810504,6315.370740307236,5323.966899499354,0.023578431812782942,0.4310597955826048,14668.7255859375,187.64956437860525,0.05144391741071429,12,44,0.00094
library/real/wav/impact__real__0022.wav,impact,real,0022,7.414965986394558,0.031039926532018904,0.6741183922853685,0.0013703452797448057,0.001590733079221791,0.2788102846006741,0.013070318222971757,21.812608599695825,13.608632462386593,0.15873015873015872,0.011768707482993197,nan,nan,nan,nan,0.008697199288028912,0.01290816641927358,-13.676489130544384,-0.9998544876801003,2.925170068027211,-14.608486950066693,5972.876308703609,5701.058006998647,3746.594589308276,0.022828242809383857,0.5063505964470307,12771.998131793478,193.6573816527393,0.04458220108695652,38,54,0.003734
library/real/wav/impact__real__0023.wav,impact,real,0023,9.070294784580499,0.0700611947049016,0.8638412819071356,0.0023881238746042395,0.0013534011666493817,0.04542835560453833,0.016927642742170793,23.619168079887043,13.77736025965105,0.11337868480725624,0.011201814058956917,724.0773439350247,728.2718813170084,nan,nan,0.010008434650186611,0.012998681290247806,-13.91909786363499,-0.9998544876801003,1.8367346938775508,-14.77721474733115,6189.635917774301,6075.603796488125,4831.561985559608,0.020495710508815473,0.5065260081728857,14094.827270507812,193.56650136248848,0.043548583984375,24,52,0.0015
library/real/wav/impact__real__0024.wav,impact,real,0024,9.319727891156463,0.05462255162344527,0.8625363216605707,0.0008324104454036974,0.0010977944697529928,0.07256276394086386,0.008348157859963444,22.35825062367088,13.2815735684984,0.45351473922902497,0.01052154195011338,nan,nan,nan,nan,0.01000921654349907,0.008426248536110327,-13.377841423188672,-0.9998544876801003,1.8140589569160999,-14.2814280561785,5722.855606964287,5857.651335080552,4156.178758528997,0.02839062652162902,0.4897538789135958,12641.015625,164.2759765840077,0.0670805431547619,50,112,0.01053
library/real/wav/impact__real__0025.wav,impact,real,0025,7.4603174603174605,0.026604421042579835,0.9034435341017639,0.0017190007856799534,0.0007751028882383517,0.055293621173852614,0.012164320007885273,20.129421139505553,13.356344038752031,0.4308390022675737,0.010612244897959184,nan,nan,nan,nan,0.010042046783201366,0.012700557959043063,-13.469810391562616,-0.9998544876801003,2.0181405895691613,-14.35619852643213,5772.355570241716,5443.079459763747,4302.185542251359,0.013030653973356046,0.4330799117067393,12662.869262695312,183.1362761357948,0.045745849609375,32,52,0.002468
library/real/wav/impact__real__0026.wav,impact,real,0026,7.936507936507936,0.04832029526798482,0.8488718764292795,0.0012916835556287948,0.0006153245678125098,0.08833692361012642,0.012563896569167956,21.059937264189607,13.266259228108918,0.36281179138321995,0.015850340136054422,881.204671738194,881.204671738194,876.1293062989848,881.204671738194,0.010243507214638261,0.012306586869316445,-13.369028010591588,-0.9998544876801003,1.7687074829931972,-14.266113715789018,5821.663032812738,5497.581520648055,4316.4543116440245,0.0117174739164662,0.540253024003493,12878.201293945312,189.35501963983774,0.045379638671875,34,52,0.002342
library/real/wav/impact__real__0027.wav,impact,real,0027,10.770975056689343,0.024652018888104112,0.6270582039912471,0.0007612295069649108,0.0022884660968379984,0.33833741129693495,0.0069026702199110725,25.87302575658262,13.295012917750697,0.11337868480725624,0.015124716553287981,1702.3752113004293,1712.2369705748667,nan,nan,0.010010970131544974,0.006490344900175573,-13.378584555580451,-0.9998544876801003,1.6780045351473922,-14.294867405430796,5593.2383549246315,5240.6758908571355,3897.462887349265,0.011636469568864912,0.46187007774945243,12034.368896484375,170.31334762278482,0.0474853515625,34,54,0.002059
library/real/wav/impact__real__0028.wav,impact,real,0028,7.482993197278911,0.012437398602205108,0.5036517139866484,0.0006432698382351306,0.0016650044309939383,0.4785830643674711,0.003019548774446231,23.795601536530825,13.011963968871417,0.13605442176870747,0.026961451247165532,1814.0518791216348,nan,nan,nan,0.010275207909852297,0.01649575948230939,-13.091230702257338,-0.9998544876801003,2.0181405895691613,-14.011818456551516,5242.199055688486,5335.93194679858,3326.2427185075308,0.022828872526597075,0.48073094573139225,11181.11572265625,133.68276221502134,0.06455485026041667,72,118,0.09113
library/real/wav/impact__real__0029.wav,impact,real,0029,6.099773242630386,0.025740741501628764,0.5933066285540833,0.0015819014541984097,0.0016364629888390042,0.36651082303898486,0.011223442462265566,21.368584088493936,13.536604307525248,0.15873015873015872,0.03848072562358277,nan,nan,nan,nan,0.01002211160806199,0.012032858900956175,-13.588600909751456,-0.9998544876801003,1.9501133786848073,-14.536458795205348,5917.368157103603,5549.348167466008,3701.347636842274,0.02029686301180805,0.43801119605408534,12586.1572265625,185.09322716635717,0.045831853693181816,44,58,0.00333
library/real/wav/impact__real__0030.wav,impact,real,0030,9.909297052154194,0.051564448547108656,0.6705230555425754,0.0011736253163181544,0.0014669813930729522,0.26958989849109277,0.005681990709831948,12.988212954486205,12.790192461057673,0.15873015873015872,0.017777777777777778,nan,nan,nan,nan,0.00735154491457991,0.015366040471967633,-12.838866010384645,-0.9998544876801003,2.2222222222222223,-13.790046948737773,5396.650258272591,5148.7541046181705,4109.4743321548,0.01226392816579195,0.40251181155123483,11438.271859975961,152.73916237335416,0.05643404447115385,72,120,0.08264
library/real/wav/impact__real__0031.wav,impact,real,0031,10.18140589569161,0.026794691120218057,0.6783217724867414,0.00045259228314410677,0.0016762196059617802,0.29097254124281574,0.0017821832611187858,5.252580660651964,12.26341715513879,0.15873015873015872,0.02414965986394558,nan,nan,nan,nan,0.010146675909936644,0.1381492504221154,-12.239509636298767,-0.9998544876801003,4.172335600907029,-13.26327164281889,4009.586553909837,4075.062365195446,3989.1509139587038,0.010184603907152975,0.5171342418919291,7866.796875,274.30161468820916,0.07882486979166667,144,222,0.3727
library/real/wav/impact__real__0032.wav,impact,real,0032,7.324263038548753,0.04740045251119165,0.6901958142267419,0.0005369724788309485,0.001426666549333187,0.25929962922680727,0.0011404650070949607,1.623694493819828,12.290449250117318,0.13605442176870747,0.01653061224489796,1899.8458714958017,nan,nan,nan,0.011684187799287267,0.6485217194802417,-12.306840080247795,-0.9998544876801003,2.5850340136054424,-13.290303737797418,3830.150788098158,4138.855685136288,4440.483594046719,0.019844786506711908,0.548000077565045,7715.821140095339,601.3480681993374,0.09821073887711865,292,460,0.6485
library/real/wav/impact__real__0033.wav,impact,real,0033,131.72335600907027,0.6103378171993155,0.3133608854725498,2.6808945992812884e-05,0.0035599084617547205,0.07268820150087923,2.637841950790405e-05,-0.832524611346462,20.33340007427941,0.15873015873015872,0.13591836734693877,nan,nan,nan,nan,0.009661235750988796,3.625779852018725,-22.56703172378107,-1.000151903819357,131.70068027210885,-21.333551978098768,3875.4871068393068,6739.846623455348,5881.404055122865,0.02861739936084723,0.837207495185767,10705.043365995763,2457.85641640825,0.2728719765183616,722,1492,0.9292
library/real/wav/impact__real__0034.wav,impact,real,0034,89.47845804988663,0.1604980814657999,0.7197393197342798,5.184154161306236e-05,0.007791602712957254,0.11181957950617111,9.957503917883328e-05,-0.10559241993862889,19.70837103149288,0.18140589569160998,0.08988662131519275,33.12847756292408,nan,nan,nan,0.0100002240531341,2.9154070588798504,-20.368996076123466,-1.000151903819357,89.36507936507937,-20.70852293531224,3362.89844570786,4899.900454857991,4414.479196027626,0.017176216406401677,0.8519233935775987,7937.660688920455,2473.789706239784,0.18769235321969696,762,1562,0.8891
library/real/wav/impact__real__0035.wav,impact,real,0035,5.328798185941043,0.3116296016783865,0.6828789104149297,0.00010250406899470529,0.00015633113943269123,0.005158137076245416,7.451562201094351e-05,-1.8229000436282283,12.242923391788988,0.045351473922902494,0.016802721088435373,548.748012818582,548.748012818582,548.748012818582,551.9268777179418,0.010505219427551865,2.9563951236901524,-13.376782972160248,-0.9998544876801003,2.403628117913832,-13.242777879469088,2727.7776378881035,6394.646629003474,6613.303380699849,0.0015988540404344757,0.6588094701192507,9590.625,772.05762038745,0.2604930644132653,374,480,0.7315
library/real/wav/impact__real__0036.wav,impact,real,0036,210.0453514739229,0.46514112578716643,0.48629082962346165,2.0788131944308562e-05,0.00937235547999043,0.039140393933592976,3.450704384413548e-05,-1.9265892649184004,19.18719203150939,0.15873015873015872,0.21034013605442176,49.06650702942722,49.06650702942722,49.06650702942722,nan,0.009942014080399849,4.7662861433586174,-20.727167429153216,-0.9998544876801003,151.38321995464852,-20.18704651918949,4019.924710078997,6464.893624567143,7503.049332655979,0.04775567219748176,0.7912608073570695,10627.371348505434,2903.4883267647256,0.2546492866847826,826,1708,0.9558
library/real/wav/impact__real__0037.wav,impact,real,0037,129.4331065759637,0.4642929688824769,0.4893934291873418,2.9347394494201353e-05,0.0014582744857081912,0.04479704121567558,2.8938834303348568e-05,-1.345560895834092,18.81946331388324,0.15873015873015872,0.1300453514739229,736.73399296554,736.73399296554,736.73399296554,736.73399296554,0.011391925802116898,6.891459876269348,-20.255524570923757,-1.000151903819357,84.64852607709751,-19.819615217702598,4119.237820206881,5955.922996113266,7783.4166225078825,0.0317473342236631,0.7812817362796817,10097.726440429688,3055.024786379805,0.21994672502790177,778,1746,0.9685
library/real/wav/impact__real__0038.wav,impact,real,0038,203.40136054421768,0.0002904609947365477,0.030164741934697297,0.5450233631781085,0.11972165058490641,0.28439192241356187,0.020407860893989438,0.8323245204321406,21.202447398504983,0.13605442176870747,0.20904761904761904,73.51669471981023,80.17052407194419,76.10925536017415,89.47007578745725,0.019180990646178,1.5660547257754889,-27.66914162161956,-1.000151903819357,171.97278911564626,-22.20259930232434,2433.3006401675743,1059.965361972651,210.73210577200902,0.0024317743576629195,0.6130694251933754,1577.1285359893366,4803.007037536323,0.013639477191943129,172,728,0.9275
library/real/wav/impact__real__0039.wav,impact,real,0039,12.35827664399093,0.014230074345462279,0.046356729193905565,0.5259961980198511,0.3444585068902301,0.06862975586418572,0.0003287356863653389,2.1820986455543148,19.17314278004006,0.13605442176870747,0.03430839002267574,nan,nan,nan,nan,0.011678220961904394,9.107739632062378,-28.059488609388804,-1.000151903819357,11.08843537414966,-20.173294683859417,4179.21637628061,2872.520486391472,3902.039210378548,0.018189393241625648,0.5633375965705537,6200.008557506443,1106.118375269834,0.031466454574742266,68,398,0.6636
library/real/wav/impact__real__0040.wav,impact,real,0040,21.360544217687075,0.023161255375264228,0.28048986716941754,0.004780063619703678,0.1979583836236377,0.49358159278576347,2.8837426213530725e-05,2.406888930180853,18.44914693188021,0.15873015873015872,0.031746031746031744,591.5405807986036,nan,nan,nan,0.012510142646810588,1.188823006664546,-20.05809094578787,-0.9998544876801003,10.090702947845806,-19.44900141956031,3376.2796694835024,2893.8080506536453,3371.1759086743564,0.015090962011457675,0.5232760677305823,5614.637220228041,861.4349517131384,0.06335119298986487,286,508,0.603
library/real/wav/kick__real__0001.wav,kick,real,0001,7.64172335600907,0.0003254442671929815,0.005657404950000743,0.5244884007064858,0.3458168764598255,0.06350963196960553,0.06020224164688945,15.928179009029995,15.842704524639093,1.4058956916099772,0.01052154195011338,nan,nan,nan,nan,0.010327937756885392,0.44100026523044134,-27.15134706703926,-0.9998544876801003,2.2675736961451247,-16.842559012319192,4627.737756331871,2450.597806338504,1976.6049894168184,0.002396322555383615,0.6189317513193702,4740.8935546875,252.68831901021133,0.0325927734375,14,14,0.2266
library/real/wav/kick__real__0002.wav,kick,real,0002,7.64172335600907,0.0003256237972884357,0.005631593879607846,0.5250855296131607,0.34553457449920966,0.0632993433353655,0.060123334875367876,17.4618394134589,16.336198622101698,1.383219954648526,0.010770975056689343,81.10206069037197,80.63494719327188,nan,nan,0.013200721930764154,0.45110490159163263,-27.65014122724117,-0.9998544876801003,2.2675736961451247,-17.336053109781798,4647.351094287511,2485.6152431434343,1979.2816910532335,0.0023086614652772512,0.545202345619128,4809.08203125,260.4772098989621,0.036946614583333336,6,30,0.2137
library/real/wav/kick__real__0003.wav,kick,real,0003,3.560090702947846,0.00011547598269200398,0.0019156894292448607,0.41422626789062317,0.39062498931633316,0.043694453913501345,0.14942312346760553,4.563958141019199,20.36319173142252,1.9727891156462587,0.020226757369614514,nan,nan,nan,nan,0.01035981558117973,0.10779719888709283,-32.40666861994049,-0.9998544876801003,0.4308390022675737,-21.36304621910262,4938.308087502304,2802.46751076323,1144.7322317230874,0.0023743739290751427,0.7544113316406956,7595.627663352273,3224.514363766156,0.023145799512987012,34,184,0.1125
library/real/wav/kick__real__0004.wav,kick,real,0004,0.6122448979591837,5.286245882412658e-05,0.0008136967690275629,0.4121992987368418,0.35618473761915453,0.03559982563649868,0.1951495787796535,6.060690931273365,19.32982852576797,1.9047619047619047,0.018798185941043082,nan,nan,nan,nan,0.009498283145762572,0.2439852059867458,-32.893574349062035,-0.9998544876801003,0.47619047619047616,-20.32968301344807,4476.468878998762,2248.4529504069747,901.0708743839836,0.001182107513354144,0.720612959513877,5549.272085336538,2510.3955276568527,0.011388221153846153,32,408,0.1603
library/real/wav/kick__real__0005.wav,kick,real,0005,8.435374149659863,5.100313120937633e-05,0.0002747309737613319,0.4593673822625836,0.46989174426607544,0.008967415569162513,0.06144772379720772,6.439314302138435,20.259494858937362,1.7006802721088434,0.013242630385487529,nan,nan,nan,nan,0.009617628764375408,0.1480418299511426,-34.033138208871236,-1.000151903819357,3.1065759637188206,-21.25964676275672,4634.199479779452,2295.2879171827312,1069.6631638159747,0.0015763782464213133,0.7841345201977159,5560.574127906977,2111.728863264857,0.017521348110465115,14,38,0.1005
library/real/wav/kick__real__0006.wav,kick,real,0006,11.700680272108844,0.0017452806468322146,0.007484106625602175,0.6293644456249523,0.1776735970295777,0.016538288267675453,0.16719428180536008,-2.3149592458826795,17.0447584011037,1.383219954648526,0.020657596371882084,57.68002960709313,59.37018348424381,54.442698300854765,nan,0.02320154438663117,1.0144675422764402,-30.840973929186866,-1.000151903819357,10.839002267573695,-18.044910304923057,3872.8414239175245,1887.3901147901688,2639.6925382800387,0.0006962987950890595,0.6991420436229607,3608.1573486328125,654.9633987392738,0.01165771484375,72,172,0.2283
library/real/wav/kick__real__0007.wav,kick,real,0007,3.5147392290249435,2.2888932916792277e-08,4.64091484783529e-07,0.5126214239193954,0.002011443011038414,6.0695193312847935e-05,0.4853059508958357,-0.38172955093318034,6.930681457314079,3.5374149659863945,0.023333333333333334,48.78390474418438,33.90281901949745,55.07529198363712,65.4959290877936,0.032693024484851875,43.3178124203887,-34.95972187989722,-1.000151903819357,2.312925170068027,-7.930833361133436,869.6335774179574,103.06014565902677,103.06014565902677,9.381566887298077e-08,0.030835301635059004,74.169921875,322.18059426848447,0.0017903645833333333,50,100,0.1622
library/real/wav/kick__real__0008.wav,kick,real,0008,11.678004535147393,0.0002250260783072274,0.00017714242806073354,0.8046080766670227,0.06376806835349985,0.0058038660996446965,0.12541782037346483,3.114366333659006,10.165957251454685,1.9727891156462587,0.01417233560090703,nan,nan,nan,nan,0.014722586685921586,0.1829926282185245,-28.59145337592176,-0.9998544876801003,10.90702947845805,-11.165811739134785,2852.6724551874217,1027.0723413744026,912.8997269711765,0.00017172692783426098,0.3510571521207281,1355.3955078125,286.1802170496497,0.003987630208333333,12,70,0.3064
library/real/wav/kick__real__0009.wav,kick,real,0009,5.1473922902494325,1.715457267676899e-05,0.005607697434576238,0.933171969475138,0.039976760881236174,0.004557733268631624,0.016668684367740882,10.911167601530439,9.645412655220047,3.1746031746031744,0.012993197278911565,110.15058396727426,nan,110.15058396727426,110.15058396727426,0.1670543685255202,1.0438371835512041,-25.82697329641285,-0.9998544876801003,0.18140589569160998,-10.645267142900147,2720.581150324799,1080.9357577114836,1080.9357577114836,0.0002275725764972322,0.1269439255860549,1703.515625,138.14841123589156,0.0026041666666666665,38,52,0.001878
library/real/wav/kick__real__0010.wav,kick,real,0010,4.081632653061225,6.714782696046318e-09,9.578777965676903e-08,0.569360771109971,0.00038159384727019834,1.2400134847954958e-05,0.4302451324053484,0.7271471302793613,7.691642677676028,3.9455782312925174,0.04215419501133787,53.5074053304646,57.01751796098171,59.37018348424381,61.81992505119011,0.08971755373649867,791.1116969793591,-36.63669428632544,-1.000151903819357,2.6984126984126986,-8.691794581495385,1125.453256967124,150.65704346353016,412.2693985130367,1.3389889269086954e-07,0.026165810446666327,70.751953125,844.5470851445061,0.0025669642857142857,202,366,0.6655
library/real/wav/kick__real__0011.wav,kick,real,0011,3.197278911564626,4.844796619965875e-08,1.0271114226249858e-06,0.5559158036505314,0.004863817282345159,0.000135298181703351,0.43908400532603137,-0.2020390360974895,8.85085426578149,3.492063492063492,0.054693877551020405,49.755920475615255,35.711908564167146,53.19922535313842,64.74364417932304,0.02444060752478036,17.038877329898806,-35.572843863071895,-1.000151903819357,2.1088435374149657,-9.851006169600847,940.7434404101281,117.32165743326394,117.32165743326394,1.4207806061329742e-07,0.006273164864339702,80.74951171875,212.89129172683147,0.00189208984375,30,84,0.06608
library/real/wav/kick__real__0012.wav,kick,real,0012,15.532879818594106,0.00011111916245793704,0.00028653528662378957,0.5035893530198949,0.028391732859320305,0.0028365912570765856,0.4647846684146268,17.30477932392111,9.19156071267522,5.578231292517007,0.061247165532879816,49.9241744648559,48.502930128332736,51.68474667520269,68.99085971474273,0.05450510227106041,5.718743731077126,-31.801427147434303,-0.9998544876801003,1.7687074829931972,-10.19141520035532,3384.644395175639,1361.6166283281161,824.6855687705585,0.0007220911899478204,0.026219247823451093,3209.7930908203125,245.6402266144579,0.01019287109375,44,118,0.141
library/real/wav/kick__real__0013.wav,kick,real,0013,9.569160997732427,8.13310054655391e-05,0.0002216730595971769,0.4437477817439581,0.004989361992259611,0.0013871226306768339,0.5495727295680426,11.40245031169104,8.327247062432036,5.691609977324264,0.055351473922902496,50.79683366298238,49.350746413054104,51.68474667520269,58.68825876509896,0.06385840572060912,42.27436316185884,-33.61455499421347,-0.9998544876801003,9.138321995464853,-9.327101550112136,4333.77005696282,1523.3916674122543,1300.8189483711708,0.0002830539063100046,0.07570992947546665,1773.5529119318182,277.94268181327584,0.0029296875,66,116,0.1313
library/real/wav/kick__real__0014.wav,kick,real,0014,2.7891156462585034,7.2457659200658765e-06,4.224772368828576e-05,0.5030849777181681,0.035732046755837465,0.002817212916842633,0.45831626911954354,19.234850227973727,10.079269762065021,2.4489795918367347,0.012947845804988662,49.63663237867951,50.21338226539205,53.81737057623773,nan,0.07586854193105663,7.779651419726098,-32.57623581703521,-0.9998544876801003,0.7936507936507936,-11.07912424974512,5162.52516067638,2314.9969946854685,678.1260092914234,0.00017439678010722277,0.12416566345478577,5330.6640625,567.4312773201793,0.006998697916666667,82,258,0.3629
library/real/wav/kick__real__0015.wav,kick,real,0015,15.396825396825397,2.359723916322942e-06,2.1039201294287848e-05,0.4974509029098531,0.022266376440515052,0.001745169948734941,0.4785141517756864,4.807971725590555,11.500256408116076,5.192743764172335,0.06766439909297052,50.50426542967306,51.68474667520269,55.39433990439315,nan,0.08358736967830144,15.195836284613147,-35.609326547366706,-0.9998544876801003,0.8163265306122449,-12.500110895796176,3170.424871193308,982.9131643556144,512.4412448809921,9.0208512450236e-05,0.018389838470408915,1061.549136513158,1049.5866449138923,0.0074784128289473685,160,514,0.5464
library/real/wav/kick__real__0016.wav,kick,real,0016,5.623582766439909,0.002328653461858995,0.015169386468780653,0.7741098651001759,0.08526429057270751,0.01190686505662612,0.11122093933985072,-0.004955762005567959,16.127473618557268,1.7233560090702948,0.02492063492063492,nan,nan,nan,nan,0.009137578036338157,0.05463993395334543,-30.306546214453654,-0.9998544876801003,4.512471655328798,-17.127328106237368,4586.153788319868,2497.9672617065216,2702.9705622614997,0.0008483377425270542,0.3210724980201725,4750.224609375,187.66334787415346,0.01611328125,26,76,0.01073
library/real/wav/kick__real__0017.wav,kick,real,0017,0.5442176870748299,7.07588401740375e-05,0.00020185027458567126,0.6165870451678616,0.3162146718761193,0.0036813317191492115,0.06324434212211033,3.671751961931051,14.305534380123667,1.2698412698412698,0.006757369614512471,53.5074053304646,63.26489730258535,nan,nan,0.1035545945216887,1.4072339336885893,-30.314239497731023,-0.9998544876801003,0.3854875283446712,-15.305388867803767,3287.3818302011937,967.8982486018591,691.7551478052343,0.00017873328416237458,0.04266440345816525,756.8023681640625,1008.9844320740733,0.0031636555989583335,92,416,0.3402
library/real/wav/kick__real__0018.wav,kick,real,0018,1.0430839002267573,0.00016529865196529078,0.0026299684656725542,0.5707675395363857,0.044589002817152695,0.005500871821803777,0.37634731870702004,19.413829407797458,19.420096589556263,3.5147392290249435,0.012653061224489797,38.05462768008707,35.711908564167146,38.719810855017364,nan,0.006940817831817706,0.18598537746045962,-38.507930222876,-0.9998544876801003,0.7256235827664399,-20.419951077236362,6476.705873243901,5506.454781244214,951.2676386221322,0.013816922740611224,0.16824695798335795,11897.45361328125,247.519779705434,0.08292643229166667,38,102,0.02147
library/real/wav/kick__real__0019.wav,kick,real,0019,6.0317460317460325,0.00039982502398232023,0.0032974439279236847,0.68325715991333,0.027716674655354497,0.008426358886414326,0.276902537592995,19.88552395979304,18.566433345374296,4.671201814058957,0.01888888888888889,nan,nan,nan,nan,0.005746151725386749,0.00925203083803533,-36.661523998841965,-0.9998544876801003,1.8140589569160999,-19.566287833054396,6190.500719495272,5808.671559500275,1153.2617061981925,0.020473394119466956,0.16926894096385825,11553.045563199626,404.7381161546983,0.1316464552238806,12,68,0.01173
library/real/wav/kick__real__0020.wav,kick,real,0020,14.126984126984127,9.05338335215712e-06,0.0010387266546279961,0.07622255256006735,0.004515059772312712,0.008587280299036333,0.9096273273306035,3.2526056987345218,14.118316409892039,10.952380952380953,0.04421768707482993,32.0,nan,32.0,nan,0.010299124244898702,14.94866718653278,-36.04810499147851,-0.9998544876801003,4.240362811791384,-15.118170897572139,3988.7612914133238,1456.7549419298,612.955236025984,0.00011946888392982606,0.2868945147447365,1763.031005859375,992.5617038416697,0.006399972098214286,30,88,0.1418
library/real/wav/kick__real__0021.wav,kick,real,0021,13.514739229024944,0.0008382005818376534,0.01123066952116832,0.6213935089698923,0.07253172143628639,0.006594500750441593,0.28741139874037375,32.96981622078541,17.225718276117178,6.394557823129252,0.020294784580498867,1921.921017182501,nan,nan,nan,0.007962072749367515,0.013742228744352948,-33.4777331188235,-1.000151903819357,5.419501133786848,-18.225870179936535,6695.1219488650595,9623.941378836544,1828.3560242439862,0.0407890847947018,0.03644611715457524,16323.169513081395,186.2110409202629,0.17804097020348839,14,80,0.01504
library/real/wav/kick__real__0022.wav,kick,real,0022,3.696145124716553,0.0004623074214629357,0.0024721685758639167,0.6099459640634196,0.04406290976452335,0.013405450241359666,0.32965119993337055,13.012324348452916,17.557355383017427,4.625850340136054,0.031337868480725624,nan,nan,nan,nan,0.008963060590916757,0.009741309114075067,-34.478278774609336,-0.9998544876801003,3.6054421768707483,-18.557209870697527,5646.842992880633,3169.7535056097504,1323.1783677937606,0.00203322097432705,0.2426238119513197,7920.303622159091,398.65653224839133,0.024547230113636364,12,60,0.008033
library/real/wav/kick__real__0023.wav,kick,real,0023,9.81859410430839,7.059247108167648e-07,1.6215597394803361e-06,0.0028015621045147858,8.039170746798275e-05,1.0566735945405317e-05,0.9971051519676216,-0.7757128909084118,5.478628848106565,10.136054421768707,0.020317460317460317,32.0,32.0,32.0,32.0,0.010000000003904374,3860.995728280654,-51.65701305513791,-1.000151903819357,6.55328798185941,-6.478780751925922,1114.7164329494012,134.04959413370307,550.3382836017431,9.636621535578119e-07,0.6997784269545805,38.92540564903846,2389.20138506256,0.0006760817307692308,32,300,0.7375
library/real/wav/kick__real__0024.wav,kick,real,0024,50.11337868480726,0.0039057927342748973,0.01679126214741214,0.25075989035040863,0.16617653131123786,0.1503949725391537,0.4119715509175128,-10.155592660672315,10.892871017895526,2.2675736961451247,0.05290249433106576,32.0,nan,nan,nan,0.010178309594020048,1.7836172923258198,-19.876525104855656,-0.9998544876801003,15.600907029478458,-11.892725505575626,1328.023101250518,762.590470503299,2453.9708242693523,0.002649931111644675,0.2932606788065866,1571.923828125,766.218198513677,0.003662109375,80,214,0.674
library/real/wav/kick__real__0025.wav,kick,real,0025,55.17006802721088,0.00378607715001271,0.021613012278090968,0.2429299137938647,0.16625584829278722,0.15836522654290552,0.40704992194233885,-10.455389108276206,11.009424045122657,2.0181405895691613,0.06283446712018141,32.0,nan,nan,nan,0.010199402405433674,1.794478570131321,-19.535934895801603,-1.000151903819357,33.673469387755105,-12.009575948942013,1602.1508126325168,891.7293646186223,2477.716413136205,0.0022651957947440343,0.4504971264174812,1674.20654296875,815.4957086911995,0.0052490234375,90,224,0.6653
library/real/wav/kick__real__0026.wav,kick,real,0026,55.147392290249435,0.004323655711734875,0.03174037873382905,0.23715821311811008,0.14840647816358507,0.187943244910662,0.39042802936207877,-6.980672795404199,11.113136687155087,1.8367346938775508,0.06394557823129252,32.0,nan,nan,nan,0.03888263026045684,1.5135803459525576,-18.777573409086173,-1.000151903819357,49.614512471655324,-12.113288590974445,2005.810758795417,1393.70804750702,2565.94544499101,0.0025346277785357712,0.9380451303512024,3223.828125,987.2963659831929,0.012991768973214286,80,216,0.6822
library/real/wav/kick__real__0027.wav,kick,real,0027,4.71655328798186,0.0015754014785514716,0.008039336535725692,0.46758707239595926,0.13362804608647522,0.06580164196689946,0.32336850153638885,-9.061399827836903,13.494090404806583,1.4058956916099772,0.009659863945578231,53.5074053304646,52.588180133490575,nan,nan,0.05433186594015207,4.8115838962575985,-25.394930068329028,-0.9998544876801003,2.6077097505668934,-14.493944892486683,2138.422035517347,1057.8489270270184,2111.3141127892886,0.0012940602084563506,0.20133269542606907,2064.111328125,2033.613311843847,0.003173828125,246,294,0.6918
library/real/wav/kick__real__0028.wav,kick,real,0028,4.71655328798186,0.002719090983747278,0.015222634092236084,0.4435085026742737,0.11045395463407653,0.12548004206499486,0.30261577555067176,-12.092992942441432,13.606232091087808,1.4058956916099772,0.009659863945578231,53.97505181565968,51.98415336679907,nan,nan,0.04535783955153955,3.788667630930231,-23.21741305388168,-0.9998544876801003,2.6077097505668934,-14.606086578767908,2604.571448845359,1505.7017555468883,2793.9942434149484,0.002375819218768754,0.3682566681425034,3100.78125,1843.764251092385,0.004970005580357143,246,292,0.6864
library/real/wav/kick__real__0029.wav,kick,real,0029,5.963718820861678,0.00015360789597791837,0.0026480383626175563,0.3133526290497652,0.04589744158595783,0.007947314897946539,0.6300009682077351,0.08276800072233066,15.386781246428257,1.179138321995465,0.0072562358276643995,49.63663237867951,49.9241744648559,48.223573807186426,nan,0.05850347683434149,16.1039711381781,-34.93452561508598,-1.000151903819357,1.3151927437641724,-16.386933150247614,1125.8097539408072,223.09063951724667,1294.9727769106512,0.0001153404330207364,0.09867304799756266,164.2231033509036,2919.50078534681,0.0024884695030120483,570,1318,0.8848
library/real/wav/kick__real__0030.wav,kick,real,0030,4.535147392290249,0.003496157468937115,0.012937231709090882,0.6696092990584257,0.06694111503499545,0.12015937517664413,0.12685682155190672,-7.826598407819527,9.505583048349354,0.5668934240362812,0.01888888888888889,65.4959290877936,68.59350160232276,nan,nan,0.07659208503506273,6.419950156295912,-19.69101660186281,-1.000151903819357,3.5147392290249435,-10.505734952168712,3013.6436268991934,1732.1402132512364,2973.848590555845,0.004878554445624946,0.5616446429058675,3286.12060546875,26092.52044414895,0.013375418526785714,320,320,0.8482
library/real/wav/kick__real__0031.wav,kick,real,0031,0.8843537414965986,0.0012928122264869056,0.008056609915505705,0.7404445397693779,0.04461445660171469,0.08225612325777394,0.12333545822914091,-2.604379156971527,7.936000863158496,0.47619047619047616,0.022857142857142857,65.4959290877936,65.4959290877936,nan,nan,0.13907267980644347,17.26046759738788,-19.7973260293596,-0.9998544876801003,0.8616780045351474,-8.935855350838596,1991.8078478458042,1151.0021752349367,3249.842536392355,0.0008923427332434174,0.27179333320626653,2191.417518028846,13124.07455970081,0.008314866286057692,1176,1204,0.9511
library/real/wav/kick__real__0032.wav,kick,real,0032,3.5374149659863945,0.006392726388948416,0.019104148294296203,0.3041173887847874,0.1520431755301742,0.032805227629406845,0.4855373333723869,-7.7989135890689765,12.76202069077861,0.20408163265306123,0.004988662131519274,48.502930128332736,47.12214585921682,46.3126155980921,nan,0.028612749950594436,8.64305948946611,-25.22479109571393,-1.000151903819357,3.5374149659863945,-13.762172594597967,1880.1273766850159,868.1628163876873,2109.2586197216283,0.00419632020581978,0.7452952721142083,1428.11279296875,357.6910582715033,0.006644112723214286,150,320,0.8225
library/real/wav/kick__real__0033.wav,kick,real,0033,3.5374149659863945,0.002185510197269001,0.006704609064806322,0.33155994406627476,0.16337751358710878,0.011497679062728137,0.48467474402181276,-5.724135909527826,10.591951712874387,0.20408163265306123,0.004058956916099773,50.79683366298238,50.50426542967306,50.79683366298238,nan,0.0398411880322075,19.881875689340998,-26.026059751972337,-1.000151903819357,3.5374149659863945,-11.592103616693745,1737.7709449473573,645.2389221752744,1528.3030386841274,0.0027227621102476236,0.3898957654512083,922.08251953125,2490.7818819236686,0.0050048828125,10,318,0.8505
library/real/wav/kick__real__0034.wav,kick,real,0034,1.9501133786848073,0.005807717271900814,0.02618628996634252,0.21429874437541618,0.33763481866725414,0.05904260808202525,0.3570298216370612,-7.416881514281843,15.499174030591703,0.09070294784580499,0.020249433106575964,48.502930128332736,48.502930128332736,45.78066983792827,nan,0.029796308936071967,5.569082003459646,-25.11834897012466,-0.9998544876801003,1.9501133786848073,-16.499028518271803,1847.9521805619584,1047.3380212954041,1966.3478874873529,0.0034943364954127492,0.48331350828807856,2013.3544921875,10070.03022132242,0.011213030133928572,20,318,0.7852
library/real/wav/kick__real__0035.wav,kick,real,0035,36.621315192743765,0.0004690874534048178,0.0010894976369286084,0.31235696978999594,0.17256215488673815,0.00525060019841043,0.508271690034522,-0.41545201999126763,7.3140576697209,5.351473922902494,0.04215419501133787,49.06650702942722,47.94582646005381,47.669678819926474,nan,0.026993081034642725,21.82324442671829,-25.0989607819373,-1.000151903819357,15.96371882086168,-8.314209573540257,1619.6114819570616,664.0595267308269,1187.844887563017,0.0008328798910928322,0.5859880276148736,1361.2060546875,12057.53840223311,0.004220145089285714,60,320,0.7259
library/real/wav/kick__real__0036.wav,kick,real,0036,0.8843537414965986,0.004562592803313952,0.023641723489151324,0.5773765219721223,0.11146832584580714,0.1955280950557258,0.08742274083387938,-6.87262281950569,7.6268227106517354,0.47619047619047616,0.019342403628117913,65.4959290877936,nan,nan,nan,0.06353001413266986,2.711220847524382,-15.646131174599766,-0.9998544876801003,0.8616780045351474,-8.626677198331835,2979.0378717231274,1875.497867301957,2931.865806750872,0.0031403257780079456,1.540920997386743,3795.99609375,118315.03647032403,0.013357979910714286,320,320,0.7876
library/real/wav/kick__real__0037.wav,kick,real,0037,0.8843537414965986,0.012553105257078026,0.05348972044433846,0.3183768859246565,0.22173277928425955,0.39075176625281155,0.0030957428368559646,-31.34766348081193,8.615964771489413,0.47619047619047616,0.028888888888888888,nan,nan,nan,nan,0.016643069409172463,0.1472719463172169,-13.660921028864523,-0.9998544876801003,0.8616780045351474,-9.615819259169513,3708.0598579632974,2545.335541548036,2905.2597241721546,0.007059158677677622,0.5860503076312086,5434.197443181818,269.1081230444805,0.020463423295454544,96,120,0.3694
library/real/wav/kick__real__0038.wav,kick,real,0038,1.7006802721088434,0.00047486426290762555,0.004286559441413844,0.7796670129574956,0.10556582109802472,0.10643293335364676,0.0035728088865113585,0.7031225729794013,9.98573352411913,0.9297052154195011,0.018934240362811793,87.9330334373177,82.04442124292666,113.37824244510215,nan,0.10935709954876353,2.589561701103449,-20.38333172325501,-1.000151903819357,0.7029478458049886,-10.985885427938486,1863.7705826157016,625.2764071102742,819.2876068832234,0.0003256468843207175,0.10871583310222177,796.728515625,398.1126299592277,0.004374186197916667,70,98,0.6634
library/real/wav/kick__real__0039.wav,kick,real,0039,17.959183673469386,0.0036825978396719658,0.032766201019923474,0.12751814887189553,0.0911888295579927,0.043047510619642154,0.7017967120908741,-11.091167024112725,13.513892951805085,0.3401360544217687,0.019591836734693877,32.937671572591746,32.7479645438968,nan,nan,0.016384056864171534,7.347201256103883,-24.499873381050882,-0.9998544876801003,17.913832199546484,-14.513747439485185,2936.243880299722,1670.361471498624,3070.1084195617254,0.0024639949586853283,0.7086971980705017,3053.7272135416665,415.5178481211918,0.006076388888888889,70,160,0.7519
library/real/wav/kick__real__0040.wav,kick,real,0040,31.292517006802726,0.0037017776871230805,0.03141047339739441,0.13409995833076935,0.08205175097025022,0.03747224370447897,0.711263795909984,-11.370675831785897,13.345889607507342,0.3401360544217687,0.03290249433106576,33.12847756292408,36.126860953796196,nan,nan,0.010371535876528242,6.941297076163233,-24.827869395751982,-0.9998544876801003,17.913832199546484,-14.345744095187442,3163.0029209625195,1848.9037577083961,3349.543001259872,0.003995173205820392,1.387883219442877,3400.7080078125,188.76762224021843,0.004830496651785714,24,68,0.802
library/real/wav/kick__real__0041.wav,kick,real,0041,78.1859410430839,0.0030247345002074556,0.0361347748626559,0.10931680659210483,0.08449914064629813,0.02834419807934817,0.7386803453193855,-7.452205218113608,14.579556671904097,0.13605442176870747,0.13392290249433106,33.513411930260055,36.75834735990512,nan,nan,0.010261355315489561,8.345427048340115,-26.293447618571516,-0.9998544876801003,34.5578231292517,-15.579411159584197,3779.3379932924386,2205.6135802524946,3391.124111514966,0.008752960265416146,1.5045049193553617,4382.0068359375,136.96591322934,0.004830496651785714,40,54,0.8409
library/real/wav/kick__real__0042.wav,kick,real,0042,20.317460317460316,0.0009538632699900772,0.01136363357891457,0.12590666031718875,0.050749192819324884,0.010080202495980033,0.8009464475186018,-5.6847540925956475,10.139493004759796,2.0181405895691613,0.042199546485260774,32.937671572591746,32.7479645438968,33.32038888111381,nan,0.010337146853571297,37.10996567082385,-26.28497454764772,-1.000151903819357,20.317460317460316,-11.139644908579152,3981.7183525409732,2271.139373455405,3014.5790372474694,0.0021439703950790925,0.785465136892865,4663.4765625,300.8015990750553,0.003016880580357143,320,320,0.8802
library/real/wav/kick__real__0043.wav,kick,real,0043,13.44671201814059,0.0026391498166950227,0.02361048973394939,0.19583066971617738,0.07550176961995385,0.02901231655950623,0.6734056045537181,-10.29893240667417,13.552136110563893,0.15873015873015872,0.014648526077097506,33.12847756292408,32.937671572591746,nan,nan,0.010990370692054014,8.76568289903751,-26.02548860977815,-1.000151903819357,13.424036281179138,-14.552288014383251,3251.5803759729583,1857.5473901632208,3105.3061966778514,0.0021787061532522285,0.9113787633849809,3493.348106971154,1110.4055031450803,0.004920372596153846,8,298,0.6915
library/real/wav/kick__real__0044.wav,kick,real,0044,10.770975056689343,0.0001403833148653932,0.0021630571356513993,0.46322053801681534,0.15958506618229046,0.03248804250181778,0.3424029128485597,-2.4336835485050257,11.763561654870347,1.7006802721088434,0.01507936507936508,51.685608903027585,51.98415336679907,nan,nan,0.018369080172945133,4.610914138740221,-26.11461509433446,-0.9998544876801003,1.746031746031746,-12.763416142550447,681.0869626068737,286.5225337473779,882.6813785714052,0.00022350658463999345,0.3991032292207151,452.197265625,2098.7110603116216,0.003383091517857143,18,320,0.7035
library/real/wav/kick__real__0045.wav,kick,real,0045,8.02721088435374,0.00011769425059397213,0.0014611927950286857,0.5847561906636702,0.12703783246798958,0.025789528764823638,0.26083756105789385,-0.429452967494123,13.217163486021114,1.564625850340136,0.04040816326530612,nan,nan,nan,nan,0.014217820185204613,6.566773682913652,-28.49674191387608,-1.000151903819357,7.006802721088435,-14.217315389840472,566.503577873507,218.2162557972977,814.0191144261978,5.256273562589786e-05,0.5549706624656506,312.615966796875,5325.005395014265,0.003574916294642857,24,256,0.792
library/real/wav/kick__real__0046.wav,kick,real,0046,1832.5623582766439,0.004545005665583602,0.020119847377405426,0.5533519915346438,0.023068758494507638,0.12667359322493257,0.27224080370292725,0.47208906548243545,11.162664709583446,2.6984126984126986,1.8354195011337868,nan,nan,nan,nan,0.011498953620644521,32.31395055239637,-21.40581473777756,-1.000151903819357,1.8367346938775508,-12.162816613402804,3816.165169489614,2831.0791331406394,2032.7688390178837,0.0029647860177005334,1.2191429772489022,6297.782939189189,66224.91758686799,0.02269628026463964,1148,2572,0.9802
library/real/wav/kick__real__0047.wav,kick,real,0047,62.290249433106574,0.009266950071104025,0.014460445635567457,0.433296223680948,0.07071124144212515,0.024102177699956366,0.4481629614702991,-13.041203514078626,10.542050871717347,4.01360544217687,0.07442176870748299,49.9241744648559,45.51699258231301,nan,nan,0.03049755928293032,11.034638365259669,-24.77941097444414,-0.9998544876801003,58.07256235827665,-11.541905359397447,2477.758153591637,1925.7184872984615,4567.621449100659,0.008304467654827752,0.5878468484956134,4420.458984375,9155.318580706542,0.010660807291666666,76,482,0.8777
library/real/wav/kick__real__0048.wav,kick,real,0048,0.0,0.313212226454208,0.28818493093884284,0.02577611765683608,0.25438752918361496,0.10830420774295942,0.010134988023538783,0.38976704916286214,26.71298672189029,0.5442176870748299,0.009931972789115647,191.78330584021526,191.78330584021526,nan,nan,0.1409236818704276,0.025383575950381262,-29.989945621331113,-1.000151903819357,0.0,-27.713138625709647,4088.0157240897342,2378.888701401253,2608.9890731796777,0.05785477652829823,0.0016004593076035713,5075.68359375,178.48561542829856,0.015904017857142856,20,68,0.004069
library/real/wav/kick__real__0049.wav,kick,real,0049,137.3469387755102,0.008762927012705146,0.04966457551269974,0.03808074694390088,0.009701450635537881,0.03655145617147309,0.8572388437236834,-2.315229914479842,11.980856815686202,0.045351473922902494,0.14453514739229026,33.90281901949745,33.90281901949745,nan,nan,0.012068481275842998,20.011313535973777,-23.109610233056024,-1.000151903819357,4.217687074829931,-12.98100871950556,2174.709090896895,926.3076833138542,4831.76155834564,0.004168946386034862,0.3465845669043788,1421.5563757944915,2000.5790223981128,0.006744902012711864,76,948,0.9372
library/real/wav/kick__real__0050.wav,kick,real,0050,25.4875283446712,0.010944280455264592,0.06878322157447436,0.598110605016273,0.0029455227253787544,0.043620472697104125,0.27559589753150515,-10.97170768751199,11.29470920829717,0.11337868480725624,0.04253968253968254,66.25695512584817,nan,nan,nan,0.07445246386793027,9.298373592259646,-21.059230242820817,-0.9998544876801003,23.5827664399093,-12.29456369597727,2478.839478813105,1320.2713343567427,4280.93384294155,0.007690566209391167,0.3392915452748004,2148.3984375,173.32664105286193,0.009193638392857143,104,126,0.8279
library/real/wav/kick__real__0051.wav,kick,real,0051,12.108843537414966,0.015796059836615983,0.06040899053380219,0.0722660270378479,0.03199886735135498,0.05274682136706304,0.7667832338733159,-10.657615129156213,14.353964481785514,0.13605442176870747,0.019138321995464853,33.12847756292408,nan,nan,nan,0.010481274721612132,3.58754746028147,-24.355900248143936,-1.000151903819357,11.156462585034014,-15.354116385604872,2310.949245414016,1210.0527807719684,3920.7991734752586,0.007133068416616143,0.8813526030085672,1992.6942567567567,336.22918824974175,0.009858002533783784,54,128,0.8242
library/real/wav/kick__real__0052.wav,kick,real,0052,2.312925170068027,0.0028403925531950668,0.0015435792258601424,0.04064162498338843,0.042251341255306336,0.012263900964243412,0.9004591610180066,-2.6830393883774337,9.747774954006097,1.6780045351473922,0.015827664399092972,33.513411930260055,37.40087195395986,32.0,nan,0.008455782783447842,15.294189606145386,-28.027792005646983,-1.000151903819357,1.0204081632653061,-10.747926857825455,1913.2299717463497,619.1400540377305,2134.134976049443,0.0015367497763080112,0.21400913255010176,909.8923703457447,1005.1418683648874,0.006087932180851064,24,322,0.9279
library/real/wav/kick__real__0053.wav,kick,real,0053,0.7482993197278912,0.002667553207877229,0.0009927391297720257,0.03943465957496801,0.03505011431417656,0.009433386352741997,0.9124215474204642,-3.5565295231285265,7.847159366121682,0.022675736961451247,0.003219954648526077,34.29675080116138,nan,nan,nan,0.00717319492395618,19.52416187432333,-27.198625963832214,-0.9998544876801003,0.6349206349206349,-8.847013853801782,1732.6975730459105,559.4400904532603,2200.737317537423,0.002034210949929444,0.09298401796713313,810.4731133643617,3007.850925308054,0.006098321143617021,286,378,0.9372
library/real/wav/kick__real__0054.wav,kick,real,0054,0.20408163265306123,7.662784830464124e-05,0.12656519536251679,0.12178523804441145,0.08982207081416499,0.09264128379309966,0.5691095841375025,-2.517218066960964,11.470529600090858,0.18140589569160998,0.0070521541950113375,32.0,32.0,nan,nan,0.010015555002976571,1.6513340596038035,-18.265566299803627,-0.9998544876801003,0.15873015873015872,-12.470384087770958,823.0031875288798,368.70086613341465,1117.952240332318,0.00011490907881348889,0.33379363270380463,528.33251953125,639.3628471206176,0.005946568080357143,88,252,0.6278
library/real/wav/kick__real__0055.wav,kick,real,0055,1.655328798185941,9.912248045382072e-05,0.00032145808334544334,0.04296315134703688,0.011731510314037488,0.005381373906944639,0.9395033838681818,-0.8870053154716137,8.144671671836473,0.6349206349206349,0.0069387755102040816,33.707553150554745,32.37182208966152,nan,nan,0.011239258924811531,47.403459088749386,-31.34329567121991,-0.9998544876801003,1.5419501133786848,-9.144526159516573,664.5712114895551,171.29104303099808,930.1448286235425,0.00018013885865025378,0.23954458813374185,274.932861328125,4704.248840609948,0.0016566685267857143,82,400,0.9588
library/real/wav/kick__real__0056.wav,kick,real,0056,11.678004535147393,0.0005486572280215747,0.004694078139038683,0.5204386472799186,0.03353424954039997,0.020547778182064238,0.42023658963055677,-6.965352439073781,9.044137742369282,2.35827664399093,0.017346938775510204,53.5074053304646,53.5074053304646,nan,nan,0.04421727205454222,18.535173800182037,-25.94411477120572,-0.9998544876801003,11.63265306122449,-10.043992230049382,938.9463309058356,537.5344533047338,1553.8811192840897,0.002179474318250185,0.2954164911077632,1204.3212890625,57.7003878294773,0.004551478794642857,200,260,0.8502
library/real/wav/kick__real__0057.wav,kick,real,0057,2.3809523809523814,0.00024829798248482985,0.0004267068295466954,0.4874273544508373,0.07247123342328755,0.016960783269741788,0.422465624044102,-5.69493363991045,8.17167601257679,0.6575963718820862,0.02947845804988662,53.353315341801505,53.19922535313842,nan,nan,0.04681799527149405,15.575657474736673,-25.72717842283318,-0.9998544876801003,2.131519274376417,-9.17153050025689,833.8266697464918,443.1887521418438,1359.5559663539502,0.000878191840074034,0.2203532777787459,1127.4169921875,917.2242777864483,0.004150390625,70,130,0.8381
library/real/wav/kick__real__0058.wav,kick,real,0058,2.4263038548752833,0.00051061331630677,0.000245604730880653,0.49158893117232416,0.0720065553150936,0.012090236888069306,0.42355805857732565,-5.000204983280919,7.505277844340309,0.6349206349206349,0.018458049886621315,53.353315341801505,53.19922535313842,nan,nan,0.04773790881606104,13.905369376671354,-25.81592858656864,-0.9998544876801003,2.0181405895691613,-8.505132332020409,799.6966572518168,388.72681021247064,1215.8250611098163,0.0006077273488162947,0.22662849232901408,865.17333984375,744.8639110287809,0.003627232142857143,88,148,0.8253
library/real/wav/kick__real__0059.wav,kick,real,0059,15.079365079365079,0.0006632690600342492,0.001272115085297496,0.5322438098181528,0.02874078489876408,0.029657912167162355,0.4074221089705891,-2.7461132764208322,7.942192020200435,2.4489795918367347,0.025306122448979593,53.5074053304646,53.19922535313842,nan,nan,0.04981497245908656,12.321092767351793,-24.895153827259897,-1.000151903819357,14.89795918367347,-8.942343924019792,1435.3193683474205,651.508254112525,1422.8702997642747,0.0023513648987310127,0.10472730770555438,1207.3974609375,188.56534147592313,0.004673549107142857,204,224,0.8141
library/real/wav/kick__real__0060.wav,kick,real,0060,0.7936507936507936,3.02580304718812e-09,3.363037739756545e-08,0.33350312547536803,0.37801945444784407,0.11809780893342962,0.17037957448717775,0.38180744349911255,9.347255022396489,0.4988662131519275,0.027868480725623583,34.69525984964539,nan,nan,nan,0.011866316403189912,0.8540962275663377,-20.19736711795315,-1.000151903819357,0.5215419501133787,-10.347406926215847,856.1119006569128,188.85968270870586,385.41127614154595,1.2609100685465276e-06,0.10374750823597653,119.970703125,333.56174343232794,0.003574916294642857,56,178,0.5365
library/real/wav/kick__real__0061.wav,kick,real,0061,10.18140589569161,0.031115558672171213,0.09329746428136686,0.31577998756465286,0.1330864100395132,0.07047035631787486,0.356250223124421,-2.579794355254846,19.506853291219663,0.09070294784580499,0.013310657596371882,50.358823847532555,32.0,nan,nan,0.03833953482777262,0.7139551130080347,-27.38656762211061,-0.9998544876801003,7.687074829931973,-20.506707778899763,2795.663902991949,1262.9100390773876,2990.3339217706502,0.10840423218367214,0.7549929516011065,2063.387522977941,1325.1324294717795,0.007649739583333333,24,394,0.3441
library/real/wav/kick__real__0062.wav,kick,real,0062,2.4489795918367347,0.0036233477571013506,0.025762351961669806,0.40874344157356113,0.41885097566940166,0.11781415459684974,0.025205728441416164,-0.43041707317843547,13.67236252963355,0.5442176870748299,0.018843537414965986,51.38706443925609,74.80174390791971,nan,nan,0.07015161482417022,0.41588310556086955,-21.73921033654046,-0.9998544876801003,1.2471655328798186,-14.672217017313649,2270.8864014537544,871.6609348260869,1348.8205187685908,0.001057436968737107,0.09848064699234307,1257.38525390625,304.52248930553486,0.004743303571428571,102,166,0.4051
library/real/wav/kick__real__0063.wav,kick,real,0063,2.630385487528345,9.602431855000243e-05,0.0008847812119740867,0.3179180302177607,0.34516955368411767,0.020809037090650843,0.3151225734769467,-1.6931603031599167,14.276551665757282,0.8163265306122449,0.00963718820861678,50.50426542967306,48.502930128332736,52.28529450371519,nan,0.011579882845878117,2.2021468000240945,-26.904690686744107,-1.000151903819357,2.5170068027210886,-15.276703569576638,1271.9069757165555,350.97092827252044,722.5430811506061,5.770138734371257e-05,0.7692154143270844,394.51904296875,2554.926044897098,0.0035226004464285715,40,304,0.6794
library/real/wav/kick__real__0064.wav,kick,real,0064,6.870748299319728,0.0003110840819363927,0.0054355665559966656,0.6521966997191075,0.02744130955562095,0.0009547510347019846,0.31366058905263644,-6.757804059617081,9.250892547191249,4.807256235827664,0.01199546485260771,34.20482968777415,32.7479645438968,nan,nan,0.010296009801911619,0.9216896242015965,-28.522085712026506,-1.000151903819357,2.5850340136054424,-10.251044451010607,2103.277293083102,736.5078039201104,974.7229474582733,4.096455687952001e-05,0.13309551233679656,1019.23828125,322.99684996799823,0.0034993489583333335,42,112,0.03253
library/real/wav/kick__real__0065.wav,kick,real,0065,8.54875283446712,0.0002122348678865142,0.003031928402511564,0.8370844494647979,0.07523917641172558,0.005495694834416882,0.07893651601866153,-8.370617081754343,11.240515543287803,1.5873015873015872,0.030770975056689343,53.19922535313842,50.21338226539205,nan,nan,0.02974623891031282,0.3417775831429226,-29.505623973688152,-1.000151903819357,7.823129251700681,-12.240667447107159,2246.35044525298,798.3771272482926,981.4836459783916,5.114236661132445e-05,0.07693223565329069,1348.7615411931818,529.285913900711,0.0029296875,10,120,0.02895
library/real/wav/kick__real__0066.wav,kick,real,0066,9.002267573696146,7.122963462131456e-05,0.0064409461500527145,0.7249869112031766,0.04413888473977664,0.001974044527753927,0.22238798374461893,-3.4426709155659037,10.698978476013664,2.7891156462585034,0.055056689342403625,nan,nan,nan,nan,0.015295248748906616,0.9912049784268944,-28.845265717016325,-0.9998544876801003,7.755102040816327,-11.698832963693764,2033.6708936073148,779.0617826105484,773.1951208588334,4.2530585760159827e-05,0.13385654447207182,1101.7822265625,258.2510839536959,0.004679361979166667,28,112,0.01953
library/real/wav/kick__real__0067.wav,kick,real,0067,10.612244897959185,0.0003389794036052263,0.006666711647216835,0.8943547889077754,0.0415070839460963,0.0013714965354744678,0.0557609395598316,-0.2857603134474737,13.4009020565045,2.2675736961451247,0.035963718820861676,nan,nan,nan,nan,0.012274987103039538,1.4810807671047561,-31.255418731433416,-0.9998544876801003,9.841269841269842,-14.400756544184599,2723.602085952088,1206.393301680047,1194.5835093372455,0.00013441683434884595,0.12960295673840083,2198.3442826704545,343.1807415300452,0.006258877840909091,20,86,0.01612
library/real/wav/kick__real__0068.wav,kick,real,0068,1.383219954648526,0.00395091283036654,0.02884849062437301,0.6826204404620859,0.04299665016403771,0.0038889620745651684,0.23769454384457187,-15.523838034130367,9.656336630739737,0.15873015873015872,0.019546485260770977,nan,nan,nan,nan,0.012393243130923203,3.4510199461951414,-23.23275980253296,-1.000151903819357,0.9523809523809523,-10.656488534559095,2607.3598208994654,1345.2311632114154,1342.9414019311168,0.0002955266675616913,0.04911220795200225,2227.490234375,138.57994099096535,0.008355034722222222,30,82,0.04887
library/real/wav/kick__real__0069.wav,kick,real,0069,4.240362811791384,0.001249077138791828,0.012171819853846176,0.6203533460499554,0.010447384175680417,0.00407018784083138,0.35170818494089495,-17.95405742901675,9.775629665111047,0.4988662131519275,0.028616780045351474,37.207793350263834,43.96651671865885,nan,nan,0.010039862437622718,4.550645216084821,-26.79652690359942,-1.000151903819357,3.9002267573696145,-10.775781568930405,2367.6209341231306,1055.7505915803797,1229.7195290276504,0.00029068890400003997,0.10670203601283493,1462.1044921875,274.80076205630104,0.00322265625,34,104,0.05315
library/real/wav/kick__real__0070.wav,kick,real,0070,3.5147392290249435,0.0016439345888465545,0.013202510960345321,0.7817135568048488,0.12307345971179778,0.015798436516107885,0.06456810141805376,-2.859014834821262,10.32171733743979,3.2426303854875282,0.039523809523809524,75.23506600215096,76.55015179119384,nan,nan,0.03139639086469199,0.1863771530394133,-24.196931857764177,-1.000151903819357,1.9501133786848073,-11.321869241259147,2584.165258217594,1424.7041896057879,1570.8559276691221,0.00021258172179261156,0.21132660257626654,3169.6875,338.80454277035307,0.010579427083333334,38,116,0.03028
library/real/wav/kick__real__0071.wav,kick,real,0071,7.777777777777778,5.39786396293654e-06,0.0033063544866183897,0.7007705468897656,0.04810589459770756,0.0068652741747514305,0.24094653198719415,6.0824143358446054,13.833297663436564,2.653061224489796,0.031156462585034014,nan,nan,nan,nan,0.010113274141738699,0.008370005519126304,-32.043646189097956,-1.000151903819357,5.782312925170068,-14.83344956725592,2483.8135665338955,879.9575870825197,939.0873026345378,8.152434568500116e-05,0.07212393620625306,1098.193359375,168.91077468775092,0.0048828125,14,26,0.001377
library/real/wav/kick__real__0072.wav,kick,real,0072,11.587301587301587,0.004904445395647049,0.00666629593665307,0.7680490551003808,0.018275891363984983,0.001021347592952229,0.20108296461038191,-13.02108843593745,9.96031413798115,2.312925170068027,0.02743764172335601,nan,nan,nan,nan,0.015625882762429703,17.94032293198734,-28.113797705033875,-1.000151903819357,10.702947845804989,-10.960466041800508,2863.0004376165753,1748.1608746995637,2235.2857430658955,0.0004532198767915052,0.2780271177146335,4437.1856689453125,452.1733932314365,0.011077880859375,46,176,0.1411
library/real/wav/kick__real__0073.wav,kick,real,0073,15.736961451247165,0.0020221806662099615,0.027116833825377808,0.49400174624798654,0.028139806704649703,0.005825452296231841,0.44289398025954435,14.096051032474879,15.393093282353053,1.7913832199546487,0.02873015873015873,nan,nan,nan,nan,0.009405093010781577,1.0122054205231379,-29.609701283088988,-0.9998544876801003,14.807256235827664,-16.392947770033153,4442.600470196349,2803.804595080791,1261.2151790699634,0.0015480856107840564,0.09374505944596313,7389.9261474609375,233.53821140757222,0.0081787109375,24,60,0.1218
library/real/wav/kick__real__0074.wav,kick,real,0074,10.634920634920634,0.004706864940927974,0.01337673153092664,0.9143413694174896,0.03445953660131429,0.002182773833577267,0.030932723675764287,-10.572350020091779,13.354131633186896,2.290249433106576,0.025963718820861677,nan,nan,nan,nan,0.015994688164187754,13.940190217364977,-29.267121081818424,-0.9998544876801003,9.81859410430839,-14.353986120866995,2561.9490120112328,1265.4459958889481,1884.6939038013743,0.0002640779398960165,0.18396305294188145,2488.28125,579.5350502490919,0.009521484375,30,172,0.09056
library/real/wav/kick__real__0075.wav,kick,real,0075,10.022675736961451,0.015277842390287708,0.01387371815823566,0.8861585463005339,0.02893765092716689,0.010249799518516562,0.04550244270525917,-10.66820584322398,11.763632193997722,3.650793650793651,0.03437641723356009,nan,nan,nan,nan,0.02330274962455045,25.130157771081656,-26.541709957294568,-0.9998544876801003,1.4739229024943312,-12.763486681677822,3823.152010158245,2875.5968081036735,4065.488533382836,0.000926442338293543,0.46825046076955296,6957.53173828125,961.3610969296132,0.027849469866071428,30,234,0.3469
library/real/wav/kick__real__0076.wav,kick,real,0076,16.16780045351474,0.0017147376024444355,0.003475428793637932,0.74248018389325,0.01688632844596293,0.0010264018417417684,0.23441691942296292,-5.254028980378499,9.323819875154168,3.401360544217687,0.03689342403628118,nan,nan,nan,nan,0.013547423544723951,70.32510388208134,-29.5637370049665,-0.9998544876801003,10.249433106575964,-10.323674362834268,2315.5116508572214,960.6560191000236,1617.5359861926327,0.00015724068219346045,0.5627238606564319,1366.162109375,815.9009848370385,0.007233796296296296,14,200,0.4876
library/real/wav/kick__real__0077.wav,kick,real,0077,16.55328798185941,0.01896998516919955,0.020726624229413196,0.8205440527196527,0.07790374949409619,0.002559254116756448,0.05929633427088197,-22.944621926396913,12.032661131182262,1.7233560090702948,0.02979591836734694,39.16971338574897,42.7148753334411,nan,nan,0.02086464330759387,5.48046165924057,-25.853553162141594,-1.000151903819357,3.7868480725623583,-13.032813035001618,3541.135679097498,2424.997020899025,3677.117152972834,0.0018610854709452754,0.29402852669480867,5583.899568256579,664.9727333562315,0.02084189967105263,36,188,0.33
library/real/wav/kick__real__0078.wav,kick,real,0078,4.535147392290249,0.003103638790935464,0.014313237249041707,0.1330102931220658,0.07427527263567031,0.005584148302499531,0.7697134098997872,-16.620339411487425,9.982160144217605,1.6326530612244898,0.04691609977324263,38.49680115462773,37.18545878265087,38.94411243745891,nan,0.012732199225737909,6.946021339414876,-25.62306696499593,-1.000151903819357,4.308390022675737,-10.982312048036961,2109.7915332636067,1075.2153119652946,1816.8111477036043,0.00020779895741699443,0.2709176231468814,2215.386603860294,720.39105494617,0.005428538602941176,32,192,0.6327
library/real/wav/kick__real__0079.wav,kick,real,0079,20.498866213151928,5.981572505323021e-07,6.826448209324532e-05,0.30632806555346853,0.014438887492981289,0.0008334670889253588,0.678330717225281,1.6805774223329355,7.35775961892777,5.26077097505669,0.026122448979591838,47.39512167317005,47.94582646005381,47.94582646005381,63.63138712432303,0.0587729717026489,28.075062814081782,-32.92673684299926,-1.000151903819357,2.9705215419501134,-8.357911522747127,1612.40041862347,331.0076921182469,399.8621559228101,6.696536850253036e-06,0.044497643966646,119.69927619485294,694.2580417818283,0.002168543198529412,188,328,0.7276
library/real/wav/kick__real__0080.wav,kick,real,0080,0.6575963718820862,2.247424602067769e-05,0.0007678843784395163,0.5107920138020627,0.1213244099967052,0.0036434345888583753,0.3634497829879136,-0.5889149646510792,14.157571672714422,1.7687074829931972,0.00836734693877551,47.12214585921682,48.78390474418438,nan,nan,0.045520636785802024,2.435642990383386,-33.03484680420828,-0.9998544876801003,0.3401360544217687,-15.157426160394522,1633.2630721661037,328.56357383958266,665.4890271978419,1.1396684793381755e-05,0.05685567275115402,269.63315217391306,1261.6547324187623,0.002335258152173913,74,260,0.4123
library/real/wav/kick__real__0081.wav,kick,real,0081,1.0430839002267573,6.528678909094055e-07,4.143933611309378e-06,0.5731297494036711,0.16936125894019682,0.00289026148116118,0.25461393337346866,1.218348820864681,12.173069685648828,1.3378684807256236,0.020136054421768707,46.58090185094999,46.3126155980921,nan,nan,0.03990177854529813,1.397277667030488,-30.435077365445498,-0.9998544876801003,0.5895691609977325,-13.172924173328928,1554.3837569677803,285.15951293978304,424.545128233945,4.244454230433247e-06,0.05871165458396486,112.55992542613636,782.774434472691,0.0025523792613636365,80,234,0.3584
library/real/wav/kick__real__0082.wav,kick,real,0082,19.727891156462583,0.001218802878506433,0.009923353779167069,0.6967151193218512,0.12273592240008034,0.006612843448445687,0.16279395817194942,-1.9007918514510722,9.637364621289766,3.5374149659863945,0.026643990929705215,nan,nan,nan,nan,0.010284334213930301,0.09388972428852031,-25.39379481981718,-1.000151903819357,4.444444444444445,-10.637516525109124,2826.2705551503145,1546.6175450125372,1623.1867152283553,0.00024015617224979523,0.26125593649041934,3748.3154296875,268.8104598754161,0.010532924107142858,28,114,0.05757
library/real/wav/kick__real__0083.wav,kick,real,0083,10.90702947845805,0.0007387673187804637,0.004635086958841826,0.7107757975799734,0.051553782862516356,0.0056538921048740675,0.22664267317501377,-1.3067019643675517,11.909712798291553,3.696145124716553,0.015034013605442176,nan,nan,nan,nan,0.010376811931061672,0.08999664126078201,-29.558353916047885,-0.9998544876801003,4.875283446712018,-12.909567285971653,2971.674391910655,1662.9297698036348,1728.8248649673078,0.0002626486571275841,0.15150162792190563,4242.041015625,237.1472753999933,0.015234375,16,68,0.008092
library/real/wav/kick__real__0084.wav,kick,real,0084,16.099773242630384,0.0009753625961655194,0.011766806041419008,0.43771573283670157,0.06092014860229739,0.004491312573050365,0.4841306373503662,-9.090366675884942,12.884185346959846,1.7913832199546487,0.041065759637188205,nan,nan,nan,nan,0.01705879048888434,0.44736177772899466,-29.452075730865094,-1.000151903819357,15.306122448979592,-13.884337250779202,2432.7375207688724,1138.406892147025,1397.0385359730817,0.00020721528907703964,0.15609144371593883,2207.1533203125,204.660995347989,0.0034993489583333335,36,76,0.09262
library/real/wav/kick__real__0085.wav,kick,real,0085,15.736961451247165,0.0020334709024656624,0.02724996320985207,0.4950518657025375,0.028255654617062677,0.005857393435859755,0.4415516521322224,-15.999370996374596,10.548754795746557,1.7913832199546487,0.02873015873015873,40.91226413423507,39.16971338574897,48.78390474418438,nan,0.01141822691498205,2.4841467183720742,-24.74369329091365,-0.9998544876801003,14.807256235827664,-11.548609283426657,2276.6641345323114,1195.4307191114558,1270.4347807604663,0.00028372741714186066,0.10637338785670686,2221.835049715909,213.3202311687171,0.007013494318181818,24,60,0.1206
library/real/wav/kick__real__0086.wav,kick,real,0086,6.8480725623582765,1.305598380590264e-05,6.906359069849083e-05,0.49440212028285,0.22570565350062907,0.0048192351725922745,0.27499087146942436,4.557084318933993,12.237627607029818,1.8594104308390023,0.0400453514739229,50.21338226539205,50.21338226539205,nan,nan,0.09004224443459342,1.2767916366336434,-29.58662900623381,-1.000151903819357,1.2698412698412698,-13.237779510849176,2372.26909134041,642.4465673055694,543.6160564246906,3.929710353065768e-05,0.0960502133981897,437.0442708333333,486.472370237328,0.003689236111111111,36,218,0.3179
library/real/wav/kick__real__0087.wav,kick,real,0087,10.408163265306122,0.001439999732408531,0.004886964603077828,0.7635985372912155,0.01513485154814845,0.0009197142235661234,0.21401993260158353,6.0923511277181905,11.34259146394413,3.5374149659863945,0.04671201814058957,nan,nan,nan,nan,0.022312112467289594,6.436989406567303,-31.048902804539754,-0.9998544876801003,9.297052154195011,-12.34244595162423,3617.8071296643666,1824.0994352585667,1550.7180567478051,0.00048690753853129293,0.31338940758201134,4444.81201171875,535.1721666707431,0.007161458333333333,44,72,0.1092
library/real/wav/kick__real__0088.wav,kick,real,0088,5.668934240362812,0.000165609101413611,0.002181401411660033,0.52742690391002,0.029297062635080185,0.0015941719560874968,0.43933485098573855,5.508118474054225,10.443352634607205,4.807256235827664,0.10585034013605442,71.42381712833429,42.962320088968426,nan,nan,0.044094993437970235,15.317645343035897,-31.79849765036343,-0.9998544876801003,0.9297052154195011,-11.443207122287305,3478.1078073384997,1501.6629821511808,1093.4636714593812,0.0004337046248789018,0.3729521898606355,3347.6953125,1321.9035489364333,0.007039388020833333,64,448,0.491
library/real/wav/kick__real__0089.wav,kick,real,0089,3.1746031746031744,0.00029500767133752183,0.00388944367328005,0.4803762393871726,0.032833393096292435,0.0031429099037039304,0.47946300626821337,5.777598647524385,17.217121702466756,1.2698412698412698,0.005011337868480726,71.01363087340704,43.21119827738208,nan,nan,0.04976474117627739,7.674752614868296,-36.961155355495066,-1.000151903819357,2.925170068027211,-18.217273606286113,3641.27144057767,1462.1100727790906,1076.6693451499455,0.0002501133317762294,0.2676120914511893,2972.4609375,1121.8894721030065,0.0052016900510204085,24,236,0.2222
library/real/wav/kick__real__0090.wav,kick,real,0090,9.387755102040817,9.428376128472872e-07,0.00017563016410211967,0.574922953392072,0.05678921914178984,0.002388215225643673,0.36572303923877936,2.4126400754971153,12.724030914501718,2.8798185941043086,0.02251700680272109,61.10986265026666,nan,58.68825876509896,61.10986265026666,0.02902985239933306,2.1242843938293996,-33.92819520100059,-1.000151903819357,8.639455782312925,-13.724182818321074,1555.6150703816381,463.28846888277127,525.4271978174482,1.5638923338627265e-05,0.2944834638627148,482.958984375,199.13727263301496,0.0035226004464285715,38,114,0.05683
library/real/wav/kick__real__0091.wav,kick,real,0091,9.229024943310657,1.1712069501179143e-06,6.844426219773343e-06,0.7606484589951108,0.1827184444125487,0.04170841801232178,0.014916662946848793,3.3623843176466424,15.842194868108113,2.7437641723356005,0.026281179138321994,nan,nan,nan,nan,0.013477479199254128,0.09749376995247298,-30.138436572683226,-1.000151903819357,8.662131519274377,-16.84234677192747,1407.6390819508106,449.46856827999085,398.0325354095173,1.2719886547147993e-05,0.12862041856485698,527.5634765625,198.00677045199586,0.004475911458333333,16,80,0.03123
library/real/wav/kick__real__0092.wav,kick,real,0092,4.580498866213152,0.0020902329127257427,0.001859637319720624,0.5248314485487643,0.19767565142135873,0.004671259723756981,0.2688717700736737,-34.26710639120126,9.11222350562525,2.131519274376417,0.03147392290249433,52.28529450371519,52.28529450371519,56.03799112997665,nan,0.03411513487212218,1.30160601508081,-25.820145076132942,-0.9998544876801003,2.199546485260771,-10.11207799330535,2622.7478742593976,1106.2110977753407,1136.0855409351238,0.0015710739224372302,0.121194273020889,2330.37109375,203.60436272310864,0.003634982638888889,36,96,0.1757
library/real/wav/kick__real__0093.wav,kick,real,0093,44.285714285714285,9.1115127420435e-09,1.554320878162584e-07,0.2670799268439348,0.0007677930099265584,2.0393016602200276e-05,0.7321317225859358,0.6733320490296598,7.913948704469651,5.328798185941043,0.09392290249433106,48.22437829419327,46.3126155980921,46.58090185094999,59.02823638950011,0.0614058882649973,410.40466699890163,-39.5907963378168,-1.000151903819357,10.204081632653061,-8.914100608289008,1152.8179674691562,157.4142827764802,419.0840376039058,2.191186148720378e-07,0.1563328042828821,67.43292557565789,901.9735750701864,0.002017372532894737,158,390,0.6547
library/real/wav/kick__real__0094.wav,kick,real,0094,4.489795918367347,2.9880250184413254e-08,4.379423965871138e-08,0.14178222672737942,0.003655910699737882,4.122106649662849e-06,0.8545576667917432,5.276078275606252,16.030222782944588,9.09297052154195,0.04943310657596372,42.46885575483417,36.126860953796196,43.21119827738208,nan,0.014439209164214156,33.469745587176355,-47.99700799072059,-1.000151903819357,2.5850340136054424,-17.030374686763945,3867.2693324610937,1200.226840306058,288.02810806446416,1.959285676848967e-05,0.049606008901375065,982.6171875,562.3873019203863,0.0038962850765306123,20,102,0.1016
library/real/wav/kick__real__0095.wav,kick,real,0095,2.4489795918367347,0.008666180289539777,0.013371073885659952,0.7162891437735811,0.1263167369421378,0.01411189741698865,0.12124496769209259,-32.76130758100321,8.252439529569482,0.13605442176870747,0.02802721088435374,nan,nan,nan,nan,0.02176696971120848,2.8152175329273867,-21.982882300521847,-1.000151903819357,2.3809523809523814,-9.252591433388838,1668.8329260233031,1086.2269452922355,1720.4965865469853,0.0031320679278493413,0.28394306674689834,2365.0634765625,221.91340960947377,0.017496744791666668,72,84,0.5485
library/real/wav/kick__real__0096.wav,kick,real,0096,2.8117913832199544,4.997468073760347e-07,2.2486739966048885e-06,0.40840720876546655,0.007947679377396998,0.0001475576526822986,0.5834948057836503,16.046544204298673,15.005731859995088,4.829931972789116,0.018934240362811793,51.0910967268256,51.0910967268256,52.588180133490575,nan,0.07571164371324121,13.153597766320006,-40.72604044897501,-1.000151903819357,1.8594104308390023,-16.005883763814445,3542.6370473378697,1738.8281431403152,161.2088568175301,0.000427876919046313,0.03249783966114951,3546.905048076923,608.1692398708146,0.009177183493589744,6,258,0.3003
library/real/wav/kick__real__0097.wav,kick,real,0097,18.095238095238095,0.00013528278290385692,0.000440498089703202,0.6280793213138225,0.01589429242930065,0.0008297630990857773,0.354620842285184,0.19507161196168854,5.193893415469631,2.0408163265306123,0.03233560090702948,59.714111458355674,82.99773149766462,118.05647277900022,137.18700320464552,0.0756519875719214,56.970264135573906,-27.720622871971763,-0.9998544876801003,13.80952380952381,-6.193747903149731,3143.284044838403,1160.9913809828643,1804.9594537429452,0.00043400783460844055,0.3032900656548855,1769.90966796875,163.35411745737994,0.004448784722222222,20,64,0.8602
library/real/wav/kick__real__0098.wav,kick,real,0098,47.46031746031746,0.001833945555903325,0.0029232062960567727,0.6745981157978697,0.03391917916122902,0.008905189057803443,0.2778203641311377,-13.703469713820676,6.9447005581084555,2.9024943310657596,0.05054421768707483,55.39433990439315,57.01751796098171,86.42239655476416,nan,0.05927120314509808,17.91417247590114,-25.174715396284014,-1.000151903819357,0.18140589569160998,-7.9448524619278125,1209.6982430424803,661.6661154426986,1604.6275524988998,0.002027867958338573,0.18697304528282496,1373.5916940789473,1780.2070401724136,0.012309827302631578,162,164,0.8033
library/real/wav/kick__real__0099.wav,kick,real,0099,1.8140589569160999,0.0025392501913375346,0.033217228266121585,0.6469598364851501,0.17234320171839,0.0038502207942753153,0.14109026254472543,3.1276522460516984,11.918786431790874,0.11337868480725624,0.020612244897959184,82.99773149766462,nan,nan,nan,0.05164572382159557,8.364679785236094,-24.659097548851932,-1.000151903819357,0.18140589569160998,-12.91893833561023,2474.594945427699,1831.9397885910978,1707.9754648699595,0.000416871024287907,0.5769738330604044,3720.9375,620.6702949082993,0.0191162109375,40,234,0.6223
library/real/wav/kick__real__0100.wav,kick,real,0100,104.26303854875283,1.2832056254033133e-08,3.2417391483289817e-07,0.7245653128785491,0.0009418955458704825,1.5804215023523954e-06,0.27449087414810686,0.05632421530976482,10.786052388023506,3.8775510204081636,0.11671201814058957,60.75789574083323,60.75789574083323,81.57188014843278,nan,0.1267089938745747,550.8602052928338,-38.145431159861594,-1.000151903819357,62.40362811791383,-11.786204291842864,669.1784330370073,108.51024548104844,296.19095782909704,4.30762622757535e-07,0.024745368881298538,93.69853251689189,3059.712588683471,0.002824113175675676,364,1394,0.9521
library/real/wav/kick__real__0101.wav,kick,real,0101,1.2244897959183674,2.7922940348950332e-08,1.008090281428244e-06,0.48520621548687526,0.009877883903078742,0.00013860185178472196,0.5047762627450393,-0.015423032242987281,5.173168635805312,1.4285714285714286,0.09229024943310657,52.588180133490575,52.588180133490575,58.350239267725875,nan,0.06757047741651195,23.556252797368373,-31.900313799832738,-1.000151903819357,0.7936507936507936,-6.173320539624669,535.623660543427,86.40135146078563,358.834111998647,1.1079025953853504e-07,0.04407910588498901,80.74951171875,1009.1443401958253,0.0286102294921875,310,338,0.7791
library/real/wav/kick__real__0102.wav,kick,real,0102,1.9047619047619047,4.5134906360658055e-06,5.439651365679757e-05,0.6324203333346843,0.08752918515443528,0.00537713376434863,0.2746144377422389,-1.2435104530701582,7.415656739310731,0.997732426303855,0.08154195011337868,47.94582646005381,52.28529450371519,68.99085971474273,nan,0.061218318284034644,3.8304290904630993,-26.213735683421483,-1.000151903819357,1.564625850340136,-8.415808643130088,760.8810358022946,168.08845222125888,258.9184576494968,1.1917635080721324e-06,0.16471064882763914,142.119140625,422.4466656375143,0.002490234375,120,196,0.4678
library/real/wav/kick__real__0103.wav,kick,real,0103,22.267573696145124,0.0004286306840846322,0.0005708081683798822,0.8038056819262576,0.11056822875044243,0.0003083150907867632,0.08431833538004868,-11.597586628215318,6.852358598553868,1.6326530612244898,0.0473469387755102,62.53823797979174,68.19843210422299,nan,nan,0.10548906103722214,4.635838801584159,-26.064204167580094,-0.9998544876801003,18.140589569160998,-7.852213086233969,2468.6143223192225,862.4465833909794,1792.6869367828522,0.0005922725218651754,0.15335668700386035,1391.455078125,337.63357002698564,0.006533668154761905,162,190,0.6348
library/real/wav/kick__real__0104.wav,kick,real,0104,20.74829931972789,5.51251537036999e-05,0.0002744971489298677,0.1448586240312764,0.10797293256444468,0.0057506853991330775,0.7410881357025121,0.7688913647519544,9.797752017007946,1.1337868480725624,0.025215419501133787,43.46151820247428,48.502930128332736,nan,nan,0.02330032457562601,11.506283951217073,-28.67827941823604,-0.9998544876801003,6.122448979591836,-10.797606504688046,1759.4662555829186,512.5161400048253,1275.7420609998962,7.832808324512733e-05,0.348967868082722,670.4391891891892,851.6441034307375,0.003939241976351352,128,356,0.8811
library/real/wav/pad__real__0001.wav,pad,real,0001,1318.639455782313,8.874085118540153e-08,5.5037467671234996e-08,3.2723451276544696e-05,0.41524722431124195,0.5847193423338084,5.661253542543811e-07,-0.002562505180656587,11.619595290934615,0.6122448979591837,1.3231746031746032,132.5139102516963,132.5139102516963,131.75068629036696,133.2815555244552,0.2235802167300125,2637.378212815637,-16.95028412830932,-1.000151903819357,575.5328798185941,-12.619747194753971,1389.0675291455964,537.9701425439486,710.7102771026362,5.039001308461566e-07,0.5544215606965432,536.6672825168919,nan,0.019744283904440156,12,3006,0.9918
library/real/wav/pad__real__0002.wav,pad,real,0002,2077.936507936508,1.057758142880748e-06,0.00015004203348291064,0.00013767881729110103,0.7045257350904083,0.29514132659480247,4.415970587232848e-05,-0.04303173294388358,11.312665780593859,0.4308390022675737,2.0853061224489795,110.15058396727426,110.78867980878631,110.15058396727426,nan,0.26795956288718825,951.0327004282144,-18.38974400391836,-0.9998544876801003,1908.7301587301588,-12.312520268273959,1083.022016288837,575.887353192382,964.8041667260075,8.406519714546535e-06,0.34685584902219796,755.4080447635135,nan,0.0167976291023166,3006,3006,0.9997
library/real/wav/pad__real__0003.wav,pad,real,0003,2443.9002267573696,0.009693688784473384,0.01840304478869096,0.3329796409839049,0.5374411997656363,0.09827115283126905,0.003211272846025478,-0.4576555502286439,13.181639301888136,1.8367346938775508,2.4705215419501134,152.2185107203483,148.74183513060348,159.41755166192937,160.3410481438884,0.0715600887708414,276.4406818416067,-22.447500571568376,-0.9998544876801003,1580.0226757369614,-14.181493789568236,4118.7216167211545,2622.2812335086765,3743.377510163676,0.00016251940382866652,0.3722792425244687,6440.0073902027025,nan,0.04900345378861004,3006,3006,1
library/real/wav/pad__real__0004.wav,pad,real,0004,6.303854875283447,0.5975178932089716,0.2804216716287687,3.04399027946696e-07,3.0353477008235353e-05,0.12202964900556446,1.2828065909911462e-07,-3.890648796827541,21.070848431093395,0.06802721088435373,0.010113378684807257,33.32038888111381,nan,nan,nan,0.007837864912668099,0.8460957884937488,-25.950173208733723,-1.000151903819357,6.054421768707483,-22.071000334912753,5351.319857442646,8684.777361432267,15496.702515387125,0.12141183204054766,1.0487030269646167,15480.294552364865,14931.490576431508,0.32981230393339767,972,3006,0.9002
library/real/wav/pad__real__0005.wav,pad,real,0005,351.4965986394558,1.5204623416393221e-05,0.003343252082818143,2.8454565146421984e-07,0.007503856240685931,0.9891373478834523,5.462397562571881e-08,0.2951049856452547,15.319188830819044,0.29478458049886624,0.35873015873015873,608.8740428813932,nan,548.748012818582,545.587456833784,0.06673115654956113,104.41899711703958,-17.547757723827146,-0.9998544876801003,276.8027210884354,-16.319043318499144,1962.6241270031624,1290.6463997812655,1518.7025350582817,2.879558149768072e-05,0.6762009417525253,1358.016788258272,2209.3379269294564,0.03737505744485294,358,1048,0.9829
library/real/wav/pad__real__0006.wav,pad,real,0006,55.3968253968254,0.26288328103177216,0.28527638411797773,0.034534363801216016,0.0946137519111333,0.31871423703386875,0.003977982104032087,-0.25901599576998446,14.553884895844629,0.27210884353741494,0.08113378684807256,32.46558611847374,32.0,nan,nan,0.007837838980003375,1.1587069035330282,-16.57998530494125,-0.9998544876801003,53.21995464852608,-15.553739383524729,5406.342590304311,6830.05073209282,7889.320480806493,0.20448124082744942,0.9745245019666905,13184.389516469595,70290.87121253862,0.24229307432432431,3006,3006,0.9975
library/real/wav/pad__real__0007.wav,pad,real,0007,288.36734693877554,3.5988043190020002e-09,6.078288276162537e-07,0.7022868278226687,0.011179311309279653,0.0073113315337767475,0.27922191790664286,0.49804053265802184,8.781907350122879,2.766439909297052,0.33718820861678006,86.92303640494856,392.53205623541777,399.3933957188472,394.80597130443283,0.1258924029879606,3319.7680111925765,-29.33258439318667,-1.000151903819357,257.4149659863946,-9.782059253942236,1708.7690019742665,596.1111837047066,805.7573500307036,8.814957992557475e-06,0.2531139645248456,434.12000868055554,6982.481337685902,0.010073061342592593,60,1724,0.9993
library/real/wav/pad__real__0008.wav,pad,real,0008,1514.1496598639458,1.8291669327628568e-05,0.00016510442825588297,0.0001271232512461866,2.5173747449970083e-06,0.9996605732676965,2.6390008728876783e-05,-0.15368169591713363,11.6192947212303,0.3401360544217687,1.5396825396825398,741.0018495694735,741.0018495694735,794.1861180588724,715.760606299658,0.9397876072251128,22786.583941998393,-13.756981734516891,-0.9998544876801003,1484.5351473922904,-12.6191492089104,1900.1105403872023,1155.983817327808,2933.719383511494,2.8176730501723167e-05,0.37251740372217323,1006.4901815878378,3411397.5659052357,0.033774357504826255,412,3006,0.9983
library/real/wav/pad__real__0009.wav,pad,real,0009,345.8049886621315,0.0008406466517677324,9.204232879531624e-07,0.07527585029033845,0.8092598916627342,0.10169084063933843,0.01293185033253312,0.09320604386357564,13.90348568753065,0.8843537414965986,0.3569160997732426,47.94582646005381,47.94582646005381,48.223573807186426,nan,0.038919331356835216,32.32958317253114,-22.310153326691218,-0.9998544876801003,296.984126984127,-14.903340175210749,2402.8705028873264,878.6188614283901,1248.637868445308,2.8363154330537275e-05,0.382390491673823,605.1463407628677,756.4258861824796,0.016845703125,168,364,0.9986
library/real/wav/perc__real__0001.wav,perc,real,0001,3.0158730158730163,0.00912396260833117,0.055798807132416424,0.001230450742682893,0.2630428839969867,0.6703740907513447,0.0004298047682381694,1.3667349835628477,9.564075282431219,0.8843537414965986,0.035532879818594106,nan,nan,nan,nan,0.010020259973627727,0.507672104419356,-13.240924017897541,-1.000151903819357,0.0,-10.564227186250575,5144.272072461088,3990.317853360149,3990.2065647034087,0.01668743737123057,0.40506011973282163,8563.037109375,144.60100359541238,0.049153645833333336,64,100,0.07451
library/real/wav/perc__real__0002.wav,perc,real,0002,1.1111111111111112,0.005289896619053945,0.058068844534536306,0.0013642035835648258,0.38413519785235894,0.5510433427570002,9.851465348559426e-05,-0.3494860834075653,14.69922253382078,1.0657596371882085,0.005873015873015873,nan,nan,nan,nan,0.010015492028148077,1.182458579162258,-18.712496419954565,-1.000151903819357,1.0430839002267573,-15.699374437640138,5129.0574243179935,3687.6063718466826,3702.658666583433,0.010294251990929601,0.561840118896806,7475.6103515625,612.6759051527047,0.063232421875,144,316,0.4254
library/real/wav/perc__real__0003.wav,perc,real,0003,14.285714285714285,0.00011211505577536919,0.011251510448395277,0.39872312140362387,0.4328676422307961,0.1196848071657741,0.037360803695635485,-1.6352909277929906,11.097985764831407,1.383219954648526,0.025941043083900227,122.92773696652854,nan,nan,nan,0.02107878701406011,1.6820919789802407,-19.25893020508889,-0.9998544876801003,2.1768707482993195,-12.097840252511507,1513.6290620980697,885.6009252204487,1269.497025772216,4.851725611123504e-05,0.5312802295543727,1551.0635375976562,1127.4285882318527,0.0135955810546875,124,364,0.3742
library/real/wav/perc__real__0004.wav,perc,real,0004,7.596371882086168,0.0003755259471181121,0.00476746284110605,0.6510105944734724,0.19034039361105304,0.06027158461990901,0.09323443850734144,-0.33711070006515725,20.32128968062793,1.746031746031746,0.03471655328798186,71.01244621234207,77.88822487491782,nan,nan,0.0708473685308755,1.3158452619369183,-32.568084817187824,-0.9998544876801003,5.487528344671201,-21.32114416830803,2863.2223900648423,1050.3964199931831,1361.153266089072,0.00018792383720474636,0.637614617864012,1263.659025493421,5146.233553215606,0.007144325657894737,28,876,0.4462
library/real/wav/perc__real__0005.wav,perc,real,0005,33.40136054421769,4.027785375161904e-05,4.563388838931987e-05,0.2832848619757588,0.0006328202237251257,9.347754562244901e-05,0.7159029285127525,-0.035883949617371715,11.496935436989427,5.736961451247165,0.03965986394557823,32.0,nan,nan,nan,0.010000342638231463,1917.4239049515738,-40.488847583130784,-0.9998544876801003,32.60770975056689,-12.496789924669526,3082.3202728419506,853.667701829456,649.3817244175345,0.0014983142768157955,0.6188471014509203,510.7234074519231,2109.115310762983,0.021064953926282052,10,110,0.7884
library/real/wav/perc__real__0006.wav,perc,real,0006,28.34467120181406,0.025329316296295593,0.022495772781124915,0.5405339667945657,0.16497216725091116,0.07253620931058281,0.17413256756651982,-23.483979236074,8.633791957947892,2.630385487528345,0.03292517006802721,61.81992505119011,54.129131432412706,65.11870029457192,nan,0.02013624512533156,6.041565332869114,-19.087228548880674,-0.9998544876801003,28.02721088435374,-9.633646445627992,6479.098573963544,5549.990455896927,5549.990455896927,0.04090160856559862,1.208894171151508,13902.374267578125,908.8324666468014,0.0433349609375,40,90,0.3162
library/real/wav/perc__real__0007.wav,perc,real,0007,27.891156462585034,0.002175799062555541,0.040110645502619315,0.13895881860539916,0.6381269256654449,0.1483221550938339,0.032305656070147154,0.12101808195054913,17.138211733819862,1.1564625850340136,0.03736961451247166,98.70149282610821,nan,nan,nan,0.014015151847834249,1.5207485619541143,-24.71622636785279,-1.000151903819357,15.419501133786849,-18.13836363763922,2791.1679617976865,2214.1198202927467,2111.1419343750645,0.0017602027065983768,0.9130235435998736,4351.416015625,1336.2392566048236,0.043581039186507936,142,538,0.4158
library/real/wav/perc__real__0008.wav,perc,real,0008,11.224489795918366,0.11120472719999644,0.11640393303740566,0.15745033835914546,0.10623254613132116,0.1993195655114005,0.30938888976073076,-1.0470526416678985,10.70161479381246,1.0204081632653061,0.046462585034013605,nan,nan,nan,nan,0.007500003881520846,2.4894299057049962,-16.50017548893201,-1.000151903819357,10.589569160997733,-11.701766697631818,6671.079033843896,7347.27380606989,7347.27380606989,0.1461212650075856,0.9916436436508789,16069.15283203125,nan,0.17205810546875,90,90,0.374
library/real/wav/perc__real__0009.wav,perc,real,0009,29.13832199546485,0.22826357954737614,0.12585371289551936,0.06294066957932612,0.10570262791307662,0.29440809752856467,0.18283131253613702,-8.501114720542326,14.040074276109642,0.18140589569160998,0.04419501133786848,nan,nan,nan,nan,0.009411816589963503,0.6680424038643681,-18.507039613478085,-1.000151903819357,23.174603174603174,-15.040226179929,5510.525091346825,5936.384340154921,6189.255090835506,0.06508076101577352,1.9062745189154966,11239.065372242647,494.3197643503005,0.14522058823529413,128,194,0.6554
library/real/wav/perc__real__0010.wav,perc,real,0010,248.20861678004536,0.0051950504475834006,0.00207593001148174,0.10271255190717489,0.008264344731605018,0.007817064548346847,0.8739350583538082,-19.50913464361237,14.08347619219801,6.4852607709750565,0.25528344671201814,nan,nan,nan,nan,0.00968750755313128,1.4370189496672252,-34.60893919524165,-1.000151903819357,229.1609977324263,-15.083628096017366,4545.977808580194,4276.560740753069,5623.694981536646,0.07097389702560145,1.4365068803450582,8290.283203125,229.92852339422214,0.10870361328125,30,60,0.9932
library/real/wav/perc__real__0011.wav,perc,real,0011,14.149659863945578,0.07356546763367948,0.03402582868514833,0.029008974383725617,0.515470381493987,0.3434661325759977,0.00446321522746181,-15.245185132334164,24.53232986214917,0.3401360544217687,0.01888888888888889,nan,nan,nan,nan,0.010090481440823348,0.0626303311307568,-29.175020852923804,-1.000151903819357,1.4058956916099772,-25.532481765968527,4893.791644061947,4089.416570956961,4994.450598375031,0.018769977627993595,1.5658037090227948,8707.347347861842,793.738478186468,0.09894120065789473,30,216,0.14
library/real/wav/perc__real__0012.wav,perc,real,0012,4.195011337868481,0.0009251715915746685,0.025188009437409255,0.434147123862757,0.3880179104761945,0.14981649907797998,0.0019052855540846409,-0.5558108258649673,11.75132539316556,0.8616780045351474,0.032494331065759635,120.12006357390634,117.37651753019792,nan,nan,0.013239603407805728,5.415720614251495,-19.36530429012184,-0.9998544876801003,2.131519274376417,-12.75117988084566,3005.5386560344555,1815.5141664750447,1879.793451186941,0.0012347425570422537,0.6845797606194968,3419.864169034091,1800.9615293113038,0.018887606534090908,78,250,0.5054
library/real/wav/perc__real__0013.wav,perc,real,0013,2.0861678004535147,0.021902047749471052,0.09348410726374509,0.00934139547585573,0.7135130319297613,0.15492955572661263,0.006829861854554203,-1.2975826356095819,17.463546782697257,1.4285714285714286,0.03498866213151927,254.5255484972921,254.5255484972921,254.5255484972921,253.05958921034141,0.0838493577743852,0.1436936257175364,-22.73816018967785,-0.9998544876801003,2.0181405895691613,-18.463401270377357,4717.766812002286,3736.371046901177,3776.5721018737177,0.008066464802158188,0.26619101058028877,8485.517578125,268.5972800657071,0.022102864583333333,50,120,0.01904
library/real/wav/perc__real__0014.wav,perc,real,0014,2.675736961451247,5.922394321557526e-05,0.0002996710958018911,0.008556172506110068,0.9810545272689694,0.006113827431134105,0.003916577754769138,5.846459274151283,13.17827925106157,1.4965986394557824,0.025714285714285714,212.79690141255367,220.3011679345485,212.79690141255367,212.79690141255367,0.2405910504589851,1.1340777456172886,-24.23257780744677,-0.9998544876801003,0.5895691609977325,-14.17813373874167,3703.3871498431904,1490.8437806102804,929.2685178850107,0.00013588319663940124,0.13262107396147657,2422.4853515625,437.0475265129582,0.00341796875,60,136,0.02548
library/real/wav/perc__real__0015.wav,perc,real,0015,164.0362811791383,0.006955432666952143,0.0036202627932218497,0.027433689662428793,0.0128021654495447,0.006297157275518238,0.9428912921523342,37.640549060829805,7.295109376942284,25.124716553287982,0.19290249433106577,32.0,nan,32.0,32.0,0.008235294286535315,38.02013801372839,-30.302982383438994,-0.9998544876801003,138.77551020408163,-8.294963864622384,4464.296079752486,3248.2166753169367,611.4213636998734,0.004874699071382042,2.4804746983105126,8039.484719669118,25.867494915911436,0.01872702205882353,26,196,0.9744
library/real/wav/perc__real__0016.wav,perc,real,0016,1.383219954648526,0.0011197210463173124,0.00126534377356881,0.7906740837660068,0.09596782066545081,0.004982251698669026,0.1059907790499873,-24.241337016249492,12.09165753331619,3.310657596371882,0.024625850340136056,88.44242431793766,84.93771150966836,nan,nan,0.0917398999751772,0.48350734438318815,-30.136096172646894,-1.000151903819357,1.0884353741496597,-13.091809437135549,4853.840670651072,2734.879478376971,2734.879478376971,0.0020066384242685554,0.47475298255678755,6974.066162109375,249.33583749637666,0.0145263671875,8,90,0.02607
library/real/wav/perc__real__0017.wav,perc,real,0017,0.5668934240362812,0.005933734838786898,0.02520293019488635,0.17662390076629708,0.5973935401012146,0.12633931959386704,0.06850657450494814,-3.9512551148496744,15.708210069216296,1.9727891156462587,0.018299319727891155,52.892820361869546,nan,nan,nan,0.010752793899826852,0.8894767809051574,-24.227585144100225,-0.9998544876801003,0.4308390022675737,-16.708064556896396,2551.123150131433,1899.5583707763776,2833.1754806421222,0.002496830911805387,0.7461079732767048,4098.330290421196,930.336279027747,0.03350033967391304,118,398,0.3794
library/real/wav/perc__real__0018.wav,perc,real,0018,0.5215419501133787,0.006818916523858472,0.02626555595676498,0.18227710274068704,0.5886552273967698,0.12958943619351734,0.06639376118840247,-4.032444989306408,15.330697288258794,1.9501133786848073,0.032834467120181406,nan,nan,nan,nan,0.010169639894377238,0.7790107942242254,-23.828927169122977,-0.9998544876801003,0.45351473922902497,-16.330551775938893,3341.331765678098,2143.953483726812,2934.533529501557,0.003106370668460851,0.8458197363769728,4569.2406631097565,1160.7368363964972,0.029808974847560975,116,410,0.375
library/real/wav/perc__real__0019.wav,perc,real,0019,20.657596371882086,0.007280090837294481,0.032129367412670855,0.15720653125026962,0.32543138316424514,0.13314474406660928,0.34480788326891054,-31.465367365892185,9.045660553913283,0.8843537414965986,0.025714285714285714,nan,nan,nan,nan,0.010000001500456511,0.919671846517886,-17.779487788660045,-0.9998544876801003,20.521541950113377,-10.045515041593383,5526.199260514688,3856.840631680535,3856.840631680535,0.018837167545751706,0.5226894235924247,9653.02734375,34.75719410091807,0.048095703125,40,40,0
library/real/wav/perc__real__0020.wav,perc,real,0020,8.049886621315192,7.80876995906356e-05,0.005326332156008159,0.0014451491441377648,0.0008111525799461168,0.9837397677092478,0.008599510711069564,-3.3319257691394184,12.04168222153951,0.24943310657596374,0.018979591836734692,989.118800819042,nan,983.4218957322282,989.118800819042,0.45017260836846124,0.005545097482458672,-13.124914658471114,-1.000151903819357,2.857142857142857,-13.041834125358868,2587.524932277557,1107.9450405969715,1113.7758746944937,1.556112340490798e-05,0.07525257806195577,846.97265625,63.90381075654864,0.010036892361111112,18,40,0.0005253
library/real/wav/perc__real__0021.wav,perc,real,0021,9.342403628117914,0.005537697396191999,0.7366976606199146,0.029811861719450824,0.012178168961405906,0.002434072661986282,0.2133405386410504,-0.9882055466343439,12.888737143345889,0.09070294784580499,0.022811791383219954,1390.7685824791768,nan,1390.7685824791768,1390.7685824791768,0.2589205541917606,0.12072095172908137,-14.074468118464903,-1.000151903819357,1.3151927437641724,-13.888889047165247,3729.471350484564,1728.7413880336208,1440.280383439828,7.656478236523056e-05,0.06208698465470298,3233.056640625,216.53338074390146,0.01171875,16,44,0.008259
library/real/wav/perc__real__0022.wav,perc,real,0022,7.959183673469388,0.00023597047021346154,0.007066977495568657,0.0019283877046317663,0.0010229938035236747,0.9773918258995299,0.012353844626532497,-6.151676794546255,12.051273059025938,0.6575963718820862,0.02238095238095238,1149.4011374687982,nan,1136.1991393974736,1149.4011374687982,0.44861012690299085,0.008304673835654844,-12.736692909096474,-1.000151903819357,3.9229024943310655,-13.051424962845296,2584.0920003572523,1140.1026838311573,1147.7006062733676,1.452305580013379e-05,0.06448085226386714,947.4609375,71.68334132367433,0.01123046875,16,40,0.0006909
library/real/wav/perc__real__0023.wav,perc,real,0023,6.099773242630386,0.163375266726972,0.3067258805077425,0.00010650306889401619,3.3571132252088195e-06,0.5297243910235917,6.46015595745165e-05,-34.61111226330423,15.087706778953716,0.13605442176870747,0.020498866213151928,1129.6551138956763,1136.1991393974736,1129.6551138956763,1123.1487792072974,0.13745503708852638,5.546253049422652,-16.17966728705747,-0.9998544876801003,5.1473922902494325,-16.087561266633816,4051.8139944087065,5753.936043935092,5843.032887365873,0.002892174512214455,0.2117131190149384,9793.30078125,178.6336773568598,0.161767578125,70,88,0.06096
library/real/wav/perc__real__0024.wav,perc,real,0024,8.321995464852609,0.1417597121026687,0.3426683152851314,5.180009978157022e-05,1.0014771295446286e-05,0.5153956762833732,0.00011448145774977197,-32.11326314448927,15.896273717441233,0.27210884353741494,0.02510204081632653,841.4108821358493,851.1876056502147,841.4108821358493,831.7464538687852,0.09908764581667519,5.8168069952357415,-17.236832050222883,-0.9998544876801003,4.376417233560091,-16.896128205121332,3411.0523488859103,4629.115327904252,4855.732401672561,0.0017527025852980252,0.2749989882385972,7685.395951704545,252.01140719044014,0.13165838068181818,84,102,0.1313
library/real/wav/perc__real__0025.wav,perc,real,0025,2.2222222222222223,0.003813691269390693,0.010832899181786758,0.0040270007704717335,0.5806902665323319,0.3993845558332841,0.0012515864127347787,50.997016713053675,16.616390443589786,0.997732426303855,0.018820861678004536,294.066778879241,304.4370214406966,294.066778879241,nan,0.12578016297112396,0.6216227021889471,-22.122470201591135,-1.000151903819357,2.2222222222222223,-17.616542347409144,4409.688322594992,4810.8998355116155,1565.7485171107974,0.13118021506181218,0.13400953169401683,8805.946751644737,305.248589705981,0.09757915296052631,38,108,0.05899
library/real/wav/perc__real__0026.wav,perc,real,0026,4.671201814058957,0.07278667635745806,0.17101620479555057,0.037299508000778483,0.12260171454368161,0.5935807151687573,0.002715181133773845,2.0905423609858507,21.11192282956465,0.3854875283446712,0.006099773242630386,nan,nan,nan,nan,0.014233988840101467,0.034615129148210404,-23.346153843455404,-0.9998544876801003,4.580498866213152,-22.11177731724475,3977.030448732749,3326.6229372362377,3149.883127323758,0.008011906339198231,0.16152721865990297,7377.275390625,255.6595705243495,0.048600260416666666,52,130,0.03781
library/real/wav/perc__real__0027.wav,perc,real,0027,14.739229024943311,0.0032748608641353064,0.0023116402069425115,0.00022045894647778263,0.9732272267075968,0.020922150442687797,4.366283215987112e-05,-4.130267587965999,8.745613101241826,0.5442176870748299,0.05648526077097506,366.2453587034261,366.2453587034261,364.13594065850407,364.13594065850407,0.7866574914893029,26.078753033366617,-15.13737910307324,-0.9998544876801003,2.1088435374149657,-9.745467588921926,3167.191173599988,1743.4915806402726,1732.0260366825958,0.0005255853947486218,0.07822684362899082,3022.3388671875,146.42615562049954,0.017438616071428572,112,138,0.2667
library/real/wav/perc__real__0028.wav,perc,real,0028,14.852607709750568,0.0012910352663253423,0.002635346798833037,0.003806950479912216,0.988905085211066,0.003311714498396701,4.986774546668185e-05,1.5186720712749544,12.494802256856564,0.9070294784580499,0.02687074829931973,222.86094420380775,222.86094420380775,226.75648489020435,219.03232657474615,0.8181574998684701,42.01186510934589,-23.008348220507674,-0.9998544876801003,7.09750566893424,-13.494656744536664,3146.070972018319,1320.1931248838357,1672.0132313115541,0.00012506537109969318,0.11706498175834829,1729.833984375,596.6608891253933,0.010611979166666667,172,316,0.289
library/real/wav/perc__real__0029.wav,perc,real,0029,4.036281179138323,0.014521686117642277,0.13045284626927783,0.0021270536485505477,0.01960155309166888,0.8330323711566203,0.0002644897162400795,44.86957787707476,15.914903290606937,0.20408163265306123,0.018299319727891155,nan,nan,nan,nan,0.012176105559657284,0.09448990301807193,-17.346520824023905,-1.000151903819357,4.036281179138323,-16.915055194426294,3860.739932599999,4020.5823142643367,4020.5823142643367,0.05161860711981187,0.1585696110852285,7816.552734375,129.20933923045754,0.11279296875,26,60,0.002319
library/real/wav/perc__real__0030.wav,perc,real,0030,46.73469387755102,0.9101179744004432,0.0893351884716542,1.7883210575047533e-05,4.1663706916063566e-05,0.0004661290546547664,2.1161155756843386e-05,-11.307926974112945,16.706234611059415,0.13605442176870747,0.049546485260770975,nan,nan,nan,nan,0.008181830154489356,0.07821455211040437,-23.195314188923998,-1.000151903819357,46.73469387755102,-17.706386514878773,3999.493053528537,10493.90442501835,10706.36599251046,0.04542040397372156,1.1061147119315922,14681.72940340909,80.77656280583435,0.4421608664772727,34,64,0.3004
library/real/wav/perc__real__0031.wav,perc,real,0031,8.208616780045352,0.9363878994037117,0.06331714704846274,3.002613486666613e-06,4.791648645259317e-05,0.00024294124221182296,1.0932056744023402e-06,-12.029552513120867,19.458441473173156,0.09070294784580499,0.012675736961451247,nan,nan,nan,nan,0.008889025514698246,0.0004213796612397016,-26.10921283558566,-1.000151903819357,6.054421768707483,-20.458593376992514,5001.696943097567,10339.071712476982,10339.071712476982,0.21439677681148556,0.3398802419446465,15975.244140625,73.27224570783841,0.2993706597222222,14,36,4.579e-06
library/real/wav/perc__real__0032.wav,perc,real,0032,1.0884353741496597,0.06585426436978879,0.21938155258427133,0.0001634171586772312,0.004649345894208124,0.7098743405893598,7.707940369465556e-05,28.93086622531072,15.258080265129191,0.06802721088435373,0.004897959183673469,514.9659858267411,nan,514.9659858267411,514.9659858267411,0.06745754956873148,1.5397143504814643,-18.181854754867285,-1.000151903819357,1.0884353741496597,-16.25823216894855,4404.736878664188,5308.255299412837,5308.255299412837,0.0544979305408949,0.07491935420179598,10410.107421875,108.92772203753476,0.06309678819444445,34,58,0.001554
library/real/wav/perc__real__0033.wav,perc,real,0033,5.873015873015873,0.05730978300181879,0.04581406241812418,0.0010052323630673746,0.7426686210530022,0.15308896763912083,0.00011333352486669907,-3.9865045211005943,13.455376327980687,1.8820861678004535,0.021927437641723356,nan,nan,nan,nan,0.010125123765014874,0.060320178281355975,-19.718629615513578,-0.9998544876801003,5.464852607709751,-14.455230815660787,4252.47601810901,4654.501753948284,5025.033053504325,0.009467530626158124,0.6346180209043383,9606.6796875,293.45896509444583,0.11689453125,56,156,0.04498
library/real/wav/perc__real__0034.wav,perc,real,0034,3.5374149659863945,0.6754292316422045,0.05696600236974698,1.3390993436071621e-05,2.1858710492621444e-06,0.2675878032832468,1.3858403165452256e-06,0.70365839352671,27.566867723581495,0.13605442176870747,0.006303854875283447,1456.5437626340167,1260.691879265194,1290.15915509235,1290.15915509235,0.6743137841990305,0.5295797430923432,-29.894976426162202,-1.000151903819357,3.401360544217687,-28.567019627400853,3741.259680227925,3670.9423948578087,6534.168050117658,0.00441608146419354,0.14222948844347713,6125.741362235915,673.3394880699906,0.10604643485915492,86,354,0.09535
library/real/wav/perc__real__0035.wav,perc,real,0035,19.45578231292517,0.6263027919321053,0.3731723255882637,5.0483712901711985e-05,5.63939770329141e-06,0.0003346593567551617,0.00013410001227093102,-0.9499046641580076,21.20393897019333,0.045351473922902494,0.02950113378684807,1851.107139623875,nan,1856.4533318207702,1845.7609474269798,0.010021207395190149,0.07213738521950391,-23.331490451646054,-1.000151903819357,16.349206349206348,-22.20409087401269,3956.2252156285117,7752.076494047632,8171.396138522352,0.029353338481854768,1.0659459074960853,11946.826171875,1410.635796379963,0.3048502604166667,72,232,0.133
library/real/wav/perc__real__0036.wav,perc,real,0036,84.85260770975056,2.4401383015656313e-06,0.00019489861161385225,4.5557076467623765e-06,0.07727394119470196,0.9225235475486192,6.167991166232569e-07,2.4311339375780046,12.69624787976618,0.40816326530612246,0.08773242630385487,406.37466930385904,415.8732269343926,401.70705812313633,399.3933957188472,0.6916572568793101,10002.51543927466,-16.677963030052148,-1.000151903819357,58.25396825396825,-13.696399783585537,2587.618742654341,1274.2978606413337,878.4530322838336,0.00019130612227039224,0.519417034316492,1322.4356815732758,236.90026176768015,0.020760371767241378,166,220,0.8651
library/real/wav/perc__real__0037.wav,perc,real,0037,9.297052154195011,0.010940165286911298,0.06302889323467216,0.007259973191770117,0.41209419896185656,0.5034116477057277,0.0032651216190621793,-4.483531939491219,20.606060633370205,0.27210884353741494,0.010272108843537416,nan,nan,nan,nan,0.010329385515719101,0.006764366365286971,-24.29439562024143,-0.9998544876801003,9.229024943310657,-21.605915121050305,2363.5007973670013,1282.7052454068428,1787.9702858859403,0.0009255854440129095,0.1548974000384705,2270.4609375,329.5126981122376,0.02076171875,18,90,0.01145
library/real/wav/perc__real__0038.wav,perc,real,0038,9.841269841269842,0.002436344927722667,0.014052244242099087,0.0063795935486278535,0.19002788111893557,0.7203023624364822,0.0668015737261327,0.8333265909302637,21.308461761891884,0.5895691609977325,0.010453514739229026,32.0,nan,nan,nan,0.010461298285606607,0.09249441836055704,-25.905212602484376,-1.000151903819357,2.4716553287981857,-22.308613665711242,2476.627265891943,738.1258423955945,1238.589055411093,0.00012171426346955007,0.16674962751908287,634.716796875,1022.3225071228599,0.0038364955357142855,24,76,0.06401
library/real/wav/perc__real__0039.wav,perc,real,0039,6.916099773242631,6.2453121371707e-05,0.0007405330839461904,0.06251266313313535,0.7910858446847122,0.13374912829721408,0.011849377679620415,2.2037793459913395,18.49669945489989,1.1337868480725624,0.012312925170068028,67.02682386052011,66.64077776222761,66.25695512584817,nan,0.12075301679145631,0.707833897261672,-26.765109035000446,-0.9998544876801003,6.598639455782313,-19.49655394257999,2573.8190807469527,899.3892780070086,712.0904483471692,4.071849460858591e-05,0.1887146621638389,649.6724942835366,779.5722460104284,0.016411013719512195,58,362,0.1588
library/real/wav/perc__real__0040.wav,perc,real,0040,1.746031746031746,0.27040461500949187,0.1471604551333757,1.9977670981327254e-05,8.09411616280353e-05,0.5823181434232633,1.5867601259850297e-05,-7.670931536093076,24.41186459406984,0.13605442176870747,0.007823129251700681,891.443776815231,886.3094384702906,907.0259395608174,831.7464538687852,0.0780072538971207,1.1783845062586147,-26.079278898220792,-1.000151903819357,1.7006802721088434,-25.412016497889198,3548.4549475140007,3836.9616499209938,4395.704330145946,0.0034708180844412765,0.27740341999545853,7317.373934659091,460.91388036767444,0.09335049715909091,72,246,0.09951
library/real/wav/perc__real__0041.wav,perc,real,0041,2.0634920634920637,0.00363860327586472,0.25525717845391027,0.0008864539355682924,0.06227192854523167,0.6774285285731548,0.0005173072162701648,9.460477788542837,23.276575151805044,0.18140589569160998,0.0058956916099773245,542.4451043119591,nan,nan,nan,0.25551314681979026,0.2797049258549519,-24.405157130641125,-1.000151903819357,2.0181405895691613,-24.276727055624402,5020.624593076796,3555.667017271589,2273.9247043186106,0.0020090622654593162,0.4426515187402702,8533.23390794837,743.6629159073077,0.04292629076086957,64,388,0.1402
library/real/wav/perc__real__0042.wav,perc,real,0042,2.925170068027211,0.00042468929194029633,0.010329416528925215,0.0004994840639721401,0.008390642252580162,0.9752062170143029,0.005149550848279353,7.469460961296388,24.36292015144153,0.18140589569160998,0.006598639455782313,753.9543337474693,753.9543337474693,771.5771809149829,771.5771809149829,0.16976435888520253,0.21658690954138,-25.550992793618626,-1.000151903819357,2.766439909297052,-25.363072055260886,3892.1675180606617,1927.170320051675,1237.1862043106596,0.0006702112628670358,0.09801316174860418,3982.592177972561,508.3641449030324,0.01377905868902439,42,146,0.03559
library/real/wav/perc__real__0043.wav,perc,real,0043,33.26530612244898,5.945389575231888e-06,0.0030120929377269604,1.1548087806093451e-05,0.025941953410703114,0.9710274362526484,1.0239215402083467e-06,0.06674346580814712,13.692573795480602,0.3401360544217687,0.03800453514739229,388.02344102666194,443.1547192351452,388.02344102666194,374.80593816208005,0.6567108750420279,24.20969897986473,-16.490927457048052,-0.9998544876801003,28.934240362811792,-14.692428283160702,1530.6333061470543,936.11705589762,1161.031667828157,0.00010000018664452692,0.7003946842933368,1098.8879788306451,2008.6759518652611,0.027679771505376344,644,946,0.8367
library/real/wav/perc__real__0044.wav,perc,real,0044,9.501133786848072,0.756617910347082,0.24063877701545516,2.4935672208431724e-05,0.0009439873557198666,0.0016520847176171658,0.00012230489191739427,-1.3959538421932995,21.784215471911345,0.27210884353741494,0.0218140589569161,1782.887553630462,nan,nan,nan,0.010074967992103081,0.5360696560552747,-25.728927357348113,-1.000151903819357,8.140589569160998,-22.784367375730703,4481.847758174973,10107.386587209749,10540.57547830053,0.029362698692664717,0.621390903736181,13934.553550606342,784.6468475558507,0.4295636077425373,148,438,0.2399
library/real/wav/perc__real__0045.wav,perc,real,0045,4.580498866213152,0.05645894156905694,0.14123937552887456,0.03173036958418108,0.3834153295024363,0.3871312043902607,2.477942519039536e-05,4.454983371857612,20.071922635642313,0.3854875283446712,0.018072562358276645,nan,nan,nan,nan,0.010067495524774999,0.015224780954705081,-22.7519999553613,-1.000151903819357,1.8594104308390023,-21.07207453946167,3958.4223217871763,2595.851135397709,2161.2937568648836,0.004401456799442276,0.39621291780397183,5099.52392578125,197.74323291826857,0.04038783482142857,34,114,0.01498
library/real/wav/perc__real__0046.wav,perc,real,0046,7.437641723356009,0.00010619287104185647,0.0015432577383782957,0.12832740395561368,0.6553275399075325,0.19021324744271678,0.024482358084717,3.1718858656628797,17.095451101408816,1.1111111111111112,0.012290249433106576,67.02682386052011,66.64077776222761,66.25695512584817,nan,0.131022632194573,1.3652007401166188,-24.91399955987597,-0.9998544876801003,4.263038548752834,-18.095305589088916,2747.1922377372916,1116.2201754619887,829.6810807719228,0.0002999789224276641,0.23192276037583062,1538.035508452869,971.637613871477,0.011486616290983607,72,406,0.2459
library/real/wav/perc__real__0047.wav,perc,real,0047,10.929705215419501,0.0007664978322764768,0.010753386662898837,0.004001354877482541,0.42239824963871697,0.5599031648488133,0.002177346139811744,3.2122408230080968,25.404870795917276,0.31746031746031744,0.017528344671201814,82.51969974013306,82.51969974013306,81.10206069037197,nan,0.02573612473351704,1.1227076480902292,-30.360114551239484,-0.9998544876801003,3.1065759637188206,-26.404725283597376,3105.141599881403,1416.9518522885814,1298.216827881246,0.0005103737338647145,0.17043343692647742,2545.611102764423,708.4818048370595,0.015168018830128206,52,294,0.308
library/real/wav/perc__real__0048.wav,perc,real,0048,2.199546485260771,0.0004568892262897029,0.0014593370740074647,0.14033561725281396,0.8040838186107144,0.037362797247778655,0.016301540588395672,4.305971998006599,20.604974727269564,1.383219954648526,0.009954648526077097,63.26489730258535,65.4959290877936,nan,nan,0.01945107159895437,0.0672130773615824,-31.173032002677694,-1.000151903819357,2.0408163265306123,-21.605126631088922,3090.163288563088,1085.462281195164,870.7367690727759,0.00019058348075688716,0.0756752405820354,1292.59033203125,562.5433432149187,0.004774305555555556,32,164,0.05696
library/real/wav/perc__real__0049.wav,perc,real,0049,6.6439909297052155,0.0018179394967849183,0.029860179629302878,0.14047621086669024,0.056110250646981955,0.7692885643063451,0.002446855053895034,4.35163761591198,23.941055220178306,0.40816326530612246,0.023424036281179138,60.06003178695316,nan,nan,nan,0.012757649264945041,0.06248769144228228,-27.888024397563772,-0.9998544876801003,0.5215419501133787,-24.940909707858406,6093.303902739699,4401.397347268537,1953.719245559495,0.006629478457080877,0.11713746649278178,12394.601440429688,210.59174330939285,0.036336263020833336,54,104,0.03766
library/real/wav/perc__real__0050.wav,perc,real,0050,1.5419501133786848,0.7077742919464521,0.29055987141702877,0.0001169525023280232,3.6726934667292056e-05,0.0013303023240889532,0.00018185487543481097,-2.8022982474552984,20.214295214636913,0.022675736961451247,0.00981859410430839,1845.7609474269798,1856.4533318207702,1835.1301466356788,1845.7609474269798,0.010325825926832037,0.07723262850151355,-22.65084835158293,-1.000151903819357,1.2698412698412698,-21.21444711845627,3668.5874669582495,8272.235564898545,8533.115598064522,0.028691593019875287,0.45434921824524627,12438.701596467392,394.7563998001594,0.33871858016304346,76,228,0.08439
library/real/wav/perc__real__0051.wav,perc,real,0051,6.258503401360544,0.7639711692877691,0.2353199265135077,5.9801995109210086e-05,0.00022939180803304375,0.0003806267951596921,3.9083600421217484e-05,-1.8834354690162796,24.50807059874725,0.06802721088435373,0.010589569160997733,nan,nan,nan,nan,0.010075004706445533,0.6534094537776318,-28.652567220003565,-0.9998544876801003,6.122448979591836,-25.50792508642735,4852.321593332408,9323.158990659325,10315.296360780416,0.038901088865812526,0.7864612999560083,13751.381363407258,1013.2860591419048,0.37345640120967744,150,510,0.3024
library/real/wav/perc__real__0052.wav,perc,real,0052,4.988662131519274,0.9245819341935049,0.0753248923146878,6.170208737686137e-06,2.2701629678515575e-05,6.284555200794376e-05,1.4561013831995008e-06,-2.3684414088644705,22.432009260998854,0.24943310657596374,0.00526077097505669,nan,nan,nan,nan,0.010085397122989094,0.037560068776649816,-26.02678242789903,-1.000151903819357,4.73922902494331,-23.43216116481821,3805.823531248022,9317.887588440815,9517.729218232249,0.03050748423933769,0.4213748123299152,12789.697265625,454.8613924939279,0.36721075148809523,52,200,0.05306
library/real/wav/perc__real__0053.wav,perc,real,0053,8.435374149659863,0.11162573985042543,0.04511503760746441,1.6294736354935394e-05,2.3159925732523667e-06,0.8432379098097965,2.7020033855904773e-06,0.49688210623358997,22.70599490771269,0.20408163265306123,0.013900226757369615,1116.6799182492239,1047.9348654046973,944.4517822320021,960.9605085912505,0.4354683396544074,2.890486401641993,-24.05470696911188,-0.9998544876801003,7.709750566893424,-23.70584939539279,3084.7945977717663,3420.2935728507728,4531.443940615066,0.0014989768601324169,0.09901027151922837,5756.54296875,528.659706425863,0.09957320601851852,106,304,0.1375
library/real/wav/perc__real__0054.wav,perc,real,0054,3.1519274376417235,0.1370196662733714,0.7068005688358857,0.0008913807523685383,0.027290474258917768,0.1279961403267225,1.7695527341118063e-06,2.7367826087192255,28.06807700315246,0.045351473922902494,0.011292517006802722,nan,nan,nan,nan,0.011371372601683825,0.023267171618285423,-28.800108760431517,-1.000151903819357,1.4739229024943312,-29.068228906971818,3794.97032912247,2669.9034970670014,3176.1651954768895,0.0051117475976505955,0.2773668854506869,5139.068924753289,328.14673920075745,0.04773591694078947,22,124,0.01561
library/real/wav/perc__real__0055.wav,perc,real,0055,10.022675736961451,0.0002817897634672996,0.008372780986355428,0.0016845802984806696,0.03637307459132508,0.9532457698970517,4.200446331996878e-05,4.451382428010713,22.2633500683769,0.31746031746031744,0.012131519274376418,116.70047853545175,117.37651753019792,116.70047853545175,nan,0.058973526823643777,2.7088723757055364,-25.172585331248843,-0.9998544876801003,5.28344671201814,-23.263204556057,5659.043083918598,3790.703683378578,1511.8595464185255,0.0031517710109470083,0.17008786038055118,10376.495183555826,401.26047279250633,0.03899613167475728,116,280,0.1741
library/real/wav/perc__real__0056.wav,perc,real,0056,4.535147392290249,0.014894175605475285,0.0794005535023948,0.021052825278333163,0.5754425283937394,0.3049310225314568,0.004278894688600469,2.797686523742991,23.48611349031554,0.06802721088435373,0.0053741496598639455,63.63138712432303,64.37074822834262,nan,nan,0.02419057850739495,0.11638388594000346,-27.99720192768087,-0.9998544876801003,3.2199546485260773,-24.48596797799564,3197.758031257979,1591.0180767630382,1814.366633649438,0.0009100040609244938,0.13047271487415538,3018.3248380335367,341.48032747584654,0.010075266768292682,42,138,0.03208
library/real/wav/perc__real__0057.wav,perc,real,0057,4.535147392290249,0.0006824228291127044,0.006518082747506218,0.0025325748994905395,0.20300567418366136,0.773232228835152,0.014029016505077234,2.5267730371548254,23.851436982930316,0.47619047619047616,0.00510204081632653,32.0,nan,nan,nan,0.010561594006412121,0.015389554044692671,-28.000942010472084,-0.9998544876801003,2.7210884353741496,-24.851291470610416,2795.4316463423156,936.5431015266142,1098.5445407442198,0.00011665510752874539,0.14361382607854634,1084.0129573170732,700.0717022742751,0.004227801067073171,22,74,0.01681
library/real/wav/perc__real__0058.wav,perc,real,0058,15.374149659863946,9.891511414765007e-05,0.0016815751482057387,0.008544331169629611,0.9508244502867108,0.037747593357547744,0.0011031349237583803,1.9193349506703143,15.269984814651071,1.5192743764172334,0.021768707482993196,202.01706171869222,206.73898670081078,205.54825775702434,194.01172051333097,0.22302041299493106,18.307131161602037,-25.61239261271506,-0.9998544876801003,4.195011337868481,-16.26983930233117,2078.1071877979607,760.6506068968479,895.4076748527892,0.0001291090268750228,0.1178154054077565,826.4294854525862,711.0409844708016,0.009622508081896552,188,404,0.4203
library/real/wav/perc__real__0059.wav,perc,real,0059,1.3151927437641724,0.0005682507472980324,0.0051185527271981335,0.15500443184771123,0.5968901137576199,0.19320053719069133,0.04921811372948129,4.043148627442852,25.709650335676944,1.0204081632653061,0.010975056689342403,32.0,nan,nan,nan,0.010272655095471081,0.05232412561580185,-33.48238690065613,-1.000151903819357,1.179138321995465,-26.7098022394963,3321.3596202918,1210.5950015120402,988.4681238779073,0.00016621062080806088,0.08260248916672518,1644.4014386432927,1041.4555149290056,0.005383003048780487,10,92,0.05768
library/real/wav/perc__real__0060.wav,perc,real,0060,10.022675736961451,0.00028161617026841124,0.008373734792707437,0.0015823205981012603,0.036370620520465344,0.9533601338464939,3.157407196360598e-05,5.382686534425966,18.939991584147922,0.31746031746031744,0.012131519274376418,117.37651753019792,117.37651753019792,116.70047853545175,nan,0.11869263929438423,2.7084414963119956,-21.848739044450834,-0.9998544876801003,5.28344671201814,-19.939846071828022,3894.9942207844215,2304.950035418086,1511.8595464185255,0.0007209255850327926,0.211775379011924,4245.6298828125,401.26047279250633,0.043111165364583336,116,280,0.174
library/real/wav/perc__real__0061.wav,perc,real,0061,5.328798185941043,6.288884561713722e-05,0.008811782634692357,0.0003966649439503012,0.1008590186848609,0.8880688772261536,0.0018007676647256862,6.548839331801991,21.126964332421913,0.31746031746031744,0.02256235827664399,753.9543337474693,762.7148611188237,nan,nan,0.35814632755423054,0.12218467095757082,-24.59503406168837,-1.000151903819357,1.8594104308390023,-22.12711623624127,2986.7731196333843,1515.2342041886275,1093.3218560852017,0.0004409262599143341,0.09617738504522483,2799.31640625,404.0762562687856,0.022664388020833332,60,194,0.04155
library/real/wav/perc__real__0062.wav,perc,real,0062,9.501133786848072,0.756616114905792,0.24063507882082993,2.791784766740807e-05,0.0009441606489524084,0.0016522008406317941,0.00012452693612656824,-2.0026160797717454,24.87566621643887,0.27210884353741494,0.0218140589569161,59.714111458355674,nan,nan,nan,0.010443383062972943,0.53610947751965,-28.820386247472854,-1.000151903819357,8.140589569160998,-25.875818120258227,5422.483271566468,9236.83350032299,10540.57547830053,0.03185056197533029,0.470603651316217,15045.966796875,784.6468475558507,0.3253146701388889,148,438,0.24
library/real/wav/perc__real__0063.wav,perc,real,0063,1.5419501133786848,0.7078367978092501,0.29048323568422246,0.00011795802777592536,3.6811464585282677e-05,0.0013304834232472696,0.0001947135909188264,0.4001915856665707,26.18561017953759,0.022675736961451247,0.00981859410430839,1845.7609474269798,1856.4533318207702,1835.1301466356788,1845.7609474269798,0.011060754521030976,0.07711381051797447,-28.622518742027033,-1.000151903819357,1.2698412698412698,-27.18576208335695,4105.808876867183,8570.279242561262,8533.115598064522,0.037796266877105945,0.8768478378305735,12680.637179599718,394.7563998001594,0.3541575228230337,76,228,0.08489
library/real/wav/perc__real__0064.wav,perc,real,0064,14.444444444444445,1.4593969703732732e-07,1.0707827497853674e-06,0.9846552202392181,0.007903381244331138,0.007285207294595329,0.00015497449940862857,4.774213734577166,15.112879263086906,2.2222222222222223,0.04850340136054422,110.78867980878631,110.78867980878631,110.78867980878631,118.7403669684876,0.4446867362277277,85.58592654470688,-33.07025325304412,-1.000151903819357,8.88888888888889,-16.113031166906264,3500.2721746579236,1617.221534980874,487.51356721799493,0.0007212079228613592,0.06660495876211864,3872.53125,1106.428829592296,0.00798828125,212,590,0.5655
library/real/wav/perc__real__0065.wav,perc,real,0065,1.201814058956916,4.83525532214273e-06,0.0003410208127632361,0.7346263142502308,0.1182905983838186,0.03409075675615765,0.11264647454170773,11.794659356872748,17.319347884370767,0.47619047619047616,0.006281179138321996,69.39051969929078,61.46386848326427,65.4959290877936,nan,0.07969261313890343,5.1676430103989635,-32.154719989786585,-0.9998544876801003,0.8616780045351474,-18.319202372050867,4501.713937339494,2833.598728518178,666.2686796259072,0.0024764918779917734,0.21909117396047892,7730.078125,663.1743722350488,0.025390625,36,286,0.5122
library/real/wav/perc__real__0066.wav,perc,real,0066,33.26530612244898,6.139437529699e-06,0.003181002295083236,8.21877448914784e-06,0.019597291205643286,0.977206869593223,4.786940315672901e-07,-0.23588797507194678,11.450007099824097,0.3401360544217687,0.03800453514739229,411.0965155140487,443.1547192351452,388.02344102666194,374.80593816208005,0.8622276896372519,22.930963598663887,-14.26756255207646,-0.9998544876801003,28.934240362811792,-12.449861587504197,1237.3374995888432,952.276245701404,1161.031667828157,5.648725037518117e-06,0.8278519173655795,1078.2853036556603,1871.8146237463436,0.032318691037735846,516,572,0.8275
library/real/wav/perc__real__0067.wav,perc,real,0067,2.562358276643991,0.00017466834353287842,0.0016776694238029338,0.7367231745840045,0.0650103686036571,0.04967572393625586,0.1467383951087469,2.968387989424151,16.06836779687449,0.4988662131519275,0.07047619047619047,65.87534314518349,65.87534314518349,66.25695512584817,75.23506600215096,0.1808352347961304,9.516221720998631,-30.474182203235493,-0.9998544876801003,1.4739229024943312,-17.06822228455459,3117.303064163732,1087.54597455239,972.9000949142456,9.021826254714964e-05,0.12998186859550653,1873.6578369140625,1221.5582090151802,0.005255126953125,112,530,0.5088
library/real/wav/perc__real__0068.wav,perc,real,0068,7.437641723356009,0.00010621280177841111,0.001543278009815135,0.12833061487043945,0.6553240292509107,0.19021259113376351,0.024483273933292887,11.064127099111667,19.48339335747077,1.1111111111111112,0.012290249433106576,67.02682386052011,66.64077776222761,66.25695512584817,nan,0.08218365392430922,1.3652130416576367,-27.301959566002342,-0.9998544876801003,4.263038548752834,-20.48324784515087,5089.283655813681,4568.04971733145,829.6810807719228,0.013825718904686351,0.14730639644359167,9407.368901090802,971.637613871477,0.0698196123231132,72,406,0.2459
library/real/wav/perc__real__0069.wav,perc,real,0069,6.326530612244898,0.00044628828164491386,0.010821921386065919,0.0006446334664307925,0.028015864164133,0.9456147334637667,0.01445655923795893,7.820580859859975,21.387136633108547,0.45351473922902497,0.015238095238095238,32.0,nan,nan,nan,0.01751516162586098,0.19924794715695482,-23.5743044993388,-1.000151903819357,1.1111111111111112,-22.387288536927905,3535.9945976573144,1756.6179472153447,1236.0153494616836,0.005295839832740685,0.10850693408435023,2964.404296875,843.2398043498551,0.011856470352564102,52,154,0.03955
library/real/wav/riser__real__0001.wav,riser,real,0001,8.36734693877551,0.0006942153164353538,0.4398190698740339,0.026685431047088044,0.457819815300047,0.07481806899925345,0.00016339946314208688,-2.170532446302564,23.319321969878715,0.20408163265306123,0.013242630385487529,166.9570649299922,166.9570649299922,nan,nan,0.03174719752103059,1.3318194225886775,-26.178717027079763,-1.000151903819357,2.0634920634920637,-24.319473873698072,1850.2917078741016,1537.4051837975417,3113.7583758110213,0.000275043762970065,0.8146569524351847,2656.995391845703,1416.3451950682152,0.03733062744140625,56,500,0.5781
library/real/wav/riser__real__0002.wav,riser,real,0002,1.7006802721088434,0.25444073359346664,0.6707604023566704,0.00010776941096441799,0.013764798079401177,0.0608362297869085,9.006677258892243e-05,-4.410661602373928,23.5407198228611,0.045351473922902494,0.011179138321995465,1921.921017182501,nan,1921.921017182501,1921.921017182501,0.015656243502821,0.7598772155786682,-24.696145052377545,-1.000151903819357,1.4965986394557824,-24.540871726680457,4861.427288859456,6633.363289411797,8235.268324008917,0.017478473716245137,0.6715565792856771,12421.444292210821,1008.5638023820192,0.21471985774253732,70,400,0.1433
library/real/wav/riser__real__0003.wav,riser,real,0003,2088.5260770975055,0.04564827619411432,0.07489337946510204,0.3722600129040054,0.1368439724371845,0.12490209559162165,0.24545226340797224,-2.4419459177404073,8.28151993763986,5.941043083900227,2.0948072562358275,119.83409167058917,nan,nan,nan,0.035009231623494855,3.0441506396281173,-15.520647605623331,-1.000151903819357,1394.6031746031747,-9.281671841459216,1658.8364448172433,2025.213571841824,8698.029635109386,0.003098388527036899,1.0843373977085042,3430.929317989865,nan,0.0813148527992278,3006,3006,0.9941
library/real/wav/riser__real__0004.wav,riser,real,0004,58.00453514739229,0.0010160748662355191,0.004123446363567972,0.0013109828649052614,0.5228549600604719,0.4488027722608296,0.021891763583989813,-4.146824152176773,17.902388031335683,0.5442176870748299,0.05857142857142857,nan,nan,nan,nan,0.01112618658816501,0.17174694379981595,-23.73449408176792,-1.000151903819357,32.76643990929705,-18.90253993515504,3271.0511304085417,1837.0393286355795,2256.545030040239,0.0009419999156123312,1.4743154795469446,3669.873046875,497.70495188960376,0.020054408482142856,30,192,0.966
library/real/wav/riser__real__0005.wav,riser,real,0005,138.73015873015873,0.11321119500391386,0.3091565873722803,0.011605074167951535,0.05847760011116236,0.4677954002747265,0.03975414306996547,17.666208905150533,20.490120616851126,0.06802721088435373,0.16043083900226757,nan,nan,nan,nan,0.007975233615795437,0.16638244649226655,-21.788874835372365,-0.9998544876801003,132.6984126984127,-21.489975104531226,4793.3559385573735,5992.272536563621,2133.6051867664414,0.12565633228146844,0.8128639987607287,11735.196940104166,213.93189951667372,0.07924623842592593,72,110,0.7474
library/real/wav/riser__real__0006.wav,riser,real,0006,879.3197278911564,9.206215011713971e-07,9.268462755210311e-07,0.10651330155473486,0.5739566014853168,0.111486345546244,0.2080419039459276,-0.004525709064037988,15.184157466558613,0.997732426303855,0.885328798185941,315.1729698162985,nan,nan,nan,0.03901775279229629,6.543762025192445,-24.05379621198854,-0.9998544876801003,650.2267573696146,-16.184011954238713,1599.1157712283598,557.5929733991744,1390.9782093907472,1.8198335120571617e-05,0.4449231861192509,605.638266509434,1850.734097504928,0.01525034394654088,40,836,0.9999
library/real/wav/riser__real__0007.wav,riser,real,0007,1214.0816326530612,2.4035792364277428e-05,1.1193831258267484e-05,0.5005988201516889,0.25154534241227156,0.1322635085631241,0.1155570992492929,-0.048444244424503666,15.342680803892492,3.3333333333333335,1.2191836734693877,34.896247445288246,nan,nan,nan,0.010917516872778001,4.686573117497977,-26.39527312380741,-0.9998544876801003,681.609977324263,-16.34253529157259,1808.5903956054726,483.2517786802049,1148.9242817301633,2.5100121860265914e-05,0.5773160891290927,471.2362753378378,4288.835297887143,0.00795577944015444,14,1162,1
library/real/wav/rumble__real__0001.wav,rumble,real,0001,10.929705215419501,0.011854971456027624,0.027229130585626173,0.0013523088524035746,0.4622786739242394,0.49721794100835626,6.697417334693102e-05,0.16814510853407846,16.451894153676218,0.7482993197278912,0.027324263038548752,138.78103939858156,nan,nan,nan,0.037436782202762385,0.32014086577621653,-21.682871189758806,-1.000151903819357,6.213151927437641,-17.452046057495576,4480.327526649168,3905.9914811095387,3826.9247638029537,0.007355978682004183,0.4974594025099903,9484.083984375,621.9253266828523,0.06048828125,54,240,0.1327
library/real/wav/rumble__real__0002.wav,rumble,real,0002,41.06575963718821,2.1513107842439126e-07,8.64116888753304e-07,0.45494593973968056,0.03655205507668692,0.00019826867489563298,0.5083026572607696,0.11366918557499342,5.693226436361437,2.0181405895691613,0.05766439909297052,51.38706443925609,65.11870029457192,nan,nan,0.05589683616019981,27.23426015192736,-29.367536321782012,-0.9998544876801003,17.959183673469386,-6.693080924041538,635.959768384175,118.65233691233942,558.4987626593398,2.022380235230762e-06,0.09490849091383163,90.8701171875,3337.237132481874,0.002568359375,970,1054,0.9375
library/real/wav/rumble__real__0003.wav,rumble,real,0003,13.356009070294784,2.9876864034473136e-08,2.170396795983927e-08,0.7220202900087135,0.010184990722491532,0.00017870080437210327,0.26761596688359096,1.812883918808988,8.26449255008827,2.1088435374149657,0.11675736961451247,33.90281901949745,82.51969974013306,105.7856407237391,122.92773696652854,0.05138000484542383,82.69746687937774,-31.316897477533864,-1.000151903819357,1.2471655328798186,-9.264644453907628,1834.3134875230767,523.192221970458,415.27385219826135,4.720933371954623e-05,0.12441162067199199,723.5619329637096,1271.2902656416215,0.002331149193548387,232,574,0.8409
library/real/wav/rumble__real__0004.wav,rumble,real,0004,18.52607709750567,6.5598202788103875e-09,0.00021436611705444533,0.6931800038806757,0.0035088173021455013,0.00042602016665187106,0.3026707859736521,5.845621744645576,10.618452595599678,4.376417233560091,0.023219954648526078,nan,nan,nan,nan,0.011358168639129784,68.88935928084888,-34.30470056108842,-1.000151903819357,14.512471655328799,-11.618604499419035,1334.49151553936,486.4270079206761,512.611900613566,3.0749626486777806e-05,0.6594022612584368,693.369140625,222.28296094508318,0.0032552083333333335,34,104,0.1643
library/real/wav/rumble__real__0005.wav,rumble,real,0005,49.84126984126984,0.025719446737848515,0.011479908998506535,0.6541742855059495,0.08024401072261624,0.01533664943483397,0.21304569860024536,8.162549326015258,6.115859050384815,4.444444444444445,0.05512471655328798,60.75789574083323,62.178044233830775,93.1618037019,nan,0.037863601200519736,6.312992179530812,-19.894133565150685,-1.000151903819357,11.655328798185941,-7.116010954204172,4928.108971465292,5378.467850780173,4902.6417204115905,0.013033820486640223,0.8829479477339746,10600.002569901315,141.96534367960925,0.0639905427631579,82,216,0.7419
library/real/wav/rumble__real__0006.wav,rumble,real,0006,2.2448979591836733,9.620222155064504e-08,6.206120847323119e-05,0.12133650894102531,0.01816628333163078,0.013857226877494938,0.8465778234391541,0.5445492052967821,14.91598163389037,6.349206349206349,0.053492063492063494,nan,nan,nan,nan,0.010100894442322358,44.00787363517429,-35.27682477086876,-0.9998544876801003,1.7687074829931972,-15.91583612157047,1502.204807268421,531.3705224557062,444.73311623987445,0.0008206633248843066,0.36485360208577433,985.8646422859252,7393.491684970756,0.0022011103592519685,36,1200,0.8359
library/real/wav/stab__real__0001.wav,stab,real,0001,8.639455782312925,2.363205117986591e-05,0.01188810559186422,0.6456914679787881,0.18849408215400454,0.1506326328082423,0.0032700794159210376,-3.078513413326585,8.749392804937045,0.6349206349206349,0.011541950113378685,109.5179902844919,112.0759822599533,112.725231820307,108.88539660170953,0.26497929367250744,10.301343086458244,-17.338644122649345,-1.000151903819357,4.71655328798186,-9.749544708756401,899.9445275447106,568.0642223681936,934.5537973397436,3.666457035199644e-05,0.24427557299726288,990.52734375,527.9243172206593,0.00790127840909091,160,208,0.6434
library/real/wav/stab__real__0002.wav,stab,real,0002,29.22902494331066,0.003954847549699211,0.033024793110629676,0.00025536810079615686,0.049334967074469986,0.9115778654224601,0.0018521587419448472,0.6573727878214847,17.19152422327019,0.18140589569160998,0.07428571428571429,401.70705812313633,401.70705812313633,401.70705812313633,406.37466930385904,0.5219490166148821,17.553210037214196,-17.972602057432248,-0.9998544876801003,28.775510204081634,-18.19137871095029,3371.393074800724,2763.3800538408673,3104.739344946216,0.0026717924440178933,0.7166349863498244,5148.990333686441,778.314047740667,0.058519266419491525,128,316,0.6442
library/real/wav/stab__real__0003.wav,stab,real,0003,79.84126984126983,0.00045219109604073196,0.027768527384897632,0.19963548144907614,0.29271916188157227,0.4750653602631642,0.004359277925248883,-0.22205861974205954,18.797947106426186,0.31746031746031744,0.08600907029478458,64.37074822834262,nan,nan,nan,0.015420252297454308,3.873293571676911,-23.64549359773655,-1.000151903819357,75.07936507936508,-19.798099010245544,2117.63906431275,1012.7360081277699,1757.6928021770668,0.0001722759492082564,0.6700518393798388,1495.1642922794117,3127.5035277007582,0.01926413143382353,398,1176,0.9192
library/real/wav/stab__real__0004.wav,stab,real,0004,19.002267573696145,3.7575434997910093e-06,6.915072201571203e-05,0.00011459421674705606,0.7527534590162132,0.24705691736621807,2.1211353060672297e-06,0.4744831394604014,13.681125206381155,0.5668934240362812,0.022426303854875283,73.51669471981023,73.51669471981023,92.6252311961842,nan,0.03035052693735692,446.5955594718082,-19.762284936939942,-0.9998544876801003,7.913832199546486,-14.680979694061255,1542.568554683417,693.400952852751,716.1812499122618,0.00014271423145633056,0.22791310523117986,777.0357572115385,2380.2920346052397,0.017039763621794872,310,946,0.8129
library/real/wav/stab__real__0005.wav,stab,real,0005,135.0793650793651,0.00027308276289081287,0.022199011943679063,0.08462628179621819,0.4278358953805066,0.46438769970581745,0.0006780284108879003,-0.10804143926954676,19.10247624709016,0.5215419501133787,0.1445578231292517,65.87534314518349,130.99185817558717,nan,nan,0.027534541467031208,12.278190955207902,-24.071206885862004,-1.000151903819357,94.67120181405896,-20.102628150909517,2606.0601191456476,1202.7127461534506,2629.34724155664,0.00028713037469051383,0.7173234715724726,1633.1234580592106,3305.8227680593627,0.020931846217105265,292,1234,0.9998
library/real/wav/stab__real__0006.wav,stab,real,0006,111.08843537414965,6.673498517457983e-05,0.008880872900880556,0.10648163393100721,0.4005559075401004,0.4827774456143327,0.0012374050285043727,0.005399152850983926,19.42917040933259,0.7029478458049886,0.12342403628117914,110.15058396727426,110.78867980878631,nan,109.51616328737308,0.019412973857071827,3.8894271307043655,-24.31207055137127,-1.000151903819357,86.25850340136054,-20.429322313151946,1605.256677063835,819.7885651427979,1132.5889742670597,9.333351425740449e-05,0.606392418129591,1187.4620752427184,3862.8979281461675,0.020301596632281555,358,1464,0.9563
library/real/wav/stab__real__0007.wav,stab,real,0007,77.73242630385488,0.0007041171137063141,0.04342598115680782,1.2914537962391292e-06,0.002541395732998545,0.9533257348727446,1.4796699464252673e-06,2.2812760720831795,14.294403297012519,0.6575963718820862,0.09507936507936508,443.1547192351452,443.1547192351452,443.1547192351452,nan,0.7839189346025188,93.32673361765646,-17.609394752619615,-1.000151903819357,75.19274376417233,-15.294555200831875,3295.4694599088516,2486.9979370288124,2733.9857862962663,0.0020008149551334294,0.57623670527825,4856.117302389706,928.3175882176404,0.04181985294117647,400,512,0.9515
library/real/wav/stab__real__0008.wav,stab,real,0008,28.66213151927438,1.5728870206284624e-05,0.012870518640881505,0.0005402139977035886,0.005060203143449506,0.9814478393299443,6.54960178149106e-05,0.23294528409559764,20.51160789417537,0.29478458049886624,0.03471655328798186,130.99185817558717,130.99185817558717,130.99185817558717,nan,0.4189690189696127,69.20474780057495,-22.622099793144326,-0.9998544876801003,24.444444444444446,-21.51146238185547,1963.9121121918713,1455.0650253870872,1135.9451644381088,5.2631866556643395e-05,0.35252782361924834,2000.2529649849398,4212.5600415061435,0.04411885824548193,212,1258,0.6126
library/real/wav/stab__real__0009.wav,stab,real,0009,10.249433106575964,0.011319594729337018,0.8102241575891536,0.0037477535717700653,0.008088527050384065,0.16189303944826472,0.004726927611090506,-1.8085523128343364,15.880769893936058,0.13605442176870747,0.012789115646258504,nan,nan,nan,nan,0.010609354472983402,1.0559491591150387,-15.913397922976085,-0.9998544876801003,10.226757369614512,-16.88062438161616,2516.1286905124466,3285.1343708846302,3448.222742136675,0.003227722380716724,0.8274915074015159,5008.126126802885,608.9498088057926,0.1246807391826923,186,274,0.5568
library/real/wav/stab__real__0010.wav,stab,real,0010,38.57142857142857,0.00597138859174078,0.19512869109989395,0.015141568384966613,0.2757572598133294,0.5078359090476376,0.00016518306243153144,0.18644248822252718,18.155983209837068,0.3401360544217687,0.044081632653061226,76.55015179119384,76.10925536017415,nan,nan,0.012336539196058779,20.261330177686634,-20.04261727432,-0.9998544876801003,5.600907029478458,-19.155837697517168,2896.9999748541036,2169.449566883055,2626.5017060070554,0.001118278159847278,0.5797324589596348,3760.3352864583335,1627.6414852607404,0.06213228202160494,326,738,0.5762
library/real/wav/stab__real__0011.wav,stab,real,0011,1062.2902494331065,0.0006428727122596887,0.2158984917583929,5.988728120710133e-06,0.00023539199362423855,0.7831810589178919,3.61958897105037e-05,0.21535588414100942,16.29149627059297,0.22675736961451248,1.0701360544217686,130.99185817558717,131.75068629036696,nan,nan,0.12196138329619251,749.3943277851545,-17.468800373213366,-1.000151903819357,149.45578231292518,-17.291648174412327,2445.391961444207,2343.5977614410976,2450.81145403737,0.0005558196320786618,0.7953928663944223,3714.352829391892,5945.69043294335,0.06902864080598456,1834,2218,0.9974
library/real/wav/stab__real__0012.wav,stab,real,0012,11.564625850340136,1.2317147430149086e-06,0.0038338362252443013,7.672744368350015e-05,0.01091875437413715,0.9851406084243632,2.8841817828873888e-05,0.7154489609360893,18.649453991432583,0.3401360544217687,0.01766439909297052,220.3011679345485,448.30392903981317,464.11333295519256,453.5129697804087,0.5061817005774634,95.59157273262633,-23.019733557258203,-0.9998544876801003,8.231292517006803,-19.649308479112683,1988.9854475206907,1292.3046195208074,886.6781042586093,0.00020896322983922165,0.2732334518267097,2083.5714588994565,3835.023390225518,0.028033712635869564,528,1762,0.7744
library/real/wav/stab__real__0013.wav,stab,real,0013,72.47165532879818,0.00024906756689730607,0.062332341222336676,0.019612133167160636,0.07723358402182953,0.8404785821459928,9.429187578306945e-05,3.433295782387253,19.028706342440174,0.24943310657596374,0.08099773242630386,728.2718813170084,nan,nan,732.4907174068522,0.06719574439146336,5.441544094043399,-21.097343159240793,-1.000151903819357,68.3219954648526,-20.02885824625953,3006.5816557594303,2137.1155125254804,1733.947113107812,0.002472817236535929,0.7450959782140009,3731.011962890625,680.4500975841945,0.05045863560267857,132,306,0.7788
library/real/wav/stab__real__0014.wav,stab,real,0014,113.94557823129252,0.00023390440118496654,0.11930513225556,5.619870598292451e-06,0.0003509223532541568,0.8800605786184019,4.384250100057443e-05,0.3323367846992597,15.424038137299053,0.27210884353741494,0.11634920634920635,219.03232657474615,nan,221.5773596175726,220.3011679345485,0.044391249583146844,624.1255654563085,-17.538346826656348,-1.000151903819357,94.5124716553288,-16.42419004111841,2272.938017129115,2072.562314938408,2050.483768959457,0.0004776659915203402,0.7467093786070301,3426.1903505067567,1792.3005337971983,0.0566726743484556,1772,2234,0.9953
library/real/wav/stab__real__0015.wav,stab,real,0015,31.8140589569161,5.777771043250119e-05,0.06637226795293026,0.052376089023932135,0.18003929232491037,0.6997360878957322,0.0014184850920625856,-0.6416522632500073,9.190430571554536,0.5442176870748299,0.04743764172335601,263.5013725807339,261.98371635117434,nan,nan,0.332004136155184,5.007778552987532,-12.633033279556924,-1.000151903819357,31.700680272108844,-10.190582475373892,1882.941382273375,1733.6874727363745,1858.4959720848144,9.967384694266318e-05,0.8730792907227828,3549.3896484375,44.77118778109073,0.0263671875,228,234,0.7859
library/real/wav/stab__real__0016.wav,stab,real,0016,68.86621315192744,0.0009965704408353142,0.08014455052074959,0.026000211042312586,0.125227753118095,0.7673040137277584,0.00032690115024910503,6.077549825165677,18.91733432669677,0.7256235827664399,0.07077097505668935,152.2185107203483,153.10030358238768,nan,nan,0.01373602546256378,2.0443935705494414,-20.771629327682962,-1.000151903819357,38.344671201814066,-19.91748623051613,3291.8160734682233,3142.4974269216045,1938.5837341870974,0.09217503868287538,0.7852071032786198,5888.04931640625,847.602646456477,0.0674409412202381,214,522,0.9009
library/real/wav/stab__real__0017.wav,stab,real,0017,41.111111111111114,0.009057201481567809,0.10534222124726751,0.41613440831803306,0.3712624659500446,0.07797271529719887,0.020230987705888225,-2.8559305187233153,6.699078470473246,3.8321995464852607,0.051950113378684805,76.99360230925546,76.99360230925546,nan,nan,0.011639918136973777,4.295971244512454,-13.620325349981638,-0.9998544876801003,2.35827664399093,-7.698932958153347,3058.0974277235155,2649.138384149402,2887.8952513043423,0.0019156849397326682,1.0763180073319984,5666.30859375,1955.3642367147463,0.05067661830357143,128,160,0.4607
library/real/wav/stab__real__0018.wav,stab,real,0018,68.20861678004535,0.020489657487927707,0.006510695671096294,0.4783223061622018,0.12383049108901946,0.06347418606345005,0.3073726635263048,-29.374253647743807,8.995051369556958,4.195011337868481,0.08192743764172336,55.715236050951944,55.715236050951944,nan,nan,0.026238881939842043,5.089466153936486,-20.771190211680192,-0.9998544876801003,3.99092970521542,-9.994905857237057,3810.817810405651,3007.7906622328014,3484.2828756355852,0.0021512605318236362,0.6653911690487123,7303.3447265625,186.96073684919708,0.045247395833333336,52,54,0.7289
