file,sound,param,value,attack_ms,band_air_share,band_high_share,band_low_share,band_lowmid_share,band_mid_share,band_sub_share,centroid_slope_hz_per_ms,crest_factor_db,decay_ms,duration_s,f0_hz,f0_hz_at_100ms,f0_hz_at_30ms,f0_hz_at_5ms,f0_voiced_confidence,harmonic_percussive_ratio,loudness_a_db,peak_db,rise_10_90_ms,rms_db,spectral_bandwidth,spectral_centroid_hz,spectral_centroid_hz_100ms,spectral_flatness,spectral_flux_mean,spectral_rolloff_85,t60_estimate_ms,zero_crossing_rate,decay20_ms,decay40_ms,sustain_share
library/synth/wav/clap__lib__0001.wav,clap,lib,0001,13.10657596371882,1.2453585360887857e-06,0.027723777533588276,6.676384057047945e-09,0.0020866513150572885,0.9701882981967357,2.0919698822595075e-08,20.760996844055693,23.642162698774797,0.27210884353741494,0.018798185941043082,nan,nan,nan,nan,0.009600945193747563,1.6405523172660728e-05,-24.635844633360744,-1.000151903819357,12.721088435374151,-24.642314602594155,4147.535870839129,3795.529079434967,1413.8357018652068,0.029313350650813762,0.2043423936061187,8403.1171875,88.02849315324428,0.04998046875,24,44,0.001205
library/synth/wav/clap__lib__0002.wav,clap,lib,0002,9.070294784580499,2.0565101003003823e-05,0.23023570746878397,6.135094840661942e-08,0.0007554116617146512,0.7689882450213584,9.39619157860756e-09,15.573043077245947,19.73965258315836,0.18140589569160998,0.029047619047619048,nan,nan,nan,nan,0.010000266032109557,0.003517688143519668,-20.173699758419023,-1.000151903819357,8.956916099773242,-20.739804486977718,2834.8477979922222,2882.546643282034,1733.6657012096687,0.013600761303354685,0.26959662382662736,5427.195387620192,172.29484518737024,0.07042518028846154,42,102,0.03344
library/synth/wav/clap__lib__0003.wav,clap,lib,0003,42.857142857142854,0.0001854966035669931,0.3461190678957924,5.684097864826143e-09,0.00040556699480238587,0.6532898453209173,1.7500823127526265e-08,21.051979838437173,22.66801564705882,0.15873015873015872,0.054965986394557825,nan,nan,nan,nan,0.010033840323701256,0.003367299915429936,-23.126071571488914,-1.000151903819357,42.7891156462585,-23.668167550878177,3796.150717497536,4069.1030215460114,2058.8374821648945,0.036978771351955174,0.537449174899374,8328.181640625,72.57043429441383,0.07314453125,28,52,0.2704
library/synth/wav/clap__lib__0004.wav,clap,lib,0004,54.85260770975057,0.008902515011931974,0.7841154829050877,5.700930740955555e-10,4.0305455014163824e-07,0.2069815783553702,2.01029669722812e-08,2.593701217495832,23.146660509280245,0.22675736961451248,0.05596371882086168,nan,nan,nan,nan,0.010000041005124086,0.0176177853493518,-23.151289969932527,-0.9998544876801003,54.80725623582766,-24.146514996960345,2268.9956297186664,3657.051852797877,3366.1111678316965,0.005477662893603452,0.6750226352046473,5339.15771484375,324.2343350999197,0.1356201171875,96,210,0.982
library/synth/wav/clap__lib__0005.wav,clap,lib,0005,96.07709750566893,9.696900671418143e-05,0.4427664782787036,1.943546937917797e-09,4.169550987557904e-05,0.557094839432481,1.5828678804856287e-08,15.621794032991186,22.16397937584178,0.09070294784580499,0.10530612244897959,nan,nan,nan,nan,0.010101235790032073,0.039479877926523244,-22.395672087903975,-0.9998544876801003,95.91836734693878,-23.16383386352188,2545.3080744304393,3132.861382232234,2318.4149135338166,0.015352936840686325,0.860726641849574,5690.382982336957,81.76889750757483,0.06593919836956522,28,52,0.8746
library/synth/wav/clap__lib__0006.wav,clap,lib,0006,10.272108843537415,8.707618326795057e-05,0.3885470799127765,6.358016407527542e-09,0.0001325712607820924,0.6112332504754613,1.5809695858801093e-08,11.299279291383836,22.02579862627727,0.13605442176870747,0.01634920634920635,nan,nan,nan,nan,0.010000065855648785,0.022544377898064395,-22.295826558432704,-1.000151903819357,10.068027210884354,-23.025950530096626,3046.021925805901,3260.2247774292036,2060.642264613487,0.017348003922315447,0.2829214402769038,6095.642419763513,252.96582786538423,0.08303420608108109,66,146,0.08543
library/synth/wav/clap__lib__0007.wav,clap,lib,0007,37.482993197278915,0.004641695040890011,0.7479461833751464,3.8342039293306017e-10,1.2301945403753734e-06,0.24741087400424008,1.7001762619177047e-08,16.23927377448991,22.376404345389115,0.06802721088435373,0.046848072562358276,nan,nan,nan,nan,0.010017375494965368,0.0074073835382263715,-22.39321834942158,-1.000151903819357,37.43764172335601,-23.376556249208473,3543.352628398012,4592.16237492297,3177.944103664052,0.035657127796543425,0.49127289154692805,8437.825520833334,114.11974024447488,0.12310112847222222,40,76,0.2077
library/synth/wav/clap__lib__0008.wav,clap,lib,0008,47.50566893424036,1.7555820865463473e-06,0.046170567124179024,5.499462477868496e-08,0.002527760645865805,0.9512998431514642,1.8501779751279507e-08,14.575188965426156,22.691318244091125,0.20408163265306123,0.06356009070294785,nan,nan,nan,nan,0.01000092855640946,0.03041817314233042,-23.465562980953866,-0.9998544876801003,47.233560090702944,-23.691172731771225,2593.5546689575403,2469.5530613935657,1438.4905220781588,0.010092643857475922,0.4821046308003255,4673.502604166667,160.91843319400857,0.05101634837962963,52,96,0.415
library/synth/wav/clap__lib__0009.wav,clap,lib,0009,52.53968253968254,0.00020558644293833313,0.5672342665668021,9.677745585861408e-10,9.926078574492058e-06,0.4325502044965362,1.544737425580068e-08,9.97347409133945,21.94187386361424,0.31746031746031744,0.05566893424036281,nan,nan,nan,nan,0.01000671743215812,0.022589584466033378,-21.941647024765505,-0.9998544876801003,52.42630385487528,-22.94172835129434,2883.089360889263,3480.016235370735,2432.9086085615922,0.01877472379684674,0.4979555331904953,6220.887169471154,243.53867758258195,0.09258563701923077,66,134,0.8213
library/synth/wav/clap__lib__0010.wav,clap,lib,0010,50.49886621315193,0.00035452141282809116,0.5090513844998291,3.975425099402787e-09,4.866451199722118e-05,0.4905453964802919,2.9119628590080006e-08,16.10829083854792,24.776049478214997,0.11337868480725624,0.052653061224489796,nan,nan,nan,nan,0.010001385947169365,0.012380039797144722,-24.964448835725285,-0.9998544876801003,50.29478458049886,-25.775903965895097,3717.319378065072,4243.950802546084,2436.155256389449,0.03375154900079108,0.5177623996878923,8380.583732358871,114.96519633594075,0.09156060987903226,32,68,0.772
library/synth/wav/clap__lib__0011.wav,clap,lib,0011,28.66213151927438,3.853583884789135e-05,0.7279187617966512,4.5371499661747465e-10,1.3758095666942454e-08,0.27204267552715516,1.2625535207564574e-08,11.908387002430379,21.095233565890005,0.09070294784580499,0.03199546485260771,nan,nan,nan,nan,0.010000951658724338,0.00365856693273644,-20.907994986522915,-1.000151903819357,28.458049886621314,-22.095385469709363,2009.3984678971892,3032.5920649013005,2528.044436158077,0.005599683957308153,0.6774026070603958,4492.0654296875,119.41970580383148,0.09711371527777778,42,76,0.09149
library/synth/wav/clap__lib__0012.wav,clap,lib,0012,96.55328798185941,0.0008436119860950065,0.4934354093331153,5.341739150950386e-09,1.4040947668543002e-05,0.5057069085633377,2.3828044388036663e-08,10.778869609454286,23.969822369241523,0.13605442176870747,0.10671201814058957,nan,nan,nan,nan,0.010147043023419585,0.019913819155716585,-24.091145632761723,-1.000151903819357,96.43990929705215,-24.96997427306088,2844.146830905106,3622.4293201195933,2676.581481663181,0.019679233828238614,0.7236304044321831,6389.661362591912,164.2201426286214,0.09267290900735294,44,96,0.9581
library/synth/wav/clap__lib__0013.wav,clap,lib,0013,30.181405895691608,2.383402834400276e-06,0.03806902626650106,8.321954831329258e-08,0.000930989410663877,0.9609975076897913,1.001066096353858e-08,12.336411338491548,19.905046353562255,0.22675736961451248,0.03462585034013605,nan,nan,nan,nan,0.010001981646092298,0.007371547357157072,-21.08549297229304,-0.9998544876801003,30.068027210884352,-20.904900841242355,2119.908469712688,2021.1999403166628,1409.5781669240814,0.004944249677121577,0.6352187760066292,3461.71875,144.87234642324364,0.04892113095238095,38,92,0.1446
library/synth/wav/clap__lib__0014.wav,clap,lib,0014,29.024943310657598,1.5772274209939932e-05,0.1212900193203159,5.7904941833962493e-08,0.004790134419661119,0.8739040030380157,1.3042855462607185e-08,11.963410110822958,21.155455605774723,0.15873015873015872,0.03614512471655329,nan,nan,nan,nan,0.009762078159505055,0.022057495670929943,-21.877112601111858,-1.000151903819357,28.934240362811792,-22.15560750959408,3384.342136288263,3292.999790031885,1615.6918144784704,0.02030950706678753,0.39352346530752497,6709.6435546875,198.95281049349273,0.0634184337797619,58,128,0.295
library/synth/wav/clap__lib__0015.wav,clap,lib,0015,25.124716553287982,0.004373515305318714,0.7907298947274299,5.955688387437958e-10,2.3523310553949287e-07,0.20489632985044726,2.428812972646334e-08,11.020113290203064,24.52596190282022,0.20408163265306123,0.0326530612244898,nan,nan,nan,nan,0.009706001770309267,0.001350402790932606,-24.542585025944142,-1.000151903819357,25.011337868480727,-25.52611380663958,4146.329881582089,5351.040362931228,3374.556990677224,0.10243372516566267,0.34232955420310546,10213.071576286764,109.74250587300351,0.12251551011029412,34,64,0.03301
library/synth/wav/clap__lib__0016.wav,clap,lib,0016,30.70294784580499,8.619844879675321e-05,0.4883594042623554,7.235973597711599e-10,3.737376317553604e-05,0.5115170135682138,9.233861081280766e-09,17.55925575173646,19.49454462246194,0.13605442176870747,0.04492063492063492,nan,nan,nan,nan,0.010001155423244092,0.0005142140227960248,-19.612742368579326,-1.000151903819357,28.843537414965986,-20.4946965262813,2287.8276196625966,2805.881048920703,2162.438454284993,0.010363220295555316,0.8611707313117073,4618.154296875,88.46104178463932,0.07760416666666667,26,56,0.02655
library/synth/wav/clap__lib__0017.wav,clap,lib,0017,71.9047619047619,1.969310926138095e-07,0.006916185458849022,7.837719100634529e-10,5.9809967618379125e-06,0.9930776193975129,1.6432011774304225e-08,12.463169713505692,23.212748260256962,0.22675736961451248,0.07401360544217687,nan,nan,nan,nan,0.010109664697371833,0.022029510026323595,-23.96997994817798,-1.000151903819357,71.49659863945578,-24.21290016407632,3279.607059501175,3258.1419880198146,1286.76154619574,0.11553370028625312,0.441101745207925,6891.930042613636,81.70227841820763,0.04086766098484849,4,64,0.9277
library/synth/wav/clap__lib__0018.wav,clap,lib,0018,85.71428571428571,3.1690932709205934e-05,0.23794298565068572,1.6423608919816344e-08,0.0006766790171414105,0.7613486156804887,1.2295365934431417e-08,3.2827113369764107,20.882739053859268,0.15873015873015872,0.09061224489795919,nan,nan,nan,nan,0.010004546163877689,0.021803028404521186,-21.297790328738664,-1.000151903819357,85.3968253968254,-21.882890957678626,1930.532139366544,2182.3452582711475,1990.9173569630411,0.002670506999810518,0.6119829601629782,3380.712890625,321.83272327284993,0.06669013444767442,92,200,0.9863
library/synth/wav/clap__lib__0019.wav,clap,lib,0019,59.84126984126984,0.0004360835032806121,0.5382204342357508,6.640914794475661e-10,1.251708460342202e-05,0.4613309458704403,1.86418332374496e-08,10.913628166611874,22.825483036076157,0.11337868480725624,0.0609297052154195,nan,nan,nan,nan,0.010002573420332332,0.01678185586059458,-22.834917204116433,-0.9998544876801003,59.682539682539684,-23.825337523756257,2122.3888423283092,2971.64813951463,2567.491855370672,0.007697237770386745,0.8572035588077601,4735.9588623046875,85.69278186420188,0.082733154296875,26,54,0.8952
library/synth/wav/clap__lib__0020.wav,clap,lib,0020,75.89569160997732,2.4069261664848303e-06,0.06485698842303858,4.0955790591511475e-08,0.0022960995209439315,0.9328444555385608,8.635499446450211e-09,10.806857596598695,19.30159506237501,0.22675736961451248,0.09462585034013606,nan,nan,nan,nan,0.010009182022788688,0.05048617994115269,-20.078027766997867,-1.000151903819357,71.70068027210884,-20.30174696619437,2277.032822178243,2232.0866145710497,1445.0131695169594,0.007376464249087094,0.5079207911542469,4085.7516381048385,178.09977803133467,0.048528855846774195,56,106,0.8987
library/synth/wav/clap__lib__0021.wav,clap,lib,0021,69.29705215419501,0.019148417521535854,0.746559935388974,1.015233011431065e-09,3.969373740932116e-07,0.23429123298153884,1.6155344335978208e-08,13.088499892591669,22.270681419165303,0.09070294784580499,0.06979591836734694,nan,nan,nan,nan,0.009565304290038329,0.01699870767766312,-22.30483046875674,-1.000151903819357,68.34467120181407,-23.27083332298466,2897.806103663615,4286.891008586855,3511.0875549815437,0.022991760465338046,0.7423698464658621,7183.663807744565,108.4680121149846,0.12654976222826086,36,68,0.8994
library/synth/wav/clap__lib__0022.wav,clap,lib,0022,67.80045351473923,3.810401340171784e-05,0.4080769786896733,3.0846355216806296e-10,1.2448092269420795e-06,0.5918836604671237,1.1712110604009839e-08,2.8233668267696177,20.80325761992816,0.13605442176870747,0.07049886621315193,nan,nan,nan,nan,0.01012824431179446,0.03570104499905966,-20.852606286560604,-1.000151903819357,67.2562358276644,-21.80340952374752,1742.2949938176757,2391.751723753013,2122.9236578939017,0.0015597912001964946,0.571484336925922,3260.665283203125,320.98241895924946,0.082080078125,90,200,0.9606
library/synth/wav/clap__lib__0023.wav,clap,lib,0023,73.26530612244899,4.0279940896701095e-08,0.0004763451139397589,3.1126554310223485e-09,0.00010270687934799809,0.9994208968421615,7.77195454612208e-09,3.382435253881129,18.926395505700963,0.29478458049886624,0.08192743764172336,nan,nan,nan,nan,0.010285014715691508,0.08905107563450229,-20.322638521382036,-1.000151903819357,72.29024943310658,-19.92654740952032,1430.6924829199697,1317.8116233019475,1130.8363381265738,0.00035014111064156063,0.5004164263972071,1587.919921875,280.5873555180963,0.039871651785714286,76,150,0.9194
library/synth/wav/clap__lib__0024.wav,clap,lib,0024,56.07709750566894,0.0010724999167351663,0.7485874989656552,7.684962540486295e-10,4.570007567983413e-08,0.2503399336373394,2.10116982446887e-08,16.745221984044083,23.438337751724568,0.11337868480725624,0.07215419501133787,nan,nan,nan,nan,0.010050937909158125,0.01160961090284964,-23.339984959876595,-1.000151903819357,55.91836734693877,-24.438489655543925,3355.7973270238613,4524.910296144657,3040.4390161894125,0.03212128529769927,0.6112904756678151,8141.85791015625,106.96607946734153,0.11825125558035714,38,76,0.9371
library/synth/wav/clap__lib__0025.wav,clap,lib,0025,69.04761904761905,8.07201800200731e-06,0.1340568719331009,1.2869933637268484e-09,8.674740099593944e-05,0.8658482944330486,1.2927859273083807e-08,3.588568079113344,20.89229057872158,0.15873015873015872,0.09229024943310657,nan,nan,nan,nan,0.010374191501572323,0.03131041017071132,-21.31541814018521,-1.000151903819357,68.93424036281179,-21.892442482540936,1541.748393548513,1926.918914334152,1729.6976061521746,0.0008322489600979413,0.7100631981382624,2583.984375,192.57039486008318,0.058984375,54,110,0.9221
library/synth/wav/clap__lib__0026.wav,clap,lib,0026,72.40362811791383,0.0006708587034313017,0.6224674869010643,9.263742712524687e-10,1.157747514996357e-07,0.37686152285662644,1.4837752144068074e-08,11.857801362904956,21.86975801426676,0.09070294784580499,0.07691609977324262,nan,nan,nan,nan,0.010014176304026453,0.02023704964232401,-21.799051953133826,-0.9998544876801003,72.26757369614513,-22.86961250194686,2531.896266657948,3680.54804770894,2909.1240809951505,0.016698007340311547,0.6691075170439332,6082.301682692308,142.83760875314462,0.10257662259615384,38,82,0.9331
library/synth/wav/clap__lib__0027.wav,clap,lib,0027,31.995464852607707,1.749063002186598e-06,0.06792614408184783,8.755831148740328e-10,1.199576261146339e-05,0.9320600909056893,1.9311266142456468e-08,17.267401058489227,22.87078073690451,0.15873015873015872,0.0336734693877551,nan,nan,nan,nan,0.0100014815483999,0.0045488069909098965,-23.268592390976437,-0.9998544876801003,31.700680272108844,-23.87063522458461,3559.993825119725,3545.5052660128345,1587.075246892035,0.02173771465010262,0.44586588696601637,7265.0248865927415,152.6869387601215,0.06335055443548387,30,82,0.06885
library/synth/wav/clap__lib__0028.wav,clap,lib,0028,14.17233560090703,7.278357932612742e-08,0.0008038386466886179,1.333613488083768e-09,3.2113573064468446e-05,0.9991639627614766,1.0901577487176123e-08,4.076050125791656,21.69456045709583,0.22675736961451248,0.021111111111111112,nan,nan,nan,nan,0.008076168422283956,1.353849899400628e-05,-22.64228247564091,-0.9998544876801003,13.696145124716553,-22.69441494477593,3489.1193661569746,3249.539796375586,1250.4018895398322,0.19800845346229906,0.1096766686094367,7161.526587701613,87.21896555542747,0.03581779233870968,26,50,0.001457
library/synth/wav/clap__lib__0029.wav,clap,lib,0029,41.31519274376417,0.0037139711213865136,0.6669391041193813,3.10569215607653e-10,5.390317718213559e-07,0.3293463751719067,1.0244984514697623e-08,2.490221616679767,20.202103830159274,0.09070294784580499,0.053492063492063494,nan,nan,nan,nan,0.010000064338121267,0.03992678105203957,-20.22873578615429,-1.000151903819357,25.96371882086168,-21.20225573397863,2030.509190289013,3340.2913144792387,3149.8275732264624,0.002538856622291742,0.5299160306621215,4817.497306034483,247.25366398286135,0.12557246767241378,70,138,0.2563
library/synth/wav/clap__lib__0030.wav,clap,lib,0030,47.2562358276644,2.003483797580491e-05,0.3234142705985948,5.312005642335367e-09,5.488790075372277e-05,0.6765107879276845,1.3422985554720394e-08,2.7018058285554685,21.099218803801747,0.13605442176870747,0.04780045351473923,nan,nan,nan,nan,0.010003627983785783,0.028585506911471353,-21.33338423908388,-1.000151903819357,46.98412698412698,-22.099370707621105,1565.5730960251997,2006.3933059478125,1792.2879279093129,0.0006967700496112734,0.6876986864657412,2638.53515625,260.6495198193493,0.06975911458333334,74,138,0.6647
library/synth/wav/clap__lib__0031.wav,clap,lib,0031,85.85034013605441,0.001468538113565135,0.5899542263772528,1.1953341254224024e-09,3.858172824852527e-07,0.4085768303647155,1.8131849977061787e-08,12.207484968014164,22.849519119612737,0.09070294784580499,0.09201814058956916,nan,nan,nan,nan,0.01000615112172413,0.0404416903393647,-22.81193531564387,-1.000151903819357,85.71428571428571,-23.849671023432094,3294.1578251636224,4353.90221078815,3014.66109754531,0.030282510069180885,0.5172937328823777,7914.907094594595,146.8403306995899,0.10933540962837837,48,92,0.8909
library/synth/wav/clap__lib__0032.wav,clap,lib,0032,12.290249433106576,3.455451243733149e-05,0.2552107696481148,5.499720898724035e-09,3.488332762478423e-05,0.7447197703178615,1.6694240663404235e-08,14.281332778169814,22.45039925945898,0.13605442176870747,0.013786848072562358,nan,nan,nan,nan,0.010000148731794084,0.00044661838213366756,-22.572155387076517,-0.9998544876801003,9.909297052154194,-23.45025374713908,4151.797695380326,4301.709719203009,2000.2894556947306,0.036011817709842235,0.1684893698683456,9015.029296875,123.10339228198899,0.07850167410714286,38,72,0.01189
library/synth/wav/clap__lib__0033.wav,clap,lib,0033,80.83900226757369,0.00020264877811207357,0.41140667872302683,4.444301789686643e-09,6.635164713769189e-05,0.5883243018983365,1.450908521634327e-08,3.9311866295787303,21.66074397470618,0.15873015873015872,0.0873015873015873,nan,nan,nan,nan,0.010723089932671022,0.03362616958148693,-21.81596672735155,-0.9998544876801003,80.63492063492063,-22.66059846238628,2020.1872409060354,2583.6982636103976,2233.02233832162,0.0034935772141183544,0.6305167966435659,3951.0517842060813,262.8348156690965,0.08119985219594594,60,158,0.9365
library/synth/wav/clap__lib__0034.wav,clap,lib,0034,78.09523809523809,3.309675676436818e-05,0.477051885968983,2.975048967597166e-10,3.8908384181630355e-06,0.5229111135383023,1.2600027174439678e-08,17.74774366629877,20.907796285413433,0.11337868480725624,0.08959183673469388,nan,nan,nan,nan,0.010041136051234571,0.04571859428407316,-20.90815015832469,-1.000151903819357,77.91383219954648,-21.90794818923279,2627.4679545163303,3193.8936591281577,2027.4361941389761,0.01735712040497195,0.6029062047685612,5781.6650390625,97.50123442247497,0.07309977213541667,26,60,0.8532
library/synth/wav/clap__lib__0035.wav,clap,lib,0035,23.922902494331066,1.4406646574113673e-05,0.36032641974627194,4.484171582306128e-10,1.0196387429432347e-05,0.6396489609027534,1.5868554068714487e-08,10.969614433236135,21.985855587307356,0.13605442176870747,0.024285714285714285,nan,nan,nan,nan,0.010000245232865681,0.03107889505182699,-22.130390719528336,-1.000151903819357,23.60544217687075,-22.986007491126713,3060.0653837607374,3297.36121201981,1932.9966011160698,0.017524664957162178,0.26163189526520114,6134.3994140625,264.2901730783756,0.07695079985119048,70,170,0.1344
library/synth/wav/clap__lib__0036.wav,clap,lib,0036,72.72108843537416,7.241086443258356e-06,0.2651155689885475,2.656777767370326e-08,0.00015783000869799954,0.7347193214550523,1.1893481342986726e-08,6.3064825448652675,20.60799695297308,0.3854875283446712,0.07716553287981859,nan,nan,nan,nan,0.010470085036988045,0.022176793149335607,-20.929826009512897,-0.9998544876801003,72.29024943310658,-21.60785144065318,1708.7054453864032,2002.8147758405355,1731.1484390476646,0.0020445550211255783,0.8333288542820095,3030.3089488636365,124.50523875882027,0.056352095170454544,42,86,0.9313
library/synth/wav/clap__lib__0037.wav,clap,lib,0037,51.54195011337868,0.0006027009316692527,0.6873797379162376,2.9991056658640543e-09,0.00011757866572482499,0.31189995654489133,2.2942371315666978e-08,1.7260725333326918,24.995546933531898,0.36281179138321995,0.05213151927437642,nan,nan,nan,nan,0.00848534369177166,0.0058083418831781294,-24.988655789266883,-0.9998544876801003,49.36507936507936,-25.995401421211998,3376.165130804449,3839.037093202704,2515.95923398205,0.20278408073044987,0.44091901045529824,7726.504794034091,75.45212775968562,0.0683889678030303,24,50,0.6522
library/synth/wav/clap__lib__0038.wav,clap,lib,0038,12.675736961451246,2.70857347558699e-05,0.34097696211926376,3.2225739457937005e-09,6.516795778027941e-05,0.6589307712919001,9.67372604465841e-09,19.603029211464083,19.77710382509773,0.13605442176870747,0.018072562358276645,nan,nan,nan,nan,0.010000633604899473,0.0005260843043264217,-20.114595920244266,-1.000151903819357,9.297052154195011,-20.777255728917087,2634.6222969364903,2846.7762085311306,1855.5315494096462,0.01258614236828053,0.32259394742478387,5116.9690583881575,128.44467475753757,0.07249691611842106,26,80,0.01069
library/synth/wav/clap__lib__0039.wav,clap,lib,0039,20.18140589569161,2.26301113410446e-05,0.14236895425329893,1.0139628190149092e-07,0.00209759335401131,0.8555107147000471,6.185019489751113e-09,5.183453985140494,17.784228309978825,0.20408163265306123,0.02235827664399093,nan,nan,nan,nan,0.010003267005016508,0.009382160882594675,-18.43826690147113,-1.000151903819357,20.068027210884352,-18.784380213798183,1520.8172018751507,1823.1148132015865,1648.105700972273,0.0007850806930237511,0.9752049442168124,2548.095703125,88.55028522611327,0.05413411458333333,26,66,0.6479
library/synth/wav/clap__lib__0040.wav,clap,lib,0040,34.058956916099774,0.00016654157153659748,0.37483522101979416,2.4782277362094005e-09,0.00020109292004790355,0.6247971162283158,2.578207781852966e-08,14.391995435606946,24.095449524993665,0.11337868480725624,0.05040816326530612,nan,nan,nan,nan,0.010000346125267559,0.017037511287137975,-24.47224522462145,-1.000151903819357,33.990929705215414,-25.095601428813023,3573.4501432176075,3832.609636483985,2104.762141914953,0.02666943458954424,0.4079197452184174,7619.677734375,172.15885967377199,0.0818359375,48,106,0.1739
library/synth/wav/hat_closed__lib__0001.wav,hat_closed,lib,0001,0.045351473922902494,0.9160002191126313,0.08397226835461659,1.964774873210309e-09,1.025343564062276e-09,2.7459491604716126e-05,5.0051028864114854e-08,-34.64158126479348,25.032610182412647,0.13605442176870747,0.004897959183673469,nan,nan,nan,nan,0.007143630728712437,8.772754571521222e-08,-31.72794370451633,-0.9998544876801003,0.045351473922902494,-26.032464670092747,5825.758146609814,12257.469260136757,12257.469260136757,0.25326047645187805,0.008105707992417681,19173.779296875,18.501013599639958,0.3827427455357143,8,12,1.194e-08
library/synth/wav/hat_closed__lib__0002.wav,hat_closed,lib,0002,0.06802721088435373,0.8812654940996661,0.11873197562757408,1.0385366402118938e-09,5.038216105502253e-10,2.4980996963293887e-06,3.0630705054284773e-08,-31.61359289129051,23.15895668189016,0.4308390022675737,0.006122448979591836,nan,nan,nan,nan,0.008572460775756274,6.244996482972161e-08,-29.081738107112184,-0.9998544876801003,0.06802721088435373,-24.15881116957026,5781.799634021138,12121.87958839174,12121.87958839174,0.2345293411747416,0.00852798067691994,19112.255859375,19.197285691393905,0.39732142857142855,8,14,1.13e-08
library/synth/wav/hat_closed__lib__0003.wav,hat_closed,lib,0003,0.47619047619047616,0.7727611504768941,0.2270145177453805,1.7258431051690854e-09,3.191468564106609e-09,0.00022429472202550069,3.213838814154436e-08,-53.167275878175715,22.705374470100487,0.27210884353741494,0.0014512471655328798,nan,nan,nan,nan,0.010002894804737206,3.6723647109538864e-06,-29.04083745745554,-1.000151903819357,0.47619047619047616,-23.705526373919845,5870.000685328365,11950.247681950626,11950.247681950626,0.2639173655956079,0.002717465246033146,18828.6328125,12.24766768352737,0.33154296875,6,10,0
library/synth/wav/hat_closed__lib__0004.wav,hat_closed,lib,0004,0.18140589569160998,0.9986527353915947,0.0013471972413577726,1.1346515996192162e-09,8.005397523747787e-10,3.112460344157714e-08,3.430725255205714e-08,-64.28691998844998,22.080242074125135,0.5442176870748299,0.007074829931972789,nan,nan,nan,nan,0.01000153062700912,5.100771381559478e-08,-32.21423077503187,-1.000151903819357,0.09070294784580499,-23.080393977944492,5416.148117704886,13577.041954967252,13577.041954967252,0.1631157596589564,0.0019693812787118397,19850.537109375,19.003533501679126,0.46400669642857145,8,14,9.913e-09
library/synth/wav/hat_closed__lib__0005.wav,hat_closed,lib,0005,0.22675736961451248,0.999015596646055,0.0009843029433778685,1.6489346653765763e-09,8.054075637502266e-10,5.110453373434549e-08,4.685169104386812e-08,-66.56988485837392,23.28530373300652,0.5442176870748299,0.004693877551020408,nan,nan,nan,nan,0.00857275446129439,5.730992077288018e-08,-33.814016860486745,-0.9998544876801003,0.22675736961451248,-24.28515822068662,5305.9298256088305,13558.838393742468,13558.838393742468,0.16532133161346454,0.008780882851449925,19478.3203125,18.447688468977002,0.43038504464285715,6,12,6.564e-09
library/synth/wav/hat_closed__lib__0006.wav,hat_closed,lib,0006,0.24943310657596374,0.7543433818275631,0.24517480306801123,1.987590717685739e-09,8.251294772499112e-09,0.0004817826190720586,2.224646782342892e-08,-60.489559922444066,21.962360126186386,0.18140589569160998,0.0014058956916099773,nan,nan,nan,nan,0.0066724589865958805,0.232433299397941,-27.23102811819095,-1.000151903819357,0.24943310657596374,-22.962512030005744,6048.538292554873,11502.7939594156,11502.7939594156,0.31246724570679035,0.0030307246807710353,18855.908203125,8.225289277908804,0.2919921875,4,6,0
library/synth/wav/hat_closed__lib__0007.wav,hat_closed,lib,0007,0.11337868480725624,0.7450490029328857,0.2549271620766773,1.3358576175777897e-09,6.422128067110379e-10,2.381088989657899e-05,2.212246979617569e-08,-65.27037887824358,22.468371414218318,0.06802721088435373,0.0034693877551020408,nan,nan,nan,nan,0.007504639643549013,1.7845581317244733e-06,-27.843856930788903,-1.000151903819357,0.11337868480725624,-23.468523318037676,6090.433808026888,11782.58003307501,11782.58003307501,0.2697706326115261,0.0019809429089308675,19121.484375,10.891152298527276,0.3511962890625,4,8,0
library/synth/wav/hat_closed__lib__0008.wav,hat_closed,lib,0008,0.9070294784580499,0.8707873311154503,0.12920309878309547,5.944981048509282e-10,6.467190874242741e-10,9.533321479637104e-06,3.553875738003712e-08,-39.59816668081997,24.408280564942736,0.022675736961451247,0.0066213151927437645,nan,nan,nan,nan,0.008666959472684347,7.236666206761787e-08,-30.386391741472494,-1.000151903819357,0.9070294784580499,-25.408432468762093,5544.19349838896,11144.08619897792,12382.966984771785,0.33229085510256606,0.004891863115433966,17796.474609375,40.4986220061978,0.41142578125,16,30,1.345e-07
library/synth/wav/hat_closed__lib__0009.wav,hat_closed,lib,0009,0.20408163265306123,0.9449463980434866,0.05504899802687453,2.3712005129584986e-09,8.431290854089363e-10,4.574817447005768e-06,2.589786198745919e-08,-83.1708002763667,22.522867947313713,0.022675736961451247,0.002562358276643991,nan,nan,nan,nan,0.007505199362339361,5.528801477468874e-07,-30.153638068921843,-1.000151903819357,0.20408163265306123,-23.52301985113307,5681.01775823892,12685.510727418421,12685.510727418421,0.2029283383454519,0.0027543121701405254,19367.578125,10.0275317035602,0.331298828125,4,8,0
library/synth/wav/hat_closed__lib__0010.wav,hat_closed,lib,0010,0.022675736961451247,0.7979324533223725,0.20205546677527886,1.7406645960558923e-09,7.856495423185054e-10,1.204036077114116e-05,3.701526327366673e-08,-59.75969077174999,22.50472948413655,0.31746031746031744,0.0045351473922902496,nan,nan,nan,nan,0.008003310912435174,4.540886370434656e-06,-28.947724911250585,-0.9998544876801003,0.022675736961451247,-23.50458397181665,5917.479179906441,12359.28345902363,12359.28345902363,0.21581672478789216,0.002916091046024949,19461.708984375,14.09833969424014,0.36865234375,6,10,0
library/synth/wav/hat_closed__lib__0011.wav,hat_closed,lib,0011,0.13605442176870747,0.9985993690908004,0.0014005441686755474,1.2058626642462377e-09,7.552088805958883e-10,3.647618280517202e-08,4.830326953302229e-08,-55.59928594763062,24.807176849461168,0.24943310657596374,0.0044444444444444444,nan,nan,nan,nan,0.008571620324204733,7.914011831654475e-08,-34.49821209495379,-0.9998544876801003,0.11337868480725624,-25.807031337141268,5196.562242076594,12100.01118846613,13590.46578469088,0.2890353988072257,0.005493334891135603,18018.6767578125,38.00614495224119,0.45985630580357145,12,26,8.105e-08
library/synth/wav/hat_closed__lib__0012.wav,hat_closed,lib,0012,0.5668934240362812,0.9772174125175056,0.02278112389674634,1.389484517224576e-09,1.4370777552755982e-09,1.411924841837163e-06,4.8834343805300996e-08,-46.81505799617406,24.19141397359528,0.3401360544217687,0.003061224489795918,nan,nan,nan,nan,0.010001363156310589,7.861617995795273e-08,-32.258404144118906,-1.000151903819357,0.5442176870748299,-25.19156587741464,5561.788817782816,12823.587179440252,12823.587179440252,0.19838071390647224,0.007418255552792011,19173.779296875,18.965333372400725,0.42550223214285715,8,14,1.45e-08
library/synth/wav/hat_closed__lib__0013.wav,hat_closed,lib,0013,0.18140589569160998,0.9920534293375894,0.007946154774599394,1.5056680953330251e-09,7.802577129489384e-10,3.7820180584133323e-07,3.540007941305595e-08,-53.0094674070515,24.076213578702006,0.13605442176870747,0.0020634920634920637,nan,nan,nan,nan,0.010002390460078244,1.091964173306023e-05,-32.64362727564946,-1.000151903819357,0.13605442176870747,-25.076365482521364,5385.868732504113,12827.384562128122,12827.384562128122,0.1800036931423533,0.007048353660538696,19189.6728515625,15.960424319517628,0.4037272135416667,6,10,0
library/synth/wav/hat_closed__lib__0014.wav,hat_closed,lib,0014,0.6349206349206349,0.9825218326676224,0.017476756200304127,9.735219252851696e-10,4.759478025105161e-10,1.3853425172224515e-06,2.4340086410781485e-08,-43.724539645385704,22.472445087964847,0.022675736961451247,0.007551020408163266,nan,nan,nan,nan,0.006667797498309609,2.1725071196017685e-05,-30.521448003236323,-0.9998544876801003,0.6349206349206349,-23.472299575644946,5374.212064452512,12708.837520516367,12708.837520516367,0.19041978330079498,0.0020104497939474977,19049.70703125,16.07677206550463,0.4247233072916667,6,12,2.833e-09
library/synth/wav/hat_closed__lib__0015.wav,hat_closed,lib,0015,0.3401360544217687,0.9839990857403396,0.01600010602806472,4.726167717490442e-10,4.82045603292932e-10,7.724441475445473e-07,3.4832785864658915e-08,-46.6899320901292,23.560554750958126,0.045351473922902494,0.013219954648526077,nan,nan,nan,nan,0.008947414303369372,6.092321684512589e-08,-32.262433105126675,-1.000151903819357,0.3401360544217687,-24.560706654777483,5122.513980907385,11251.818675578606,13521.42510563201,0.31508548869360287,0.010604193359426107,17229.96247944079,53.19542724820096,0.4487047697368421,18,36,2.068e-06
library/synth/wav/hat_closed__lib__0016.wav,hat_closed,lib,0016,0.18140589569160998,0.8904842239069141,0.10946360487710886,9.825265188303438e-10,1.3650149515934317e-09,5.214188241303108e-05,2.6986022388848052e-08,-32.890922366943855,22.641943598047416,0.45351473922902497,0.005419501133786848,nan,nan,nan,nan,0.008572899923476861,6.03343924307711e-08,-29.228450266534978,-0.9998544876801003,0.13605442176870747,-23.641798085727515,5846.678777640195,12066.067456307963,12066.067456307963,0.2722475055602733,0.002317073590792767,19019.970703125,20.05235344269189,0.40066964285714285,8,14,1.226e-08
library/synth/wav/hat_closed__lib__0017.wav,hat_closed,lib,0017,0.3401360544217687,0.7473622544131275,0.25246231134495234,1.8743432745976004e-09,8.900809066076537e-10,0.00017539489302323467,3.658447262080174e-08,-37.97088345180616,23.870329285694428,0.15873015873015872,0.0045351473922902496,nan,nan,nan,nan,0.006002104217936675,1.0762843531895526e-05,-29.46505605466012,-0.9998544876801003,0.3401360544217687,-24.870183773374528,5859.23660900942,11825.653898131795,11825.653898131795,0.2523984877902011,0.0029517384968471005,18828.6328125,14.402146981282801,0.3716796875,6,10,0
library/synth/wav/hat_closed__lib__0018.wav,hat_closed,lib,0018,0.36281179138321995,0.926757150214624,0.07323740216668864,1.1039541389420829e-09,7.416832439463148e-10,5.392579211167621e-06,5.31938386876207e-08,-25.274061253595878,25.65925061260257,0.13605442176870747,0.005850340136054422,nan,nan,nan,nan,0.009091221444021219,1.0261680530951402e-07,-32.46385771549355,-1.000151903819357,0.3401360544217687,-26.659402516421927,5821.005391539502,12147.532146013184,12397.74293305139,0.25205994667080805,0.007026010473913319,19056.884765625,31.91057066111732,0.4397638494318182,12,22,7.59e-08
library/synth/wav/hat_closed__lib__0019.wav,hat_closed,lib,0019,0.4308390022675737,0.80798221738008,0.19193510387694532,5.440293742610944e-10,5.041952673039088e-10,8.26529718404307e-05,2.4722909689533656e-08,-13.694981495019713,23.120264087303042,0.022675736961451247,0.001201814058956916,nan,nan,nan,nan,0.009091237514137953,5.621019808812623e-08,-28.437366878393966,-0.9998544876801003,0.4308390022675737,-24.12011857498314,6010.854901657489,11739.545152997442,11844.153654557473,0.31691931459238815,0.004254854634496697,18996.200284090908,31.101946897229883,0.4087801846590909,12,22,4.168e-08
library/synth/wav/hat_closed__lib__0020.wav,hat_closed,lib,0020,0.3854875283446712,0.8494593141971698,0.15049744047822128,2.9185359518068355e-09,7.568738011176701e-10,4.320863460148293e-05,3.3014597373771104e-08,-49.68188805197812,24.06019512046558,0.022675736961451247,0.004172335600907029,nan,nan,nan,nan,0.010004150886529927,1.6849070174208895e-06,-29.708160358370147,-0.9998544876801003,0.13605442176870747,-25.06004960814568,6099.219742145842,11775.297486588486,11775.297486588486,0.28484448346174274,0.005986853149404635,19110.7177734375,11.435920506218933,0.3372802734375,4,8,0
library/synth/wav/hat_closed__lib__0021.wav,hat_closed,lib,0021,0.022675736961451247,0.99834803073788,0.001651690782500696,1.2404598526582024e-09,8.383872536613477e-10,2.2834833665299565e-07,4.805243524141907e-08,-72.07858084207733,25.13827443603176,0.20408163265306123,0.006802721088435374,nan,nan,nan,nan,0.009166886849434085,8.316843068827066e-08,-35.04922446210313,-0.9998544876801003,0.022675736961451247,-26.13812892371186,5066.404310437944,12073.643721080793,13553.576160311673,0.25282423750402405,0.003871742574927395,17865.380859375,33.09155967263407,0.4690348307291667,12,22,6.79e-08
library/synth/wav/hat_closed__lib__0022.wav,hat_closed,lib,0022,0.022675736961451247,0.9973991474917762,0.0025989327033421115,3.292422103574753e-09,7.2736549584203e-10,1.8853182789024026e-06,3.0466814905860786e-08,-121.82460095171159,22.961486643204072,0.15873015873015872,0.0034467120181405895,nan,nan,nan,nan,0.01000863274514313,0.23000708527412528,-31.398244450739767,-0.9998544876801003,0.022675736961451247,-23.961341130884172,5324.219081653726,13041.790408334744,13041.790408334744,0.18207076576194134,0.0037938457288538008,18913.330078125,8.075055949527531,0.3297526041666667,4,6,0
library/synth/wav/hat_closed__lib__0023.wav,hat_closed,lib,0023,0.5895691609977325,0.985664933513572,0.014334760464504935,2.548221163775629e-09,8.935309850374247e-10,2.4638233241098293e-07,5.619783826918899e-08,-58.87249366794477,24.356307861665993,0.045351473922902494,0.00235827664399093,nan,nan,nan,nan,0.006667741726274846,2.1626168725641293e-05,-33.138639443508296,-1.000151903819357,0.5895691609977325,-25.35645976548535,5426.308624360397,13199.131458351529,13199.131458351529,0.16333079270586467,0.004094360065660052,19430.126953125,14.586988584048616,0.420166015625,6,12,5.627e-10
library/synth/wav/hat_closed__lib__0024.wav,hat_closed,lib,0024,0.18140589569160998,0.9843064584047797,0.01569183361371697,1.545803267930551e-09,4.214261209902394e-10,1.6761588252398301e-06,2.9855448419284554e-08,-68.60023124841076,22.072859749233118,0.06802721088435373,0.0045351473922902496,nan,nan,nan,nan,0.006001733311016654,6.794109267108654e-06,-30.88334025238136,-1.000151903819357,0.18140589569160998,-23.073011653052475,5409.458687515978,13079.553789875834,13079.553789875834,0.16223278711598793,0.0020336324988210253,19496.162109375,13.955291515667428,0.40751953125,6,10,0
library/synth/wav/hat_closed__lib__0025.wav,hat_closed,lib,0025,0.22675736961451248,0.9405215873043059,0.05946922099840222,7.370333984112492e-10,5.335471419785582e-10,9.164611196859885e-06,2.5815514340179468e-08,-33.809049366341306,22.781859574035373,0.15873015873015872,0.004421768707482994,nan,nan,nan,nan,0.010000626241835306,5.381389842458072e-08,-29.436795218144898,-1.000151903819357,0.18140589569160998,-23.78201147785473,5801.505993288154,12126.159254388172,12126.159254388172,0.23631349672158325,0.006613535579598942,19145.709228515625,21.139222206085872,0.41107177734375,8,16,2.001e-08
library/synth/wav/hat_closed__lib__0026.wav,hat_closed,lib,0026,0.5895691609977325,0.9344494477268237,0.06554524275386966,4.266180935895942e-10,4.0199864573189785e-10,5.281733115573183e-06,2.6957574429300887e-08,-35.194793373454836,23.017265943921373,0.09070294784580499,0.011224489795918367,nan,nan,nan,nan,0.008823564520057092,5.376630484763342e-08,-29.750200204085203,-1.000151903819357,0.40816326530612246,-24.01741784774073,5497.343690887225,11485.780659559738,12900.722069041081,0.3018632413088442,0.006325416185137198,18001.7578125,49.904986505863675,0.4512293198529412,18,34,8.904e-07
library/synth/wav/hat_closed__lib__0027.wav,hat_closed,lib,0027,0.022675736961451247,0.9844911751129299,0.015506999095426268,8.481984864886179e-10,7.933192831992416e-10,1.7783401224936381e-06,4.581000344429106e-08,-48.356058451907636,25.128486973348064,0.022675736961451247,0.002834467120181406,nan,nan,nan,nan,0.009285890169898335,8.389797080000208e-08,-33.29522325646476,-0.9998544876801003,0.022675736961451247,-26.128341461028164,5366.501496619497,11667.834002003347,12962.43013979614,0.29998627674588985,0.003963850088852127,17952.5390625,38.79213160540185,0.44315011160714285,14,26,9.187e-08
library/synth/wav/hat_closed__lib__0028.wav,hat_closed,lib,0028,0.31746031746031744,0.9893399453279299,0.010659434612235057,7.962316856804538e-10,6.819133811109365e-10,5.784422176922099e-07,4.013947212315916e-08,-28.021651018037886,24.399163997823738,0.29478458049886624,0.0029705215419501135,nan,nan,nan,nan,0.009166904500009098,7.426532742887675e-08,-32.421857273766925,-1.000151903819357,0.31746031746031744,-25.399315901643096,5659.262598512273,12685.034032647034,13097.58540401405,0.2512573294787673,0.0046632215957514754,19254.2724609375,33.105455359503786,0.4657389322916667,12,24,6.204e-08
library/synth/wav/hat_closed__lib__0029.wav,hat_closed,lib,0029,0.7709750566893424,0.9820934940135163,0.017905213785702475,5.392898696913681e-10,3.7318120018708925e-10,1.2671039401498922e-06,2.4184369995847254e-08,-55.72247857509991,22.48020513416963,0.09070294784580499,0.010090702947845805,nan,nan,nan,nan,0.009230972530691413,4.806314462438609e-08,-29.920426287917607,-1.000151903819357,0.36281179138321995,-23.480357037988988,5248.90991006994,11567.505701887447,12917.904780939934,0.27685616686826847,0.002533255294940994,17718.51337139423,35.84214736392866,0.4408428485576923,14,26,4.445e-08
library/synth/wav/hat_closed__lib__0030.wav,hat_closed,lib,0030,0.5215419501133787,0.7519164240832586,0.2479465240516086,8.743367853341658e-10,8.77695977607175e-10,0.00013702406218392172,2.6050915962965846e-08,-35.45495857848433,22.292842250852242,0.09070294784580499,0.0067346938775510205,nan,nan,nan,nan,0.008335035130055707,3.580925843022437e-05,-27.83330011175408,-1.000151903819357,0.11337868480725624,-23.2929941546716,5983.47902127277,12072.491448853872,12072.491448853872,0.2664604496164833,0.0030567445436019505,19297.3388671875,16.81263644214038,0.3793131510416667,6,12,1.243e-09
library/synth/wav/hat_closed__lib__0031.wav,hat_closed,lib,0031,0.20408163265306123,0.9358542054899258,0.06414263140221155,5.684245492189205e-10,4.880960080958989e-10,3.1156348607199104e-06,4.641648124709312e-08,-42.35540206438776,25.329248878547954,0.13605442176870747,0.0009523809523809524,nan,nan,nan,nan,0.00866677703288034,8.968890049965944e-08,-32.28710787226089,-0.9998544876801003,0.022675736961451247,-26.329103366228054,5442.078840167443,11482.288253731282,12788.638409118827,0.3101113714914617,0.003406972779387299,17917.060546875,42.05956991074909,0.44143880208333336,16,30,1.619e-07
library/synth/wav/hat_closed__lib__0032.wav,hat_closed,lib,0032,0.4988662131519275,0.7071868493926688,0.2925898721206921,1.2567520321754504e-09,2.2091284091014564e-09,0.00022322288856490923,5.213219354420841e-08,-14.114041264742792,26.30033646311053,0.06802721088435373,0.006190476190476191,nan,nan,nan,nan,0.010000428859479922,1.1797450513325038e-07,-30.733137544263425,-0.9998544876801003,0.4988662131519275,-27.30019095079063,6064.161503490325,11544.115340692508,11686.596218615981,0.33319616928399376,0.0041666478102180575,18921.812855113636,31.401954857021444,0.38720703125,10,22,8.364e-08
library/synth/wav/hat_closed__lib__0033.wav,hat_closed,lib,0033,0.3854875283446712,0.9048761091268325,0.09510826489074686,7.579536910461336e-10,4.53954617880298e-10,1.5597872868748492e-05,2.6897643523915103e-08,-43.3609697860579,22.4699962941829,0.06802721088435373,0.0032426303854875284,nan,nan,nan,nan,0.008572164428735098,5.1387538027938285e-08,-28.81718137320995,-0.9998544876801003,0.022675736961451247,-23.469850781863,5669.981089023081,12234.846662213853,12234.846662213853,0.23553801934570653,0.005735329833782761,19035.3515625,18.338472652273207,0.38204520089285715,6,14,6.477e-09
library/synth/wav/hat_closed__lib__0034.wav,hat_closed,lib,0034,0.045351473922902494,0.9688557411216043,0.03113341224958394,3.3012054565547055e-09,1.0074114242027383e-09,1.0805245867198402e-05,3.707432714570801e-08,-86.69613976452717,24.333565354630966,0.09070294784580499,0.0025850340136054422,nan,nan,nan,nan,0.010005498219754065,4.6796561215430425e-07,-32.00295608280809,-0.9998544876801003,0.045351473922902494,-25.333419842311066,5802.55247612819,12438.242533943096,12438.242533943096,0.23142595450894315,0.0020942505381038668,19392.1875,9.513162709724332,0.3177490234375,4,6,0
library/synth/wav/hat_closed__lib__0035.wav,hat_closed,lib,0035,0.13605442176870747,0.7375369370165072,0.2622485958398827,1.0088396774958276e-09,2.5171984384872166e-09,0.0002144287835447012,3.483402706011995e-08,-27.243108911477194,23.984348660050923,0.045351473922902494,0.003197278911564626,nan,nan,nan,nan,0.00875037385102025,7.188414823326351e-08,-28.658402624039795,-1.000151903819357,0.09070294784580499,-24.98450056387028,6003.970131759092,11498.40702861087,11498.40702861087,0.282425867648975,0.0059425125284505095,18898.077392578125,22.222463908807768,0.3814697265625,8,16,2.684e-08
library/synth/wav/hat_closed__lib__0036.wav,hat_closed,lib,0036,0.5215419501133787,0.9489197334226511,0.05108006554280815,1.6401142569225833e-09,7.388402585410731e-10,1.6873651722261858e-07,2.9919068844415007e-08,-40.61475497363627,23.208539154947793,0.022675736961451247,0.004580498866213152,nan,nan,nan,nan,0.010002008276163718,7.202140535906122e-06,-29.090390895178473,-1.000151903819357,0.06802721088435373,-24.20869105876715,5530.823544823639,12468.221096759366,12468.221096759366,0.17116854272281484,0.0031739630661636762,18970.751953125,14.043990845368691,0.39296875,6,10,0
library/synth/wav/hat_closed__lib__0037.wav,hat_closed,lib,0037,0.15873015873015872,0.8730975098560568,0.1268770881724819,8.30016754768647e-10,6.682902490884395e-10,2.5373978888136886e-05,2.6494266127012535e-08,-26.84408970734224,22.783098938848173,0.13605442176870747,0.004081632653061225,nan,nan,nan,nan,0.010000853480654721,5.1151667742054255e-08,-28.643284388718335,-0.9998544876801003,0.15873015873015872,-23.782953426528273,5962.640437114505,11962.114752892223,11962.114752892223,0.2854171760781321,0.006291848593269626,19064.0625,24.130775909980294,0.3961588541666667,8,16,2.545e-08
library/synth/wav/hat_closed__lib__0038.wav,hat_closed,lib,0038,0.09070294784580499,0.7824932976434227,0.21742720034695187,3.406600065518411e-09,1.4466873025572906e-09,7.946032987062295e-05,3.68264669686716e-08,-72.88855839383265,24.230129493611518,0.06802721088435373,0.0011564625850340137,nan,nan,nan,nan,0.006673621964330561,0.2593111763372816,-29.916168260745316,-0.9998544876801003,0.09070294784580499,-25.229983981291618,5993.476622128054,11955.941922260114,11955.941922260114,0.2606727036371077,0.004185107279595045,19257.861328125,8.255122473543642,0.31982421875,4,6,0
library/synth/wav/hat_closed__lib__0039.wav,hat_closed,lib,0039,0.045351473922902494,0.7949097906963181,0.20472873561637003,5.297335515793269e-10,3.92540131549197e-09,0.00036143206609979525,3.7166077312583346e-08,-30.075359584489828,25.23157199380523,0.24943310657596374,0.006870748299319728,nan,nan,nan,nan,0.008752425437706057,8.894974467921212e-08,-30.101267087311243,-0.9998544876801003,0.0,-26.23142648148533,5679.200998274542,10751.538799406415,11794.859235313148,0.3573045334563274,0.0023174382996329983,17688.180541992188,44.51671086302791,0.382080078125,16,30,2.536e-07
library/synth/wav/hat_closed__lib__0040.wav,hat_closed,lib,0040,0.06802721088435373,0.8764182615787145,0.12353376306724884,2.1731587161448144e-09,8.64116157573542e-10,4.793414647405653e-05,3.817028768541809e-08,-43.47822052543119,24.103915138350544,0.18140589569160998,0.003968253968253968,nan,nan,nan,nan,0.008003521582412264,4.104871946370633e-06,-30.160407345622836,-0.9998544876801003,0.06802721088435373,-25.103769626030644,5691.8574755010795,11872.8312734046,11872.8312734046,0.24334216047740473,0.004005462229720846,18660.673828125,12.097838500328569,0.32529296875,6,10,0
library/synth/wav/hat_open__lib__0001.wav,hat_open,lib,0001,0.6575963718820862,0.8101061119714049,0.1897802005968135,3.702132880071735e-10,6.869110034464854e-10,0.00011364835943500015,3.8015222325179646e-08,-20.928858584370104,25.179189074892882,0.09070294784580499,0.019886621315192744,nan,nan,nan,nan,0.007142925259757271,0.00016601225764751378,-30.96472706569639,-1.000151903819357,0.045351473922902494,-26.17934097871224,5155.718818546918,10089.128313292227,12638.749550978326,0.37665261939379546,0.03175378450333664,16195.01953125,123.03669981053714,0.43101283482142855,38,82,0.003571
library/synth/wav/hat_open__lib__0002.wav,hat_open,lib,0002,1.99546485260771,0.9777667180403892,0.022232333356261152,2.3631659342126474e-10,6.125300731551977e-10,9.074528592761283e-07,4.0301643717129626e-08,-12.604610243614031,25.43764293282891,0.022675736961451247,0.014489795918367347,nan,nan,nan,nan,0.006223778888008136,0.01336970451559569,-33.09555710036241,-0.9998544876801003,1.99546485260771,-26.43749742050901,4756.70179472736,10232.957259390792,13794.031074264043,0.3502495641358348,0.028905826718422917,15834.560546875,260.6454862216299,0.4658474392361111,88,172,0.07139
library/synth/wav/hat_open__lib__0003.wav,hat_open,lib,0003,1.4965986394557824,0.9167364529019931,0.08325062548243403,3.2492896277827365e-10,7.506084332504401e-10,1.2876621398158688e-05,4.391863731011698e-08,-18.980708864894073,25.91409772873039,0.15873015873015872,0.013219954648526077,nan,nan,nan,nan,0.0070370498008154765,0.0012945324888218792,-32.30637901612622,-1.000151903819357,1.4965986394557824,-26.914249632549748,4912.976457431463,10039.354782616525,13093.320970535857,0.3608236232336693,0.017191254279564125,15863.590494791666,155.91570500908307,0.4391004774305556,52,104,0.01144
library/synth/wav/hat_open__lib__0004.wav,hat_open,lib,0004,1.179138321995465,0.8293553367748051,0.17052565739208222,1.8944804072826965e-10,4.711689167218894e-10,0.00011897528074773545,2.9891747894451926e-08,-10.386483133029742,24.013896316346006,0.27210884353741494,0.0016553287981859411,nan,nan,nan,nan,0.006495235426725251,0.0209051953082379,-30.11110566334016,-1.000151903819357,1.179138321995465,-25.014048220165364,4991.619238316364,9741.60674045401,12760.909918030318,0.3871319151453201,0.05238055186705233,15703.032880960052,280.17032275392864,0.43775169136597936,96,182,0.08432
library/synth/wav/hat_open__lib__0005.wav,hat_open,lib,0005,7.165532879818595,0.9895936555844635,0.0104058036957657,2.8866137300850176e-10,6.78115842771307e-10,4.899869327927776e-07,4.976606074312517e-08,-12.448796257966706,25.98370714884814,0.045351473922902494,0.011904761904761904,nan,nan,nan,nan,0.00608352588771891,0.018981033273562885,-34.54560152557407,-1.000151903819357,1.1337868480725624,-26.983859052667498,4643.602608825742,10347.23603405774,14192.704582097274,0.33963277632720706,0.030010878038552763,15745.211320070875,285.5242691676986,0.48223058956185566,90,184,0.08582
library/synth/wav/hat_open__lib__0006.wav,hat_open,lib,0006,1.9047619047619047,0.9061335539658181,0.09386006239683627,2.4282233809652374e-10,4.126173648255315e-10,6.350745459283272e-06,3.223644664509182e-08,-26.49480507915066,24.46356497816506,0.09070294784580499,0.006689342403628118,nan,nan,nan,nan,0.007368431966276749,5.060759979584524e-05,-30.858058974648948,-1.000151903819357,0.27210884353741494,-25.463716881984418,4939.070784229214,10249.437232505597,13281.316793588747,0.3553974813392537,0.01770619909157678,16080.202765213815,112.30005372878209,0.4468929893092105,36,72,0.00169
library/synth/wav/hat_open__lib__0007.wav,hat_open,lib,0007,0.06802721088435373,0.7044543717525917,0.29496831301562787,2.2919911583613495e-10,1.0230435567485153e-08,0.0005772638854453374,4.088670028150433e-08,-8.34596304699915,26.134929780118565,0.18140589569160998,0.0012244897959183673,nan,nan,nan,nan,0.006186442831888241,0.08791465146002891,-30.639410057886998,-0.9998544876801003,0.0,-27.134784267798665,5008.488163517032,9213.29986662121,12022.492561544599,0.40140812394675796,0.03814377372889718,15295.87360963983,344.37026833920913,0.3974567995233051,114,226,0.1346
library/synth/wav/hat_open__lib__0008.wav,hat_open,lib,0008,4.444444444444445,0.70268928238743,0.2968500494932411,2.477345517476726e-10,6.27521787185313e-09,0.00046062170828838934,3.988808812252206e-08,-10.365584208988514,25.945217252888707,0.06802721088435373,0.03399092970521542,nan,nan,nan,nan,0.0060204087466408885,0.02628041368729991,-30.443284328422877,-1.000151903819357,0.045351473922902494,-26.945369156708065,4949.89133938142,9235.77448258418,12062.341425591136,0.41024134880566154,0.03579559993338518,15236.71875,285.78470180080774,0.4105648118622449,94,184,0.09358
library/synth/wav/hat_open__lib__0009.wav,hat_open,lib,0009,0.8616780045351474,0.9756809351724948,0.0243164065567867,4.16737947752198e-10,7.570379058902647e-10,2.6007268479287035e-06,5.6370094674936676e-08,-17.051051709294292,26.47743967572264,0.29478458049886624,0.014308390022675737,nan,nan,nan,nan,0.005970154549399693,0.004082866507446311,-34.39047204296341,-0.9998544876801003,0.8616780045351474,-27.47729416340274,4758.788469721843,10212.144383674444,13842.467652891004,0.34736287535541416,0.024987303273593612,15802.47857392724,196.79403840261628,0.4632039995335821,68,134,0.02856
library/synth/wav/hat_open__lib__0010.wav,hat_open,lib,0010,0.3854875283446712,0.9946181383863095,0.005381688154464896,2.4645241554017755e-10,4.1032992688202407e-10,1.4153598797719352e-07,3.1266455328770405e-08,-28.331534400052043,23.864044482133014,0.18140589569160998,0.0068480725623582765,nan,nan,nan,nan,0.007435901058731,6.81730462293141e-05,-32.86971350349231,-1.000151903819357,0.3854875283446712,-24.864196385952372,4796.9588278169285,10841.605337578896,14337.139644891193,0.32022242277418583,0.02409569254882658,16414.92638221154,109.0976547450461,0.48510116185897434,38,74,0.001769
library/synth/wav/hat_open__lib__0011.wav,hat_open,lib,0011,4.965986394557824,0.9133697338199376,0.08662436056397219,2.2638847930631174e-10,5.269545408911327e-10,5.868793849494787e-06,3.6068897824788605e-08,-18.616900896934503,24.878301037875513,0.11337868480725624,0.006099773242630386,nan,nan,nan,nan,0.007090910839769606,0.0011175973298669028,-31.38449990285805,-0.9998544876801003,1.2244897959183674,-25.878155525555613,4926.846089883994,10113.544164579374,13231.561576044893,0.3569142496579983,0.028435830112717605,15966.282848011364,159.73056527902278,0.4503018465909091,50,106,0.01318
library/synth/wav/hat_open__lib__0012.wav,hat_open,lib,0012,2.5170068027210886,0.9955936171730436,0.004406178232504742,2.5442955766807836e-10,5.116350053488802e-10,1.6276993204458473e-07,4.105845497586272e-08,-15.619644663328554,24.839986476470706,0.06802721088435373,0.003696145124716553,nan,nan,nan,nan,0.00615629714978039,0.006836567005400727,-33.990023533223365,-1.000151903819357,0.22675736961451248,-25.840138380290064,4659.2724946214375,10563.231833258576,14423.064072474583,0.3356520132844703,0.021248172793790366,15928.220778245191,227.6759933423646,0.488681891025641,70,148,0.04103
library/synth/wav/hat_open__lib__0013.wav,hat_open,lib,0013,0.11337868480725624,0.8130691595686985,0.18674787186075184,2.51047535436607e-10,1.54295526839498e-09,0.00018292598945277195,4.078709411121002e-08,-12.01639927778896,25.863888130906965,0.022675736961451247,0.001201814058956916,nan,nan,nan,nan,0.006057069612983902,0.00974119408421761,-31.421018196195956,-1.000151903819357,0.11337868480725624,-26.864040034726322,5031.8410130220855,9624.749665973359,12465.62177424029,0.39629617655110744,0.03561030510576764,15681.754557291666,234.5954285471873,0.42293595679012347,76,156,0.05169
library/synth/wav/hat_open__lib__0014.wav,hat_open,lib,0014,3.6281179138321997,0.8735078160246605,0.12643967179053034,1.9547252144952908e-10,4.276524789448379e-10,5.247775102301541e-05,3.381066104851382e-08,-12.038474475320248,25.162876420050466,0.22675736961451248,0.010340136054421769,nan,nan,nan,nan,0.005862075261930294,0.01275824509331148,-31.29953170148559,-0.9998544876801003,1.2925170068027212,-26.162730907730566,4890.329494495459,9709.255719513963,12761.903634498467,0.38581836306460854,0.038472604675185894,15574.198545258621,250.39649400379875,0.43753928699712646,84,170,0.06247
library/synth/wav/hat_open__lib__0015.wav,hat_open,lib,0015,0.3401360544217687,0.9428139516449779,0.05718301020359882,2.417401856870485e-10,5.027561567004858e-10,3.005863757013759e-06,3.154316989364077e-08,-18.746832397878748,24.13939460961312,0.22675736961451248,0.005532879818594104,nan,nan,nan,nan,0.006227128580204274,0.0009561842505848388,-31.322688056721113,-1.000151903819357,0.3401360544217687,-25.139546513432478,4971.959628587725,10379.90805037777,13447.132299219296,0.3462470125693184,0.023149655325835253,16251.474056603774,154.09218710276411,0.4552531692216981,52,106,0.01118
library/synth/wav/hat_open__lib__0016.wav,hat_open,lib,0016,10.226757369614512,0.8995170413025286,0.10046898050553668,1.8217903470123932e-10,4.559574603971034e-10,1.394424315326361e-05,3.331064492808519e-08,-7.252669413028771,24.737220340197062,0.09070294784580499,0.0318140589569161,nan,nan,nan,nan,0.005960523670938825,0.08018684784035603,-31.35540805018307,-0.9998544876801003,1.0884353741496597,-25.737074827877162,4826.09406962104,9844.449954672455,13159.174094050632,0.37443258792602696,0.05890659379029232,15562.801699606787,436.8397409737541,0.44969086299668876,144,288,0.2062
library/synth/wav/hat_open__lib__0017.wav,hat_open,lib,0017,0.022675736961451247,0.9938955615284113,0.006104007021514332,3.700752712832336e-10,8.998409863349418e-10,3.6849772629557904e-07,6.168243184589819e-08,-11.829671384678388,26.935713500560095,0.06802721088435373,0.03,nan,nan,nan,nan,0.006000971630204513,0.029900346057377764,-35.88845458494936,-0.9998544876801003,0.022675736961451247,-27.935567988240194,4593.488633369987,10362.241437167437,14372.011029244453,0.34289355161232926,0.027355856135361702,15677.8125,300.8531621875265,0.48438430059523807,100,204,0.1028
library/synth/wav/hat_open__lib__0018.wav,hat_open,lib,0018,4.444444444444445,0.8051979837780919,0.194718531325953,2.7022457674873554e-10,1.066063667773797e-09,8.344981761949589e-05,3.374204743187727e-08,-19.025098169783988,24.687947536263263,0.15873015873015872,0.024376417233560092,nan,nan,nan,nan,0.007342247300579916,0.0003710108989395162,-30.32424462430802,-1.000151903819357,0.3401360544217687,-25.68809944008262,5156.789155580618,9990.07102167989,12589.978033051224,0.38396541521168,0.01662578641561188,16172.810006648937,134.12372606718557,0.4297810006648936,44,90,0.006214
library/synth/wav/hat_open__lib__0019.wav,hat_open,lib,0019,0.045351473922902494,0.6672692284056542,0.33194527156486847,2.13001929489283e-10,1.7152725790558693e-08,0.0007854441852562878,3.8478493395712806e-08,-6.5787031336454085,26.03537639217163,0.11337868480725624,0.007437641723356009,nan,nan,nan,nan,0.006326829898848,0.1851674446034554,-29.993049970382245,-0.9998544876801003,0.045351473922902494,-27.03523087985173,5020.962483571844,9057.587549328497,11760.615681191497,0.40668907141514005,0.046415622796476576,15186.62109375,426.4387784959256,0.38495828018707484,138,280,0.2024
library/synth/wav/hat_open__lib__0020.wav,hat_open,lib,0020,0.3854875283446712,0.997313888221288,0.00268592170190589,3.599486379977039e-10,6.17628585703425e-10,1.491474508425808e-07,3.995177803706667e-08,-30.494167503748717,24.7187714118173,0.045351473922902494,0.001746031746031746,nan,nan,nan,nan,0.007273874773523666,1.5324761179788597e-05,-34.396699357560834,-1.000151903819357,0.13605442176870747,-25.71892331563666,4980.670569122675,11368.423963285955,14665.976760192196,0.30596712529523906,0.015546750262797598,17076.48259943182,93.18517408958573,0.4960049715909091,34,64,0.0006918
library/synth/wav/hat_open__lib__0021.wav,hat_open,lib,0021,2.0408163265306123,0.9634789213794498,0.03651964285717742,2.1718201249515654e-10,4.1032459740773213e-10,1.402885133484457e-06,3.225073264594758e-08,-17.86683255452107,24.342797162925518,0.045351473922902494,0.011678004535147392,nan,nan,nan,nan,0.0065000139790875955,0.001937621574328058,-31.75869371365694,-1.000151903819357,0.18140589569160998,-25.342949066744875,4840.795902568034,10284.286348174172,13562.29753029247,0.35077930125317963,0.019300247939612613,15990.91552734375,172.56275847827766,0.4611002604166667,56,114,0.01764
library/synth/wav/hat_open__lib__0022.wav,hat_open,lib,0022,2.5850340136054424,0.8202659628442044,0.17957437824356812,2.1790582398302405e-10,4.306157536841144e-10,0.00015963042767627784,2.7836029598445004e-08,-13.312602626819345,24.04730663817175,0.022675736961451247,0.014036281179138322,nan,nan,nan,nan,0.005735201135783096,0.006597518024600773,-30.02760675855258,-0.9998544876801003,0.15873015873015872,-25.04716112585185,5010.130738763139,9734.110227235193,12669.001988416874,0.39375879167572675,0.04053147631417776,15727.27734375,215.78298923187583,0.43460286458333336,74,144,0.04359
library/synth/wav/hat_open__lib__0023.wav,hat_open,lib,0023,0.5895691609977325,0.9845950579058489,0.015404307839909306,3.91617743848765e-10,7.961741213532508e-10,5.763000906776377e-07,5.676635929727354e-08,-15.083284390274217,26.459822808144004,0.11337868480725624,0.0031746031746031746,nan,nan,nan,nan,0.0063750103250313425,0.008941431832332668,-34.93807850731137,-1.000151903819357,0.5668934240362812,-27.459974711963362,4663.688077746339,10286.906748136793,14071.128629009185,0.34685192005112936,0.029324670115195618,15695.5517578125,233.2976440378755,0.477392578125,70,148,0.05112
library/synth/wav/hat_open__lib__0024.wav,hat_open,lib,0024,1.9501133786848073,0.8427296925903534,0.15724156072091347,1.8565344394580984e-10,4.280772740232436e-10,2.871863085093172e-05,2.7444151597425403e-08,-17.049182881636252,23.833290745993015,0.09070294784580499,0.0037188208616780044,nan,nan,nan,nan,0.0062711957234757865,0.0018590217884897884,-29.732141733400983,-1.000151903819357,1.927437641723356,-24.833442649812373,4963.313320750602,9860.170195967676,12809.582377855662,0.37320724719504483,0.030150038832393374,15775.443591101695,169.37793244912191,0.4359110169491525,58,114,0.01686
library/synth/wav/hat_open__lib__0025.wav,hat_open,lib,0025,2.9478458049886624,0.9654166764174005,0.03458114513978707,2.7486659905512343e-10,4.0076591842809227e-10,2.1477129625452347e-06,3.0054217380675e-08,-26.86196400148315,23.868300746924028,0.15873015873015872,0.01108843537414966,nan,nan,nan,nan,0.008074778203432366,1.5050867922355176e-05,-31.405054622628782,-1.000151903819357,0.9070294784580499,-24.868452650743386,5151.416518910913,10775.892842511474,13506.6257786258,0.33380016905756266,0.012530706075843463,16892.471590909092,97.47066048074868,0.4561434659090909,34,64,0.0007519
library/synth/wav/hat_open__lib__0026.wav,hat_open,lib,0026,2.3356009070294785,0.7975570026082887,0.20218214836645557,2.6040493918359624e-10,5.53541482568082e-10,0.0002608193015825329,2.8909726893485866e-08,-24.698096153051324,24.04881344150137,0.022675736961451247,0.013174603174603174,nan,nan,nan,nan,0.008000005713976509,3.2148223050122275e-05,-29.400455686094247,-0.9998544876801003,2.290249433106576,-25.04866792918147,5186.406604811679,10050.73920478426,12524.879672934394,0.38091420693703126,0.02502112236395093,16277.255859375,99.81280852155926,0.4258370535714286,36,68,0.001062
library/synth/wav/hat_open__lib__0027.wav,hat_open,lib,0027,0.7482993197278912,0.9814698454429688,0.018528955084955934,2.468256764579798e-10,4.965560422606323e-10,1.1614398077578868e-06,3.728888584591349e-08,-16.84699616925368,24.68774995992145,0.13605442176870747,0.02657596371882086,nan,nan,nan,nan,0.006240204958678783,0.00333364488600079,-32.741122617444745,-0.9998544876801003,0.22675736961451248,-25.68760444760155,4794.130010005079,10428.351832726661,13931.371195497939,0.33998115906994875,0.02031259993541361,16057.570578835228,190.22399265820889,0.47093246922348486,56,122,0.02606
library/synth/wav/hat_open__lib__0028.wav,hat_open,lib,0028,0.06802721088435373,0.6811674415381909,0.3177270501475531,4.742944521317588e-10,1.5340645026013567e-08,0.0011054435778996656,4.892141682548202e-08,-24.039432570241804,26.75904651356207,0.3854875283446712,0.004489795918367347,nan,nan,nan,nan,0.007941444820119613,2.4826320813482146e-05,-31.028822862775595,-0.9998544876801003,0.06802721088435373,-27.75890100124217,5283.367655630009,9602.136316817861,11878.688824828207,0.4062884259068441,0.008866213950735218,16031.4697265625,98.450087512877,0.3870059742647059,32,64,0.0008
library/synth/wav/hat_open__lib__0029.wav,hat_open,lib,0029,0.7709750566893424,0.9736315109512214,0.02636754464989575,3.0634233613922215e-10,5.400173144097301e-10,9.103719166121306e-07,3.3180606551472505e-08,-25.023672488208,24.105216059382354,0.09070294784580499,0.004104308390022676,nan,nan,nan,nan,0.007317094350823413,0.0001420550467804309,-31.804476499140378,-1.000151903819357,0.7482993197278912,-25.10536796320171,4920.1652187417385,10706.038729856018,13858.224541976624,0.3295611765827196,0.01978758063704665,16461.87118902439,118.80029952864206,0.4729301638719512,42,80,0.003397
library/synth/wav/hat_open__lib__0030.wav,hat_open,lib,0030,4.421768707482993,0.8190831452147549,0.18081670519907778,2.1231772057241033e-10,8.300628871135104e-10,0.00010011013217905148,3.841160766685719e-08,-9.558736974826848,25.537830847390516,0.22675736961451248,0.03929705215419501,nan,nan,nan,nan,0.006038095546218774,0.030552523508244403,-31.162029830375765,-1.000151903819357,1.0204081632653061,-26.537982751209874,4980.2181872611445,9626.38344473661,12634.021586652518,0.3964456081490037,0.051389393140068684,15592.883070459906,304.80303446667045,0.43025869693396224,104,200,0.1116
library/synth/wav/hat_open__lib__0031.wav,hat_open,lib,0031,0.022675736961451247,0.9672069772678514,0.03279092586287456,2.893051004870496e-10,7.987591565418821e-10,2.0425239591379695e-06,5.3257250602104925e-08,-12.30442102322942,26.58319548386898,0.045351473922902494,0.008888888888888889,nan,nan,nan,nan,0.0065595595151528895,0.016344351414400302,-33.89389957506538,-0.9998544876801003,0.022675736961451247,-27.58304997154908,4744.726716300295,10134.673009912352,13659.306657371046,0.3602452873162194,0.02769669535024396,15725.489856350807,267.2527625921991,0.45999768985215056,88,168,0.07831
library/synth/wav/hat_open__lib__0032.wav,hat_open,lib,0032,0.5215419501133787,0.993932026106478,0.00606756222077465,2.677000289384031e-10,6.051425192025025e-10,3.667287561138337e-07,4.4071148635538004e-08,-9.599944326487138,25.311833011947236,0.022675736961451247,0.008707482993197279,nan,nan,nan,nan,0.005818780142150651,0.05725984137977626,-34.444782906224034,-1.000151903819357,0.5215419501133787,-26.311984915766594,4617.839928921875,10494.49643025222,14528.216023013914,0.33292358433331876,0.03349278387103764,15838.755904796511,378.7738272646646,0.49620730377906974,130,246,0.1638
library/synth/wav/hat_open__lib__0033.wav,hat_open,lib,0033,0.3854875283446712,0.875956786744211,0.12397265509702216,1.9573644069335995e-10,4.6385628293360376e-10,7.052239975211837e-05,3.509942205106616e-08,-20.438530827069997,25.039460189689454,0.36281179138321995,0.012993197278911565,nan,nan,nan,nan,0.007500001126386597,0.0004036879027081875,-30.957122278084643,-0.9998544876801003,0.3854875283446712,-26.039314677369553,4996.770930404292,9827.780061846737,12714.807636306483,0.3839618235948903,0.030631273381648033,15815.689086914062,133.51870595670746,0.423095703125,48,92,0.006493
library/synth/wav/hat_open__lib__0034.wav,hat_open,lib,0034,0.45351473922902497,0.9970706781959986,0.002929145626082055,2.904511901055101e-10,6.019645209807187e-10,1.2883937301509212e-07,4.644613060924494e-08,-10.075614842267022,25.51357234653931,0.27210884353741494,0.0163718820861678,nan,nan,nan,nan,0.0063759893801815385,0.05283539327955598,-34.82211338972755,-0.9998544876801003,0.45351473922902497,-26.51342683421941,4607.837259234277,10547.154686907845,14608.114257593601,0.33431868252744046,0.03104407173131201,15848.4375,357.7057063543524,0.4962433845766129,118,234,0.1433
library/synth/wav/hat_open__lib__0035.wav,hat_open,lib,0035,1.3151927437641724,0.9919543698724915,0.008045389603531995,2.1494052339080808e-10,4.784435236467182e-10,2.0422340992758296e-07,3.560718241063883e-08,-10.482190794682403,24.49608426402973,0.47619047619047616,0.012471655328798186,nan,nan,nan,nan,0.005812290594701754,0.03540244066885493,-33.15812417107757,-0.9998544876801003,0.24943310657596374,-25.49593875170983,4622.425756560359,10369.304253163898,14284.595895157008,0.33885804221123417,0.02953478004024299,15716.477614182691,337.248706497449,0.4859775641025641,106,226,0.1201
library/synth/wav/hat_open__lib__0036.wav,hat_open,lib,0036,0.5215419501133787,0.9477743321843128,0.052223972211412735,3.319160641054251e-10,4.5305789688038555e-10,1.6554480330698145e-06,3.937126741472222e-08,-26.64703686071206,25.082330672904746,0.06802721088435373,0.005759637188208617,nan,nan,nan,nan,0.008474603238253157,3.170456293270142e-05,-31.914648030743983,-1.000151903819357,0.45351473922902497,-26.082482576724104,5016.102249767893,10601.96680132579,13550.500531408585,0.3406857619653597,0.017662325024954243,16520.751953125,101.42709660357573,0.4552273220486111,36,70,0.001191
library/synth/wav/hat_open__lib__0037.wav,hat_open,lib,0037,0.6575963718820862,0.9916981091993641,0.008301467701064186,2.5824933679189267e-10,5.645972878114432e-10,3.839045494352049e-07,3.837217571462445e-08,-21.241177383073595,24.650212008057675,0.09070294784580499,0.004467120181405895,nan,nan,nan,nan,0.0066666673497168365,0.0011044433868108985,-33.34044409086659,-0.9998544876801003,0.06802721088435373,-25.650066495737775,4755.47990907866,10621.802399883858,14278.083490464262,0.32452351975860494,0.019527023903639924,16139.933268229166,158.82932227273548,0.4839680989583333,54,104,0.01261
library/synth/wav/hat_open__lib__0038.wav,hat_open,lib,0038,1.9727891156462587,0.9935823865039853,0.006417177130053015,3.5212266239642933e-10,5.671737274272962e-10,3.975566506261713e-07,3.7890014580918305e-08,-32.10058186551588,24.493001721735624,0.13605442176870747,0.0027437641723356007,nan,nan,nan,nan,0.007941194251537524,1.7830553225969074e-05,-33.52309511374556,-1.000151903819357,0.13605442176870747,-25.49315362555498,4843.6789468127745,10911.832142971063,14442.689699163793,0.3232899539230266,0.012527137759053928,16510.266831341913,95.28924061098172,0.4782858455882353,36,66,0.0008477
library/synth/wav/hat_open__lib__0039.wav,hat_open,lib,0039,2.0408163265306123,0.8678907405251821,0.13207948917604137,3.3895653714230143e-10,6.609844899411032e-10,2.9729564946462037e-05,3.9733889087152747e-08,-28.164063928457864,25.4804670057355,0.022675736961451247,0.01437641723356009,nan,nan,nan,nan,0.007500002231869797,3.4302049688257237e-05,-31.617268041116446,-0.9998544876801003,1.3605442176870748,-26.480321493415598,4975.785000666489,9978.424698088884,13024.745425649096,0.3679757612085493,0.019923225010083083,15975.244140625,102.09468622900951,0.4303385416666667,36,70,0.001263
library/synth/wav/hat_open__lib__0040.wav,hat_open,lib,0040,6.099773242630386,0.8647550166935437,0.13522406724448172,2.3113616623864053e-10,4.138368328152693e-10,2.0886097358887028e-05,2.931964273851079e-08,-19.274446611911735,24.03255955695125,0.022675736961451247,0.029682539682539682,nan,nan,nan,nan,0.007547174509767856,0.0008188255659817121,-30.237921427695387,-1.000151903819357,1.564625850340136,-25.032711460770606,4937.396654818188,9915.689136401905,12981.261542486798,0.37210939368483126,0.027272829022467533,15803.339659492925,147.5807551619918,0.43628390330188677,54,102,0.01079
library/synth/wav/impact__lib__0001.wav,impact,lib,0001,2.4489795918367347,0.003451038000487857,0.0011752863038196264,0.18538043134322374,0.012887713608094755,0.0003773908141033624,0.7967281399302707,1.1445457847726612,10.763197798610886,9.183673469387756,0.0582312925170068,43.713288216140654,43.713288216140654,nan,nan,0.021868878375677473,72.57998352199714,-34.562126320665314,-1.000151903819357,0.022675736961451247,-11.763349702430242,6778.241468755343,4668.377219553804,4635.814211082397,0.003408910493591326,0.20995486530383384,14317.985026041666,837.3543362686249,0.012709780092592592,252,486,0.6805
library/synth/wav/impact__lib__0002.wav,impact,lib,0002,13.718820861678005,0.003389912709088487,0.001759745165763385,0.4190704825232851,0.04279462825420153,0.0009466355468325418,0.5320385958008289,0.17790402470939895,11.263387613178855,5.328798185941043,0.2008390022675737,52.892820361869546,53.19922535313842,51.98415336679907,57.347817082364955,0.05956849292124461,103.30281113367666,-32.87833428090429,-0.9998544876801003,0.0,-12.263242100858955,5227.457679461436,2730.186880022379,4820.782987610573,0.001972424776957825,0.18232660973976672,6711.507901278409,1478.2077387982822,0.004502089707167832,466,918,0.825
library/synth/wav/impact__lib__0003.wav,impact,lib,0003,0.47619047619047616,0.01672757401788192,0.007192724970874442,0.09531812592274512,0.005341147450992171,0.0034664970941460415,0.8719539305433603,1.6364012256577178,11.872602367075356,2.5396825396825395,0.10852607709750567,38.719810855017364,38.05462768008707,nan,nan,0.007547766613066395,19.637297895495877,-29.94121667352139,-1.000151903819357,0.0,-12.872754270894713,7198.56265460748,8594.327070767189,6732.3130635283305,0.0499767180379335,0.1779130688710906,17736.053466796875,570.5203673840193,0.08545793805803571,116,332,0.4965
library/synth/wav/impact__lib__0004.wav,impact,lib,0004,1.3151927437641724,0.0025414472428438822,0.00040334766763690477,0.16444802758639487,0.013217910143252349,0.0003561639749701795,0.819033103384902,1.0371952657250516,11.398704718022447,0.6802721088435374,0.012267573696145125,42.224253144732614,42.7148753334411,41.49886574883231,nan,0.013883634979478135,139.05537727744672,-35.954271926027246,-1.000151903819357,0.0,-12.398856621841805,6987.802024354814,5352.272226747433,5248.6503313252815,0.007637136710101828,0.21761207554654763,14715.4541015625,1514.3859114628835,0.015399128401360544,358,810,0.8244
library/synth/wav/impact__lib__0005.wav,impact,lib,0005,0.20408163265306123,0.0014081252892208735,0.0006240896168992242,0.30262191385388587,0.032326815816628086,0.0005217262569103469,0.6624973291664557,0.7441899360762797,9.972477851880008,0.7709750566893424,0.10448979591836735,48.78390474418438,48.223573807186426,48.502930128332736,nan,0.04894497452792805,166.69871047195835,-34.00233976219754,-1.000151903819357,0.0,-10.972629755699364,3973.137993901493,1753.9854063281234,4153.211726028381,0.0011880244218241494,0.14396145570032004,3525.6186810661766,1425.6961234305707,0.0026214001225490194,496,934,0.851
library/synth/wav/impact__lib__0006.wav,impact,lib,0006,0.09070294784580499,0.01625733541096184,0.0057460714227538,0.2088807078998985,0.013885850719048473,0.0019129398310926324,0.7533170947162446,0.24150546816999166,12.784899577141562,0.3401360544217687,0.010498866213151927,45.254833995939045,45.51699258231301,46.58090185094999,nan,0.0132464479993333,47.259296751430085,-31.576348425899475,-1.000151903819357,0.022675736961451247,-13.78505148096092,7192.614569110662,8344.121287748274,6468.523867760109,0.025858371173861673,0.48611293602001027,17497.586831701807,2666.528333977737,0.062413717369477914,158,960,0.7238
library/synth/wav/impact__lib__0007.wav,impact,lib,0007,0.13605442176870747,0.003961665788134396,0.002635970039640247,0.7430362187619579,0.04250146748742166,0.001775827004082039,0.20608885091876367,0.9519752918299553,12.299220086707589,0.15873015873015872,0.15820861678004536,64.0,64.0,63.63138712432303,65.11870029457192,0.03382748138627473,82.27463764479758,-32.420993752607494,-1.000151903819357,0.0,-13.299371990526945,7228.483249428891,7600.207590703426,5003.692458121081,0.03584091105608349,0.2325500532200206,17073.184048927436,1078.9594872067619,0.061355849443855935,322,624,0.7334
library/synth/wav/impact__lib__0008.wav,impact,lib,0008,0.9070294784580499,0.003662323997539467,0.0022801575373625586,0.07373762915942877,0.006712795540229546,0.0006012199550937215,0.9130058738103458,0.4193198953489918,10.174816841799654,0.09070294784580499,0.015034013605442176,35.711908564167146,35.301722309239885,nan,nan,0.013372172798223869,76.45027530165999,-32.97648796032747,-1.000151903819357,0.0,-11.17496874561901,4414.11571849534,2036.029353442839,5098.041530044787,0.001726232759390881,0.16344344606733152,4030.910584984756,1120.5098388294648,0.003291730182926829,330,650,0.8102
library/synth/wav/impact__lib__0009.wav,impact,lib,0009,0.31746031746031744,0.012223717339550168,0.006369171715138863,0.17358533879401708,0.007130335724521002,0.002591163886382175,0.7981002725403907,0.6047739811072509,11.487402895825728,0.5895691609977325,0.08256235827664399,44.735037893728624,44.477383034954784,42.962320088968426,nan,0.01947002554227583,44.95333898875424,-30.338866224696144,-1.000151903819357,0.0,-12.487554799645086,7305.828808111559,7721.65520532275,6946.598060312527,0.015544919068112733,0.3543315566855971,17363.06320716595,1407.9327958326335,0.04541576867816092,286,674,0.7124
library/synth/wav/impact__lib__0010.wav,impact,lib,0010,10.72562358276644,0.005173338914715896,0.0014157415968860773,0.7558263543429273,0.03954254850708641,0.0019320916427150539,0.1961099249956693,0.39109702591852596,12.464490525347,4.8979591836734695,0.18834467120181406,65.11870029457192,64.37074822834262,64.37074822834262,65.87534314518349,0.026605492652651396,103.19781504628332,-33.04138169368353,-0.9998544876801003,0.0,-13.4643450130271,7320.3868601765835,8260.245616444252,5745.584232074968,0.03922039207262263,0.2902288654098052,17712.299702429646,1769.2051606047273,0.0775357391197644,504,954,0.8273
library/synth/wav/impact__lib__0011.wav,impact,lib,0011,12.426303854875282,0.009374321477306229,0.0032053547193628988,0.42601794219211286,0.043387036782162866,0.0016840793393689557,0.5163312654896862,0.389415725623643,12.368957475312786,6.598639455782313,0.13365079365079366,54.129131432412706,53.81737057623773,52.28529450371519,nan,0.019591611093665612,59.8924592083029,-32.12863727043879,-0.9998544876801003,0.0,-13.368811962992886,7100.983784213598,8351.21103179209,6268.388436013307,0.04491597177551377,0.2903257502955771,17411.799934111445,1706.3618334709352,0.08366669804216867,350,772,0.8064
library/synth/wav/impact__lib__0012.wav,impact,lib,0012,13.80952380952381,0.005441060278472994,0.0026009543239543394,0.28158892145772285,0.026855120693553586,0.0011945297001724438,0.682319413546124,0.16564142498004475,10.1320255558529,6.984126984126984,0.03215419501133787,48.223573807186426,47.12214585921682,49.06650702942722,nan,0.04506013203866613,70.14226870702295,-31.40728559918073,-0.9998544876801003,0.0,-11.131880043533,4459.810518387331,2123.1045672709993,6074.356278754397,0.0019761926310744517,0.13601282259502667,4555.837649710903,1240.1246086039096,0.004074029460352423,408,790,0.828
library/synth/wav/impact__lib__0013.wav,impact,lib,0013,0.15873015873015872,0.002985480251368281,0.0007293837122023947,0.07418713055616276,0.007585739403813668,0.00031790923763357597,0.9141943568388191,0.30601999894387955,10.092523322481558,13.877551020408163,0.1458503401360544,35.50622310617104,35.301722309239885,34.29675080116138,nan,0.013109551320525631,117.22357191036672,-35.743096708945906,-1.000151903819357,0.0,-11.092675226300914,4490.445692648615,2040.4876916476976,5007.514537065188,0.0013160817723704284,0.1852822109031668,3946.9779349662163,1355.5691874431552,0.002695915781853282,404,812,0.8506
library/synth/wav/impact__lib__0014.wav,impact,lib,0014,0.40816326530612246,0.0022439660951083257,0.0009981316317224887,0.18449273838015465,0.014755257702527984,0.00039133083436372005,0.7971185753561228,0.3584340177876872,9.450009849465925,0.11337868480725624,0.058843537414965986,43.21119827738208,43.46151820247428,42.962320088968426,nan,0.026191385306462388,176.8430325585212,-33.455619341579336,-1.000151903819357,0.0,-10.450161753285283,4421.2131251968485,2008.8538788699138,4934.372534991258,0.0013027597732211782,0.16603891420358957,3989.5751953125,1491.632170533013,0.0028682371386054423,584,1056,0.887
library/synth/wav/impact__lib__0015.wav,impact,lib,0015,0.5215419501133787,0.011507411237484281,0.00468607003006738,0.14854147027879147,0.007804761313617105,0.003566954084176313,0.8238933330558634,0.7180625710486691,11.995757895305452,0.6802721088435374,0.0016780045351473922,42.962320088968426,43.713288216140654,40.55103034518599,nan,0.009609722806638632,29.196522463610084,-30.99046238342662,-1.000151903819357,0.0,-12.99590979912481,7329.360011677279,8414.04165983203,6690.992965046938,0.03868808031321586,0.21986377406743834,17877.78356215533,822.1587266990341,0.08087517233455882,166,306,0.5792
library/synth/wav/impact__lib__0016.wav,impact,lib,0016,0.11337868480725624,0.0034867069124900505,0.0010791509732248606,0.2035765642794638,0.017534519690071578,0.0005908882477044087,0.7737321698970454,0.44772981305779713,10.972088337924585,0.4988662131519275,0.022630385487528343,44.22121215896883,44.735037893728624,44.735037893728624,nan,0.018050937948671825,110.48535978089646,-34.40282595863846,-1.000151903819357,0.045351473922902494,-11.972240241743943,7148.628069833582,6204.119312628553,4546.577792997956,0.00662538106877692,0.3555984293263869,15702.107777648698,1816.343695352688,0.016425490822490705,350,994,0.8258
library/synth/wav/impact__lib__0017.wav,impact,lib,0017,0.29478458049886624,0.005973383147121499,0.0043314952692127245,0.15278178785576338,0.010615723360090314,0.0008701165359232042,0.8254274938318888,0.5689076090079785,12.533311437571339,1.2471655328798186,0.13523809523809524,42.962320088968426,43.713288216140654,40.55103034518599,nan,0.011276670390164176,47.48173482392733,-33.36558540141518,-1.000151903819357,0.0,-13.533463341390696,7141.711820384386,7186.45426991838,4987.988019569476,0.018792254984283528,0.30415480387070715,16515.348026670257,1380.2477222770488,0.04102123742816092,190,504,0.6228
library/synth/wav/impact__lib__0018.wav,impact,lib,0018,1.7687074829931972,0.00513413805763272,0.002505737397025041,0.4562412830536889,0.03357259372372527,0.001951776653985277,0.5005944711139427,0.48724904605310226,12.781299885503067,7.551020408163265,0.11210884353741496,55.07529198363712,54.75808164368654,52.892820361869546,56.68912122255107,0.02340154340952088,64.2141066902488,-33.519577380515926,-1.000151903819357,0.022675736961451247,-13.781451789322425,7147.928062911081,6876.909592306685,4618.436804083021,0.01180009050329998,0.43953479162805603,16657.70433643196,2060.0859430608857,0.033407090585443035,264,690,0.71
library/synth/wav/impact__lib__0019.wav,impact,lib,0019,14.580498866213153,0.005329487816834788,0.0020534074330772066,0.2516084103400839,0.024383977469646954,0.0009914038055506183,0.7156333131348066,0.8160090383543352,10.117998646316211,6.780045351473923,0.10913832199546485,46.850742270260014,46.3126155980921,46.850742270260014,nan,0.044286102496181715,76.27536079451998,-31.91488979598565,-0.9998544876801003,0.022675736961451247,-11.117853133996311,3701.666406546546,1704.5074634669097,5214.88674175214,0.0017099664265581517,0.0859924260621863,3577.7364979619565,1243.1780111337887,0.0033000264190821255,398,758,0.8118
library/synth/wav/impact__lib__0020.wav,impact,lib,0020,0.15873015873015872,0.004929411501650615,0.002260751518208054,0.07887034858698284,0.006687982988485822,0.0007703886631540501,0.9064811167415187,0.3361533151165633,10.455934936107191,1.655328798185941,0.04276643990929705,36.336141730268075,nan,nan,nan,0.014148287440317956,56.540888165030765,-32.92586727854559,-1.000151903819357,0.0,-11.456086839926549,4481.657399516746,2112.2209160940924,5225.228035557291,0.001937846912145267,0.12226119865453675,4410.783025568182,915.1456928356955,0.0032463304924242424,266,508,0.7479
library/synth/wav/impact__lib__0021.wav,impact,lib,0021,0.27210884353741494,0.0040977835919188636,0.0012344276656618856,0.12753369799734363,0.00856064398937426,0.0003355239959782007,0.8582379227597232,0.08118293090085091,11.298033070531165,0.18140589569160998,0.11378684807256235,40.31747359663594,40.31747359663594,39.624843532078096,nan,0.016962396188477162,105.06369896671623,-35.061523958847495,-1.000151903819357,0.0,-12.298184974350521,5510.032775441481,2974.5983408018906,5276.64860996509,0.0019869564721118377,0.19174202925604514,7820.503780819954,1757.9853309478053,0.004814124617737003,426,986,0.8415
library/synth/wav/impact__lib__0022.wav,impact,lib,0022,17.165532879818592,0.025545813066395754,0.010843884354832306,0.13223754279160352,0.006915578404250232,0.004584091966054897,0.8198730894168632,0.2871411250698797,13.51203639162134,7.8684807256235825,0.02528344671201814,nan,nan,nan,nan,0.006897815649249647,34.665834413783195,-30.17606138376205,-0.9998544876801003,0.0,-14.51189087930144,7107.477968091557,9200.64737658648,7334.340766731777,0.0638224293490185,0.4140020955299987,17924.10322980183,2415.681718886833,0.12010527820121951,172,806,0.7085
library/synth/wav/impact__lib__0023.wav,impact,lib,0023,11.655328798185941,0.004339047419669406,0.0018475574636374259,0.5772627023897279,0.04213434933812601,0.0018317145218464136,0.37258462886699306,0.11987756192561515,11.007380059621118,5.736961451247165,0.28950113378684805,57.68002960709313,57.347817082364955,58.350239267725875,61.81992505119011,0.0864423608116037,93.55966506696195,-31.872235068936806,-0.9998544876801003,0.0,-12.007234547301218,4830.215787259381,2446.680550049902,5921.710211401758,0.001989379168073655,0.14154533275647993,5712.4203072742475,1596.7092937359978,0.004495780204849498,514,1014,0.8404
library/synth/wav/impact__lib__0024.wav,impact,lib,0024,1.4512471655328798,0.003770916344443034,0.0015751585659688216,0.7488793305479404,0.042999383462869155,0.0020002740746417973,0.20077493700413673,0.4248065221167766,12.80413500741616,6.258503401360544,0.22215419501133787,64.74364417932304,64.37074822834262,64.0,nan,0.02745458505539131,96.62080953788136,-33.359168398637735,-1.000151903819357,0.0,-13.804286911235518,7253.932903943635,7546.736423338571,5006.942339471167,0.02609820724031979,0.28552571055397136,16847.039794921875,1431.1778522118993,0.05208042689732143,384,464,0.7478
library/synth/wav/impact__lib__0025.wav,impact,lib,0025,0.022675736961451247,0.0020282137287509633,0.0009316959924954971,0.1924707739618083,0.014072431206458135,0.00042277117803549196,0.7900741139324515,0.557581987291749,9.668740736572213,1.4285714285714286,0.0014512471655328798,43.46151820247428,43.96651671865885,43.46151820247428,nan,0.02351861233305478,162.2794988279947,-33.91181347554483,-0.9998544876801003,0.0,-10.668595224252313,5974.622153119564,3480.152679738991,3789.9059819965833,0.0019496701113778242,0.28865146956813026,10546.03400735294,1543.6714058270234,0.0049306832107843136,506,984,0.8641
library/synth/wav/impact__lib__0026.wav,impact,lib,0026,1.201814058956916,0.0026384614337677946,0.0010562261394812772,0.4677597456126963,0.0441218175513045,0.0006576218394426076,0.48376612742330755,0.8596154485651168,10.883277660789176,0.6575963718820862,0.05650793650793651,54.75808164368654,54.129131432412706,53.5074053304646,nan,0.039833482976030385,121.32134188311122,-33.219435432220045,-1.000151903819357,0.0,-11.883429564608534,6994.582839394384,5897.082179345278,5106.79812213841,0.012264036979857177,0.2306417641769217,15449.4140625,808.4526103278474,0.023164461096938777,414,618,0.8132
library/synth/wav/impact__lib__0027.wav,impact,lib,0027,0.13605442176870747,0.0027066791682489794,0.0004025818908712667,0.0686985071025303,0.007454077883146539,0.00018254152300003584,0.920555612432203,0.8927708080178879,9.795580111119854,0.29478458049886624,0.3119047619047619,34.896247445288246,34.896247445288246,nan,nan,0.01269206244761975,110.257593714792,-35.87998207743272,-1.000151903819357,0.0,-10.795732014939212,3553.649924270428,1512.1549488930218,4011.179936375729,0.0010089191795452925,0.13338953096452366,3039.0177210365855,1278.356818437804,0.0019840891768292683,380,752,0.8241
library/synth/wav/impact__lib__0028.wav,impact,lib,0028,0.06802721088435373,0.0020390936390105177,0.0007400469699822507,0.3997309212392047,0.042581114186818696,0.0007096989547639834,0.5541991250102202,1.08185357002025,10.491557956740508,1.2698412698412698,0.019410430839002266,52.28529450371519,52.28529450371519,51.38706443925609,nan,0.06971048873357613,129.57055664169508,-33.365699980952314,-1.000151903819357,0.0,-11.491709860559865,3639.8852589633148,1628.0280258000291,3322.2787770538407,0.0012593656783289721,0.11455490096197088,3338.8372605846776,1269.7038275632979,0.00283743159562212,384,792,0.8069
library/synth/wav/impact__lib__0029.wav,impact,lib,0029,0.0,0.01063399087586708,0.005226800259066825,0.32908130126927965,0.03324308103323171,0.0025127011799279076,0.6193021253826267,0.5504798008724255,12.879010922231231,0.6802721088435374,0.010068027210884354,50.21338226539205,52.588180133490575,50.50426542967306,nan,0.015677791640359668,33.97927819153068,-31.61902866396819,-1.000151903819357,0.0,-13.879162826050589,7086.735638381951,7885.833231237849,5927.862760764376,0.03460662832273541,0.34370977948978176,17075.3173828125,1260.8315098894943,0.06612141927083333,222,504,0.5769
library/synth/wav/impact__lib__0030.wav,impact,lib,0030,0.8616780045351474,0.0012763085397891553,0.0005685019196329661,0.5184376879840485,0.05102438412873192,0.0010687446019258398,0.42762437282587157,0.40050868433717085,10.881967053518213,8.00453514739229,0.11746031746031746,55.715236050951944,55.715236050951944,55.715236050951944,nan,0.04692330520546111,190.6291177549813,-33.36790347626713,-1.000151903819357,0.0,-11.882118957337571,6789.670114624067,5055.157492530865,3867.552417100582,0.005872786883910241,0.24787094219826394,14096.513419315732,1747.2612940533634,0.013774301813936782,540,844,0.867
library/synth/wav/impact__lib__0031.wav,impact,lib,0031,0.5668934240362812,0.0012907646625471305,0.0010230612137167119,0.7553909040829926,0.04148977273621606,0.001690368759910809,0.19911512854461677,0.40092330461198944,11.334819824940947,0.15873015873015872,0.22167800453514738,63.63138712432303,64.0,64.0,64.74364417932304,0.1137233158060646,159.92954651172627,-32.79180781098884,-1.000151903819357,0.0,-12.334971728760305,5133.535422475714,2626.2952741063796,4290.584782686412,0.0017365791208948898,0.16619159823294377,6144.52090231788,1497.8288917052537,0.004523877276490066,544,1036,0.8309
library/synth/wav/impact__lib__0032.wav,impact,lib,0032,13.786848072562359,0.0036745524159761834,0.002564765727224044,0.3686460078678386,0.038672061474505,0.0018554057131068887,0.5845872068013493,1.0920299359462498,11.821898794401465,5.827664399092971,0.20931972789115647,51.68474667520269,51.98415336679907,51.0910967268256,nan,0.029777106091466356,82.32498684516368,-32.65549340336522,-0.9998544876801003,0.0,-12.821753282081565,7088.665922414898,6432.2240386738395,4915.997158237254,0.02343063626534546,0.2234535592975188,16072.542317708334,1303.4690656714056,0.034595630787037035,380,718,0.7885
library/synth/wav/impact__lib__0033.wav,impact,lib,0033,0.9750566893424036,0.0039645925644008805,0.0015707334731840648,0.11802690258475103,0.00906022535562469,0.0015132075495278587,0.8658643384725114,0.9130762808882457,11.55462910426828,11.83673469387755,0.11700680272108843,39.624843532078096,39.16971338574897,38.719810855017364,nan,0.015209298839427005,62.48334593566049,-33.7922179732816,-1.000151903819357,0.045351473922902494,-12.554781008087637,6132.579709898324,3838.446079559184,4330.470475586777,0.004605237429850244,0.19253669559414555,11081.290601647419,966.6760108948918,0.008157481317934782,294,502,0.7039
library/synth/wav/impact__lib__0034.wav,impact,lib,0034,0.0,0.0015801661004972462,0.0003284128967153971,0.6238402702147471,0.042180788793663423,0.0015525016351619419,0.33051786035921493,1.1726996817441808,10.557993335054384,0.09070294784580499,0.09421768707482993,59.37018348424381,58.68825876509896,59.02823638950011,62.53823797979174,0.11122589932267456,145.8438640453209,-33.16495151872821,-0.9998544876801003,0.0,-11.557847822734484,3622.3278273845212,1667.3217755464304,3644.250163648656,0.0014066575332663815,0.09614214354356614,3573.5148111979165,1254.151177967152,0.003029152199074074,398,826,0.7999
library/synth/wav/impact__lib__0035.wav,impact,lib,0035,10.997732426303855,0.003940293313619698,0.0015384376604987123,0.7829618325149377,0.04908632228642342,0.0018732738042915452,0.16059984042022887,0.45870127228129415,12.147380342670958,4.421768707482993,0.030997732426303853,66.64077776222761,65.11870029457192,65.4959290877936,nan,0.04716526474003328,101.49884351741962,-32.435918812211504,-0.9998544876801003,0.0,-13.147234830351058,7272.569807840481,7253.396935026148,5326.884518695523,0.02250724982368379,0.2706806116103777,17061.707652698864,1504.8553161634245,0.04420847706980519,346,734,0.8009
library/synth/wav/impact__lib__0036.wav,impact,lib,0036,12.244897959183673,0.00457008037656598,0.002602490443241391,0.5588811061081499,0.046341805715367286,0.0012717807654014134,0.38633273659127404,0.45937444249123055,12.373879837592543,5.28344671201814,0.035215419501133785,57.347817082364955,56.68912122255107,57.347817082364955,nan,0.023552673271838038,99.7282446813668,-32.93693159891576,-0.9998544876801003,0.0,-13.373734325272643,7081.421409657931,7411.761837021261,4985.979282736906,0.027507204813692936,0.29751214866345066,16680.225709727114,1724.2057587806048,0.050910541373239436,534,752,0.8168
library/synth/wav/impact__lib__0037.wav,impact,lib,0037,0.13605442176870747,0.015480144771885291,0.007775220395992791,0.3111269863709133,0.026687373142798267,0.0017038951613562304,0.6372263801570542,0.29624631855038513,13.459353682766551,0.5895691609977325,0.10131519274376417,49.9241744648559,52.588180133490575,49.9241744648559,nan,0.012427591927398538,39.32641841387627,-31.467417535214505,-1.000151903819357,0.0,-14.459505586585909,7254.158247921204,8396.303796747445,6424.48475910239,0.034930268811101915,0.4660665324402699,17915.95755912162,2507.72445573651,0.07934664575289575,248,928,0.6846
library/synth/wav/impact__lib__0038.wav,impact,lib,0038,0.8843537414965986,0.0035650913682422057,0.0022198957065153214,0.2170162897466894,0.01979118229309779,0.000704988561127125,0.7567025523243281,0.3681452870691848,10.414686828303207,0.3854875283446712,0.18065759637188208,44.99418533191518,44.99418533191518,44.99418533191518,nan,0.03762127479909184,77.23807656427924,-32.28959135548945,-1.000151903819357,0.022675736961451247,-11.414838732122563,4969.724052866023,2405.167949350841,3939.5938017212206,0.0017506694192027127,0.16101820657333477,5206.4208984375,721.2978461544757,0.0033482142857142855,244,458,0.7358
library/synth/wav/impact__lib__0039.wav,impact,lib,0039,0.8163265306122449,0.0031289008429564997,0.001122082276073812,0.2087220040927039,0.01975779772171932,0.00057158922594879,0.7666976258405976,0.3857762482696146,10.994754919802936,0.31746031746031744,0.1357596371882086,44.22121215896883,44.477383034954784,44.735037893728624,nan,0.01892147232685852,121.77626795626446,-34.09986674791806,-1.000151903819357,0.022675736961451247,-11.994906823622294,6777.903716335218,5554.184396205421,3870.184206203843,0.0065478572214543,0.3102295578944037,14351.722706147353,1725.1049204997516,0.014167284443430657,372,576,0.8275
library/synth/wav/impact__lib__0040.wav,impact,lib,0040,1.2471655328798186,0.005774021530667804,0.0019197561389982549,0.06029496384761064,0.005485291112772623,0.0011589803454125935,0.9253669870245379,0.621754223800996,11.082889106790862,1.0884353741496597,0.06070294784580499,34.69525984964539,nan,nan,nan,0.006457014543849539,80.77132440407135,-33.96324617277907,-1.000151903819357,0.0,-12.08304101061022,7084.140866293734,6212.881470654341,5535.835301595923,0.006511885907877614,0.3914358589410415,15684.525272764009,1835.1788991884307,0.02326702249461207,370,894,0.797
library/synth/wav/kick__lib__0001.wav,kick,lib,0001,1.4058956916099772,7.589806192089186e-05,3.23058147386252e-05,0.610519810963779,0.04524697827882086,0.0057362613173512845,0.33838874556338927,6.502446384906006,13.54488080510703,2.0181405895691613,0.05705215419501134,51.98415336679907,53.19922535313842,52.588180133490575,nan,0.028591973018600305,0.9337192730452691,-34.24686652428363,-1.000151903819357,0.3854875283446712,-14.545032708926389,3860.777769538925,1953.4086319971464,832.3196907122287,0.001197506353134651,0.003096410107315019,4638.937100497159,174.67860902854136,0.0023415305397727275,50,108,0.04781
library/synth/wav/kick__lib__0002.wav,kick,lib,0002,2.9478458049886624,5.291311085085374e-05,0.00018943572815487416,0.4218210473787847,0.08033975487511046,0.010136255240920763,0.48746059366617833,-0.04388217296574856,5.6392185263597,2.312925170068027,0.07712018140589569,50.79683366298238,50.21338226539205,54.442698300854765,nan,0.08882187036066475,10.986575038234827,-24.68286550164906,-0.9998544876801003,0.045351473922902494,-6.639073014039801,832.6472567422097,253.82270263834772,798.8073942498218,0.00013777716804634052,0.021366831493532135,381.23557350852275,558.2799271249594,0.0023193359375,248,388,0.6714
library/synth/wav/kick__lib__0003.wav,kick,lib,0003,0.0,0.0009514287222280823,0.0001231565713212451,0.22234073198562102,0.03508620007627415,0.0034948637737049603,0.7380036188708505,0.7155425359121749,7.158965597835406,0.15873015873015872,0.17746031746031746,43.96651671865885,43.46151820247428,42.962320088968426,51.38706443925609,0.050049465367613385,24.61131979197908,-29.45549661751832,-0.9998544876801003,0.0,-8.158820085515506,1651.0059481152036,585.9740249536279,1350.459511850853,0.0005298649932054725,0.006261583896411909,961.1638849431819,405.59442105520884,0.0020530007102272725,170,288,0.5468
library/synth/wav/kick__lib__0004.wav,kick,lib,0004,2.0181405895691613,0.00030745623916919574,0.0001578876749813711,0.6299824374475173,0.03393437583053314,0.0023906387007597545,0.3332272041070394,-0.7021207105323045,14.740463053030247,3.1065759637188206,0.03147392290249433,54.75808164368654,56.3626159101535,55.39433990439315,65.11870029457192,0.012831747683745872,0.12015964222039159,-36.559043820668364,-1.000151903819357,0.5215419501133787,-15.740614956849605,3299.7726919593765,1745.028891137551,1076.249641080943,0.2060802163748149,0.0020767195207262116,4377.112926136364,121.3815504923331,0.001919833096590909,38,84,0.007641
library/synth/wav/kick__lib__0005.wav,kick,lib,0005,0.997732426303855,5.674983185068329e-05,2.566897879283701e-05,0.6074731826187009,0.05708632732863608,0.0022591383988141258,0.3330989328432052,8.223926163626958,15.404029694286262,1.5419501133786848,0.009070294784580499,54.442698300854765,54.75808164368654,55.07529198363712,nan,0.07116326206794737,1.4060309382928828,-36.082122330127376,-1.000151903819357,0.4988662131519275,-16.40418159810562,3594.899320856294,1792.755777362071,447.54166223826337,0.0013194248656924505,0.0021166167987322214,4171.079323508523,223.4952681597208,0.002385919744318182,50,106,0.05967
library/synth/wav/kick__lib__0006.wav,kick,lib,0006,1.6780045351473922,0.00035599052604298715,0.00027697883647908895,0.8008925899852253,0.07570823003258897,0.002400218373766139,0.12036599224589761,-1.9729215454805908,18.870807474092263,2.0408163265306123,0.01650793650793651,46.98644406473842,48.223573807186426,54.129131432412706,nan,0.007568926966418963,0.05290102190955777,-38.35288026747564,-1.000151903819357,1.0204081632653061,-19.87095937791162,3002.9200189503517,1532.866100942005,707.6332189819926,0.2738976346333478,0.001302363331233057,3655.7506214488635,116.90560467489739,0.001553622159090909,34,68,0.003138
library/synth/wav/kick__lib__0007.wav,kick,lib,0007,1.4965986394557824,0.0004728511979978068,0.00019444380016023333,0.13436395820550986,0.01636555982283864,0.0010303867486067648,0.8475728002248867,-1.3831076138383716,5.783482654782378,2.9705215419501134,0.1626077097505669,37.61753300107548,37.61753300107548,37.83544915286874,nan,0.019087384589466117,34.75032840365258,-31.147689472703682,-1.000151903819357,0.022675736961451247,-6.783634558601735,863.6168129904275,385.647989863807,1464.2289379556105,0.0006224416815480713,0.009628552107039964,944.0352006392045,757.7892731394849,0.0017533735795454545,236,456,0.6724
library/synth/wav/kick__lib__0008.wav,kick,lib,0008,1.6099773242630386,0.00010491229930439465,7.808165711401804e-05,0.494420519789353,0.024781210158648957,0.0011822801634492341,0.4794329959321304,-1.1247861538319723,7.773453432209364,1.9727891156462587,0.024421768707482992,52.28529450371519,52.28529450371519,54.129131432412706,nan,0.09612728812732331,16.23172985533233,-32.080119535637735,-1.000151903819357,0.45351473922902497,-8.773605336028721,883.5746482926185,305.0665985406245,1145.8154994474692,0.0001402331592791871,0.009943109538140435,671.4444247159091,781.3785287057314,0.002374822443181818,206,450,0.5824
library/synth/wav/kick__lib__0009.wav,kick,lib,0009,1.7006802721088434,0.0005277395198108094,0.00020158289061232573,0.6295339412634443,0.043893139345713816,0.0032242893742475964,0.3226193076061712,5.638392155548948,12.200805311776278,3.4693877551020407,0.039501133786848074,58.350239267725875,58.350239267725875,58.350239267725875,62.90051830689607,0.0537857461459309,2.7611123526109305,-33.728299502024804,-1.000151903819357,0.0,-13.200957215595635,3864.149629215948,2018.0331484676703,1028.8305165706777,0.0013372874343991748,0.0038472006470880176,4976.616876775568,166.40609936064283,0.002596768465909091,48,118,0.06781
library/synth/wav/kick__lib__0010.wav,kick,lib,0010,0.9750566893424036,6.7819751735953e-05,5.273818403398514e-05,0.46465585788099234,0.18343787594442007,0.013961855770846826,0.33782385246797086,6.468568310615334,11.62590253580571,1.1337868480725624,0.0077777777777777776,41.02221062146332,41.02221062146332,nan,nan,0.0202169663074075,0.885950427142214,-28.262883430086404,-1.000151903819357,0.20408163265306123,-12.626054439625067,3184.9002406504314,1458.5685658861619,895.0162869121078,0.0007700777825065716,0.011019223388780672,3254.9394087357955,254.72866518679476,0.0019753196022727275,60,122,0.1437
library/synth/wav/kick__lib__0011.wav,kick,lib,0011,0.6349206349206349,0.0007623812575261324,0.00034982497302617584,0.3521009159379345,0.050771194390387596,0.004457431184500522,0.5915582522566251,4.429014157105424,11.685987704300828,3.854875283446712,0.057369614512471655,47.39512167317005,48.223573807186426,47.39512167317005,53.81737057623773,0.014279005017998735,1.6295159616088317,-32.43865772105055,-1.000151903819357,0.0,-12.686139608120186,3702.8716636129425,1941.9454894310759,831.9450997986771,0.04732629644827722,0.0040376832589916695,4770.093883167614,146.15397375282654,0.002041903409090909,60,102,0.06254
library/synth/wav/kick__lib__0012.wav,kick,lib,0012,1.8367346938775508,0.0005566400507388874,0.0002721756831617453,0.3785350264727497,0.020430033830215577,0.0013499677335234166,0.5988561562296105,0.331572344248925,10.353702787488462,2.8798185941043086,0.004807256235827664,49.350746413054104,49.350746413054104,49.350746413054104,56.03799112997665,0.09450757516320328,22.109966710425887,-34.71629035488542,-1.000151903819357,0.022675736961451247,-11.353854691307818,1862.6378548479233,656.6008718593822,1548.9282853444092,0.00041863333747068975,0.003221518323152255,1075.191983309659,454.69168732888096,0.002385919744318182,98,232,0.3499
library/synth/wav/kick__lib__0013.wav,kick,lib,0013,2.766439909297052,0.0006120395105161063,0.0002901277002626228,0.5453260421893474,0.13092818876874632,0.015087389849176892,0.30775621198195074,6.414174459135941,9.569821661906843,1.5873015873015872,0.05326530612244898,54.129131432412706,53.5074053304646,57.68002960709313,nan,0.10905937152292339,2.463941274179703,-26.38612090957072,-0.9998544876801003,0.0,-10.569676149586943,2821.3150582441813,1305.3195267105248,707.2798213187714,0.000820422938603452,0.011065108766488464,2879.0871360085225,271.8744811211683,0.002507990056818182,104,170,0.2858
library/synth/wav/kick__lib__0014.wav,kick,lib,0014,1.0204081632653061,7.585027034566671e-05,4.568819450073855e-05,0.2932564573324363,0.08216352287106027,0.006694288734831835,0.6177641925968251,1.3751075240625066,9.40885174394328,1.201814058956916,0.06852607709750567,39.624843532078096,39.624843532078096,45.254833995939045,nan,0.027265209164841545,3.250191770956115,-29.28214490086298,-1.000151903819357,0.27210884353741494,-10.409003647762638,1599.2172881660101,440.06362455413097,872.7075371927264,0.00011589551387605879,0.009205470185402022,537.3512961647727,478.1053906113336,0.0018865411931818182,110,252,0.4012
library/synth/wav/kick__lib__0015.wav,kick,lib,0015,8.594104308390023,0.00030418139650537546,5.685395112874888e-05,0.30892622836020733,0.03741483788598678,0.002355159483913482,0.6509427389222583,3.2076480360171185,8.04329837039449,6.802721088435374,0.11140589569160998,47.669678819926474,47.94582646005381,47.12214585921682,56.03799112997665,0.07716143174883168,32.65733741607764,-31.113779132269784,-0.9998544876801003,0.022675736961451247,-9.04315285807459,2034.2066037823533,752.1256169771983,859.0128481194987,0.0002778893410192354,0.006243528480659916,1386.4446466619318,356.7763829580741,0.002130681818181818,124,242,0.465
library/synth/wav/kick__lib__0016.wav,kick,lib,0016,1.0657596371882085,0.0003452237143340869,0.00014599911783146524,0.2832613657417157,0.029545832430990883,0.0019364070023359893,0.6847651719927919,2.6125498756447416,10.981906118736308,1.6780045351473922,0.021882086167800453,45.254833995939045,45.254833995939045,44.735037893728624,nan,0.06084455863700253,10.074011167009271,-34.391312226801396,-1.000151903819357,0.3401360544217687,-11.982058022555664,2040.8320943552585,672.0900552526639,846.1280357430843,0.00017327808386556495,0.002063210265312428,1078.6177201704545,425.85242073884507,0.0020308061079545455,96,222,0.3043
library/synth/wav/kick__lib__0017.wav,kick,lib,0017,1.4965986394557824,0.00024255114407030332,8.422366981626893e-05,0.33720477119785375,0.03239152395267111,0.0017516503128730985,0.6283252797227153,3.4731269748367573,9.050202388751561,3.8321995464852607,0.05723356009070295,48.502930128332736,48.78390474418438,48.223573807186426,56.3626159101535,0.08693787889370586,23.500058271618432,-32.7947491022462,-1.000151903819357,0.0,-10.050354292570919,2368.847007966608,971.6131487322549,1178.7280525081287,0.0003388085817798573,0.004445327522860412,2063.7617631392045,341.64920274167525,0.0022416548295454545,110,204,0.3798
library/synth/wav/kick__lib__0018.wav,kick,lib,0018,1.1111111111111112,0.00036676341892861894,0.0001522115391104962,0.5292061947959668,0.1234066210429285,0.01521903866091265,0.3316491705421529,6.091617863148207,12.44883714183273,1.4965986394557824,0.046031746031746035,38.27507589559692,39.16971338574897,nan,nan,0.010769537211718453,0.4291575040417478,-29.481068074438674,-1.000151903819357,0.24943310657596374,-13.448989045652088,3665.3447258158867,1797.097662793073,637.9671912008864,0.001100590743000746,0.008303277386299468,4117.735706676136,179.93282092812555,0.0018310546875,46,100,0.06944
library/synth/wav/kick__lib__0019.wav,kick,lib,0019,1.1111111111111112,0.001232931697688967,0.0006264529115987103,0.23830827945190136,0.04297238419632442,0.004766706234463934,0.7120932455080226,5.523442358212921,11.677260847308965,3.1065759637188206,0.06811791383219955,37.83544915286874,37.40087195395986,37.83544915286874,nan,0.010493418880144526,1.6779313287259447,-32.43426430022844,-1.000151903819357,0.022675736961451247,-12.67741275112832,3728.2777263492794,1898.2733250017625,1144.9660803582874,0.0015828371276523936,0.0041849272928467405,4500.928844105114,171.93018384931364,0.0017200816761363637,48,116,0.06415
library/synth/wav/kick__lib__0020.wav,kick,lib,0020,1.8367346938775508,0.0013872190467089105,0.0005666073187356384,0.2631991530492484,0.0255675703554152,0.004579579010727453,0.7046998712191644,4.6052118953527375,12.413690040856821,3.9229024943310655,0.04253968253968254,38.83196164623814,38.49680115462773,39.39662122703732,nan,0.010266264506893892,1.0558698175846573,-33.79108435088219,-1.000151903819357,0.15873015873015872,-13.413841944676177,3797.774422840733,1978.4283740509209,1197.324702590301,0.030777956218429662,0.002876763419476122,4726.5380859375,155.7050156986091,0.0017533735795454545,54,94,0.04086
library/synth/wav/kick__lib__0021.wav,kick,lib,0021,4.081632653061225,0.0004957201132848376,6.761012192451642e-05,0.5496021751988153,0.07343619690491782,0.008137902472549925,0.3682603951885075,2.949397727721199,8.586201489339057,1.9727891156462587,0.10968253968253969,53.81737057623773,53.19922535313842,56.68912122255107,nan,0.1390296865171133,5.152552862240626,-27.822253546428975,-0.9998544876801003,0.0,-9.586055977019157,2104.459413469216,799.3740812721027,936.4835472132773,0.000413897693163399,0.010764105960698876,1497.0470081676137,359.97765851603776,0.0024636008522727275,108,212,0.4112
library/synth/wav/kick__lib__0022.wav,kick,lib,0022,1.927437641723356,0.0006960381145766618,0.0009488695342486115,0.7566387745829058,0.03717772560129934,0.003972108998703185,0.2005664831682663,6.317570952776461,11.31285329080601,2.494331065759637,0.058526077097505666,57.68002960709313,58.01416661939906,60.75789574083323,80.63494719327188,0.12120366711768495,4.40444439038385,-31.431245764607127,-1.000151903819357,0.11337868480725624,-12.313005194625369,3259.5458945269816,1594.275712753846,1113.711298689573,0.0009770749307005063,0.006747125777217466,3710.0730202414775,242.42539211286612,0.002630060369318182,78,158,0.1646
library/synth/wav/kick__lib__0023.wav,kick,lib,0023,1.3378684807256236,0.002419351053744711,0.0002306396627629308,0.767522635407777,0.0572189438097391,0.009024345925157447,0.1635840841408188,6.118085160758579,12.32432937445331,2.312925170068027,0.015623582766439909,59.714111458355674,59.714111458355674,61.10986265026666,82.04442124292666,0.04152959124357332,0.8127448611574958,-30.969063075000914,-1.000151903819357,0.11337868480725624,-13.324481278272666,3865.8396758161966,2048.727066575842,799.6541026828131,0.0014704793719948013,0.0064398397326461305,5002.554598721591,152.945458955443,0.002685546875,68,102,0.05402
library/synth/wav/kick__lib__0024.wav,kick,lib,0024,0.9750566893424036,0.00022209039349139982,0.00042308985634981395,0.5600518793504002,0.26699927374432764,0.024018641493548876,0.1482850251618822,2.1332334764461147,13.71400432222607,1.201814058956916,0.012154195011337868,41.25984987006653,41.02221062146332,nan,nan,0.008874418086272496,0.12773412316801583,-28.489807093054246,-1.000151903819357,0.13605442176870747,-14.714156226045429,3302.5534337233316,1659.0198587869695,677.6480426150048,0.13825528492619193,0.008705297508933063,3802.078524502841,134.66992894077455,0.0016867897727272727,44,80,0.01875
library/synth/wav/kick__lib__0025.wav,kick,lib,0025,3.560090702947846,0.00040102054061154927,0.0009698780825758479,0.7006731318504298,0.09968864410611993,0.01656016105748855,0.18170716436277437,6.948225107214895,10.802407585209934,2.5850340136054424,0.050249433106575966,59.02823638950011,59.714111458355674,61.46386848326427,nan,0.0654817482581531,1.3634689766358223,-27.397951989712816,-0.9998544876801003,0.0,-11.802262072890034,3584.4768107990353,1833.582009568432,745.3772776696419,0.0011580284227202637,0.008110027807598582,4360.963023792614,177.23371302977327,0.002652254971590909,76,136,0.1261
library/synth/wav/kick__lib__0026.wav,kick,lib,0026,6.122448979591836,0.0002235320916086023,0.0002977645971092394,0.5616383460539053,0.06564031806943522,0.007138819612307269,0.3650612195756344,6.962159517270431,11.328921640653618,5.124716553287982,0.06653061224489797,54.75808164368654,56.03799112997665,54.442698300854765,63.63138712432303,0.03194142323891878,1.991891583965148,-30.910681377160735,-0.9998544876801003,0.09070294784580499,-12.328776128333718,3809.6487179574997,1993.7188730717419,736.4266341430598,0.0014704114620742404,0.006718447397770153,4820.990545099432,154.75116141613995,0.0024303089488636365,60,106,0.08783
library/synth/wav/kick__lib__0027.wav,kick,lib,0027,4.829931972789116,0.0010282977616254884,0.00012731669931156944,0.5165325337518408,0.0646671532031463,0.008343990863254883,0.40930070772082094,6.120335930273864,9.951539913295512,3.492063492063492,0.08356009070294784,52.28529450371519,52.588180133490575,52.892820361869546,nan,0.07288637918242116,4.0997909290764145,-29.495852575168442,-0.9998544876801003,0.09070294784580499,-10.951394400975612,3101.416992879261,1492.3634754868494,1057.8605255717512,0.0009074022932568699,0.006837435685509831,3417.4172141335225,236.87912716744495,0.002408114346590909,88,166,0.2355
library/synth/wav/kick__lib__0028.wav,kick,lib,0028,5.691609977324264,0.00011675070926100716,5.5836165087614144e-05,0.1496678252839038,0.024112135687550697,0.002939773643592982,0.823107678510604,1.2406350856084019,6.989778115806683,8.435374149659863,0.10702947845804989,38.719810855017364,38.719810855017364,38.05462768008707,nan,0.02327881477708047,22.809198505858216,-30.531579672693034,-0.9998544876801003,0.022675736961451247,-7.9896326034867835,1381.326669247928,386.5128353632809,812.709880527143,0.00013644996805193456,0.006666407862785492,489.3909801136364,441.96546621319436,0.0016645951704545455,140,286,0.5538
library/synth/wav/kick__lib__0029.wav,kick,lib,0029,2.1768707482993195,4.957371809449305e-05,3.351255354219804e-05,0.20392671085467318,0.010660829024533532,0.000874981715850715,0.784454392133306,1.314428094270819,9.191991527322955,3.3333333333333335,0.005578231292517007,41.73926623249805,41.73926623249805,41.73926623249805,nan,0.037105300416377156,35.117796034614436,-35.66440947993243,-1.000151903819357,0.5668934240362812,-10.192143431142311,1470.4473146963776,398.15678521916647,686.0072345760206,0.0001529064227377517,0.0027248398426441525,504.07270951704544,498.04524061356864,0.0018310546875,136,284,0.4144
library/synth/wav/kick__lib__0030.wav,kick,lib,0030,3.401360544217687,9.121895427692382e-05,0.0003773535099944527,0.7154838890941677,0.11389930772401602,0.015259435191384108,0.15488879552616083,6.45565955846596,9.426403868198149,1.7006802721088434,0.04970521541950113,61.10986265026666,61.10986265026666,65.4959290877936,nan,0.19690882223911768,2.82425573860677,-26.48336551146112,-0.9998544876801003,0.09070294784580499,-10.426258355878248,2727.3674219642944,1235.1857699335733,741.5237345411265,0.0006995872219069975,0.011675875947576513,2608.9433149857955,282.6173759382945,0.002840909090909091,114,188,0.3185
library/synth/wav/kick__lib__0031.wav,kick,lib,0031,1.1337868480725624,0.001978966113834282,0.0012729444780765359,0.6324904618037575,0.05680878210696466,0.008679370572319897,0.2987694749250472,5.549186833647915,12.262852783750983,2.4716553287981857,0.05478458049886621,55.715236050951944,55.715236050951944,56.3626159101535,71.01244621234207,0.02844520079686426,1.0889647889241072,-31.12602114044023,-1.000151903819357,0.0,-13.26300468757034,4047.391510512028,2223.0182271373674,1194.1903797991831,0.017037010089064053,0.004337501413048652,5490.477405894886,151.23778246784804,0.002507990056818182,48,102,0.04798
library/synth/wav/kick__lib__0032.wav,kick,lib,0032,1.3151927437641724,0.0008987078194185042,0.0013965679476786149,0.7244934290263855,0.0511673163674817,0.005435307239069143,0.21660867159996627,-0.29034895844639164,16.235161774963732,2.312925170068027,0.03623582766439909,60.40795601162838,61.81992505119011,60.40795601162838,70.60344461847977,0.01760144411644476,0.1481101297395728,-35.74241629266749,-1.000151903819357,0.47619047619047616,-17.23531367878309,3441.7343825527105,1862.6705260574445,1120.752987434672,0.1836256884880233,0.0010825208379682614,4702.557927911932,125.44918775615521,0.0022083629261363635,30,72,0.005777
library/synth/wav/kick__lib__0033.wav,kick,lib,0033,4.829931972789116,0.000673565294765233,7.836133412972853e-05,0.23034859923167922,0.044354854301150014,0.007953168809829046,0.7165914510284467,5.583073152136441,11.143936670735254,5.192743764172335,0.06571428571428571,36.971286299912734,36.54663485794469,37.18545878265087,nan,0.01056688187505443,2.0213140029290995,-31.446611692271105,-0.9998544876801003,0.045351473922902494,-12.143791158415354,3625.119340305044,1802.198261272438,1140.384693053914,0.0012187682688270752,0.0028464875144937137,4265.531782670455,185.69669854057219,0.0016645951704545455,74,118,0.09269
library/synth/wav/kick__lib__0034.wav,kick,lib,0034,0.9523809523809523,0.0001691702971891898,0.00032958736212816583,0.48492600530899005,0.06190879627792205,0.005909811359222237,0.4467566293945482,4.37581755488017,9.270767324942263,1.7687074829931972,0.07170068027210884,51.68474667520269,51.38706443925609,52.892820361869546,nan,0.10859751314014353,4.946008152220389,-29.20174647139413,-1.000151903819357,0.0,-10.270919228761619,2548.947994753975,1100.9219614151234,1197.4686896026449,0.000488420764451506,0.006317486795858774,2439.6140358664775,320.08964533698685,0.002374822443181818,106,224,0.3329
library/synth/wav/kick__lib__0035.wav,kick,lib,0035,4.875283446712018,0.00013839881740498864,4.077862948305994e-05,0.12883456247297012,0.01883285489257819,0.002111945755004854,0.8500414594325589,-0.07145418833982892,4.516144439279389,5.555555555555555,0.09208616780045352,37.18545878265087,37.40087195395986,36.75834735990512,nan,0.017490340978058447,45.39833629513607,-28.98224158875839,-0.9998544876801003,0.045351473922902494,-5.5159989269594885,684.3203295829534,270.32794360744185,885.9489992900066,0.00022259026169044313,0.011560854856318832,574.0556196732955,859.9891395042617,0.0016313032670454545,252,500,0.7446
library/synth/wav/kick__lib__0036.wav,kick,lib,0036,1.0657596371882085,0.0014801744975037742,0.0012568287615561894,0.2481562011458177,0.027376684061492178,0.0044447272911479945,0.7172853842424822,0.29003712935619785,12.030725691194142,5.28344671201814,0.05598639455782313,40.31747359663594,39.854387915482334,40.78594007421639,nan,0.008967010643214509,0.5485730576618968,-33.01328141041784,-1.000151903819357,0.0,-13.0308775950135,3247.041652283458,1710.9578007312336,1296.3254368977703,0.16209856269266185,0.003911019167162157,4121.161443536932,135.52595032739552,0.0015647194602272727,54,92,0.03311
library/synth/wav/kick__lib__0037.wav,kick,lib,0037,1.201814058956916,0.0013297434768655709,8.99433167487493e-05,0.4401719620070839,0.05882373367056175,0.008706892773005773,0.4908777247557344,5.339840045330809,12.933500675051516,1.8594104308390023,0.017800453514739228,42.46885575483417,43.713288216140654,44.22121215896883,nan,0.011309433203280865,0.5785754592959347,-32.391975557577666,-1.000151903819357,0.045351473922902494,-13.933652578870872,3959.0301645054756,2078.4119670004893,1164.929679861919,0.005308265230450895,0.00365077996327887,5046.110395951705,157.35858279859954,0.0019753196022727275,48,96,0.02968
library/synth/wav/kick__lib__0038.wav,kick,lib,0038,0.8843537414965986,7.561497394394224e-05,0.00012510030297480644,0.41482219007365223,0.08851257490709517,0.003948324499560298,0.49251619524277357,3.4087164337836224,16.093911652405062,1.4058956916099772,0.008095238095238095,40.31747359663594,40.78594007421639,41.73926623249805,nan,0.009374166169914443,0.28627926740530185,-34.93041607020186,-1.000151903819357,0.3401360544217687,-17.09406355622442,3576.2502779200545,1784.7382415426619,609.8881085601986,0.09299792577983389,0.0021737814506431886,4072.222345525568,153.18090303321793,0.0015758167613636363,28,78,0.01482
library/synth/wav/kick__lib__0039.wav,kick,lib,0039,1.0204081632653061,0.0003914493259132326,8.41130075409984e-05,0.2217237930174559,0.050512412641837055,0.0011465352910720815,0.7261416967161808,0.7608761740124927,11.945708221791921,1.3151927437641724,0.06857142857142857,37.18545878265087,36.75834735990512,38.05462768008707,nan,0.019239940870835033,3.8780115007279816,-34.231118282833926,-1.000151903819357,0.5215419501133787,-12.945860125611278,1614.4214756124297,409.999583200941,869.145394365995,9.962827692582323e-05,0.007145251751879319,379.2780095880682,529.1825683939713,0.0016867897727272727,60,242,0.2993
library/synth/wav/kick__lib__0040.wav,kick,lib,0040,1.4512471655328798,0.00033598756300053426,8.118504538656815e-05,0.3773950505336931,0.02842675425882547,0.002369786745229883,0.5913912358538643,6.027849184909368,14.689289203818895,2.9024943310657596,0.014693877551020407,45.78066983792827,45.78066983792827,46.3126155980921,54.442698300854765,0.01429836165263277,0.7076215094825385,-37.655314260602225,-1.000151903819357,0.45351473922902497,-15.68944110763825,4011.3681062186934,2065.5912791345954,909.369137307277,0.0014109630973837208,0.0012378168149980806,5006.959117542614,161.51580470519082,0.0020640980113636365,28,84,0.02784
library/synth/wav/pad__lib__0001.wav,pad,lib,0001,613.9002267573696,1.3744716856908865e-10,5.6218249821464e-11,0.28774466009071803,0.04732714982746541,5.22273482390732e-09,0.6649281846654165,0.0022378682793552994,4.911437655182101,6.598639455782313,0.6450566893424037,41.73926623249805,41.98105934199836,41.98105934199836,41.98105934199836,0.022781824872555576,4817.450089803783,-29.921729711917692,-1.000151903819357,412.44897959183675,-5.911589559001458,326.5860363738946,103.27406877881894,904.6754149063023,5.538234444966422e-06,0.047894502169351316,162.7376590154867,3875.3823994487398,0.0037218842182890855,1176,1734,1
library/synth/wav/pad__lib__0002.wav,pad,lib,0002,737.9365079365078,9.491909294580207e-11,3.946467299203976e-11,0.8654744911628842,0.09605553961472743,0.038465100674063446,4.868413941087967e-06,0.014773627979572932,3.3375755552335895,4.01360544217687,0.7419727891156462,106.39845070627683,106.39845070627683,107.0148106609292,107.0148106609292,0.4240289249665649,6404735.478162274,-16.86406901942547,-0.9998544876801003,183.40136054421768,-4.33743004291369,343.9186811050852,255.29018634650407,627.6492902948086,1.1574715518665617e-06,0.11035151713144621,517.950439453125,675.8595134695134,0.004791259765625,1774,1872,1
library/synth/wav/pad__lib__0003.wav,pad,lib,0003,630.9977324263039,2.1469015859277537e-10,8.913773513598317e-11,0.30985941484044327,0.08817386893882664,1.4981127401259344e-08,0.6019667009357748,-0.006043445858619017,6.897086986155855,9.138321995464853,0.6414285714285715,40.08526203597209,41.02221062146332,40.31747359663594,40.31747359663594,0.020337567605352373,27.178433238558775,-28.23340374788129,-1.000151903819357,401.2244897959184,-7.8972388899752115,339.8224246698901,126.16305241571321,813.0455384757211,6.500569761565157e-06,0.15590165249510513,200.15762636325502,15901.004012825884,0.0018007419253355706,10,1768,1
library/synth/wav/pad__lib__0004.wav,pad,lib,0004,636.5759637188208,9.865291716538097e-11,4.3232182343790546e-11,0.8802501336472396,0.10524182185047148,0.014456428551471914,5.1615808932069644e-05,0.0002875120612906241,3.493656533226971,3.4693877551020407,0.6529931972789116,116.70047853545175,116.70047853545175,116.70047853545175,116.70047853545175,0.47516992428373667,1063166.2008152667,-17.4061278096857,-0.9998544876801003,412.9251700680272,-4.493511020907071,354.33344611841864,241.43681552892374,776.998595921595,2.5541971520884746e-06,0.0783769359646195,373.32945478723406,1000.8077344953628,0.005237521371580547,2826,2972,1
library/synth/wav/pad__lib__0005.wav,pad,lib,0005,225.78231292517006,1.2479320820542075e-10,5.474448456403737e-11,0.761287850718126,0.2165673568893052,0.02192251021612869,0.00022228199690232174,0.02249402220171222,4.526671167668097,2.7437641723356005,0.22970521541950115,99.8483489297118,99.8483489297118,99.8483489297118,100.42676453078408,0.3859458675673924,6987.038511076671,-19.48581890364997,-1.000151903819357,148.86621315192744,-5.5268230714874536,294.4644133457726,191.23294672975032,572.9978722276004,4.098339197831085e-06,0.059631726970917155,255.9064644380564,1302.5081417812453,0.008964380100148368,892,1286,1
library/synth/wav/pad__lib__0006.wav,pad,lib,0006,541.8140589569161,8.55308825891694e-11,3.605197775584386e-11,0.6346906461311252,0.128962052574322,0.017413854438010783,0.21893344673495915,0.010681924266352885,2.8771396155840123,7.09750566893424,0.5816553287981859,61.46386848326427,61.46386848326427,61.46386848326427,61.81992505119011,0.11333764651331463,3345.1607213792645,-20.51988349469758,-0.9998544876801003,351.4512471655329,-3.8769941032641126,303.102472820969,168.43398874214895,651.9530370219176,3.7626443975042978e-06,0.04556176702514072,312.7208362926136,1206.0314829972351,0.0027632279829545455,3282,3448,1
library/synth/wav/pad__lib__0007.wav,pad,lib,0007,163.015873015873,1.9263856715490746e-10,7.778696254273993e-11,0.3549233108427763,0.10726944038981776,3.351333390057608e-08,0.5378072149836465,0.018622652820844524,6.440340135741153,8.231292517006803,0.17224489795918368,44.477383034954784,44.477383034954784,44.99418533191518,44.735037893728624,0.03219968890262678,24.282108657960368,-26.59799618825621,-1.000151903819357,91.47392290249432,-7.44049203956051,283.9266761289955,124.3150418177364,307.9045242284609,1.4952596299862808e-06,0.11436698132898811,198.35968017578125,17193.016648169953,0.0019972059461805555,10,2450,0.9997
library/synth/wav/pad__lib__0008.wav,pad,lib,0008,777.1882086167801,1.3919694932016849e-10,5.781998731066751e-11,0.4195230059508251,0.047709588315446014,1.0698471696657647e-08,0.53276739483824,0.0036737574549528243,4.976241839942254,5.691609977324264,0.8083219954648526,48.502930128332736,48.223573807186426,48.502930128332736,48.223573807186426,0.04488019658269385,1001.5380483374571,-28.069938558476505,-1.000151903819357,501.3151927437641,-5.976393743761611,331.85023407997437,114.72712376553089,950.385250510117,5.239595629929461e-06,0.07758557905960367,171.4065876412899,9228.356828748527,0.004329600232712766,698,1262,1
library/synth/wav/pad__lib__0009.wav,pad,lib,0009,828.798185941043,9.242446833682768e-11,4.0327937337891987e-11,0.8458281658878881,0.12205352609691443,0.02436893915786131,0.007749368724583766,-0.0015640778106781744,3.1936795036635073,5.578231292517007,0.9179365079365079,77.88822487491782,78.33942677149794,78.33942677149794,78.33942677149794,0.23609533187585993,50831.35131323913,-18.664585410890336,-0.9998544876801003,509.2063492063492,-4.193533991343608,337.9419098062292,208.8518060865325,872.0199185766379,3.7240546402171986e-06,0.04625236095344442,398.86298322547685,1112.991278559541,0.0035137623467302453,2934,3096,1
library/synth/wav/pad__lib__0010.wav,pad,lib,0010,410.99773242630386,1.3268367855919585e-10,5.43849479182922e-11,0.3004583495497513,0.047562441324548455,2.0905956519002205e-09,0.651979206848036,0.011563748407351849,4.775850273418,6.4852607709750565,0.420249433106576,42.46885575483417,42.7148753334411,43.46151820247428,43.713288216140654,0.025117601831878264,1563.9040935542625,-29.531108779857288,-1.000151903819357,266.8934240362812,-5.776002177237357,314.543812560144,101.22667640838314,689.0018879332832,2.9878779421817894e-06,0.03754089517090178,157.68107962101064,2294.600884472235,0.003791971409574468,676,1106,1
library/synth/wav/pad__lib__0011.wav,pad,lib,0011,248.93424036281178,1.5151239229930888e-10,6.160031669990211e-11,0.7135473566915479,0.2578973760046403,0.028548570168066546,6.696922632420462e-06,0.015419882214728974,5.369381596128512,3.6054421768707483,0.25718820861678005,109.51616328737308,109.51616328737308,110.78867980878631,110.15058396727426,0.43506330764583906,118685.98328104791,-18.32021021692241,-1.000151903819357,146.21315192743765,-6.3695334999478685,302.84753351290334,231.98260705628513,590.6264768912109,1.1794208747073144e-06,0.06455173822268541,346.002943738759,1106.383505185909,0.004949555980215827,1238,1430,1
library/synth/wav/pad__lib__0012.wav,pad,lib,0012,423.265306122449,8.65371526318361e-11,3.6185068760044317e-11,0.2665428689265766,0.09589401400941733,4.325895471338129e-08,0.6375630736823293,0.008395865383529592,2.9384615652146233,9.365079365079364,0.5512925170068027,46.58090185094999,46.58090185094999,46.850742270260014,47.12214585921682,0.038144784668440554,992.869929810304,-23.317273599515175,-0.9998544876801003,272.31292517006807,-3.9383160528947236,275.91717417374645,126.9496909041613,548.0778102498273,1.2638683362654237e-06,0.025043263186262262,238.88972355769232,1077.7589167065812,0.0020908453525641025,1576,1754,1
library/synth/wav/pad__lib__0013.wav,pad,lib,0013,518.59410430839,1.6091856105250634e-10,6.603654057114468e-11,0.4346179155647094,0.08541203345029297,2.78389017731223e-08,0.47997002291914065,0.008115282525154331,5.578543545783501,8.095238095238095,0.5986394557823129,49.06650702942722,49.350746413054104,49.06650702942722,49.63663237867951,0.0494621195005167,96.75602333226662,-26.912703844353345,-1.000151903819357,328.59410430839006,-6.578695449602858,309.1124834020582,120.82443893139492,784.432026833389,2.742474924870366e-06,0.06806456777262346,163.83125463649853,11608.404675277772,0.0022008878894658754,2702,3010,1
library/synth/wav/pad__lib__0014.wav,pad,lib,0014,169.50113378684807,1.481678582265913e-10,5.869944253222268e-11,0.366760253861552,0.04345192179401539,6.088494566374938e-10,0.589787823528716,0.01919011481671825,5.214290731323792,9.09297052154195,0.24802721088435375,43.713288216140654,43.713288216140654,43.713288216140654,43.713288216140654,0.029601328051611964,115.95383144030706,-27.95917673393163,-1.000151903819357,77.3015873015873,-6.214442635143149,275.79501973794964,104.57841462307083,250.91233821726442,2.2976097214314077e-06,0.02979231394328354,153.23893229166666,13987.302466630408,0.001958291997354497,3222,3588,0.9998
library/synth/wav/pad__lib__0015.wav,pad,lib,0015,829.6598639455782,9.678961707346088e-11,4.1840027325479186e-11,0.8501962873978112,0.09976949802688713,0.04998854673595145,4.566770072062106e-05,0.004059177018331739,3.424144730718487,3.7868480725623583,0.9075963718820862,114.69563416472991,114.69563416472991,115.36005921418628,114.69563416472991,0.47015893692179006,3955200.7038433137,-15.787551875721299,-0.9998544876801003,514.6485260770976,-4.4239992183985875,400.6317174616673,300.10363979038715,988.5475322487655,7.067289721054464e-06,0.09451039034583725,604.1788512171961,1082.8521051626667,0.0051782091678176795,2686,2844,1
library/synth/wav/pad__lib__0016.wav,pad,lib,0016,569.5691609977325,2.3135500020668746e-10,9.534769491353965e-11,0.6752734040465653,0.29254567556805516,0.028690230313956382,0.00349068974472023,-0.0075661427912948505,7.201052721125332,4.603174603174603,0.574671201814059,79.24968706415619,79.24968706415619,79.70877583096467,79.70877583096467,0.24098420993016256,91.46011221461004,-21.567610104689713,-1.000151903819357,367.687074829932,-8.201204624944689,342.3499979130527,215.05076663862462,797.4423235746964,2.778360101259578e-06,0.052583351684512766,347.53177830430326,1857.3396062647107,0.0035780609631147543,106,1092,1
library/synth/wav/pad__lib__0017.wav,pad,lib,0017,803.2426303854875,1.6461664069373769e-10,6.71108563836487e-11,0.7132447794117561,0.2582220599462159,0.028518767716471105,1.4392693829336599e-05,0.004300855630501623,5.698028531861424,3.560090702947846,1.176938775510204,110.78867980878631,110.78867980878631,111.43047210190389,111.43047210190389,0.43810572064830905,57457.01422636743,-18.55531353362179,-1.000151903819357,424.1496598639456,-6.698180435680781,343.2785830007988,245.44560716053252,898.0415599583184,5.127181340124445e-06,0.06316666021685087,363.7858072916667,1497.2033216992613,0.005004236937830688,2546,2826,1
library/synth/wav/pad__lib__0018.wav,pad,lib,0018,597.6190476190476,8.900769567556415e-11,3.703163302933527e-11,0.6167856027259809,0.12906291074408505,0.017308408004794953,0.23684307839909974,0.005935364084460643,3.0415106724343866,7.188208616780045,0.7454195011337869,60.75789574083323,60.75789574083323,61.10986265026666,61.10986265026666,0.11090415319901217,5054.242465880667,-20.793467102774553,-0.9998544876801003,357.9138321995465,-4.041365160114487,312.615742545111,166.8765102049002,668.35573597143,2.574515127333969e-06,0.03680757905839221,307.7602652616279,911.5747023699674,0.0027252906976744187,1648,1788,1
library/synth/wav/pad__lib__0019.wav,pad,lib,0019,664.6031746031747,1.6028118498303938e-10,6.511919942489913e-11,0.775525075383132,0.1935063951821158,0.030966783113627157,1.7460957246724976e-06,-0.0033457886049628456,5.598206084379474,2.5170068027210886,0.6878458049886621,107.0148106609292,107.63474115247546,107.63474115247546,107.63474115247546,0.4190525614860943,4401606.77164663,-20.39306306965864,-1.000151903819357,439.8866213151927,-6.598357988198831,357.18978217935035,208.49354852848654,705.8044381322096,4.9286659623415515e-06,0.05139705549432833,259.8533836570946,1123.8128410119607,0.009645204286317568,416,932,1
library/synth/wav/pad__lib__0020.wav,pad,lib,0020,605.1927437641723,1.5527217903342753e-10,6.366296553766885e-11,0.32424839316468335,0.047615382910462016,4.0425986236840416e-10,0.6281362233016595,-0.02995092814830319,5.498028624080104,6.258503401360544,0.6165306122448979,43.96651671865885,43.96651671865885,43.96651671865885,43.96651671865885,0.02776333415634678,603.9994765191985,-29.837870631602396,-1.000151903819357,391.74603174603175,-6.498180527899461,376.3900048082739,113.01167197188003,743.5933616873375,5.3478323034346395e-06,0.033750397087678845,159.00506488347457,4792.500878644382,0.00390625,724,1022,1
library/synth/wav/pad__lib__0021.wav,pad,lib,0021,155.9183673469388,1.964745295072743e-10,8.406007821966118e-11,0.6699243509331603,0.27493863780787686,0.05486431554444429,0.0002726954339839305,0.02905409327463136,6.459812927105081,3.7414965986394555,0.1601814058956916,97.56780948836877,97.56780948836877,98.13301405885444,97.56780948836877,0.36864467444280236,115.94694908643098,-18.945843217088814,-1.000151903819357,102.87981859410431,-7.459964830924438,316.09596762812953,254.63634267359524,451.23270450434643,3.3318399706122337e-06,0.050784408434557456,431.4542717889908,2882.5020629270402,0.0043878117832568805,838,1178,0.9998
library/synth/wav/pad__lib__0022.wav,pad,lib,0022,640.2721088435375,2.390254060653562e-10,1.0011702645602223e-10,0.6020542189320924,0.15912247752192712,9.930016372530504e-07,0.23882231020520078,-0.012656782662655058,7.376591925885966,6.2811791383219955,0.647233560090703,58.350239267725875,58.01416661939906,58.350239267725875,58.350239267725875,0.09620560641507327,44.489449879900064,-24.876889867898925,-1.000151903819357,416.1451247165533,-8.376743829705322,344.3516383290063,164.95768919037704,764.4994830070136,3.1157143881511215e-06,0.08589473268325074,264.4877449410861,10829.144135302442,0.0026175076844262295,24,1924,1
library/synth/wav/pad__lib__0023.wav,pad,lib,0023,592.1768707482993,1.651568366677513e-10,6.74038113707145e-11,0.3963652879755782,0.062610258747097,1.7852846677044997e-08,0.5410244351919175,-0.0007183095008687479,5.7023732506887805,8.594104308390023,0.6009977324263038,46.3126155980921,46.04587456034624,46.04587456034624,46.3126155980921,0.037050920280594556,98.40780504593748,-27.739255329407367,-1.000151903819357,375.17006802721085,-6.7025251545081375,318.924638155436,117.55438673735284,707.088550556448,3.627547921534424e-06,0.06136191118390572,167.27622427591464,6672.9309574445215,0.002073706650152439,840,1142,1
library/synth/wav/pad__lib__0024.wav,pad,lib,0024,875.6009070294784,2.6782384440144976e-10,1.092472785617299e-10,0.6946731113707889,0.18432972505102196,0.0020613420788165274,0.11893582112230153,-0.047194633473133164,7.868902815182978,5.691609977324264,0.8820181405895692,64.37074822834262,64.37074822834262,64.37074822834262,64.37074822834262,0.12972394965243902,33.20020948937202,-24.17223739907935,-1.000151903819357,563.6054421768707,-8.869054719002335,398.9962882757409,194.40839116326825,817.9471530336765,6.7063732289604165e-06,0.04829724582277719,306.05567893401013,3949.532311883305,0.0028900301395939085,6,1194,1
library/synth/wav/pad__lib__0025.wav,pad,lib,0025,209.04761904761904,1.50946216297222e-10,6.338197183381207e-11,0.7384132232828441,0.2384766558770032,2.4785321265917257e-06,0.023107642093697974,0.02237451273826466,5.333619813600443,5.374149659863946,0.36430839002267573,73.51669471981023,73.94257259982547,74.37091756530172,74.37091756530172,0.208533473897021,158.58459165217607,-22.159025239297097,-1.000151903819357,120.0453514739229,-6.3337717174198,282.0131346334502,160.43196707849057,310.5410632817916,1.7182731060091488e-06,0.05286480591054391,242.8194912997159,1784.7636328945482,0.0033125443892045455,1736,1942,0.9999
library/synth/wav/pad__lib__0026.wav,pad,lib,0026,212.4716553287982,9.042225004417083e-11,3.695382867695358e-11,0.75865468790913,0.12782591433046114,0.007954685434223879,0.10556471219880884,0.01306992034731957,3.106673920935371,6.394557823129252,0.24891156462585035,67.02682386052011,66.64077776222761,67.41510630110949,67.41510630110949,0.15817045909378272,32491.045622463764,-20.767109948623,-0.9998544876801003,120.2267573696145,-4.106528408615471,275.2871815452969,163.08680491317222,467.0864149918967,7.383810195369328e-07,0.049994520232554865,323.6036682128906,984.232598802329,0.00301055908203125,1358,1502,0.9999
library/synth/wav/pad__lib__0027.wav,pad,lib,0027,168.82086167800452,1.842499084427375e-10,7.925014676903867e-11,0.7391557715646401,0.24825437364157651,0.012554026101582674,3.582842870089106e-05,0.029002219827481,6.215923191793532,2.993197278911565,0.17219954648526076,114.03503592196343,114.03503592196343,114.69563416472991,115.36005921418628,0.4674855131054329,4993.126934389617,-19.818329233569823,-1.000151903819357,105.4875283446712,-7.216075095612889,310.9716445968507,229.9807400740162,457.5302096349486,2.8192504868332543e-06,0.050787689430837626,351.64737292113733,876.8778030240605,0.005125905311158798,2134,2372,0.9998
library/synth/wav/pad__lib__0028.wav,pad,lib,0028,625.1020408163265,1.4421758097240232e-10,6.035672928969021e-11,0.7612335646037081,0.22696513699357243,0.011497969274250147,0.000303328923894921,0.0008799130669745594,5.076212225493484,2.7891156462585034,0.6587528344671202,98.13301405885444,98.13301405885444,98.13301405885444,98.13301405885444,0.35725704085845916,1743.6467473345947,-20.20626292393212,-1.000151903819357,399.7278911564626,-6.076364129312841,347.4950652960013,196.65538453064,851.730617908722,4.500968875645532e-06,0.06973209149696265,238.72015449438203,1050.0850354298398,0.008805521418539327,1852,2170,1
library/synth/wav/pad__lib__0029.wav,pad,lib,0029,274.8299319727891,1.506258347202189e-10,6.097164361012566e-11,0.7260577874320874,0.1256909374937455,3.9395695830995873e-07,0.14825088090561134,0.016535379657995487,5.320761611731078,6.2811791383219955,0.2812698412698413,63.26489730258535,63.26489730258535,63.63138712432303,63.26489730258535,0.13150166726855148,82.4470634183007,-23.78139010245343,-1.000151903819357,159.61451247165533,-6.320913515550435,280.90951685914297,143.4538657399181,420.0191999640687,2.076491841556897e-06,0.04555793797539641,202.18607022617402,8776.259683966171,0.002843361533149171,2330,2602,1
library/synth/wav/pad__lib__0030.wav,pad,lib,0030,213.99092970521542,2.1142424362913e-10,8.643742792787387e-11,0.7295166135606885,0.18433495303136066,0.003259725458665216,0.0828887076514237,0.021281706733328968,6.806358794061228,5.374149659863946,0.22006802721088436,67.02682386052011,67.02682386052011,67.02682386052011,68.19843210422299,0.15781100417499738,64.0374676559236,-23.722189661720652,-1.000151903819357,134.6485260770975,-7.806510697880585,297.09439644585245,169.8533683505314,330.9276759340555,2.7070095853327307e-06,0.05711029180106312,282.05662777549344,2665.397985585645,0.003009996916118421,6,2482,0.9999
library/synth/wav/pad__lib__0031.wav,pad,lib,0031,205.23809523809524,1.9720683633732538e-10,8.067584974638059e-11,0.7005499986458673,0.18800118383643216,0.003834975672437435,0.10761384156738038,0.022331948172356297,6.516522413000685,5.623582766439909,0.21154195011337867,65.11870029457192,65.11870029457192,65.11870029457192,65.4959290877936,0.14525898218436115,34.632574241284175,-22.71491152394247,-1.000151903819357,136.66666666666666,-7.516674316820042,291.87131613373725,176.68619730340208,249.5000326260373,2.484231759943057e-06,0.030172681511282447,295.63455409521663,6099.749510827158,0.002917348262635379,6,2710,0.9999
library/synth/wav/pad__lib__0032.wav,pad,lib,0032,332.2448979591837,1.3669517366083038e-10,5.538317154226084e-11,0.7619690653160673,0.19064320180516767,0.04738308091346809,4.651773218643867e-06,0.0027867940741367536,4.891080045717102,2.494331065759637,0.34401360544217685,109.51616328737308,109.51616328737308,110.15058396727426,110.15058396727426,0.4279153007078487,1007785.7723466426,-18.92540414772504,-1.000151903819357,210.7482993197279,-5.891231949536459,310.5035727833978,204.76267679280878,664.4860804061396,7.955651507318943e-07,0.06511876099748948,264.78627766148327,782.6970205002937,0.00985440340909091,976,1260,1
library/synth/wav/pad__lib__0033.wav,pad,lib,0033,458.9795918367347,8.35951703321719e-11,3.6173655928801166e-11,0.8040055601947081,0.12899978025859063,0.017433877816340457,0.04956078161059208,0.01388610495937004,2.783139202191619,6.122448979591836,0.5075056689342403,71.01244621234207,71.01244621234207,71.42381712833429,71.83757109179987,0.18187141032654625,4192.691515058353,-19.08288173999645,-0.9998544876801003,275.46485260770976,-3.782993689871719,305.823045368358,188.67090669152932,630.7692528918383,3.841898104666564e-06,0.0493493689768651,357.92722726542416,1196.4527659963107,0.003197049726863753,1598,1774,1
library/synth/wav/pad__lib__0034.wav,pad,lib,0034,277.5283446712018,9.032866492980257e-11,3.985284912554432e-11,0.8532694404876869,0.11957057378407526,0.00201947153120328,0.025140514066852884,0.013340670893672737,3.1519666071721724,5.623582766439909,0.4048979591836735,74.37091756530172,74.37091756530172,74.80174390791971,74.80174390791971,0.21192594091086134,6623.756756941089,-20.81426219509277,-0.9998544876801003,175.89569160997732,-4.151821094852273,286.5371451088191,165.04590357066806,523.141379102431,1.366504578852015e-06,0.04476482590706653,243.44659912833828,1044.8056242337634,0.0033368300259643915,1238,1402,1
library/synth/wav/pad__lib__0035.wav,pad,lib,0035,446.32653061224494,1.8140394312910976e-10,7.640632098101848e-11,0.7337244702161446,0.24870606685302346,0.0001440597141081522,0.0174254029589135,-0.009979394569498961,6.154296775797275,5.306122448979592,1.2831292517006803,74.80174390791971,75.23506600215096,75.23506600215096,74.80174390791971,0.20509744428627444,124.91508399720077,-22.867052828589337,-1.000151903819357,297.68707482993193,-7.154448679616632,341.43034757907924,170.9037723257054,523.5048268622546,1.834493470132404e-06,0.07134504289834596,239.23015263728323,3809.1372291878515,0.0033474078757225433,730,864,1
library/synth/wav/pad__lib__0036.wav,pad,lib,0036,336.4625850340136,1.5447721756623262e-10,6.32742611314268e-11,0.7198869740323707,0.12299993669015674,3.9551140101583457e-07,0.15711269354832014,0.01875507524688528,5.4318905431453475,6.326530612244898,0.3749659863945578,62.53823797979174,62.90051830689607,63.26489730258535,62.90051830689607,0.12733318589718276,100.85469496619531,-23.973308910006367,-1.000151903819357,208.66213151927437,-6.432042446964704,296.7738932454946,146.40630955309976,542.7462279155459,3.4840672332376117e-06,0.05358174107831936,208.17701122428798,16225.522989669646,0.0028168883504746836,696,966,1
library/synth/wav/pad__lib__0037.wav,pad,lib,0037,302.6984126984127,9.213259059899002e-11,3.845467432041695e-11,0.8683380185504239,0.09628745591583532,0.035164590006024614,0.00020993539712897878,0.01867606403528732,3.1759419250288414,4.73922902494331,0.3242857142857143,89.47007578745725,89.47007578745725,89.98837066383037,89.98837066383037,0.32654288976053725,639326.4011326905,-18.41297814011216,-0.9998544876801003,162.58503401360545,-4.175796412708942,312.6581566048248,212.6474402968622,529.4592818632723,3.1099672023548337e-06,0.03396842749392679,441.52824655400303,981.2141185807143,0.004030164274924471,2714,2860,1
library/synth/wav/pad__lib__0038.wav,pad,lib,0038,337.7324263038549,8.373120102602538e-11,3.5102177106733076e-11,0.65938103586184,0.12897690989284083,0.017411446972226137,0.1942306071542595,0.008589558215462123,2.7993355132218567,6.984126984126984,0.4894557823129252,62.53823797979174,62.53823797979174,62.53823797979174,62.90051830689607,0.12925854257718253,17171.603221912563,-20.286917165349863,-0.9998544876801003,160.9297052154195,-3.799190000901957,275.159979751706,160.8692801468571,491.2693448686015,3.4082067951127547e-07,0.0632196005873298,302.03400330396477,691.6814892976043,0.0028027773953744495,1786,1882,1
library/synth/wav/pad__lib__0039.wav,pad,lib,0039,453.9229024943311,1.3973328652051184e-10,5.765379331387568e-11,0.4021526492168764,0.04768362398095637,1.1425673324670913e-08,0.5501637151791068,0.0016036328313971421,4.997081459839208,5.782312925170068,0.46217687074829933,47.669678819926474,47.94582646005381,47.39512167317005,48.78390474418438,0.04180029809933182,2457.537018705838,-28.285400212494388,-1.000151903819357,296.734693877551,-5.997233363658565,328.9604661306704,109.75050961080483,685.9375328478365,2.679251463501163e-06,0.07294124775726392,162.28923272649084,5108.664480769693,0.004248942803899082,284,602,1
library/synth/wav/pad__lib__0040.wav,pad,lib,0040,336.3265306122449,1.711097948987384e-10,7.203086519771883e-11,0.7316772949822927,0.2589460139972698,0.0034377611361658955,0.00593892964113062,0.017890610280316722,5.876984527240492,4.965986394557824,0.6742857142857143,78.33942677149794,78.33942677149794,78.79324245407464,78.33942677149794,0.23757133401447106,306.50176383062404,-22.76700245949431,-1.000151903819357,217.80045351473922,-6.877136431059849,303.9200691125408,169.80152223184058,514.2336186620593,5.9715447662393566e-06,0.04471255758310825,258.59874636627904,21652.985383689065,0.003529251453488372,2968,3352,1
library/synth/wav/perc__lib__0001.wav,perc,lib,0001,6.621315192743764,0.7055300323286836,0.28012262124900267,2.359114546893459e-10,5.478230449008611e-07,0.01434676288958169,3.547377565271837e-08,-2.599988398147034,24.043704832636166,0.09070294784580499,0.011541950113378685,nan,nan,nan,nan,0.008039215995677211,0.0058016352304271195,-28.805497336717877,-1.000151903819357,0.7936507936507936,-25.043856736455524,6193.548263220761,11373.063906445446,11958.425757235374,0.2837108299032969,0.05298132712549654,18784.975298713234,193.9990933916609,0.5240693933823529,64,130,0.02933
library/synth/wav/perc__lib__0002.wav,perc,lib,0002,0.4988662131519275,0.2625182474221076,0.4243015421728319,1.3476273173670428e-10,1.317014590886905e-09,0.3131801854466184,2.3506664876919792e-08,-1.8674008674142049,23.514097326124904,0.20408163265306123,0.013469387755102041,324.40824276148794,324.40824276148794,324.40824276148794,324.40824276148794,0.05845048340521533,1.429638893640859,-24.29278234347249,-1.000151903819357,0.4988662131519275,-24.514249229944262,6525.853728247484,9848.502586850886,10178.178641601633,0.0824000879684275,0.024890281590708517,18136.829723011364,211.79549109686377,0.22820490056818182,70,142,0.03872
library/synth/wav/perc__lib__0003.wav,perc,lib,0003,1.6780045351473922,0.6991605763712239,0.22526752179316115,3.3566277883204045e-10,2.1418484162940264e-07,0.07557165716468318,3.0150427293484187e-08,-6.185229833970045,22.89290736782879,0.09070294784580499,0.005578231292517007,nan,nan,nan,nan,0.00941177909957393,1.8493386219796826e-07,-27.757596958132137,-0.9998544876801003,1.0657596371882085,-23.89276185550889,6342.18603117203,11064.960541164608,11361.666261826822,0.32384543180508496,0.03619496786240992,18745.286649816175,66.2332859168211,0.4932215073529412,22,44,2.862e-05
library/synth/wav/perc__lib__0004.wav,perc,lib,0004,0.06802721088435373,0.7612306252842378,0.23860322018339908,2.2390792074431104e-10,4.19314602228848e-10,0.00016612691675337298,2.697238724011741e-08,-9.183027062185639,22.072032539187962,0.045351473922902494,0.013968253968253968,nan,nan,nan,nan,0.008695659415366033,1.4454194355507072e-05,-27.708481370522566,-0.9998544876801003,0.06802721088435373,-23.071887026868062,6043.4360947582845,11819.754998386794,12641.441222991525,0.22270546503197816,0.015107077243526546,19066.24702785326,85.73180322882807,0.5238620923913043,30,58,0.0003499
library/synth/wav/perc__lib__0005.wav,perc,lib,0005,0.20408163265306123,0.7694994516575442,0.22969161638275015,5.727843088367831e-10,6.497918217974541e-10,0.0008088947763961379,3.596073339240647e-08,-14.690010041616596,22.933264187037715,0.27210884353741494,0.007210884353741497,nan,nan,nan,nan,0.009230822314780996,8.79099284561046e-08,-28.76297099523681,-1.000151903819357,0.20408163265306123,-23.933416090857072,6056.467284449158,11707.050203394725,11993.177823194514,0.2564562567740095,0.011393778805165232,18932.654747596152,47.61360594662995,0.4931640625,16,32,5.558e-07
library/synth/wav/perc__lib__0006.wav,perc,lib,0006,0.24943310657596374,0.7796134078048503,0.22005747291306754,6.652191260512595e-10,6.471925890208342e-10,0.0003290835713607169,3.439830967736877e-08,-16.122991350167457,23.179769078575085,0.13605442176870747,0.006485260770975057,nan,nan,nan,nan,0.010000174063897246,8.815878201695483e-08,-28.52928865224612,-1.000151903819357,0.22675736961451248,-24.179920982394442,6016.8734985974115,11746.075738982054,11797.269841566414,0.25861605306282476,0.00818770219623069,18968.5986328125,35.65775800665367,0.48916015625,12,26,6.605e-08
library/synth/wav/perc__lib__0007.wav,perc,lib,0007,1.5419501133786848,0.6974993435195287,0.2738601352060124,2.092689077118502e-10,1.3705579703619893e-06,0.02863912337267644,2.7134543160001266e-08,-2.6330077547018162,22.84259247260097,0.11337868480725624,0.018117913832199545,nan,nan,nan,nan,0.007333333610319456,0.0019281054603885255,-27.63825823725832,-1.000151903819357,0.45351473922902497,-23.842744376420328,6289.24504579538,11322.433550058719,11801.897309771854,0.29722240930451277,0.04898069598796685,18898.49609375,171.477169695125,0.5302083333333333,60,116,0.0186
library/synth/wav/perc__lib__0008.wav,perc,lib,0008,0.9750566893424036,0.6277088201000544,0.3659177475609631,4.586092151014147e-10,8.746463946693384e-09,0.006373391749292892,3.138461648439318e-08,-8.279140466443645,23.154557243430386,0.13605442176870747,0.003696145124716553,nan,nan,nan,nan,0.01000005217717142,8.699731498618817e-08,-26.99704886955278,-0.9998544876801003,0.47619047619047616,-24.154411731110486,6241.689256233089,11160.983731974906,11409.93962798833,0.2950875125703553,0.017905327620535767,18700.048828125,52.67806698765506,0.47855050223214285,18,36,1.802e-06
library/synth/wav/perc__lib__0009.wav,perc,lib,0009,0.29478458049886624,0.6590042847690398,0.3395768423371454,5.945073982992492e-10,9.062428717469722e-10,0.0014188337998919068,3.759317253031276e-08,-8.473059673377408,24.023989411275977,0.22675736961451248,0.011609977324263039,nan,nan,nan,nan,0.009473700200287805,7.210744962417055e-07,-28.60084719387688,-1.000151903819357,0.29478458049886624,-25.024141315095335,6159.965211896536,11531.424985345127,12163.622113178035,0.2543693756661461,0.009695472149968265,18954.885382401317,69.04569127886123,0.4971731085526316,24,48,5.323e-05
library/synth/wav/perc__lib__0010.wav,perc,lib,0010,0.4308390022675737,0.8265213528866615,0.17324659585961286,1.8954775684831381e-10,3.487266572463454e-09,0.00023202560705211497,2.1969859225658166e-08,-9.206585962046269,21.41078947938027,0.15873015873015872,0.02163265306122449,nan,nan,nan,nan,0.01000000819481776,1.1110083014635167e-06,-27.286780677159882,-1.000151903819357,0.022675736961451247,-22.410941383199628,6063.367383648246,11729.39456465044,12422.580739077814,0.24591309716695653,0.028492610469250456,18994.4384765625,76.80490770106357,0.531982421875,28,54,0.0001243
library/synth/wav/perc__lib__0011.wav,perc,lib,0011,0.11337868480725624,0.6560522145786546,0.2262533902984293,7.547569952701409e-10,2.6809968252536026e-06,0.11769168394802049,2.9423313441698286e-08,-8.612823898364491,22.82221180552232,0.09070294784580499,0.012448979591836735,nan,nan,nan,nan,0.01000017442250219,8.22878486853459e-08,-26.93815076415278,-1.000151903819357,0.11337868480725624,-23.822363709341676,6403.810411188683,10916.814159362235,11049.976667519972,0.31284879603020666,0.004962017716363963,18712.353515625,42.45854176039251,0.4391682942708333,14,30,1.481e-07
library/synth/wav/perc__lib__0012.wav,perc,lib,0012,1.8367346938775508,0.2036636720735139,0.20660277255998857,3.1935991682569143e-10,3.1456434448102425e-08,0.5897335023159263,2.1274776908035875e-08,-4.1436797140908235,22.64806675999632,0.11337868480725624,0.0026077097505668935,324.40824276148794,326.28752059373113,324.40824276148794,nan,0.026043767450495223,9.060513054093645e-05,-23.615817564710277,-1.000151903819357,1.8367346938775508,-23.648218663815676,6638.796824555648,9747.25301881259,10066.247295899944,0.11316868881912119,0.015514730909483725,18174.0234375,69.4392921711741,0.21417557565789475,26,50,6.206e-05
library/synth/wav/perc__lib__0013.wav,perc,lib,0013,0.27210884353741494,0.5507888837020646,0.17616796578590602,3.267808744927713e-10,3.26334131594043e-06,0.27303986392415336,2.2919779253442096e-08,-2.590226901400632,22.51447642194092,0.15873015873015872,0.002018140589569161,nan,nan,nan,nan,0.009677438432513964,0.0017359650190731186,-26.051869517633406,-0.9998544876801003,0.27210884353741494,-23.51433090962102,6463.952131191922,10781.210776272803,11165.854612650604,0.29327837253048356,0.025267409981885872,18649.837764616936,120.14597078905244,0.4610792590725806,42,82,0.003139
library/synth/wav/perc__lib__0014.wav,perc,lib,0014,1.1564625850340136,0.03925957172739246,0.7689762325854262,2.506729464225559e-10,7.468796934321123e-08,0.19176410757783155,1.3170707539576301e-08,10.41382690946864,20.679579462858207,0.06802721088435373,0.01070294784580499,1035.8983068691687,1029.9319716534822,1035.8983068691687,1041.899204713151,0.12241598061669379,2.0367505920094928e-06,-20.689590958650967,-0.9998544876801003,1.1337868480725624,-21.679433950538307,6606.271956320829,8576.487828739697,8465.90730191911,0.05038462337744112,0.001167862350280236,17161.962890625,39.87232205578115,0.13605291193181818,14,28,6.924e-08
library/synth/wav/perc__lib__0015.wav,perc,lib,0015,0.3401360544217687,0.7611252939527715,0.233551615950226,3.109853722617663e-10,6.864087006416679e-10,0.005323059161461197,2.993814715304595e-08,-6.852441565921475,22.955926961980897,0.20408163265306123,0.012244897959183673,nan,nan,nan,nan,0.009285716518627616,0.0006122444449565414,-28.281163311671534,-1.000151903819357,0.3401360544217687,-23.956078865800254,6046.673739857085,11737.272015556771,12519.534940424483,0.22846919797639512,0.01742478072233911,18966.90673828125,106.91084644156693,0.5268903459821429,38,76,0.001765
library/synth/wav/perc__lib__0016.wav,perc,lib,0016,4.761904761904763,0.16517960443510638,0.8201448530717059,1.9733843352051424e-10,3.957930766291068e-07,0.01467512202451038,2.4478262233821112e-08,-1.66072063888114,23.72795420928575,0.06802721088435373,0.021156462585034015,423.1425628949564,423.1425628949564,423.1425628949564,423.1425628949564,0.03565470909299554,1.2066557989157345,-24.471022955534117,-1.000151903819357,1.383219954648526,-24.728106113105106,6561.7798436269695,9974.630928107665,10297.520996556785,0.10240112024045753,0.056741254512254174,18211.905924479168,208.6835034049106,0.23278356481481483,70,138,0.03764
library/synth/wav/perc__lib__0017.wav,perc,lib,0017,0.3401360544217687,0.7146226944853552,0.279523712654757,3.2794833533520364e-10,3.3518903736389725e-09,0.00585355658544708,3.259460192408581e-08,-5.647019591847991,23.5109261018254,0.09070294784580499,0.00816326530612245,nan,nan,nan,nan,0.009166671199173611,1.1386442914076811e-05,-28.394160037070773,-0.9998544876801003,0.3401360544217687,-24.5107805895055,6173.467184662884,11491.624113013895,12070.231861208362,0.28038810297756117,0.026348190753802694,18845.1416015625,93.58283993951092,0.531982421875,34,64,0.0006333
library/synth/wav/perc__lib__0018.wav,perc,lib,0018,0.3401360544217687,0.6931672808394812,0.29737077907435944,3.4209668798051223e-10,1.1848265111642828e-08,0.009461894151207566,3.3744589987932133e-08,-5.196781811553842,23.616055214572903,0.24943310657596374,0.010317460317460317,nan,nan,nan,nan,0.008846156424708955,4.2976225607382165e-05,-28.33506864831385,-0.9998544876801003,0.3401360544217687,-24.615909702253003,6237.326440290879,11319.657767792765,11888.348121823989,0.28110456072920964,0.016162174120135226,18861.429537259617,97.87553570608459,0.5057654747596154,32,66,0.0009031
library/synth/wav/perc__lib__0019.wav,perc,lib,0019,1.4512471655328798,0.5103884637764478,0.4805057766359094,3.854306590579969e-10,2.2176377470652686e-09,0.00910573424062012,2.2743954376551697e-08,-8.03412401789491,22.189453551090413,0.022675736961451247,0.010975056689342403,nan,nan,nan,nan,0.01000039855969292,9.726821278309111e-08,-25.201700110389787,-0.9998544876801003,1.2698412698412698,-23.189308038770513,6318.460860770441,11051.024127917162,11288.842875914044,0.23353229136340956,0.0028997788452704387,18832.32421875,51.63181649624351,0.42776925223214285,20,36,1.239e-06
library/synth/wav/perc__lib__0020.wav,perc,lib,0020,0.3854875283446712,0.8180630010835178,0.1801729309101002,9.225559980674136e-10,1.594065367051956e-07,0.0017638615376080948,4.613968103845032e-08,-16.563089915340523,24.260917145902265,0.022675736961451247,0.00040816326530612246,nan,nan,nan,nan,0.010000202397669316,1.1876711316015823e-07,-29.906186231311228,-0.9998544876801003,0.3854875283446712,-25.260771633582365,6060.876110155609,11872.973715944847,12020.379065402441,0.2592441519160666,0.002495095256079967,19097.993607954544,39.26453549376956,0.4969815340909091,14,28,1.057e-07
library/synth/wav/perc__lib__0021.wav,perc,lib,0021,2.0181405895691613,0.7001375722727807,0.2580077498082047,3.974623600899105e-10,1.176973383196994e-08,0.041854640330251,2.542156743270606e-08,-9.479375536862241,22.27561998477235,0.13605442176870747,0.005396825396825397,nan,nan,nan,nan,0.01000007347978791,8.59840578096918e-08,-26.746102317457705,-0.9998544876801003,1.4512471655328798,-23.27547447245245,6285.80989751863,11178.976071451683,11376.988149997727,0.28881426800794924,0.006897961743821705,18806.768329326922,48.39256473878981,0.46251502403846156,16,32,5.197e-07
library/synth/wav/perc__lib__0022.wav,perc,lib,0022,0.18140589569160998,0.7605848205986606,0.23790045195512713,3.8996748752635555e-10,8.003896300994823e-10,0.0015146973192342915,2.893662081463479e-08,-14.725192733523278,22.53923991502063,0.13605442176870747,0.008390022675736962,nan,nan,nan,nan,0.010000129219214898,7.663697364842897e-08,-28.062502212292376,-0.9998544876801003,0.18140589569160998,-23.53909440270073,5961.408843996574,11909.297837652184,12118.493536313452,0.2513605979424544,0.004416115566648648,18954.60205078125,44.75942957223861,0.5100911458333334,16,32,2.482e-07
library/synth/wav/perc__lib__0023.wav,perc,lib,0023,0.5668934240362812,0.6245286055759414,0.37516074362332485,5.433535484381554e-10,4.6098036807942066e-10,0.0003106247833170546,2.501308277085282e-08,-16.353821810313676,21.77129771101665,0.11337868480725624,0.006303854875283447,nan,nan,nan,nan,0.010000238756879961,7.583476100103945e-08,-26.27699702500604,-0.9998544876801003,0.13605442176870747,-22.77115219869675,6123.905254286982,11570.294431919408,11703.028941209974,0.24869500405639383,0.013262388055666945,18947.261186079544,39.696006293281485,0.4655095880681818,14,26,6.497e-08
library/synth/wav/perc__lib__0024.wav,perc,lib,0024,0.15873015873015872,0.13450309534033295,0.5481059910055376,2.0650080020677867e-10,4.2467081556981247e-08,0.3173908526148811,1.8365666004434045e-08,-2.389929247943012,22.209798768522337,0.18140589569160998,0.006122448979591836,256.0,256.0,256.0,nan,0.021390263210204315,0.0012182740758396873,-23.09427111491766,-0.9998544876801003,0.15873015873015872,-23.209653256202436,6617.306435619946,9835.41599046463,10068.424501840695,0.11867476210615745,0.008479019258873531,18195.556640625,81.81462559788801,0.23876953125,30,58,0.0002466
library/synth/wav/perc__lib__0025.wav,perc,lib,0025,0.18140589569160998,0.8528032126514938,0.14708825419907948,5.337524642709279e-10,9.670408676619107e-10,0.00010849418546036178,3.7463172905325964e-08,-19.579420140749708,23.925589678840982,0.022675736961451247,0.007868480725623583,nan,nan,nan,nan,0.009166742682540313,1.0854550934266882e-07,-30.026523223311035,-0.9998544876801003,0.18140589569160998,-24.925444166521082,5953.97818939397,11832.734129960567,12134.841792460109,0.2446124384030365,0.010468599501380746,19044.32373046875,45.16864759891458,0.5091959635416666,18,32,4.496e-07
library/synth/wav/perc__lib__0026.wav,perc,lib,0026,2.2675736961451247,0.03141444185751648,0.2443557918164993,3.060806585607102e-10,1.7418133388564122e-06,0.7242280026335637,2.1573000804984608e-08,-0.8277909587004605,23.29816268141948,0.15873015873015872,0.00582766439909297,337.7940251578609,335.8484747359869,335.8484747359869,337.7940251578609,0.2156813860013973,2.0599321212484094,-23.56633535128507,-1.000151903819357,2.2675736961451247,-24.29831458523884,6823.032658169718,8430.5362029535,8479.310559210826,0.04206411126278951,0.025128709349363385,17374.7109375,190.01540710252183,0.104775390625,64,128,0.02715
library/synth/wav/perc__lib__0027.wav,perc,lib,0027,0.13605442176870747,0.800249229069717,0.19840603561983775,4.642000244899686e-10,2.2068063247439258e-09,0.0013446808600832785,5.177935565786607e-08,-5.530045320896116,25.247236211075084,0.022675736961451247,0.0016553287981859411,nan,nan,nan,nan,0.008787879761901398,0.0007192010750684499,-30.913324627466253,-0.9998544876801003,0.13605442176870747,-26.247090698755184,6077.6236837703855,11762.812122205352,12578.810497131411,0.24152442551248518,0.02316801465059702,19030.783913352272,125.29516413897288,0.5397579308712122,40,80,0.003833
library/synth/wav/perc__lib__0028.wav,perc,lib,0028,0.7256235827664399,0.684004037610296,0.2787478357696108,4.0363734455546184e-10,3.254760390396093e-06,0.03724481789513324,5.356093211112402e-08,-2.8894830361088277,25.856065542001023,0.11337868480725624,0.008435374149659863,nan,nan,nan,nan,0.008048781671813969,0.0012301830518063228,-30.33347242057481,-0.9998544876801003,0.7256235827664399,-26.855920029681123,6280.273890845136,11217.50165274249,11727.10187658661,0.30188578535718785,0.03137232695540677,18826.847132240855,155.6043346623836,0.5115401105182927,48,104,0.01166
library/synth/wav/perc__lib__0029.wav,perc,lib,0029,0.4308390022675737,0.7348379307342051,0.2642908332881234,5.35502095681037e-10,9.270256219418251e-10,0.0008711924263900575,4.2088753645388077e-08,-8.92991525508556,24.39212918636097,0.40816326530612246,0.004671201814058957,nan,nan,nan,nan,0.01000001823592146,2.676310115991918e-07,-29.26432107921805,-1.000151903819357,0.4308390022675737,-25.39228109018033,6071.1802025220495,11709.855710217233,12307.994306705648,0.2544867699820058,0.013581940922575706,19023.388671875,66.83703026566683,0.5186903211805556,24,46,3.767e-05
library/synth/wav/perc__lib__0030.wav,perc,lib,0030,0.5215419501133787,0.722506587726395,0.27389896077043674,5.840624759127916e-10,2.7273847721891803e-09,0.003594419561420487,2.863030052262396e-08,-12.607444972721577,22.632566238176192,0.22675736961451248,0.006122448979591836,nan,nan,nan,nan,0.010000184037653684,1.1435282604143755e-07,-27.57186739279865,-1.000151903819357,0.5215419501133787,-23.63271814199555,6161.127246764371,11569.750996255763,11641.744361630257,0.2890890905222595,0.018137168935006564,19009.903231534092,41.8538428525518,0.49897904829545453,14,30,1.476e-07
library/synth/wav/perc__lib__0031.wav,perc,lib,0031,3.3560090702947845,0.7133177048024053,0.2861985255143076,2.2453920745111563e-10,5.937189148334518e-10,0.0004837383698223698,3.0495206721582e-08,-3.334938901771991,23.345209848392237,0.20408163265306123,0.014353741496598639,nan,nan,nan,nan,0.008372093737904936,0.002641654329112028,-28.065583047691295,-1.000151903819357,0.18140589569160998,-24.345361752211595,6129.621365945391,11606.092321286567,12216.280777228942,0.2487029483432217,0.04324816035163864,18968.24809229651,167.8949848569046,0.5395053597383721,56,110,0.0166
library/synth/wav/perc__lib__0032.wav,perc,lib,0032,4.036281179138323,0.061004420279570024,0.4186893133613373,1.487004583113039e-10,3.418068442955405e-08,0.5203062135633935,1.8466314310209587e-08,-1.2554448746516094,22.516124022486093,0.11337868480725624,0.00943310657596372,256.0,256.0,256.0,257.4829929133705,0.1261107767074884,0.20783672985722326,-23.069436119820818,-0.9998544876801003,1.3151927437641724,-23.515978510166192,6716.750002196698,9383.529596414088,9457.173930615458,0.07192178293510833,0.018220829153542402,17970.380859375,132.372132969664,0.1832310267857143,44,90,0.005888
library/synth/wav/perc__lib__0033.wav,perc,lib,0033,0.6575963718820862,0.19816533950458912,0.7529543769646002,3.33371469486182e-10,3.957067693914835e-09,0.04888025022738327,2.901298826113487e-08,-3.797285735794514,24.022552959218718,0.24943310657596374,0.01399092970521542,nan,nan,nan,nan,0.01329012032140824,0.00036544723387928337,-25.06155647855926,-1.000151903819357,0.6349206349206349,-25.022704863038076,6500.227609573884,10204.105811093477,10549.425029999758,0.12749954078715273,0.005655824111451084,18330.908203125,78.63758490900527,0.2584635416666667,28,52,0.0001465
library/synth/wav/perc__lib__0034.wav,perc,lib,0034,0.9070294784580499,0.8410616980138811,0.15879024055588098,3.292310522380263e-10,5.470315229157273e-10,0.0001480287577893233,3.179618590315644e-08,-8.355096150743012,23.13110255202317,0.09070294784580499,0.005736961451247165,nan,nan,nan,nan,0.008695659676058025,7.00344234779472e-06,-28.96408040855161,-0.9998544876801003,0.022675736961451247,-24.13095703970327,5959.378699626215,11972.9770503553,12780.194941259017,0.2200792080611385,0.020579077737461083,19124.29305366848,87.79213925680061,0.5443062160326086,30,58,0.0003322
library/synth/wav/perc__lib__0035.wav,perc,lib,0035,0.24943310657596374,0.6957646358141327,0.2815100603597378,2.4495948562868175e-10,6.508537738914814e-07,0.022724624485905915,2.824149028516238e-08,-2.9269983120852006,22.91945841330718,0.11337868480725624,0.012063492063492064,nan,nan,nan,nan,0.007777779265227454,0.00043112500386898074,-27.482821474460923,-0.9998544876801003,0.09070294784580499,-23.91931290098728,6284.118856237898,11237.326411424465,11667.668299037578,0.3032649189648582,0.031733909596869996,18816.4306640625,137.98138362118027,0.5223931206597222,46,92,0.00654
library/synth/wav/perc__lib__0036.wav,perc,lib,0036,2.403628117913832,0.6618751153354265,0.2751640758885475,2.426033211721568e-10,1.0612460213074133e-06,0.06295972131373792,2.5973663346235695e-08,-1.853164826830708,22.66366167458684,0.18140589569160998,0.013129251700680272,nan,nan,nan,nan,0.007872340942727369,0.002799562680431329,-26.980027959189318,-1.000151903819357,1.4285714285714286,-23.6638135784062,6368.700426636657,11029.75920245911,11402.970716937347,0.32547490671442997,0.07015900658332319,18732.054105718085,182.6058400485758,0.513173204787234,62,122,0.02223
library/synth/wav/perc__lib__0037.wav,perc,lib,0037,0.6349206349206349,0.7506015035857933,0.24912344423410476,3.5709506032171107e-10,5.48680399091627e-10,0.00027501725868214153,3.401564437019056e-08,-10.871856371973564,23.301443540055363,0.36281179138321995,0.0034693877551020408,nan,nan,nan,nan,0.009333369218112408,9.01638006223149e-08,-28.335649774818215,-1.000151903819357,0.6349206349206349,-24.30159544387472,6057.514083439479,11755.922601030645,12190.638397314866,0.24400529060872092,0.017816055054501585,19051.142578125,57.33320442738712,0.5181640625,20,38,5.188e-06
library/synth/wav/perc__lib__0038.wav,perc,lib,0038,0.09070294784580499,0.6852749255014803,0.30240580176128395,3.2028318193539005e-10,3.2009442431654886e-08,0.012319207765743002,3.264176713375925e-08,-5.693206430485055,23.582037639195708,0.24943310657596374,0.00399092970521542,nan,nan,nan,nan,0.009130438532225704,1.5842498413895833e-05,-27.93983256834041,-0.9998544876801003,0.09070294784580499,-24.581892126875807,6249.053547859738,11317.610609215428,11886.556412089933,0.2817623871461538,0.02105240037133723,18856.532353940216,88.26782415857745,0.5058169157608695,30,60,0.0004017
library/synth/wav/perc__lib__0039.wav,perc,lib,0039,0.40816326530612246,0.7380655310788276,0.2562028052002355,4.521594917012455e-10,9.255415161361834e-10,0.005731635702585944,2.6640650025180014e-08,-9.533817629764402,22.442648566791657,0.15873015873015872,0.007800453514739229,nan,nan,nan,nan,0.00923080411103351,7.738423458723733e-08,-27.113810909785087,-0.9998544876801003,0.3854875283446712,-23.442503054471757,6122.5791504169265,11543.436915542161,11769.548468698456,0.2739907018826137,0.027814953667120786,19043.633563701922,47.566518021256336,0.4922626201923077,16,32,5.092e-07
library/synth/wav/perc__lib__0040.wav,perc,lib,0040,1.2471655328798186,0.6948310076570066,0.28735110049939455,2.9669104677600707e-10,2.6975163138083835e-08,0.017817833424481306,3.114726332948183e-08,-6.206449275165081,23.166691259748433,0.24943310657596374,0.002653061224489796,nan,nan,nan,nan,0.008947380798251503,4.942571158936367e-07,-27.770696161638217,-1.000151903819357,0.06802721088435373,-24.16684316356779,6244.010781357894,11253.979078488168,11695.040279597502,0.29750868525548274,0.014299902824383218,18753.153268914473,71.76711304901876,0.49956311677631576,26,50,6.875e-05
library/synth/wav/riser__lib__0001.wav,riser,lib,0001,5605.759637188209,0.6678103367935625,0.2592415518036495,9.766407729955972e-05,0.0007613077854156696,0.0720888930963173,2.4644375561248385e-07,0.053356467974754976,15.515976863150971,0.09070294784580499,5.630680272108844,32.37182208966152,nan,nan,nan,0.004769230833559084,1.00651692203465,-19.92216638520731,-1.000151903819357,4087.324263038549,-16.51612876697033,6206.333213560812,11341.36198077451,10592.09690320626,0.5201034840095518,1.0182790938085737,18838.27674278846,53.34788019750187,0.5175614316239316,6800,6800,1
library/synth/wav/riser__lib__0002.wav,riser,lib,0002,5925.873015873016,0.5177326641262526,0.4551837352197932,3.658720993704546e-10,2.3929229179533475e-06,0.02708120506034927,2.304814806365364e-09,0.32944827482803846,13.45876115166309,0.022675736961451247,5.956507936507936,1386.7634636777018,767.1332233608607,749.6118763241601,745.2944296152001,0.3656934997987073,0.9303147998927092,-14.898466434416768,-0.9998544876801003,4202.857142857143,-14.45861563934319,6400.410168583291,10892.687184135402,8954.795580848559,0.040018810048184035,0.8874115433418726,18730.059388626454,52.611773884861016,0.160322525176495,7002,7002,1
library/synth/wav/riser__lib__0003.wav,riser,lib,0003,3272.7891156462583,0.14582013149313366,0.056836943579206566,1.254798800637796e-05,0.015090816187869015,0.7822390194627503,5.412890340649316e-07,0.11574742412409005,14.370343866076979,0.22675736961451248,3.2952154195011336,447.0129087237143,204.36438690730233,197.40298565221642,191.78330584021526,0.023529183855243954,4.778911224872508,-16.113594540709194,-1.000151903819357,2440.385487528345,-15.370495769896337,6643.836891649473,10433.453375380086,9570.443207887016,0.14949400981229644,0.952579162442677,18550.344830575075,nan,0.1821968033468935,3930,3930,1
library/synth/wav/riser__lib__0004.wav,riser,lib,0004,5789.092970521542,0.7212126470387746,0.25723302621370975,1.0919332538855969e-05,0.0007945871101939755,0.020748800134819605,2.0169963238513344e-08,0.11916881937733692,16.526294467123083,0.09070294784580499,5.792063492063492,32.55935014728596,nan,nan,nan,0.004941956951092934,1.008677505445982,-21.347259934848644,-0.9998544876801003,4125.056689342404,-17.526148954803183,6050.723477675315,11712.887490304809,10621.279197234577,0.4767973455537022,0.99737086314283,18986.14301539179,57.22236440655498,0.5382001127176617,7012,7012,1
library/synth/wav/riser__lib__0005.wav,riser,lib,0005,3007.6417233560087,0.6625331139823943,0.25850578858692413,8.48091217545721e-06,0.0009307233616271198,0.07802187875478216,1.4402096881445497e-08,0.1632411290208003,17.229488275156303,0.045351473922902494,3.009138321995465,32.7479645438968,nan,nan,nan,0.004870967994737981,1.0061656974752662,-21.544378329379423,-0.9998544876801003,2294.920634920635,-18.229342762836403,6164.712859860694,11439.395463254943,10655.789865165802,0.48412238481361614,1.0459134685427576,18886.63353704637,47.357489562046126,0.5211268271169355,3604,3604,1
library/synth/wav/riser__lib__0006.wav,riser,lib,0006,5157.868480725623,0.2814387944524408,0.5872399508773851,3.759936962873218e-07,0.0001487449419451692,0.131171972351462,1.6138307062838793e-07,0.1523927274647389,16.342846969425352,0.06802721088435373,5.168684807256236,507.5851377076335,477.71289166684534,450.90092728122806,450.90092728122806,0.010047813195933645,1.6490652289613768,-17.97087745493374,-1.000151903819357,3652.4036281179137,-17.34299887324471,6298.667473689136,11247.371665591565,10119.58532133861,0.22104337315296418,0.9458970256498351,18839.88064852628,97.8468103010954,0.32063432173295453,6132,6132,1
library/synth/wav/riser__lib__0007.wav,riser,lib,0007,2531.496598639456,0.26378785574447666,0.10272875321014016,8.234712004772296e-06,0.010862354860555016,0.6226126172152734,1.8425754996112716e-07,0.06788153310309533,15.207323690895297,0.13605442176870747,2.5473469387755103,440.602335869097,225.45046364061403,211.5712814474782,211.5712814474782,0.010108914720999325,2.6062492286011802,-17.686755766278903,-0.9998544876801003,1849.0249433106576,-16.207178178575397,6523.088391889672,10707.105936525248,10246.437391936379,0.25370707028762146,0.9903911141710292,18624.384538517443,1532.4187988108556,0.3129069010416667,2994,2994,1
library/synth/wav/riser__lib__0008.wav,riser,lib,0008,3056.4625850340135,0.20265930495873663,0.6534541015296618,7.9360923671502e-06,0.0018010061851722464,0.14207762321216316,2.802189904908767e-08,0.3725006466134349,14.603919122133135,0.045351473922902494,3.059954648526077,881.204671738194,266.5631110489104,251.6020732275843,245.8554739330571,0.11893625547221068,0.4310448784685825,-15.540680711920977,-1.000151903819357,2285.260770975057,-15.604071025952493,6564.910744636041,10766.428296394559,9293.662251872178,0.07802705845287673,1.0218339456559498,18697.674933430466,nan,0.15427175442122187,3618,3618,1
library/synth/wav/riser__lib__0009.wav,riser,lib,0009,6048.9569160997735,0.06770598258749128,0.22362479882066177,1.0135983486924296e-06,0.0033311303418083697,0.7053370536768145,2.0974875395211264e-08,0.09293288328828452,14.456507857948672,0.3401360544217687,6.0501587301587305,617.7328960771608,274.37400640929104,269.660425204438,268.1072954420805,0.21692661903982025,13.532218456012126,-15.1123309371308,-1.000151903819357,4437.006802721088,-15.45665976176803,6754.232317336278,10099.511565252578,8867.062264748733,0.06889949648363604,0.8945392789128077,18415.390751620747,nan,0.11353844838938412,7178,7178,1
library/synth/wav/riser__lib__0010.wav,riser,lib,0010,1640.7256235827665,0.09801946568734277,0.8377028635011051,4.991288350962779e-09,1.3466124435980032e-05,0.06426419547385491,4.221972918675565e-09,0.5514349788323474,13.992658965768545,0.20408163265306123,1.6542403628117914,1239.0546174733863,695.3842912395884,637.6702066477172,612.401214329551,0.12095602240849995,0.20615519046720493,-14.79471191028763,-1.000151903819357,1166.0997732426304,-14.9928108695879,6495.806127147788,10616.684048373738,9568.837084343286,0.07197932096354522,1.0706447297860338,18615.776454902694,52.7710503575637,0.15709498970808383,1936,1936,1
library/synth/wav/riser__lib__0011.wav,riser,lib,0011,5752.811791383219,0.06803101593415019,0.02692808066757671,0.0003898509720991133,0.0884280601801048,0.8162220447109805,9.475350888140538e-07,0.050209629816606934,13.456773434153089,0.18140589569160998,5.764331065759637,297.48367026120695,133.2815555244552,130.99185817558717,128.74149645668524,0.15787000109855556,24.670380987156385,-16.24809569841659,-0.9998544876801003,4052.8344671201817,-14.456627921833189,6877.20105746277,9859.373864814492,9028.641579330011,0.0766110659741371,0.8974578157877312,18357.906632570877,nan,0.10959564943084192,6762,6762,1
library/synth/wav/riser__lib__0012.wav,riser,lib,0012,2262.857142857143,0.44239876061316236,0.46102576450239163,4.7081006990059815e-05,0.001973889951553222,0.09455439942673545,1.0449916723314999e-07,0.5152996111236149,16.594765578249916,0.022675736961451247,2.2705215419501132,581.3782676842893,260.4748011782877,245.8554739330571,229.39126832945985,0.009707565890323686,0.58551952017063,-19.313978490023008,-0.9998544876801003,1725.3061224489795,-17.594620065930016,6239.267266862386,11638.379994619203,10259.074947963036,0.2698508268245147,1.0900940595058524,19029.147080243645,818.815413529775,0.4040734242584746,2740,2740,1
library/synth/wav/riser__lib__0013.wav,riser,lib,0013,4549.591836734693,0.7143194395658762,0.27157625017606574,1.7455097554348797e-07,0.00011408255197948042,0.013989968703398546,8.44517046038825e-08,0.1960694976845913,16.957130163930085,0.022675736961451247,4.55140589569161,32.7479645438968,nan,nan,nan,0.00452586217085925,1.0074326818648947,-21.713367137729144,-0.9998544876801003,3360.15873015873,-17.956984651610185,5987.864120890725,11845.909934693165,10693.706945018053,0.421543649298838,0.9809921828695533,19019.387291217674,nan,0.538848876953125,5392,5392,1
library/synth/wav/riser__lib__0014.wav,riser,lib,0014,5708.866213151928,0.37428729446016235,0.419882036249101,0.00012173768555246104,0.00630569615030224,0.19940232103862923,9.144162527952391e-07,0.14041089355332095,16.379090664539753,0.022675736961451247,5.712585034013605,115.03168458038078,nan,nan,nan,0.009900698045161745,1.4466608180674765,-18.773183354273616,-1.000151903819357,4151.360544217688,-17.37924256835911,6298.752524802512,11303.647662333691,10210.66007716854,0.29852227633608974,0.9767937862486219,18857.179897119888,5211.850396841107,0.39897485892248724,6824,6824,1
library/synth/wav/riser__lib__0015.wav,riser,lib,0015,2958.8888888888887,0.7621851402246455,0.21147959947088293,6.051071073378431e-06,0.0007891780807751847,0.02553999152387966,3.962874340835674e-08,0.525032717702417,16.748408675818755,0.13605442176870747,2.98297052154195,nan,nan,nan,nan,0.004361370918015687,0.8982401805724749,-21.812233026854983,-0.9998544876801003,2236.281179138322,-17.748263163498855,5996.117765403982,12162.038651569801,10633.1369406078,0.3770934193135913,1.040197109108864,19193.194637120327,nan,0.5360080802180686,3734,3734,1
library/synth/wav/riser__lib__0016.wav,riser,lib,0016,3095.714285714286,0.06087026322758572,0.3222845456205245,9.51108609843708e-07,0.00010495713134100745,0.6167388140467587,4.688651801955309e-07,0.15880209395739167,13.497406954651169,0.06802721088435373,3.105895691609977,808.0682468747689,423.1425628949564,411.0965155140487,399.3933957188472,0.2666877184288949,4.62313978586471,-13.927573154793054,-1.000151903819357,2347.4149659863947,-14.497558858470526,6760.497383076583,10060.148253130872,9108.744931819238,0.060427802140140575,0.9135237697501323,18406.18449519231,59.585647216317625,0.11079927884615384,3772,3772,1
library/synth/wav/riser__lib__0017.wav,riser,lib,0017,2485.5555555555557,0.7966110228579354,0.18709552201921031,2.7087206914923173e-08,9.047548726646091e-05,0.016202938232795033,1.4315585865667967e-08,0.790349346536624,16.566027094384296,0.13605442176870747,2.486780045351474,nan,nan,nan,nan,0.008142296121407214,0.6945498216381113,-21.486733883386542,-1.000151903819357,1687.482993197279,-17.566178998203654,5971.827291727916,12291.365659706093,10693.99130008439,0.2981774094561926,1.031578951332634,19261.662973999504,172.7106149403546,0.504597177618577,2934,2934,1
library/synth/wav/riser__lib__0018.wav,riser,lib,0018,6412.335600907029,0.6564686428578427,0.25813054599961893,0.00016914237548125717,0.0016070457335793423,0.0836230679345851,1.5550988927913553e-06,0.04892577448105738,16.182975424174703,0.022675736961451247,6.431473922902494,nan,nan,nan,nan,0.004419642956253281,1.0289395321233739,-20.54336350788194,-0.9998544876801003,4547.414965986395,-17.182829911854803,6234.812803687902,11287.070216942795,10593.870208492217,0.5215080678895008,0.9918984916889367,18834.823608398438,nan,0.5155588785807291,7808,7808,1
library/synth/wav/riser__lib__0019.wav,riser,lib,0019,1368.7301587301588,0.7915706461076132,0.20200606337299498,1.3575109513426513e-07,0.00030959332850163636,0.0061135532272515525,8.212543397999582e-09,0.7359526130376557,16.340548984188477,0.45351473922902497,1.3730839002267574,32.55935014728596,nan,nan,nan,0.004577465016145399,0.9215818070382464,-21.805652725098152,-1.000151903819357,1019.3650793650795,-17.340700888007834,5897.18483873065,12076.451399611944,11061.014504060193,0.4386487103944405,1.2175491750396332,19115.418683978874,16330.732609035987,0.5551345180457746,1650,1650,1
library/synth/wav/riser__lib__0020.wav,riser,lib,0020,3525.9637188208617,0.7759962331253094,0.19989121035552226,6.82142236413979e-06,0.0008385660829882754,0.02326706667966645,1.023341494770887e-07,0.4325813579224296,16.806043303049915,0.18140589569160998,3.5303628117913832,32.937671572591746,nan,nan,nan,0.004532967215196556,0.9485726565968771,-22.0418442048806,-0.9998544876801003,2556.3718820861677,-17.805897790730015,5972.000055514519,12173.533627966619,10606.304915119537,0.3918645661564353,1.0261586075992015,19202.23388671875,3704.4800302503936,0.5422108409168956,4230,4230,1
library/synth/wav/riser__lib__0021.wav,riser,lib,0021,1559.9092970521542,0.8634443287128937,0.12860975034196537,7.3749029512020755e-06,0.000811481435666698,0.007126952647958096,1.1195856501086641e-07,0.9931438991955924,16.66782470386381,0.045351473922902494,1.5642403628117914,nan,nan,nan,nan,0.004390244077803073,0.9382136337142266,-22.957196717203754,-0.9998544876801003,1127.233560090703,-17.66767919154391,5851.439404731882,12356.23295393957,10942.637496584655,0.4311080545514242,1.171428136594756,19247.401093273627,57.15087253724833,0.5718309355945121,1904,1904,1
library/synth/wav/riser__lib__0022.wav,riser,lib,0022,5081.292517006803,0.2632410922123764,0.10367061553990346,2.0560927773377455e-05,0.008701066670966387,0.6243664116658255,2.529831549202539e-07,0.06872422679627546,15.766549729143769,0.06802721088435373,5.089478458049887,323.4740157672877,210.35272053396233,197.40298565221642,200.85352906156817,0.010106556485331914,3.2764306042798865,-17.85519917150388,-1.000151903819357,3612.0861678004535,-16.766701632963127,6488.355437346911,10833.709666258117,10074.64298915611,0.2502676910109202,0.9438831940095659,18705.18966468206,1667.615182133247,0.315122740872824,6012,6012,1
library/synth/wav/riser__lib__0023.wav,riser,lib,0023,4299.68253968254,0.6536859204020204,0.2520964978662485,8.167590161332872e-06,0.0007959966710544056,0.0934131147960425,3.026744727269319e-07,0.0723482562929372,16.56223435791525,0.06802721088435373,4.312879818594104,32.37182208966152,nan,nan,nan,0.004355555638658173,1.0318170391021921,-20.879571763821716,-1.000151903819357,3293.0612244897957,-17.56238626173461,6231.117116516803,11316.319496967288,10568.149053393994,0.5033624262183592,1.0062512978664016,18843.275390625,456.9719723041114,0.516298828125,5224,5224,1
library/synth/wav/riser__lib__0024.wav,riser,lib,0024,3156.7346938775513,0.6639590251579812,0.31673036875199867,4.589600710894179e-07,5.5929065496639714e-05,0.019253984706562616,2.3335788971007043e-07,0.28255991258753144,16.822007901317097,0.13605442176870747,3.1784580498866215,33.12847756292408,nan,nan,nan,0.004417178234673429,0.9836691304700733,-21.176925806633093,-1.000151903819357,2329.8639455782313,-17.822159805136454,6017.366293514596,11799.291195643447,10699.934857451668,0.3951339627423752,1.0043500575793067,19025.906016343943,1077.7175392282443,0.5244934456480062,3782,3782,1
library/synth/wav/riser__lib__0025.wav,riser,lib,0025,3368.390022675737,0.0702971382893926,0.7111900469163482,1.4573056399069884e-05,0.004171617405012566,0.21432656448415852,5.984868889848316e-08,0.26696201846922246,13.888840374569556,0.45351473922902497,3.3806802721088434,732.4907174068522,216.51652572965082,202.01706171869222,203.18733465192952,0.19983191975669595,0.735902600250562,-14.47319805143348,-0.9998544876801003,2374.920634920635,-14.888694862249656,6679.793172055579,10451.193571117788,9168.376123594957,0.06328367091118367,0.9953011720084675,18608.512882790114,nan,0.12856207467765043,4056,4056,1
library/synth/wav/riser__lib__0026.wav,riser,lib,0026,3447.006802721088,0.6289630118817444,0.2490509397449376,0.00015254280236757294,0.0037044753526751127,0.11812811701647187,9.132018034289243e-07,0.08702988096468167,15.962874780623043,0.045351473922902494,3.4769614512471656,32.18537411417131,nan,nan,nan,0.004515235545232577,1.0611151410156925,-20.211093833447663,-1.000151903819357,2593.922902494331,-16.9630266844424,6270.54367999413,11219.158233370976,10636.370372985164,0.5122138073033762,1.0286053504844164,18800.45473727493,54.52608095417879,0.5091353228878116,4198,4198,1
library/synth/wav/riser__lib__0027.wav,riser,lib,0027,2292.312925170068,0.8356384519754702,0.15398918764471292,1.5072926707092538e-06,0.0006622337608504443,0.009708553097989453,6.622830627709132e-08,0.6230325225671661,16.898452847050443,0.13605442176870747,2.2957369614512473,32.46558611847374,32.18537411417131,nan,nan,0.004375000159420588,0.9535837269643076,-22.87636191960246,-0.9998544876801003,1667.0068027210884,-17.898307334730543,5891.87654667244,12279.632582963171,10852.269612691864,0.4255010406282291,1.0870591068177389,19199.542236328125,nan,0.5647318522135417,2782,2782,1
library/synth/wav/riser__lib__0028.wav,riser,lib,0028,2030.7482993197282,0.7211718172900883,0.2589332749338415,2.0452357800931157e-06,0.0006590446213943877,0.019233801876649217,1.6042246537160225e-08,0.4162055191057096,16.93821996540615,0.045351473922902494,2.0433786848072564,32.937671572591746,nan,33.707553150554745,nan,0.004454976346850221,0.9569226368427766,-21.78897381383699,-1.000151903819357,1483.5827664399092,-17.93837186922551,6033.207219425496,11789.789463708106,10886.506593958962,0.45606865443236977,1.1037326660424778,19023.71750962678,739.7643901809338,0.539090269549763,2448,2448,1
library/synth/wav/riser__lib__0029.wav,riser,lib,0029,5547.823129251701,0.2529338010486535,0.0978186933830206,2.603800968019567e-06,0.0029756666557942575,0.6462689060932092,3.2901835461512435e-07,0.06139582489131207,16.054797385690147,0.11337868480725624,5.560385487528345,474.9614678739504,272.793728416892,272.793728416892,275.9634388589709,0.010242214016582938,4.386192443225579,-18.000176027975858,-1.000151903819357,4163.446712018141,-17.054949289509505,6485.627628949427,10796.08079349965,9969.725347986865,0.23502826299338173,0.9300722288411087,18664.242617733828,4589.709415250104,0.29951786494755245,6644,6644,1
library/synth/wav/riser__lib__0030.wav,riser,lib,0030,4421.791383219954,0.1632633035481626,0.3943447551326508,5.492944302013987e-07,0.0005418236733503654,0.4418494058457382,1.6250566785565807e-07,0.13292695255672216,15.264485951435145,0.11337868480725624,4.432403628117914,773.8120314841533,355.8190642796383,343.6985607117474,341.71900266752874,0.019503549842165586,3.336187448908934,-16.276137530668507,-0.9998544876801003,3240.975056689342,-16.264340439115244,6517.226063606553,10708.93644825315,9661.022560003206,0.15101753290089456,0.9329861993147903,18632.089092548078,nan,0.20005902300824177,5288,5288,1
library/synth/wav/riser__lib__0031.wav,riser,lib,0031,4132.539682539683,0.6447417500227508,0.253827790884434,4.719621735565167e-06,0.0007930788553817996,0.10063264250999482,1.8105703004133645e-08,0.06609569092976463,15.961619481642707,0.045351473922902494,4.135804988662131,32.37182208966152,nan,nan,nan,0.004322429975878969,1.05408706078487,-20.199671638878808,-1.000151903819357,2941.700680272109,-16.961771385462065,6234.690774246461,11296.386482858155,10658.584816152075,0.49761226283767684,0.9986989685259609,18848.696927935165,46.18720555652453,0.5150500146028038,4976,4976,1
library/synth/wav/riser__lib__0032.wav,riser,lib,0032,6168.185941043083,0.1772731176919271,0.5709994191575894,4.537854247835998e-05,0.006017955804012313,0.24566392707986612,2.0172412669282008e-07,0.1436469953138268,15.652486697576034,0.09070294784580499,6.173469387755102,621.3113863398103,179.97674132766073,175.8660668746354,173.84607280989715,0.017513309187680758,1.9885454193360634,-16.811087927144843,-0.9998544876801003,4309.433106575963,-16.652341185256134,6461.257310091534,11016.936411832692,9512.459768320005,0.15320435929656798,0.9522931076523978,18794.247508612203,3082.9038852024787,0.21484913262795274,7382,7382,1
library/synth/wav/riser__lib__0033.wav,riser,lib,0033,5577.34693877551,0.5906446573724697,0.3519717954041587,3.992094946703723e-05,0.0012697227170106423,0.056073852127187886,5.1429706000975594e-08,0.24034923842806435,16.731971914943628,0.022675736961451247,5.587528344671202,32.46558611847374,nan,nan,nan,0.0058362403269251045,1.0329439044416313,-20.617984219616904,-0.9998544876801003,3771.043083900227,-17.731826402623728,6089.68793866959,11879.372574867419,10307.39797168618,0.35735164598191604,0.9829534644925517,19098.4130859375,63.707816180934586,0.4928535700675087,6670,6670,1
library/synth/wav/riser__lib__0034.wav,riser,lib,0034,2514.3083900226757,0.7747079656724342,0.20013677328767687,1.007148402076157e-07,0.0001363847792645709,0.025018764513413092,1.1032371094653372e-08,1.194327796341689,15.629222753914803,0.31746031746031744,2.530770975056689,1193.3812917857715,601.8805280172077,558.3399591246119,542.4451043119591,0.01658689899622018,0.12515884550104747,-19.910572776092952,-0.9998544876801003,1911.2018140589569,-16.629077241594903,6267.52500711946,11934.675060070987,10065.656609298872,0.11888189417306233,1.0494332542710336,19261.36737530048,6262.195904652651,0.2869666466346154,3022,3022,1
library/synth/wav/riser__lib__0035.wav,riser,lib,0035,2245.78231292517,0.8109574546153683,0.17573731032757725,4.513105097480514e-08,2.038900730021941e-05,0.013284775209437482,2.570926585065597e-08,2.083173882460624,14.10548629845897,0.06802721088435373,2.268798185941043,1423.3000008431595,871.0831728136762,789.6119426088657,776.0468820533237,0.05798057013327314,0.0555810590688341,-20.02285430448957,-1.000151903819357,1729.9092970521542,-15.105638202278326,6211.489542916661,11927.766050604725,9799.884415599538,0.06879436627200844,1.0518431391553322,19316.291140292553,nan,0.2926799368351064,2724,2724,1
library/synth/wav/riser__lib__0036.wav,riser,lib,0036,2837.732426303855,0.1366398260949616,0.05369953461675757,2.207391989510006e-06,0.005915984407655135,0.8037424241096244,2.3379011857604607e-08,0.13409105311183592,15.484193353186708,0.15873015873015872,2.8463265306122447,545.587456833784,260.4748011782877,250.15295191916698,245.8554739330571,0.030169527684588787,3.513958570629009,-16.90869338425982,-0.9998544876801003,2211.24716553288,-16.484047840866808,6642.7656797422605,10413.762614025616,9571.430445773158,0.13893224639248788,0.9511893979952981,18537.86797277706,nan,0.17431472830756015,3380,3380,1
library/synth/wav/riser__lib__0037.wav,riser,lib,0037,3304.648526077098,0.8116465847876273,0.18036996759568313,4.847288024213647e-05,0.0010446890227886402,0.006890203500281369,8.22133774834312e-08,0.3604645260749933,16.433685506257284,0.15873015873015872,3.343378684807256,32.7479645438968,nan,nan,nan,0.004228571510725109,0.9817260696174621,-22.14575193779887,-1.000151903819357,2467.3015873015875,-17.43383741007664,5913.595142241202,12131.464838282238,10812.721711309605,0.4558510112497001,1.0644597749471338,19153.6611328125,1451.7000657686558,0.5612025669642857,4070,4070,1
library/synth/wav/riser__lib__0038.wav,riser,lib,0038,4580.5895691609985,0.07962908617054333,0.03171080574071747,0.0005222066172611648,0.15928656291925974,0.7288505115075341,8.270446842661894e-07,0.049284495893811155,13.695329102403175,0.15873015873015872,4.588548752834467,266.5631110489104,128.0,123.63985010238022,122.21972530053333,0.10456376297211382,20.610886477332855,-17.62477973192644,-0.9998544876801003,3372.358276643991,-14.695183590083275,6858.961659746795,9906.763210458217,9037.513059491414,0.09104234636124996,0.8982072591315041,18367.500874533584,52.61313814476991,0.11897092384061833,5452,5452,1
library/synth/wav/riser__lib__0039.wav,riser,lib,0039,3309.229024943311,0.5316383608097659,0.39866010286790093,2.3954536094033246e-07,0.00029802735889748576,0.06940323475245058,3.466562418971904e-08,0.21603896064003658,16.90919316105616,0.06802721088435373,3.3218367346938775,1921.921017182501,nan,nan,nan,0.00591304540280847,1.0334765025237735,-20.208281495921554,-0.9998544876801003,2626.6213151927436,-17.90904764873626,6145.695131940164,11548.862005161362,10595.208766289616,0.3650953696931393,1.0087081816451313,18933.49014945652,nan,0.4792416779891304,4004,4004,1
library/synth/wav/riser__lib__0040.wav,riser,lib,0040,5261.111111111111,0.6227088613037199,0.3382090103472297,2.5239350785425984e-06,0.0006571432036317,0.03842244793136192,1.3278978107008914e-08,0.2463229269027817,17.122900391965306,0.06802721088435373,5.2674149659863945,32.18537411417131,nan,nan,nan,0.005036901483016232,1.022181628046234,-21.283940614549856,-0.9998544876801003,3775.6916099773243,-18.122754879645406,6040.020030709817,11912.899581775457,10434.670763776374,0.3721926652903448,0.9907672116142265,19071.90238699262,57.74436206160653,0.5093629281019373,6296,6296,1
library/synth/wav/rumble__lib__0001.wav,rumble,lib,0001,216.5079365079365,1.1591181731534087e-09,6.211669542355626e-10,0.4718240894303292,0.003129283668192377,1.4864051556334407e-06,0.5250451387160378,1.2344388159157351,14.540798719512775,3.5374149659863945,0.25811791383219956,nan,nan,nan,nan,0.014045562227308328,226.5039477332657,-42.20979781497904,-1.000151903819357,148.20861678004536,-15.540950623332133,1857.5800743987947,588.7382322021342,243.80609288695075,8.163427865808621e-05,0.10177290407968968,794.1785310444079,1607.066433559497,0.002479954769736842,26,446,0.9961
library/synth/wav/rumble__lib__0002.wav,rumble,lib,0002,92.29024943310657,6.834037802498055e-10,2.6134842083356682e-08,0.23115027187812598,0.02249314668867913,0.00025379122332888133,0.7461027633916203,3.7207503883696678,13.00989487875211,4.104308390022676,0.19151927437641722,43.713288216140654,47.669678819926474,42.7148753334411,45.254833995939045,0.01631273665057674,24.26490084374398,-38.976709016551574,-0.9998544876801003,62.38095238095239,-14.00974936643221,2366.1778771467793,1024.9043799476683,514.8367306191345,0.0005921498093523325,0.13728545316526058,2037.6790364583333,546.2611264085986,0.0023389274691358024,100,232,0.9778
library/synth/wav/rumble__lib__0003.wav,rumble,lib,0003,217.27891156462584,7.71950244007645e-10,5.436313285246614e-10,0.31677567693799225,0.006116414156182789,8.771627213245137e-06,0.6770991359630303,1.031048365155336,12.70616714681056,4.01360544217687,0.2435827664399093,46.58090185094999,44.735037893728624,46.04587456034624,nan,0.018468422655087243,138.13400116596398,-41.72759070733963,-1.000151903819357,93.83219954648527,-13.706319050629919,1733.7177616359243,519.1163718906657,397.36329193032344,5.6161612573838314e-05,0.10264666243571913,664.453125,1793.8628235434637,0.002280667701863354,40,536,0.9919
library/synth/wav/rumble__lib__0004.wav,rumble,lib,0004,76.55328798185941,4.738406352825193e-10,3.803945318839373e-10,0.5352526236986519,0.029642788363049666,0.0001953075895481925,0.4349092794945148,0.861679746383239,10.296435657084341,3.560090702947846,0.18886621315192745,55.39433990439315,56.3626159101535,54.75808164368654,nan,0.0407167356656902,94.77114071327814,-35.46776174284944,-0.9998544876801003,52.8344671201814,-11.296290144764441,1528.5062536703333,439.63857122646135,410.1867815573875,2.9417328627992392e-05,0.11729996314120611,420.24034633757964,1561.698313718471,0.002456956608280255,308,722,0.9854
library/synth/wav/rumble__lib__0005.wav,rumble,lib,0005,108.61678004535148,5.251197841738723e-10,4.564777121752108e-10,0.20414366290147024,0.011930043967472612,5.755793802737641e-05,0.7838687342114322,2.435427681649171,11.328809492327899,5.623582766439909,0.14839002267573695,44.22121215896883,45.51699258231301,45.254833995939045,50.21338226539205,0.03411180850791381,96.61600246961211,-39.77372325540275,-0.9998544876801003,73.90022675736961,-12.328663980007999,1991.2736263394395,727.5602363538627,420.5353316939047,0.0001499311201001684,0.0832483016036763,1272.900894007732,779.4214765693965,0.001927955863402062,64,332,0.9941
library/synth/wav/rumble__lib__0006.wav,rumble,lib,0006,173.74149659863946,1.1327333827962326e-09,7.644002514910055e-10,0.2630307873625457,0.012600146728674867,6.590478679807296e-06,0.724362473532966,2.4926464025041533,14.896199689208874,5.850340136054422,0.19938775510204082,43.96651671865885,45.51699258231301,42.224253144732614,47.12214585921682,0.015909994405479726,38.196923200174254,-42.20851984041262,-1.000151903819357,136.89342403628117,-15.896351593028232,2086.118368216308,788.23465751441,438.07950756265495,0.00024367847696593278,0.10419679999477191,1370.077237215909,811.3702740563549,0.0022095959595959595,26,306,0.9932
library/synth/wav/rumble__lib__0007.wav,rumble,lib,0007,170.2721088435374,3.468744961090679e-10,2.2826727075481517e-09,0.213592836998315,0.02085205681657321,0.0003484287695617667,0.7652066747860027,0.6201124087020925,9.025421470061442,4.535147392290249,0.2780045351473923,44.477383034954784,44.735037893728624,42.962320088968426,46.3126155980921,0.02657242189113456,88.61560463186541,-34.86950745005789,-1.000151903819357,106.19047619047619,-10.025573373880798,1261.8240352522653,320.70172684767044,502.6167314260517,1.246366364106979e-05,0.17217225042302006,243.145751953125,1455.416713491867,0.0019327799479166667,152,748,0.9992
library/synth/wav/rumble__lib__0008.wav,rumble,lib,0008,130.7482993197279,7.77968617844158e-10,4.533880583793362e-10,0.232583224563832,0.004046992821623421,5.006785305305764e-06,0.7633647745978827,2.376749730812845,13.088013617297426,5.26077097505669,0.1773469387755102,44.735037893728624,45.51699258231301,45.254833995939045,nan,0.026300655446116258,174.1642221859495,-43.60722163274548,-0.9998544876801003,92.26757369614512,-14.087868104977526,2056.2010477059885,752.6981346397678,437.49371028972274,0.00014572762021553242,0.08267249479816031,1266.4478975183824,890.1348902100705,0.001967486213235294,102,286,0.9952
library/synth/wav/rumble__lib__0009.wav,rumble,lib,0009,80.97505668934241,8.46413982535387e-10,4.772833098121629e-10,0.3824507354102938,0.010214748166787059,2.173640747763737e-05,0.6073127786917443,1.5259374392934169,13.253385344186196,4.875283446712018,0.09698412698412698,50.50426542967306,47.39512167317005,50.79683366298238,nan,0.02955701261967638,114.97222442647987,-41.541612125270646,-0.9998544876801003,61.36054421768707,-14.253239831866296,1945.8914078498453,651.2030989719135,405.6228508577908,7.314722827237974e-05,0.09341224561404916,1028.3687815946691,1498.2330761844487,0.002265481387867647,28,344,0.9865
library/synth/wav/rumble__lib__0010.wav,rumble,lib,0010,207.32426303854876,7.331871921761651e-10,7.55455294073671e-09,0.3521941005860578,0.02467790360954213,0.00016864144361539973,0.6229593460730446,1.7351703990100442,12.48567292612297,4.512471655328798,0.24448979591836734,47.25863376619344,43.46151820247428,47.12214585921682,48.223573807186426,0.022964724502171286,31.0181660654335,-38.072510514819335,-1.000151903819357,151.97278911564626,-13.485824829942327,1775.8972434963732,625.8047305101419,520.297762035617,0.0001657848916501687,0.17598679271448617,941.2531672297297,981.8522035955679,0.0025689752252252254,72,324,0.9982
library/synth/wav/rumble__lib__0011.wav,rumble,lib,0011,102.94784580498866,2.933541208246412e-10,1.4233463491800995e-09,0.20537634196792773,0.02144253494873655,0.0007362955797648818,0.7724448257868703,0.814553384405687,8.114108479549213,6.462585034013605,0.12020408163265306,44.22121215896883,43.96651671865885,46.58090185094999,54.442698300854765,0.03413959190536105,129.8880237861772,-33.69099139761627,-1.000151903819357,51.7687074829932,-9.114260383368569,1349.6408430575082,358.2567224019308,410.3999906472149,1.7946467801398415e-05,0.14429412261970334,293.0458470394737,1229.5000713268007,0.00193843984962406,264,672,0.9923
library/synth/wav/rumble__lib__0012.wav,rumble,lib,0012,119.8185941043084,3.8710177024480737e-10,1.4105764841971594e-09,0.224963085004679,0.021016580759632735,0.00040082366073444857,0.7536195087772757,1.0106231597167243,9.491535617480068,4.761904761904763,0.17573696145124718,44.477383034954784,45.51699258231301,45.254833995939045,51.0910967268256,0.025667782580001918,70.84509386612152,-35.74769509576224,-1.000151903819357,83.19727891156462,-10.491687521299424,1466.6423328591104,417.89844153344933,474.97550297112423,2.9172816520606677e-05,0.14375579486670556,400.927734375,1271.4983037561399,0.001968625992063492,228,580,0.9979
library/synth/wav/rumble__lib__0013.wav,rumble,lib,0013,81.56462585034014,2.3030389371942588e-10,6.525512839363599e-07,0.2978589152842056,0.05044134429554325,0.003464386799716136,0.648234700838947,1.119609678980963,7.2675120270526445,8.36734693877551,0.12217687074829932,48.223573807186426,46.3126155980921,47.669678819926474,52.892820361869546,0.05637289432571629,72.87125975570203,-29.759280851008818,-0.9998544876801003,49.342403628117914,-8.267366514732744,1405.958651299773,418.05639664319654,463.3020647252776,2.5644577539932437e-05,0.1833101711578252,430.4646809895833,910.9867150218888,0.002152054398148148,332,636,0.9901
library/synth/wav/rumble__lib__0014.wav,rumble,lib,0014,59.93197278911565,3.0718478361085054e-10,3.1723870262293286e-08,0.3615217022922136,0.06972332163638306,0.0034043820659116863,0.5653505619744366,4.268627607992294,9.59759244159781,7.165532879818595,0.08623582766439909,51.239080583040845,50.79683366298238,51.0910967268256,59.37018348424381,0.04110713254131767,17.68797599226437,-31.325591173988162,-0.9998544876801003,41.26984126984127,-10.59744692927791,2501.988752825485,1126.2997459380533,445.5549590082705,0.0006211519022516081,0.16910861533756963,2354.583984375,498.9543593799005,0.00236328125,114,250,0.953
library/synth/wav/rumble__lib__0015.wav,rumble,lib,0015,99.29705215419501,4.974822278800311e-10,4.645965609767135e-10,0.20346835765883522,0.011753169218173517,0.00015316109527144486,0.7846253110656412,3.9918185324276814,11.760669899689127,5.759637188208617,0.13956916099773242,43.713288216140654,45.254833995939045,44.735037893728624,53.5074053304646,0.03448727880664921,64.20206061160576,-39.946153327717795,-1.000151903819357,68.86621315192744,-12.760821803508485,2363.3280782470583,1016.1575424921228,453.81693261760404,0.0005405135556373796,0.09936187083509013,2126.473721590909,535.9470597476114,0.0019214184253246753,64,238,0.9886
library/synth/wav/rumble__lib__0016.wav,rumble,lib,0016,77.05215419501134,9.009053581474633e-10,1.0232801940522726e-09,0.5573451387663446,0.02036566516375475,6.766908956889385e-05,0.4222215250561463,4.5568178320852155,14.656458939967532,4.444444444444445,0.09925170068027211,nan,nan,nan,nan,0.02075035648352552,16.512530374829268,-40.018704516617646,-0.9998544876801003,53.53741496598639,-15.656313427647632,2612.894053856881,1216.947561461913,342.986972234872,0.0008828250916595859,0.08799385439654327,2706.29296875,522.4676065120119,0.0026497395833333334,30,216,0.9399
library/synth/wav/rumble__lib__0017.wav,rumble,lib,0017,66.25850340136054,7.680593271800101e-10,6.235648878225908e-10,0.3082020508966803,0.015128075211657575,7.670210737405905e-05,0.6765931703926638,2.774900733382366,13.226428977608483,3.5147392290249435,0.11766439909297052,44.99418533191518,46.850742270260014,44.477383034954784,49.06650702942722,0.015692240908898123,39.68064229121778,-39.880258180763995,-0.9998544876801003,50.58956916099773,-14.226283465288583,2215.465142873496,876.3040380491025,332.82908497848507,0.00031701611638164677,0.09712633519674074,1630.810546875,884.13796086504,0.0022520727040816328,88,278,0.9576
library/synth/wav/rumble__lib__0018.wav,rumble,lib,0018,223.46938775510202,8.382043312424937e-10,4.930483565011087e-10,0.3835333621900311,0.00900612956555966,4.6166638336341954e-05,0.6074143402748203,1.4248734731925061,13.080315210025391,4.5578231292517,0.24884353741496598,49.63663237867951,41.25984987006653,49.350746413054104,nan,0.026591442389834664,124.39744921932952,-41.05327719209139,-0.9998544876801003,167.89115646258503,-14.080169697705491,1838.736936579511,599.86370301784,453.8190734425895,7.079420979456413e-05,0.11021770340684395,894.4314074160447,1226.7045576863945,0.002379460121268657,38,38,0.9946
library/synth/wav/rumble__lib__0019.wav,rumble,lib,0019,140.68027210884355,2.8596736557190724e-10,2.6908424605938394e-08,0.1946532744632969,0.018043458923116287,0.0007061005083775778,0.7865971389108174,2.1513867630554016,8.444189820560087,6.8480725623582765,0.1946938775510204,43.46151820247428,43.96651671865885,43.713288216140654,45.254833995939045,0.04302537139253099,142.79235200949987,-34.143477697533406,-1.000151903819357,99.63718820861678,-9.444341724379443,1633.0652892799742,570.5993818620867,502.1366874142629,7.258178294106253e-05,0.16279008187878466,931.6353303840361,585.6576830361709,0.0019295933734939758,204,368,0.9985
library/synth/wav/rumble__lib__0020.wav,rumble,lib,0020,215.98639455782313,7.402045728289446e-10,3.773208085874413e-08,0.5091544857020093,0.028776598806172823,0.0003743163979154457,0.46169456062161685,2.2302554198689313,12.80974260049534,3.2426303854875282,0.22975056689342405,53.5074053304646,55.39433990439315,50.21338226539205,56.68912122255107,0.030823995330108316,29.557276550448247,-37.32119765859772,-0.9998544876801003,154.7392290249433,-13.80959708817544,1917.0689163163759,724.885820830674,518.9408553701109,0.0001827168826490261,0.18685702214012304,1297.9248046875,813.5595427189943,0.0027553013392857145,40,208,0.997
library/synth/wav/rumble__lib__0021.wav,rumble,lib,0021,170.04535147392292,3.1998814252322e-10,2.1352082460451022e-09,0.20139754276708066,0.021032480379712667,0.0005004044261566266,0.7770695699718536,0.6921130617446819,8.52190617261218,4.9433106575963714,0.37299319727891156,44.22121215896883,43.713288216140654,42.46885575483417,45.78066983792827,0.03044373591050084,123.00683126547365,-34.10984083507793,-1.000151903819357,102.26757369614513,-9.522058076431538,1260.248094505508,328.55135292636805,497.5204125805546,3.0126563499060607e-05,0.1694214877466834,215.81411788712686,1266.212397512047,0.0019312616604477612,240,660,0.9992
library/synth/wav/rumble__lib__0022.wav,rumble,lib,0022,128.86621315192744,5.26170828923891e-10,2.925232524625237e-10,0.19527911353949676,0.001869922239134224,3.3723608522808062e-06,0.8028475910418227,3.868991272895308,11.88958275532266,5.238095238095238,0.16058956916099773,44.735037893728624,45.51699258231301,46.04587456034624,nan,0.03110348152200649,669.9011610325845,-43.669975307390665,-1.000151903819357,89.88662131519274,-12.889734659142016,2295.0891703238212,961.1338383853736,404.08079345871374,0.00043295345408005576,0.06850963703189997,1953.369140625,494.3320065733741,0.0019150771103896105,32,202,0.9808
library/synth/wav/rumble__lib__0023.wav,rumble,lib,0023,163.26530612244898,4.2091479430353404e-10,2.0589161287312366e-08,0.2381541044941001,0.027500640689255534,0.0006453999477846494,0.7336998338587837,1.002316454653531,9.836568729914243,5.487528344671201,0.2836734693877551,41.98105934199836,nan,39.624843532078096,44.99418533191518,0.013990685844531055,34.75741106767257,-34.143749425107536,-0.9998544876801003,90.52154195011337,-10.836423217594342,1447.7826904772032,431.3669942188459,307.0315337945924,6.416685711496651e-05,0.19438256016592936,505.517578125,1313.7418467908333,0.002146887400793651,146,562,0.9979
library/synth/wav/rumble__lib__0024.wav,rumble,lib,0024,164.98866213151928,5.02988292308479e-10,4.995718804940353e-10,0.30700137944933165,0.012989265538733016,0.0001647648793203446,0.6798445891300547,3.8992604806312943,11.570947445864038,3.7414965986394555,0.16900226757369616,48.502930128332736,46.850742270260014,48.502930128332736,54.75808164368654,0.06188422021918065,214.5788478909526,-39.83683434560567,-0.9998544876801003,98.0952380952381,-12.570801933544137,2208.8283447652652,943.5173726482319,477.4028213184157,0.0004413865763081092,0.11713229842089684,1940.572265625,467.97480262686025,0.0021419270833333334,86,224,0.9941
library/synth/wav/rumble__lib__0025.wav,rumble,lib,0025,211.26984126984127,1.0989987758986586e-09,6.048221671639079e-10,0.316001301133955,0.020035539116862428,1.2334257586042462e-05,0.6639508237877756,0.9314767225487669,14.068311793369507,5.192743764172335,0.22868480725623583,44.99418533191518,47.94582646005381,45.78066983792827,46.04587456034624,0.016214362310602953,78.01196396908657,-40.226803932803136,-1.000151903819357,186.57596371882087,-15.068463697188864,1692.7204459068412,507.47411004664605,293.497972732082,5.763417529347988e-05,0.116461275894383,559.3505859375,1791.521350147744,0.0024472191220238095,84,354,0.9967
library/synth/wav/rumble__lib__0026.wav,rumble,lib,0026,175.98639455782313,6.433510494882879e-10,3.5687263673910276e-10,0.20380120288328935,0.005912494214292005,2.963612071436216e-05,0.7902566657814806,1.1373236113107508,11.890942751983197,6.4852607709750565,0.1826530612244898,41.73926623249805,nan,nan,nan,0.015354870192247254,133.5516758693561,-40.81308958568832,-1.000151903819357,123.6734693877551,-12.891094655802554,1661.3195044244194,488.6812137353498,438.81232282219327,3.8736952700050065e-05,0.11309560440697114,623.8248697916666,1412.106760760204,0.0019820601851851852,60,480,0.9978
library/synth/wav/rumble__lib__0027.wav,rumble,lib,0027,120.54421768707483,6.860113094092327e-10,4.2121066433147315e-10,0.4467106843200311,0.010421735257474387,2.4524759870700238e-05,0.5428430545554018,3.564375462931657,13.019122999064436,7.4603174603174605,0.13712018140589569,49.637460438955,nan,nan,nan,0.017539829773357697,30.195423943424842,-39.69739110071003,-1.000151903819357,101.54195011337869,-14.019274902883794,2276.280273494518,957.3129735965763,434.20682612103195,0.0004315809983074855,0.10231458847821105,1915.4173333960844,600.2266092442655,0.0023708113704819277,124,230,0.9747
library/synth/wav/rumble__lib__0028.wav,rumble,lib,0028,103.7641723356009,7.048234206980633e-10,5.064757811290796e-10,0.23864142560693152,0.00439864422392345,1.1212525400644407e-05,0.756948716432445,2.0827754756652594,12.46789246057348,5.328798185941043,0.10931972789115646,45.51699258231301,45.254833995939045,46.58090185094999,nan,0.02322400025040228,214.00926825290225,-42.75568414169829,-1.000151903819357,82.8344671201814,-13.468044364392837,2018.5520031334338,722.6260120042169,426.8939645970215,0.0001570664866337113,0.08602599421274901,1256.0394287109375,1016.7091407832622,0.0019662039620535715,58,312,0.9887
library/synth/wav/rumble__lib__0029.wav,rumble,lib,0029,202.10884353741497,1.8483796801251704e-09,9.875634504437463e-10,0.557795908352884,0.05163049407882058,1.61154079330101e-05,0.3905574793244192,1.8976301671309617,16.676322143899135,3.1519274376417235,0.2063265306122449,55.715236050951944,58.350239267725875,54.442698300854765,55.39433990439315,0.017996123603947943,21.17366260852479,-40.06677906862011,-1.000151903819357,158.07256235827663,-17.676474047718493,2033.9431579170227,752.8573173820404,449.69409701796474,0.000194149814693324,0.11315448689485129,1326.05700883709,1074.8026147359974,0.0030897797131147543,6,254,0.9937
library/synth/wav/rumble__lib__0030.wav,rumble,lib,0030,102.94784580498866,7.251358830772125e-10,4.643794353721473e-10,0.24409530236255014,0.004153007473807542,6.157929709537228e-06,0.7517455310444173,3.661774408510223,13.400157988702631,4.988662131519274,0.1082312925170068,45.51699258231301,44.22121215896883,46.04587456034624,nan,0.022036840867178255,132.45685641114807,-43.62077790208666,-1.000151903819357,76.05442176870748,-14.400309892521987,2430.3609066060076,1023.9351329742148,393.36007701245876,0.0004739683276445379,0.07059746074485168,2007.2021484375,654.6913071672952,0.002028692336309524,40,236,0.968
library/synth/wav/rumble__lib__0031.wav,rumble,lib,0031,118.843537414966,7.281066824517418e-10,2.7559880159558693e-09,0.3520888466350003,0.012983217266527116,9.470767442759786e-05,0.6348332249399502,4.038732217055764,13.405100884434802,7.437641723356009,0.1362358276643991,47.80775263999014,40.31747359663594,48.502930128332736,54.129131432412706,0.018766014131658525,29.852740993117504,-40.47655988148484,-1.000151903819357,97.73242630385487,-14.40525278825416,2344.2819897215973,1029.338031853046,435.0551681919053,0.0005753173998082546,0.12131343295812701,2207.7199835526317,531.5310571147862,0.0022936369243421054,90,222,0.982
library/synth/wav/rumble__lib__0032.wav,rumble,lib,0032,164.82993197278913,7.299233516202096e-10,4.639127771606924e-10,0.22760549608379174,0.011316113379733633,3.138535348554717e-05,0.7610470039891531,1.8128044845234947,12.70428740237029,5.079365079365079,0.2124263038548753,43.21119827738208,48.502930128332736,40.55103034518599,48.502930128332736,0.014768982944269423,52.24990066139982,-40.14497044595397,-0.9998544876801003,129.34240362811792,-13.70414189005039,1885.1654897035328,651.2528854409643,220.54541581460745,0.00015874675104504232,0.1228345757823404,993.3606599506579,1072.6890340833613,0.0020644873903508773,28,352,0.9943
library/synth/wav/rumble__lib__0033.wav,rumble,lib,0033,214.85260770975057,4.5357717140667673e-10,8.608391143732279e-08,0.3200620017550667,0.02449454157783615,0.00046629810187374536,0.6549770720277348,1.9667493476427986,10.416819922796082,5.28344671201814,0.2515419501133787,48.78390474418438,47.669678819926474,48.502930128332736,51.0910967268256,0.0514684665091776,105.88008783197834,-36.777321169654115,-0.9998544876801003,128.29931972789115,-11.416674410476181,1748.3842244603231,615.46950059301,540.6613912240114,0.00011354373948397837,0.17141062535082938,958.6761474609375,741.1732814224971,0.0021464029947916665,70,332,0.999
library/synth/wav/rumble__lib__0034.wav,rumble,lib,0034,114.21768707482994,6.328227593806121e-10,5.069402149812505e-10,0.5301942808120998,0.023291727070823106,0.0001155687822041103,0.44639842219511006,2.6777299732331237,12.189488275596858,4.331065759637188,0.1280952380952381,55.39433990439315,55.715236050951944,55.715236050951944,nan,0.08087339130709466,116.17157487425425,-38.37626284072122,-1.000151903819357,89.63718820861678,-13.189640179416216,2087.8235833517247,816.9484000206603,463.4046043704887,0.000222011817630354,0.09885593341404965,1537.5151014819587,745.4314466007459,0.0024464400773195876,126,354,0.9946
library/synth/wav/rumble__lib__0035.wav,rumble,lib,0035,174.98866213151928,1.0128790472584025e-09,6.291821410774413e-10,0.18672179188308538,0.0014804473151096168,6.871641858994885e-07,0.8117970719955578,2.384359124690247,14.254323264742148,5.442176870748299,0.2054421768707483,44.22121215896883,45.51699258231301,42.224253144732614,47.12214585921682,0.025389328745445517,458.8660800769973,-45.93097005369682,-1.000151903819357,135.12471655328798,-15.254475168561505,2104.3926580811963,767.6166104898574,290.36230749605124,0.00019166632455151167,0.06812238228106911,1340.4941595873786,808.6190033086989,0.001924681432038835,50,144,0.9954
library/synth/wav/rumble__lib__0036.wav,rumble,lib,0036,205.41950113378684,5.297001870914962e-10,3.298655831681725e-08,0.23794750094420491,0.025824771456779038,0.00028466385854784897,0.7359430302242097,1.2237449640993108,10.983259513764864,6.00907029478458,0.33988662131519276,44.477383034954784,46.58090185094999,44.99418533191518,44.99418533191518,0.02256586486587246,52.370434763685815,-36.40710822123599,-1.000151903819357,137.02947845804988,-11.98341141758422,1533.809067757716,478.45441125203155,517.8757026790238,5.6632468769975015e-05,0.18189169322351895,611.1237382466815,1024.347912444035,0.0022383158185840706,120,342,0.9992
library/synth/wav/rumble__lib__0037.wav,rumble,lib,0037,73.74149659863946,1.2311053106370872e-09,7.567305762539602e-10,0.38313245951399677,0.007864688092278771,6.474012433093875e-06,0.6089963763934555,3.6822062217590794,15.794252463655475,4.01360544217687,0.10047619047619048,49.63663237867951,nan,nan,nan,0.02023948477229829,91.06672582040515,-44.326840601297036,-1.000151903819357,58.45804988662132,-16.794404367474833,2570.310482972906,1107.6833143236568,281.0602080877417,0.000502359836583299,0.07768589801531746,2200.3468480603447,793.9133098855821,0.0023403825431034483,14,218,0.946
library/synth/wav/rumble__lib__0038.wav,rumble,lib,0038,81.63265306122449,5.76303303185579e-10,8.984971610754314e-10,0.5616756199360617,0.03809461111443564,0.0002231085315183355,0.4000066589431838,0.8015395114270422,11.2200177532531,5.28344671201814,0.08736961451247166,56.03799112997665,58.350239267725875,nan,nan,0.023275050161287437,57.661280823299656,-35.23322535848109,-1.000151903819357,57.14285714285714,-12.220169657072457,1499.2726248162585,436.8747551143056,464.5911770582083,3.5649647802012604e-05,0.14917477772332954,464.1007133152174,1720.5174140348552,0.002817473796583851,64,772,0.9911
library/synth/wav/rumble__lib__0039.wav,rumble,lib,0039,217.32426303854876,7.343729707719509e-10,5.480521005982492e-09,0.37745257473958455,0.021393346549607152,0.00037080228873123585,0.6007832702071831,2.0248834935761364,12.78227856373927,4.172335600907029,0.24170068027210884,50.21338226539205,49.9241744648559,49.63663237867951,55.39433990439315,0.03003349406152958,47.616155578757066,-38.37366024170046,-0.9998544876801003,157.2562358276644,-13.78213305141937,1879.3118308577054,689.7019717861775,333.8784823118193,0.0002824981051914568,0.17396988524584664,1155.6829488502358,958.8076904816741,0.0025151090801886792,46,300,0.9966
library/synth/wav/rumble__lib__0040.wav,rumble,lib,0040,210.34013605442175,5.419607070935852e-10,3.475705545970527e-10,0.2544508958927073,0.019809100394953764,8.9179433688485e-05,0.7256508233891191,0.7049872495773247,10.849136371654911,5.623582766439909,0.3069387755102041,44.477383034954784,47.12214585921682,45.254833995939045,44.477383034954784,0.020253308515605778,67.0974998890224,-37.249600201897046,-1.000151903819357,134.7392290249433,-11.849288275474269,1400.9080483142673,372.3130645124974,473.47926004908663,1.752509787506789e-05,0.1456705372344194,250.14870383522728,1594.8218464255792,0.0021877536525974025,122,550,0.999
library/synth/wav/stab__lib__0001.wav,stab,lib,0001,6.099773242630386,4.788269344581762e-05,0.0018863078829080083,0.8112038662403442,0.13377084564197952,0.040439707097220855,0.012651390444101518,1.7143738138539037,9.395053320174497,5.510204081632653,0.08351473922902494,83.96211868399672,83.96211868399672,83.4785324649961,83.96211868399672,0.47603107375052334,17.74870998234486,-23.507212097721506,-0.9998544876801003,1.383219954648526,-10.394907807854597,1464.159084405631,642.476955072961,843.1076822429864,5.051976924508604e-05,0.20742344641567131,1008.6605674342105,383.358274306317,0.005538137335526316,116,236,0.3692
library/synth/wav/stab__lib__0002.wav,stab,lib,0002,12.154195011337867,2.9774166040492924e-06,0.0008212219518626321,0.8740997586106667,0.07754967396938223,0.04158509341625546,0.005941274635228962,1.8659784681017821,7.001162619520291,5.328798185941043,0.052290249433106575,86.42239655476416,86.42239655476416,86.42239655476416,86.92303640494856,0.4728333856995831,76.80924534630527,-21.60303644011467,-1.000151903819357,2.7437641723356005,-8.001314523339648,1331.0603404045182,501.6001750823947,633.2069854800444,2.75605716045609e-05,0.2403510511973273,630.2826752533783,321.8573945588916,0.007442989864864865,152,240,0.461
library/synth/wav/stab__lib__0003.wav,stab,lib,0003,11.927437641723357,0.0008809397693335544,0.017872174630250162,0.013962170893669074,0.8103955916977842,0.15681440631650514,7.471669245786132e-05,-0.6517628692363318,8.43096186864907,2.857142857142857,0.16342403628117913,167.92423736799344,167.92423736799344,167.92423736799344,168.89701257893046,0.8434742276584097,133.2989225815422,-16.883528744704165,-1.000151903819357,5.646258503401361,-9.431113772468429,1995.6460388362798,1397.7085860853158,1613.8852039331873,7.380767826841812e-05,0.2771933866210619,2971.58203125,241.43308145920156,0.00720703125,108,186,0.175
library/synth/wav/stab__lib__0004.wav,stab,lib,0004,3.310657596371882,3.751651797468931e-08,0.0006028500915699932,0.04132636706647743,0.8696998715161808,0.08776538956763184,0.0006054842416220647,9.481985282930273,11.522019769501696,2.312925170068027,0.04766439909297052,167.92423736799344,166.9570649299922,166.9570649299922,167.92423736799344,0.723911204821515,0.5988710973900793,-21.485975378776935,-0.9998544876801003,1.7687074829931972,-12.521874257181796,1700.7507124399897,765.9058127267939,544.813632887818,8.975399249908657e-05,0.039973716051911995,1162.79296875,133.03432179023093,0.00693359375,40,88,0.01629
library/synth/wav/stab__lib__0005.wav,stab,lib,0005,8.36734693877551,3.5857975344042306e-05,0.0018925939367458768,0.5601189867185465,0.10886192041531796,0.0406882341783801,0.2884024067756655,1.1464389037501286,11.03623135147091,8.095238095238095,0.016870748299319727,57.347817082364955,57.347817082364955,57.347817082364955,57.01751796098171,0.1773243332142377,3.044779812589458,-25.334730836003814,-0.9998544876801003,4.376417233560091,-12.03608583915101,1424.4228806103317,553.0866195215916,724.8279370354037,2.8965930847238314e-05,0.15335556728577954,780.3929822198276,338.97518279373054,0.002475080818965517,44,132,0.1681
library/synth/wav/stab__lib__0006.wav,stab,lib,0006,4.852607709750567,1.2339307173644852e-06,0.001392573732317225,0.6622818574037748,0.22352061056136027,0.09194757338825245,0.020856150983578035,5.248181852599823,12.72685493117176,4.104308390022676,0.018979591836734692,103.96830673359814,103.96830673359814,103.96830673359814,103.96830673359814,0.2661348286354232,0.01176626125251438,-23.926079087743762,-0.9998544876801003,2.9705215419501134,-13.72670941885186,1415.3141399830095,680.4005045009363,619.8849911573993,4.834631633248717e-05,0.04735986456112821,1060.51025390625,121.39081255716145,0.005615234375,24,62,0.003977
library/synth/wav/stab__lib__0007.wav,stab,lib,0007,3.1746031746031744,0.0003667955927681367,0.005430673949284444,0.06304247241091601,0.8437780491916714,0.08499792229578804,0.0023840865595719843,0.019293243786960988,8.107763172983445,2.9024943310657596,0.01235827664399093,160.3410481438884,160.3410481438884,160.3410481438884,160.3410481438884,0.7452758585867079,4.45079489881742,-18.413484006584813,-0.9998544876801003,0.8390022675736961,-9.107617660663545,1628.3416621723227,912.240593804956,878.436730016167,0.00022054511341227523,0.1315299449088256,1593.45703125,149.89176549203634,0.007611443014705882,60,116,0.05985
library/synth/wav/stab__lib__0008.wav,stab,lib,0008,3.650793650793651,0.001091174334714531,0.008532369818902824,0.41500579388725883,0.4312860661207698,0.13999357214923394,0.004091023689119994,-6.835831161192817,6.230273262706415,17.687074829931973,0.08546485260770975,140.3935974009121,140.3935974009121,140.3935974009121,141.20688923695954,0.6467235994310999,4.902354177984432,-16.332362201292035,-0.9998544876801003,0.8616780045351474,-7.230127750386515,2041.4088758191392,1157.536871054965,1297.8268938003791,0.0003821453788964148,0.13993273020273939,2434.7900390625,134.8218538013718,0.010811941964285714,74,116,0.05331
library/synth/wav/stab__lib__0009.wav,stab,lib,0009,2.8117913832199544,0.00047035356157925046,0.007907005112730436,0.003382848587798169,0.8898378158106496,0.09781263281691395,0.0005893441103287202,-1.1485390731881298,7.600706125205127,2.5170068027210886,0.048798185941043085,184.18349824138494,184.18349824138494,184.18349824138494,184.18349824138494,0.8259564902979427,227.0870118343027,-16.670754250948185,-0.9998544876801003,0.6349206349206349,-8.600560612885227,1409.5681219835749,756.6385191010661,1755.8149153956708,6.442457979355313e-05,0.09460400347194413,1204.2643229166667,519.1305722924833,0.00809280960648148,214,388,0.6215
library/synth/wav/stab__lib__0010.wav,stab,lib,0010,6.984126984126984,7.07710022786937e-05,0.0025830140415516105,0.7807391878624115,0.11680808420936964,0.044290729342225624,0.055508213542163,0.2460610617602664,5.671782888934853,6.326530612244898,0.09888888888888889,76.10925536017415,76.10925536017415,76.10925536017415,76.10925536017415,0.18841322384201104,1.4805611348107182,-19.02184452250354,-0.9998544876801003,0.8163265306122449,-6.671637376614953,1319.2441501976798,662.5701885872802,709.9697115251806,0.00012010563532172085,0.1965072923679972,1224.31640625,130.16943886460342,0.0030691964285714285,78,120,0.06149
library/synth/wav/stab__lib__0011.wav,stab,lib,0011,7.573696145124717,4.29475380400895e-05,0.002138946146847519,0.6708140720442554,0.1168658485616163,0.04341919022158553,0.1667189954876552,1.3686043767795504,10.769982761512152,7.210884353741497,0.015147392290249433,63.63138712432303,63.63138712432303,64.0,66.25695512584817,0.1917999360389151,0.445408446486731,-24.583596331857088,-0.9998544876801003,3.8321995464852607,-11.769837249192252,1388.3866052772767,654.2695675741759,728.9282338789928,3.879814286331456e-05,0.19294813149297807,1166.89453125,238.16782164331732,0.004324776785714286,40,104,0.09171
library/synth/wav/stab__lib__0012.wav,stab,lib,0012,8.571428571428571,4.491635930871611e-05,0.005109696549317736,0.02184114034705958,0.848640535563107,0.12422103362284438,0.00014267755836264344,-0.8902543698528179,10.134846250102576,2.4716553287981857,0.022653061224489797,173.84607280989715,173.84607280989715,173.84607280989715,173.84607280989715,0.6253561391303456,1.0520340897108424,-18.73955598440431,-0.9998544876801003,2.35827664399093,-11.134700737782676,1280.4333731337965,825.7207828088626,864.3497106059506,1.5273186531931256e-05,0.2003541806692314,1440.7670454545455,103.65031516627202,0.006969105113636364,32,66,0.004826
library/synth/wav/stab__lib__0013.wav,stab,lib,0013,15.600907029478458,0.00038897809496795126,0.006868605524326905,0.7778728622059029,0.14620494645612822,0.06464534814405885,0.0040192595746153595,-1.8112246739948943,8.702881838621364,4.920634920634921,0.0418140589569161,94.7902433463401,94.7902433463401,94.7902433463401,94.7902433463401,0.5085558807650418,2.2293463846603534,-20.314599066341547,-0.9998544876801003,2.834467120181406,-9.702736326301464,1630.6462702981441,1023.9769302704042,1283.2228281954513,0.0001305308855288297,0.18646995397621574,2021.9677734375,213.88546971786954,0.00400390625,60,112,0.1167
library/synth/wav/stab__lib__0014.wav,stab,lib,0014,5.510204081632653,7.530246126629083e-05,0.0037577332527366715,0.8278459313820042,0.09156516082477945,0.07070817154224686,0.006047700536966704,0.07167166601298086,7.36979267301979,4.920634920634921,0.19698412698412698,96.44714761437285,96.44714761437285,96.44714761437285,96.44714761437285,0.547688852094337,124.59688765175513,-19.323989343148476,-0.9998544876801003,0.6349206349206349,-8.36964716069989,1272.8812121968615,563.3676450711536,1029.9849648111003,5.18393918408919e-05,0.09838870705609834,924.5532746010638,452.00121372275714,0.004228307845744681,232,376,0.5226
library/synth/wav/stab__lib__0015.wav,stab,lib,0015,2.2448979591836733,0.00013841540160376245,0.008570096026015231,0.004119742239057789,0.7852798725713276,0.2009463885686137,0.0009454851933820769,5.132095837416773,11.897851439560483,1.8594104308390023,0.025941043083900227,229.39126832945985,229.39126832945985,230.72011842837256,230.72011842837256,0.8518228380463359,1.3044289452608464,-19.233396327124773,-0.9998544876801003,1.0204081632653061,-12.897705927240583,1813.7100209795124,1192.965049512483,971.8898204532395,0.00018208765565450654,0.053522560103633335,1913.9217601102941,149.92528004777387,0.01677389705882353,50,98,0.01934
library/synth/wav/stab__lib__0016.wav,stab,lib,0016,3.310657596371882,0.0007940188404250982,0.015390720275260563,0.10662872234344059,0.7223432067929748,0.15174135831116423,0.003101973436734798,-5.090814407769809,7.5030046597367,18.88888888888889,0.08882086167800453,157.58648490814926,157.58648490814926,157.58648490814926,157.58648490814926,0.6046801583294991,0.7560653056068801,-16.46978944958306,-0.9998544876801003,1.4058956916099772,-8.5028591474168,1894.199452088996,1116.684280911204,1193.6894621962206,0.0002038232225630862,0.0899098869965703,2088.720703125,111.24218556965317,0.006306966145833333,54,90,0.008743
library/synth/wav/stab__lib__0017.wav,stab,lib,0017,6.893424036281179,0.00022061852599893677,0.006143507640485335,0.0021169524442077137,0.8444112104031111,0.14701548146943783,9.222951675927746e-05,6.226239581249273,10.408428294883912,2.0408163265306123,0.03197278911564626,217.77079320341906,217.77079320341906,217.77079320341906,217.77079320341906,0.8635711368278356,15.072994170168837,-18.698654495733578,-0.9998544876801003,1.383219954648526,-11.408282782564012,1931.004361706304,1303.1731928388533,1122.3725165623541,0.00034521285667823,0.20302354074598894,2264.5751953125,201.7486976206596,0.021504720052083332,76,152,0.09844
library/synth/wav/stab__lib__0018.wav,stab,lib,0018,7.709750566893424,1.4398016127904457e-05,0.0014724604526070244,0.6962298810416078,0.10647442100229522,0.03933842091636417,0.15647041857099792,2.1681762325585843,9.817922962993245,7.029478458049887,0.015011337868480726,65.11870029457192,65.11870029457192,65.11870029457192,65.87534314518349,0.24561374721222054,2.2149378967279,-24.171060898614574,-0.9998544876801003,2.4489795918367347,-10.817777450673345,1369.6971200674723,554.800464582049,681.4544986844495,0.0001344552641777587,0.11708446077961492,855.94482421875,269.65955625470883,0.0027669270833333335,40,132,0.1575
library/synth/wav/stab__lib__0019.wav,stab,lib,0019,7.4603174603174605,5.334671683338151e-05,0.00119443205119574,0.7701233289438444,0.07899321444182922,0.02147845496843091,0.1281572228778664,2.118074451955546,8.782539213723695,7.074829931972789,0.029659863945578232,67.02682386052011,67.02682386052011,67.02682386052011,67.02682386052011,0.25330825028644255,12.98881523676072,-25.192646649273264,-0.9998544876801003,1.99546485260771,-9.782393701403794,1450.4333055740058,657.6056547888371,783.566128116557,0.00011533876902915927,0.3608989344705563,1064.9147727272727,320.36556758158815,0.005741003787878788,82,186,0.3306
library/synth/wav/stab__lib__0020.wav,stab,lib,0020,10.975056689342402,0.00021946768515369693,0.004846689894089236,0.5449349343415701,0.3623587499179012,0.08729804836120153,0.0003421098000840201,-1.5593395736653424,7.702122375952335,3.4467120181405897,0.058866213151927436,135.6112760779898,134.830212602219,135.6112760779898,135.6112760779898,0.7463795716763385,53.284403341372524,-18.701723366332942,-0.9998544876801003,2.0861678004535147,-8.701976863632435,1369.2476729337357,657.0594766257892,1125.2676118216982,3.470582939453973e-05,0.2082750383079226,1011.2630208333334,260.7420234362588,0.005859375,106,180,0.323
library/synth/wav/stab__lib__0021.wav,stab,lib,0021,4.829931972789116,0.000512749894311543,0.007107122679252981,0.8099747292111886,0.09744230817028064,0.07149490656211784,0.013468183482848327,-6.608829731685548,5.816334120768744,4.444444444444445,0.04600907029478458,108.88539660170953,108.88539660170953,108.88539660170953,108.88539660170953,0.366753169224487,1.3920485693070088,-16.865744787934343,-0.9998544876801003,0.24943310657596374,-6.816188608448844,1780.7116423693024,953.13729165189,1043.0037460727856,0.0002757971376180262,0.1390869222847725,1785.46142578125,110.46340998554662,0.004313151041666667,66,102,0.02073
library/synth/wav/stab__lib__0022.wav,stab,lib,0022,7.392290249433106,0.0004355391562035502,0.004033444695639491,0.7155692161738973,0.09717814582460815,0.04020320192589907,0.14258045222375235,-3.195274451963371,7.5197260401771455,7.437641723356009,0.045668934240362814,65.11870029457192,65.11870029457192,65.11870029457192,65.11870029457192,0.25656753472506194,16.286204906680727,-21.489480865407103,-0.9998544876801003,2.7210884353741496,-8.519580527857245,1564.2159145543892,789.1443080032179,1442.285153039935,0.00024074033983953152,0.11928764534612946,1461.2877155172414,334.05093261442016,0.0028118265086206897,84,176,0.3886
library/synth/wav/stab__lib__0023.wav,stab,lib,0023,7.823129251700681,6.168405558490446e-05,0.0019387091104876755,0.6645606399143426,0.11271358696426942,0.033848755938038856,0.18687662401727667,2.7975876250040472,7.915140728081855,7.551020408163265,0.06165532879818594,65.11870029457192,65.11870029457192,65.11870029457192,65.4959290877936,0.1480524930132149,2.4122731384895406,-22.854717493090977,-0.9998544876801003,2.5396825396825395,-8.914995215761955,1770.9472671920958,910.9266618927902,831.2875763703931,7.569372399259037e-05,0.2773223202769115,1985.83984375,169.01694454081544,0.012044270833333334,76,122,0.06348
library/synth/wav/stab__lib__0024.wav,stab,lib,0024,1.4285714285714286,5.633943753109031e-07,0.0003548359708405554,0.3592401187068272,0.11460967685209424,0.017404358430515098,0.5083904466453476,3.589437739277062,7.208788981734981,17.98185941043084,0.07698412698412699,52.588180133490575,53.19922535313842,52.28529450371519,52.588180133490575,0.07525327408622681,3.172632453666842,-24.444327477380448,-1.000151903819357,0.47619047619047616,-8.208940885554338,1237.1616715408559,442.0063723111442,480.4744592888506,8.419242680478506e-05,0.24078390023411853,703.41796875,193.65138345103142,0.002162388392857143,84,142,0.1364
library/synth/wav/stab__lib__0025.wav,stab,lib,0025,3.1746031746031744,1.1597083570489393e-05,0.0036173498334783546,0.02016948935106072,0.8435864700830417,0.12788687125793752,0.004728222390911143,2.366934208764889,7.7618523848250405,10.18140589569161,0.07943310657596372,189.58048669268024,189.58048669268024,189.58048669268024,189.58048669268024,0.6784546151146368,0.9139495941214136,-16.806440686188495,-0.9998544876801003,0.5668934240362812,-8.76170687250514,1255.0345717929076,698.3737377893807,684.7373763674906,4.119164917380761e-05,0.055714495590795436,1160.8354048295455,104.18570797298533,0.007546164772727273,48,80,0.005299
library/synth/wav/stab__lib__0026.wav,stab,lib,0026,8.979591836734693,3.099989068498285e-05,0.0016784306955181009,0.5292001270258353,0.12434826834361297,0.043671817481109106,0.30107035656323944,-0.4519504310087375,6.168391093970067,8.276643990929704,0.2315873015873016,58.350239267725875,58.350239267725875,58.350239267725875,61.10986265026666,0.18692174965147357,84.33667114808374,-20.71975119334812,-0.9998544876801003,1.5873015873015872,-7.168245581650168,975.0614608813503,462.0680721639662,854.4242986443287,1.4836062427635013e-05,0.12316276553063152,860.1318359375,354.3653222612223,0.002536349826388889,196,316,0.527
library/synth/wav/stab__lib__0027.wav,stab,lib,0027,8.16326530612245,0.0010241626486501543,0.007374682767388531,0.6022279441839998,0.12168492054844646,0.0533615625225907,0.21432672732892444,-2.3531332800896925,5.3595833410969735,81.13378684807256,0.37335600907029476,61.46386848326427,61.81992505119011,61.46386848326427,62.53823797979174,0.20121896356553473,186.5864450673498,-18.417496210505647,-0.9998544876801003,0.3854875283446712,-6.359437828777073,2119.1025909790224,1299.915950539217,2253.965827797129,0.00018764181570590883,0.12626023525209001,2921.664151278409,429.90276149009213,0.0026966441761363635,266,406,0.6631
library/synth/wav/stab__lib__0028.wav,stab,lib,0028,11.496598639455781,3.921098582189987e-05,0.0034510404063641613,0.8145807034163274,0.09279642517837025,0.07380798687049848,0.015324633142617944,0.29817907698802654,6.0616747984624615,10.929705215419501,0.08417233560090703,89.47007578745725,89.47007578745725,88.95476606990958,89.47007578745725,0.15393746983535153,1.2105397420770676,-18.293848520260106,-1.000151903819357,2.9024943310657596,-7.061826702281818,1337.8032696929436,731.0237756097079,708.4697649233433,5.850508114644482e-05,0.29827933953704083,1328.5986328125,92.32384660517425,0.00341796875,44,76,0.006805
library/synth/wav/stab__lib__0029.wav,stab,lib,0029,14.875283446712018,4.772173887125877e-09,0.00024212440279402882,0.7203246110562921,0.20513014396875093,0.07085181324042696,0.003451302559562152,4.340359998356058,12.732304413376305,4.172335600907029,0.029365079365079365,100.42676453078408,100.42676453078408,100.42676453078408,101.00853085934612,0.6222808148107891,2.5221666786640133,-24.819756345499098,-0.9998544876801003,4.01360544217687,-13.732158901056405,1609.8901551597141,645.7823381484933,395.6593970425903,7.149640831039191e-05,0.09338904309596037,889.013671875,283.68169131377374,0.004324776785714286,54,144,0.1345
library/synth/wav/stab__lib__0030.wav,stab,lib,0030,15.011337868480727,3.9141507179894033e-05,0.005168702525701229,0.0005944175398243592,0.8556288593232063,0.13854738032310265,2.1498780985422715e-05,0.30898168732256825,7.765793497366434,53.83219954648526,0.3887074829931973,203.18733465192952,203.18733465192952,203.18733465192952,203.18733465192952,0.8477534682550302,722.950687848048,-16.030541478567137,-1.000151903819357,4.807256235827664,-8.76594540118579,1247.7934355121492,722.659477757722,1078.3160025970583,2.3485903515159953e-05,0.15607225974855107,1199.830078125,490.94731059435946,0.008974609375,232,394,0.5626
library/synth/wav/stab__lib__0031.wav,stab,lib,0031,6.530612244897959,4.919268224768177e-05,0.0023991342102945134,0.7892714872863935,0.10341799851876828,0.052567176007908056,0.052295011294387954,-0.364080228826956,7.495875238075563,6.077097505668934,0.05671201814058957,80.17052407194419,80.17052407194419,79.70877583096467,80.17052407194419,0.10896825460790308,0.3614866510304664,-20.799282033652663,-0.9998544876801003,2.4716553287981857,-8.495729725755663,1362.4738270163216,609.9714745605435,637.3661313968663,2.85047751569373e-05,0.15740572696025892,980.7395241477273,104.12520656688157,0.0031516335227272725,48,80,0.006388
library/synth/wav/stab__lib__0032.wav,stab,lib,0032,4.784580498866213,8.992127764663262e-05,0.00442047871566811,0.7340210040298284,0.16975689828576754,0.0843387631276387,0.007372934563450566,0.4664352796656254,9.58351525085416,4.399092970521542,0.03857142857142857,102.77412887851219,102.77412887851219,102.77412887851219,103.36949335040538,0.2380189133979955,0.023188178369253683,-20.816923568448345,-0.9998544876801003,2.4489795918367347,-10.58336973853426,1407.1013684752509,831.3013793563713,794.6719174551704,0.00010724247136361145,0.10368116309719982,1495.5788352272727,110.51749889310982,0.003995028409090909,34,64,0.005358
library/synth/wav/stab__lib__0033.wav,stab,lib,0033,5.532879818594104,0.0005961261745376327,0.004280760359392132,0.8118102829572826,0.1202082735438557,0.04409427876335458,0.019010278201577212,-5.451615027546931,7.600229174730568,5.419501133786848,0.033605442176870746,88.95476606990958,88.95476606990958,88.44242431793766,88.95476606990958,0.22524312670463273,0.053820360331390926,-20.905114728332425,-0.9998544876801003,1.3151927437641724,-8.600083662410668,1981.9504293066443,1122.3085857064345,1170.2170350975518,0.000608845599551562,0.17510384667155818,2333.867938701923,129.69476258601,0.0035306490384615385,38,84,0.02598
library/synth/wav/stab__lib__0034.wav,stab,lib,0034,3.2426303854875282,0.00022658996936614147,0.003667689800632252,0.06866298571641961,0.8550601529800669,0.07038207155172986,0.0020005099817851963,1.2181019525950683,9.803885331280075,2.9478458049886624,0.07585034013605442,158.49937412831235,158.49937412831235,158.49937412831235,158.49937412831235,0.6234751240270322,32.48075016559803,-20.722797979140797,-0.9998544876801003,0.6575963718820862,-10.803739818960175,1596.9385700215803,1097.8997812528546,1230.287661769663,0.00018086579423641703,0.38047489648614585,1819.017333984375,355.62417739046776,0.02108154296875,116,238,0.2722
library/synth/wav/stab__lib__0035.wav,stab,lib,0035,5.034013605442177,0.0008174023933954179,0.007072081323608353,0.8205730437473111,0.09210142447169192,0.07243654009358427,0.006999507970409164,-3.551327216545391,6.486999713245561,4.807256235827664,0.1326530612244898,101.59366732596477,101.59366732596477,101.59366732596477,101.59366732596477,0.603552342708161,51.014437712008935,-17.806618187037447,-0.9998544876801003,0.7256235827664399,-7.486854200925662,1755.4253465218055,918.6679383242254,1495.7016895717034,0.00022483144188769903,0.16353354909594192,1685.619140625,243.82481876447048,0.00453125,132,210,0.2908
library/synth/wav/stab__lib__0036.wav,stab,lib,0036,15.034013605442176,0.0004004784314300087,0.005940629118863008,0.8247277103009448,0.09259653500423771,0.07464440408568135,0.001690243058843167,-1.2731555237746093,5.602845445518396,69.41043083900226,0.40233560090702947,101.00853085934612,100.42676453078408,100.42676453078408,101.00853085934612,0.5347679408907933,342.50436980017304,-16.964723222497046,-0.9998544876801003,2.1088435374149657,-6.602699933198496,1275.4675803867867,699.890156031303,1661.9328828373975,4.841904289792373e-05,0.17305025119569997,1351.4078776041667,526.2548101475294,0.004430700231481482,312,486,0.7203
library/synth/wav/stab__lib__0037.wav,stab,lib,0037,1.1564625850340136,6.841238107775581e-05,0.0021435860360917635,0.6187565359412167,0.11663369637221924,0.04024143802181549,0.2221563312475791,-1.7357641348232264,5.993347168071627,14.399092970521542,0.04639455782312925,65.11870029457192,66.25695512584817,65.11870029457192,65.4959290877936,0.06864627653586788,0.35139691989348865,-20.414835792577218,-1.000151903819357,0.31746031746031744,-6.993499071890984,1342.5449354593418,583.0639064163005,570.0024485672969,4.5167837922845106e-05,0.23602740499887603,972.9092684659091,102.97353379792821,0.0024857954545454545,60,90,0.01242
library/synth/wav/stab__lib__0038.wav,stab,lib,0038,3.560090702947846,3.235825488557105e-05,0.0029778207145485895,0.19034283940125907,0.7053188936321776,0.1003090537370666,0.0010190342600626013,1.2164094433240324,9.306375724649667,2.9024943310657596,0.026643990929705215,149.60348781583943,149.60348781583943,149.60348781583943,149.60348781583943,0.804831276904851,35.14426033969736,-19.68997539318933,-0.9998544876801003,1.3378684807256236,-10.306230212329767,1439.1648072760868,654.7054538457309,788.8612531675955,3.0039056260719372e-05,0.07004070297491426,858.45703125,283.54984693741267,0.006396484375,96,190,0.2599
library/synth/wav/stab__lib__0039.wav,stab,lib,0039,18.54875283446712,6.113908524926799e-08,0.0003246701513648303,0.7735711161420077,0.17444167169309138,0.03818269099371716,0.013479789880733724,2.5793751903833435,11.195375587304271,5.442176870748299,0.049206349206349205,80.17052407194419,80.17052407194419,80.17052407194419,80.63494719327188,0.43485027618007777,10.507991163473152,-25.525032711534674,-0.9998544876801003,4.217687074829931,-12.195230074984371,1396.4299346369294,594.2025330398943,385.9755101219754,7.390151942914909e-05,0.19875599529328433,800.419921875,352.28778089111745,0.005984933035714286,44,182,0.2566
library/synth/wav/stab__lib__0040.wav,stab,lib,0040,4.807256235827664,0.0001386668834801622,0.006135141167881074,0.8850558896793402,0.06441256646547795,0.0384683141410498,0.005789421662770746,1.966491873168542,8.472812317320663,4.535147392290249,0.25795918367346937,107.0148106609292,107.0148106609292,107.0148106609292,107.63474115247546,0.37187156114463793,32.2140123850006,-21.31728305267923,-0.9998544876801003,1.0430839002267573,-9.472666805000763,1905.3085990359577,1460.9711359622524,1359.0671185822564,0.0002068279924835964,0.2555041007167109,3033.720703125,246.17383468408383,0.009654017857142858,120,224,0.2723
library/real/wav/clap__real__0001.wav,clap,real,0001,25.96371882086168,0.01814852279029323,0.2965608324266182,0.00013073163388421146,0.002164832950678382,0.6829168849447844,7.819525374153982e-05,-0.7103630393027426,18.910724358431825,0.13605442176870747,0.04970521541950113,nan,nan,nan,nan,0.010007321816012413,0.011115049600663382,-19.519262687322147,-0.9998544876801003,13.26530612244898,-19.910578846111925,3676.0575712736845,3018.343496036269,3119.745150160146,0.005219232571379218,0.5873055638149144,5201.6143798828125,334.54963735603565,0.070465087890625,34,150,0.03671
library/real/wav/clap__real__0002.wav,clap,real,0002,18.707482993197278,0.21496544303573475,0.24561804015386177,0.0003082793372210314,0.0027555165012285183,0.5361916538305399,0.00016106714141409247,32.271385132319686,22.779945773172084,0.06802721088435373,0.02197278911564626,nan,nan,nan,nan,0.006844074964328855,0.008476795794829052,-23.941809953691404,-1.000151903819357,18.68480725623583,-23.780097676991442,6004.981971264762,10269.937802886787,5719.0556488754655,0.0850735898260172,0.2972927930663507,15751.5380859375,333.7496297683545,0.37015573601973684,32,132,0.03807
library/real/wav/clap__real__0003.wav,clap,real,0003,11.26984126984127,0.14298508265122903,0.24555850796128256,0.0001620164616503604,0.003000687088025701,0.6082072741572416,8.643168057074704e-05,42.66591237764545,21.26664432065508,0.06802721088435373,0.014943310657596371,nan,nan,nan,nan,0.008524268437890585,0.009356839188405444,-22.41211301333328,-1.000151903819357,11.26984126984127,-22.266796224474437,5442.5950613737205,7764.043434875645,5000.480386972255,0.06053918367194826,0.4008604233255135,12577.783203125,365.4433260492566,0.23618344907407407,38,152,0.03648
library/real/wav/clap__real__0004.wav,clap,real,0004,5.442176870748299,0.025052162707868628,0.4179336142015521,0.005909825707417759,0.00714681674301976,0.5419058267034083,0.002051753936733425,19.474147222910243,14.424283185554245,1.179138321995465,0.015941043083900226,nan,nan,nan,nan,0.009738988705977432,0.00021578044708706954,-15.43750790289347,-1.000151903819357,2.0861678004535147,-15.424435089373603,7052.839949274733,6527.714869208917,6045.787536558402,0.025702816056025302,0.25557883027045974,17484.9609375,18.925496858390645,0.18046875,10,22,0.0002148
library/real/wav/clap__real__0005.wav,clap,real,0005,9.81859410430839,0.02702106905808863,0.43434504400771345,0.0010033637271163322,0.0033375340774234826,0.5327155952851782,0.0015773938444800597,16.500947626816874,13.233524290366066,0.6122448979591837,0.03013605442176871,nan,nan,nan,nan,0.009905541243850322,0.0008790856513248112,-14.0938489845765,-1.000151903819357,5.396825396825397,-14.233676194185422,6305.430311063791,5221.360575702272,3942.599353090179,0.013221267152322665,0.5173191142507283,14333.179995888158,124.7203176098877,0.0962171052631579,22,68,0.0108
library/real/wav/clap__real__0006.wav,clap,real,0006,21.99546485260771,0.020963066128961757,0.37894562760791456,0.001553907815282066,0.0034847462938004713,0.5931518819689525,0.001900770185088606,19.14294019524813,12.55573840374953,0.47619047619047616,0.038140589569161,861.0779292198037,nan,nan,nan,0.011535603183849419,0.0012535721861810282,-13.428955426495147,-1.000151903819357,2.562358276643991,-13.555890307568887,5870.302836223449,4934.996838859156,3254.0682203563556,0.013907752416478594,0.5377020303284881,12872.548828125,154.91147773566257,0.0864013671875,42,94,0.06443
library/real/wav/clap__real__0007.wav,clap,real,0007,6.598639455782313,0.019826009692750605,0.41466735348120287,0.0018652555781746819,0.004228925287790791,0.5575384026974777,0.001874053262603348,20.272077801766017,12.919287845691548,0.7256235827664399,0.025328798185941043,nan,nan,nan,nan,0.009023426007874587,0.010996870549599514,-13.871435332312902,-0.9998544876801003,2.562358276643991,-13.919142333371648,5867.140199628624,4912.902108156241,3160.7495131088926,0.013462118331361938,0.4139915299567211,12848.8623046875,173.43795851340505,0.09404296875,22,98,0.02169
library/real/wav/clap__real__0008.wav,clap,real,0008,8.480725623582767,0.03480875500863956,0.31475884702921775,0.0010232923384413182,0.0025218561726290827,0.6450476602539833,0.0018395891970889363,12.29110454816901,12.841968467324548,0.45351473922902497,0.015532879818594105,nan,nan,nan,nan,0.009927775691611618,0.08067995688629692,-13.704112404826317,-1.000151903819357,5.170068027210885,-13.842120371143904,5481.829023487858,4395.8437795404325,3390.802238650067,0.011988240581851207,0.607821623689927,10883.62984035326,227.09580857572777,0.061990489130434784,24,112,0.1173
library/real/wav/clap__real__0009.wav,clap,real,0009,24.467120181405896,0.02733638137444723,0.3054864635949682,0.0014159849382620418,0.0030206771898745365,0.6606868154988771,0.0020536774035709165,11.931488363215518,12.541345416858118,0.09070294784580499,0.041700680272108846,nan,nan,nan,nan,0.008266820043749167,0.043931702805429705,-13.410252338875296,-1.000151903819357,3.038548752834467,-13.541497320677475,5342.33670169361,4202.253640969779,3226.594861841514,0.010504047420963183,0.6199326375943739,10497.904636548914,205.49047320253965,0.06317934782608696,28,114,0.1724
library/real/wav/clap__real__0010.wav,clap,real,0010,6.054421768707483,0.021254195906445426,0.36511283166399144,0.0012027438473150745,0.002835749782456307,0.6078825760832073,0.0017119027165845237,0.4198250004473402,12.195165702355013,0.20408163265306123,0.024671201814058956,32.84939302221568,nan,nan,nan,0.010017300715823862,0.3207221452717639,-13.067526877793966,-1.000151903819357,2.3356009070294785,-13.195317606174369,4105.173684643723,3051.904792987112,3508.6973478285586,0.00581865803789051,0.7440297682535069,6010.733768857759,477.21812526233555,0.05659011314655173,20,176,0.3065
library/real/wav/clap__real__0011.wav,clap,real,0011,15.578231292517007,0.01931413184482758,0.3729459948759325,0.0008256193662256306,0.002579367628787795,0.6029189653445244,0.0014159209397020974,0.5500879679893813,12.265918083304634,0.11337868480725624,0.02328798185941043,nan,nan,nan,nan,0.00978036975710621,0.2974195551092191,-13.135621449859416,-1.000151903819357,4.829931972789116,-13.266069987123991,4013.478419566364,3062.313639845868,3586.5672453829065,0.006874550023108816,0.8533064493601472,6127.119140625,539.6796723336082,0.05234375,26,216,0.4187
library/real/wav/clap__real__0012.wav,clap,real,0012,26.167800453514737,0.019074114351457314,0.3687068172873093,0.001065637870551658,0.0026565447842735257,0.6071656510427915,0.0013312346636168578,-0.5892423079651518,12.22971016951914,0.6802721088435374,0.04659863945578231,32.7479645438968,33.12847756292408,33.513411930260055,nan,0.00993366236373249,0.7462584210127785,-13.119496449206402,-1.000151903819357,4.240362811791384,-13.229862073338499,3632.750575201645,2777.5834902409506,3766.5190113037906,0.004742004602340823,1.1450791272226712,5615.416044347427,1091.7309945130507,0.05255485983455882,24,410,0.7331
library/real/wav/clap__real__0013.wav,clap,real,0013,20.0,0.021551543039603976,0.3640583918205393,0.0010058841920452476,0.00245116882995672,0.609594914665652,0.0013380974522027903,-0.022037172619020263,12.252256903569856,0.5215419501133787,0.020521541950113378,32.18537411417131,nan,nan,nan,0.009943060907686763,0.8979454289375725,-13.125311968139265,-0.9998544876801003,16.077097505668934,-13.252111391249956,3748.5041917275676,2881.496335558964,3892.256779992214,0.0052461566574079814,1.1438577078456211,5909.502963362069,1362.8419104867974,0.052571614583333336,60,480,0.7818
library/real/wav/clap__real__0014.wav,clap,real,0014,8.820861678004535,0.045683730306040074,0.37184369368172093,0.002777054119574366,0.011287943828014624,0.5606387620290316,0.007768816035618341,44.407010432726764,12.775921049807813,0.09070294784580499,0.02761904761904762,nan,nan,nan,nan,0.010015601612244105,0.002028476338466106,-13.36437613149884,-1.000151903819357,1.927437641723356,-13.77607295362717,5812.45729171622,5090.390299005446,5090.390299005446,0.016228493931222346,0.43942740899329363,12715.3564453125,119.03214930276191,0.079833984375,10,46,0.000308
library/real/wav/clap__real__0015.wav,clap,real,0015,13.061224489795919,0.021749432977782954,0.36448870245230075,0.000937258050714939,0.0024022768407850324,0.6091988784848109,0.001223451193605352,-0.6600782625375093,12.55579645528815,0.11337868480725624,0.03927437641723356,32.37182208966152,nan,nan,nan,0.009858612149488008,0.8298911944063775,-13.388353922307248,-0.9998544876801003,8.956916099773242,-13.55565094296825,3624.4900802222483,2776.993963168457,4005.4319805146497,0.005093617523995312,1.1899396189953948,5548.620211693548,1518.7753300059815,0.0534221690188172,26,514,0.7732
library/real/wav/clap__real__0016.wav,clap,real,0016,17.551020408163264,0.03134418561533076,0.35978381412863225,0.0012568848465665055,0.002633988713772812,0.6034477832233054,0.0015333434723923147,13.327088786131403,12.777276180538479,0.13605442176870747,0.03310657596371882,nan,nan,nan,nan,0.009177466677326425,0.033219237690144475,-13.613940916368643,-1.000151903819357,10.612244897959185,-13.777428084357837,5513.071131926859,4414.060561977982,3246.541376286843,0.012399627285165991,0.6561837564998749,11232.501775568182,193.00453378997395,0.07111150568181818,26,110,0.1344
library/real/wav/clap__real__0017.wav,clap,real,0017,5.464852607709751,0.026431289000407535,0.35110399547455257,0.00314880193996264,0.0066061936361363465,0.6118814698252888,0.0008282501236520026,24.266935243462775,14.309984061986492,0.31746031746031744,0.015147392290249433,960.9605085912505,960.9605085912505,1078.641700817752,960.9605085912505,0.011180154853546629,0.0003297615111614142,-15.22132089555745,-0.9998544876801003,1.5192743764172334,-15.309838549666592,6860.4375323738195,6581.173176578311,6205.998252737575,0.02308524806429182,0.28445867208239617,16780.99083533654,45.97980320519547,0.16109525240384615,10,32,0.0002935
library/real/wav/clap__real__0018.wav,clap,real,0018,4.671201814058957,0.05266577160831768,0.32555975907566825,0.0036018754049547256,0.0030076228115686458,0.6111830679391363,0.00398190316035452,20.94487169870188,13.982869469978247,0.20408163265306123,0.020340136054421767,nan,nan,nan,nan,0.010026941992532692,0.00040688665853009316,-14.893923553184447,-1.000151903819357,1.3605442176870748,-14.983021373797605,6914.155440959853,6540.924583226806,6098.521703161383,0.03343981839302418,0.27925607319475526,16871.2646484375,25.47953776479287,0.16542271205357142,14,30,0.0002533
library/real/wav/clap__real__0019.wav,clap,real,0019,5.736961451247165,0.036564799994026516,0.3190374204250255,0.002789815621587354,0.006498558853075468,0.6278289200843935,0.007280485021891748,41.01988712818001,13.428529348590573,0.47619047619047616,0.014240362811791384,nan,nan,nan,nan,0.010010429971114395,0.002157252481666116,-14.16663197570944,-0.9998544876801003,2.0181405895691613,-14.428383836270672,6088.887628892333,5494.061484922183,5331.17179784883,0.017033988123903922,0.3002478544936542,13882.4560546875,85.37748297222036,0.09560546875,22,30,0.0005569
library/real/wav/clap__real__0020.wav,clap,real,0020,5.124716553287982,0.021269089258963578,0.41794819072901007,0.0036785241119485176,0.007637380278178391,0.5466775295977837,0.002789286024115794,24.32696931911111,13.81907262763724,0.11337868480725624,0.019138321995464853,nan,nan,nan,nan,0.00949111040759099,0.0008811538547498231,-14.770955949680447,-0.9998544876801003,2.766439909297052,-14.81892711531734,6677.797949226573,5843.51258647463,4896.071088011254,0.0171362750252619,0.3659643969318218,15639.834594726562,118.46536090612464,0.12945556640625,16,40,0.0008073
library/real/wav/clap__real__0021.wav,clap,real,0021,8.503401360544219,0.037244717961190214,0.32550734058821795,0.001828691921882403,0.0037875605789541994,0.6282203606960213,0.0034113282537339665,14.447943661694115,13.674975872363213,0.5215419501133787,0.024807256235827663,nan,nan,nan,nan,0.009780800108384613,0.0012580723097123676,-14.637011276069137,-1.000151903819357,6.145124716553288,-14.67512777618257,6435.129256780477,5339.794820619255,4256.0467066702495,0.019636754270632828,0.5112423613643721,14712.844366776315,147.00434180450313,0.09593441611842106,24,48,0.001662
library/real/wav/clap__real__0022.wav,clap,real,0022,5.510204081632653,0.024581878702278948,0.3231154706042609,0.0020341205281367474,0.005255264214527184,0.6426627417955386,0.002350524155257672,19.142940921398438,12.991608508168447,0.5215419501133787,0.014829931972789116,1029.9319716534822,1054.005490322936,nan,nan,0.010032327677173455,0.0006957100930010246,-13.857285729143705,-0.9998544876801003,1.9727891156462587,-13.991462995848547,6153.72058036417,5126.504490955686,4095.9045708529147,0.015910112024289207,0.420472221614417,14077.648207720587,117.06026014175347,0.0908203125,12,60,0.002309
library/real/wav/clap__real__0023.wav,clap,real,0023,6.167800453514739,0.02139295551353196,0.39886840681101454,0.00293167370292412,0.0048363081077617415,0.5695328636450218,0.0024377922197458993,19.296515165917295,13.528414268163628,0.13605442176870747,0.006303854875283447,nan,nan,nan,nan,0.010026408265966017,0.000663632841693459,-14.435895155828764,-0.9998544876801003,2.35827664399093,-14.528268755843728,6453.893559845771,5461.906640385539,4319.81902216019,0.014513599198188204,0.35110994821835667,14933.2763671875,107.53343821145653,0.111083984375,18,62,0.0009499
library/real/wav/clap__real__0024.wav,clap,real,0024,6.349206349206349,0.07272115656811284,0.7124330650406084,4.332194247424641e-05,0.00139735152454983,0.21335097849484183,5.412642941270486e-05,-1.5637163523624822,14.628774457623765,0.18140589569160998,0.013015873015873015,34.69525984964539,nan,38.49680115462773,32.0,0.010000018546604749,0.05887338821776747,-14.953984456772016,-0.9998544876801003,0.06802721088435373,-15.628628945303864,2603.6416739818237,4075.8416190131006,4133.65151084111,0.0045023135504250284,0.42800297393372727,6511.640625,282.69136238848114,0.15524088541666667,98,162,0.1549
library/real/wav/clap__real__0025.wav,clap,real,0025,24.12698412698413,0.07010734338182428,0.24653464477829076,0.0003002557249589296,0.0025357158103999,0.6803403921513457,0.00018164815318045545,1.600139866407367,22.072344047211427,0.09070294784580499,0.05480725623582766,32.7501498262928,nan,33.12847756292408,35.91878554589994,0.010003898396962078,0.10635418309687125,-22.748621209197385,-0.9998544876801003,24.12698412698413,-23.072198534891527,3776.1575848592315,3246.6630119546767,4372.095696533011,0.012744698092608912,0.5988838149787986,6376.904296875,708.5593524217937,0.07182716836734694,92,334,0.217
library/real/wav/clap__real__0026.wav,clap,real,0026,3.1065759637188206,0.04485406287820051,0.2763297629297076,7.121332249275244e-06,0.00038080439555188654,0.6784222546657616,5.993798529216983e-06,-7.133727393410525,16.219910054858783,0.11337868480725624,0.00943310657596372,nan,nan,nan,nan,0.010000183340887632,0.08681901590750592,-16.702429044560517,-0.9998544876801003,0.47619047619047616,-17.219764542538883,3107.871903855577,3470.548502423648,3646.3562257392446,0.0026173435627727328,0.8490019655550506,6490.46630859375,208.3830815723879,0.09932454427083333,42,128,0.2069
library/real/wav/hat_closed__real__0001.wav,hat_closed,real,0001,19.43310657596372,0.07707039981372218,0.3926802733887891,0.005546039430966793,0.27915191549078533,0.24077086773301756,0.004780504142718921,-14.231487257912898,14.224276666387276,0.09070294784580499,0.02018140589569161,nan,nan,nan,nan,0.009091125463772163,0.24738189257662058,-16.2524550733875,-1.000151903819357,5.487528344671201,-15.224428570206632,4901.270116924508,5214.070358144484,5432.625827866652,0.05139307221518792,0.6148725873475599,10840.988991477272,243.238628816285,0.1307705965909091,76,120,0.1023
library/real/wav/hat_closed__real__0002.wav,hat_closed,real,0002,32.06349206349206,0.6554691105494104,0.05190115467052643,0.10665508567033208,0.016924637986545775,0.024912279924897168,0.1441377311982882,-21.984259948600243,21.295455488680368,0.09070294784580499,0.03496598639455782,35.301722309239885,35.711908564167146,nan,nan,0.009494074049036343,0.35348980277775716,-26.22014586466875,-0.9998544876801003,32.06349206349206,-22.295309976360468,4400.223796275037,3960.40305599669,6806.255695395958,0.012357014645686682,1.146139260797205,7315.491661658654,2808.8978010251985,0.08589993990384616,42,298,0.3012
library/real/wav/hat_closed__real__0003.wav,hat_closed,real,0003,0.0,0.6531780200260371,0.23334883419803748,0.002696220906401497,0.013191908036093917,0.09378300129564665,0.0038020155377833246,5.574158957706175,11.978284240986708,0.5895691609977325,0.022267573696145123,nan,nan,nan,nan,0.00500000278389942,0.0993292348276355,-16.195437633566197,-0.9998544876801003,0.0,-12.978138728666808,6358.642684145185,11048.566272388083,11048.566272388083,0.5565456347998702,0.3858329706945148,18744.6533203125,266.4342253708947,0.4393310546875,90,90,0.03002
library/real/wav/hat_closed__real__0004.wav,hat_closed,real,0004,5.714285714285714,0.12309171180499805,0.4572377374736495,0.0203158831068884,0.04659583794647439,0.21182706698254916,0.14093176268544053,-2.205141283762656,21.362205596503912,0.22675736961451248,0.017687074829931974,nan,nan,nan,nan,0.010003911756286482,0.14682228068794217,-23.523381331176502,-1.000151903819357,5.691609977324264,-22.36235750032327,4993.38857534184,4794.146248848061,4687.778480036793,0.020043774837309895,0.25094306465597316,10000.827026367188,393.9139475390292,0.06103515625,58,122,0.04205
library/real/wav/hat_closed__real__0005.wav,hat_closed,real,0005,0.9297052154195011,0.07035785122542673,0.2920827075471932,0.21779402893374394,0.07169451839543715,0.1287581578294732,0.2193127360687258,1.3482198079841086,23.172217654300283,0.09070294784580499,0.017392290249433107,84.93771150966836,84.93771150966836,nan,nan,0.07745263916411681,0.35392196626398237,-27.11451823133112,-0.9998544876801003,0.8163265306122449,-24.172072141980383,4642.7565440852595,5417.539728595517,5097.664133362824,0.02147743336175512,0.32338554621834886,10255.813953488372,1336.563725495032,0.13943268531976744,20,426,0.1395
library/real/wav/hat_closed__real__0006.wav,hat_closed,real,0006,47.2108843537415,0.11154685270631635,0.11298437207149052,0.051817315215825784,0.1343166992314017,0.4343424940072283,0.15499226676773734,2.95034927547673,10.673620363870608,0.6349206349206349,0.05766439909297052,nan,nan,nan,nan,0.0066667892586756376,2.590877692640744,-15.238153949230618,-0.9998544876801003,44.87528344671202,-11.673474851550708,6616.48460563116,7331.943811769735,7331.943811769735,0.1645138077212315,0.978922860415826,15951.318359375,1664.6237579317121,0.17985026041666666,100,100,0.4205
library/real/wav/hat_closed__real__0007.wav,hat_closed,real,0007,2.562358276643991,0.9892513311041158,0.009642671433849108,3.2859704887904975e-05,0.00014007869232233306,0.0008723346087845878,6.072445604021148e-05,12.842927269426843,22.62790976025122,0.22675736961451248,0.005464852607709751,nan,nan,nan,nan,0.008571803453479411,2.0271406842897218e-05,-30.788102164078555,-0.9998544876801003,0.8163265306122449,-23.62776424793132,5809.2054933664285,13933.559072516256,13591.706143416382,0.10976875393731222,0.27105561737516165,19452.1728515625,84.34746878812456,0.33607700892857145,34,46,1.111e-05
library/real/wav/hat_closed__real__0008.wav,hat_closed,real,0008,16.870748299319725,0.9840678274249274,0.015763792581788956,5.086645645255023e-06,5.720816999493046e-06,8.128015134657421e-05,7.629237929234367e-05,-1.7756457915820358,17.911987354919027,0.36281179138321995,0.01997732426303855,174.85315286456265,174.85315286456265,174.85315286456265,174.85315286456265,0.010002217848340371,2.495736435395388,-21.973442364820507,-0.9998544876801003,9.47845804988662,-18.911841842599127,4342.808902279741,10927.331182056434,11021.93376336872,0.07166190446959936,0.4788608527287185,15908.73046875,737.1654828800183,0.3751953125,286,402,0.552
library/real/wav/hat_closed__real__0009.wav,hat_closed,real,0009,6.575963718820862,0.9541207648327711,0.03943713317059837,7.10775737493812e-05,0.0005701214658402993,0.005769078035046604,3.1824921994300086e-05,5.377821648958705,24.35205662671607,0.06802721088435373,0.006643990929705215,nan,nan,nan,nan,0.004500004180588025,0.01469260750859727,-31.45363054255977,-1.000151903819357,6.303854875283447,-25.352208530535428,6185.58769793244,14156.187442420773,12344.573665874412,0.15677496497058327,0.6429163136512522,19949.794921875,159.2654258376619,0.5968994140625,64,114,0.04031
library/real/wav/hat_closed__real__0010.wav,hat_closed,real,0010,3.7414965986394555,0.9120774398455318,0.06981255027819307,0.0005228129648199462,0.004115989117457188,0.01319090980489159,0.0002802979891063932,9.608673925526105,21.365853679799358,0.022675736961451247,0.007437641723356009,nan,nan,nan,nan,0.004411784736577743,0.00013844590194797795,-26.810032770220854,-0.9998544876801003,3.2426303854875282,-22.365708167479458,6272.609193434683,14262.974823311975,11925.256950604366,0.16123760702382423,0.5963030788891036,20075.91193704044,117.67181909939171,0.5308766084558824,54,72,0.007691
library/real/wav/hat_closed__real__0011.wav,hat_closed,real,0011,19.43310657596372,0.07707039981372218,0.3926802733887891,0.005546039430966793,0.27915191549078533,0.24077086773301756,0.004780504142718921,-14.231487257912898,14.224276666387276,0.09070294784580499,0.02018140589569161,nan,nan,nan,nan,0.009091125463772163,0.24738189257662058,-16.2524550733875,-1.000151903819357,5.487528344671201,-15.224428570206632,4901.270116924508,5214.070358144484,5432.625827866652,0.05139307221518792,0.6148725873475599,10840.988991477272,243.238628816285,0.1307705965909091,76,120,0.1023
library/real/wav/hat_closed__real__0012.wav,hat_closed,real,0012,6.666666666666667,0.8284110865283515,0.1372356338540436,0.0003204119458323674,0.0016142478236390008,0.03144133528565942,0.000977284562474137,1.5200088576528419,18.18273993834219,0.13605442176870747,0.010272108843537416,nan,nan,nan,nan,0.008717965580584078,0.6282591252468012,-21.952491647371243,-1.000151903819357,6.575963718820862,-19.18289184216155,5481.036869550382,10096.429669743191,9930.607209163767,0.17081475069017157,0.42799776764642883,16024.01592548077,563.1847657968732,0.32946464342948717,188,330,0.3121
library/real/wav/hat_closed__real__0013.wav,hat_closed,real,0013,34.08163265306123,0.7390011646612993,0.2133191306785909,2.328187422623035e-06,2.393231858606122e-05,0.04764976035900295,3.683795098181924e-06,-1.6110274014361612,15.875518383906105,0.045351473922902494,0.03469387755102041,nan,nan,nan,nan,0.006440687600194259,3.2862466923447693,-19.352620073974233,-0.9998544876801003,34.058956916099774,-16.875372871586205,4454.139207057872,9419.026946113614,9600.76046310546,0.1038442992589095,0.71145889322209,14010.450873940677,1552.7279478923765,0.4049341234110169,498,674,0.7734
library/real/wav/hat_closed__real__0014.wav,hat_closed,real,0014,47.2108843537415,0.14659223252060377,0.14846112953971888,0.06792890653096001,0.17370766321104622,0.2597877494552238,0.20352231874244728,2.7261447854648586,10.102896576370188,0.6575963718820862,0.0572108843537415,nan,nan,nan,nan,0.006666668206699755,1.612816758548289,-14.550794048916844,-0.9998544876801003,44.94331065759637,-11.102751064050288,6601.985192873369,7562.374523141409,7562.374523141409,0.2078887813596587,0.9910151279021068,16140.33203125,1628.4119078554024,0.1975368923611111,100,100,0.4073
library/real/wav/hat_closed__real__0015.wav,hat_closed,real,0015,2.1768707482993195,0.003236806534298204,0.1455887626612478,0.0907167275315331,0.10025171135971533,0.2944937510586806,0.365712240854525,0.8162173032676306,23.186838117834032,0.31746031746031744,0.012335600907029478,72.67228346053615,72.67228346053615,nan,nan,0.015018538700533018,0.529558914645643,-27.774671750418506,-0.9998544876801003,1.927437641723356,-24.186692605514132,2850.016045707623,2619.2981607035645,2250.538671911936,0.0011257635082780441,0.4923026736817892,4592.009943181818,2938.100414957026,0.06187855113636364,38,778,0.1807
library/real/wav/hat_closed__real__0016.wav,hat_closed,real,0016,13.356009070294784,0.005629091416683274,0.24120615270391108,0.046062348637329165,0.1266624523162629,0.45856811698677125,0.1218718379390424,3.548263514690756,21.651273926868633,0.5442176870748299,0.020272108843537414,290.68913384214454,nan,nan,nan,0.010000808072760131,0.5825194507334635,-24.34154860441765,-1.000151903819357,13.310657596371883,-22.65142583068799,3557.166424553072,2582.7328457935278,2274.922882219029,0.0011603651329275969,0.4672019070125578,4857.53173828125,934.7811695999201,0.031426323784722224,90,280,0.1557
library/real/wav/hat_closed__real__0017.wav,hat_closed,real,0017,12.857142857142858,0.8741170647644159,0.07835443814106233,0.0008674932720024177,0.026490641160012086,0.020151418189213788,1.894447329359521e-05,-19.99074839703017,19.602965944166872,0.18140589569160998,0.027913832199546487,nan,nan,nan,nan,0.008571665875342194,0.011188500260988938,-25.892659086576906,-0.9998544876801003,12.857142857142858,-20.602820431846972,4744.688274734065,9104.504094535021,9737.449505874383,0.09501438278011722,0.49844674868628835,14148.8525390625,226.9025449480047,0.39111328125,52,130,0.0344
library/real/wav/hat_closed__real__0018.wav,hat_closed,real,0018,30.657596371882086,0.7836557450732243,0.15390981461265693,0.00017220635560974995,0.010536912172197994,0.051717442648627425,7.879137683533462e-06,-0.532601646432778,18.28731863787699,0.09070294784580499,0.03888888888888889,nan,nan,nan,nan,0.0073076984301085005,1.2753315488427934,-22.550098814872953,-0.9998544876801003,30.612244897959183,-19.28717312555709,4623.920964479594,9008.932688796453,9270.282356315274,0.06449080471126163,0.6943859223516908,14201.561560997596,967.6558203278065,0.4190110426682692,314,524,0.6009
library/real/wav/hat_closed__real__0019.wav,hat_closed,real,0019,1.1111111111111112,0.9010739734488317,0.07582553826063962,0.00012939978237088746,0.0083106366898177,0.014621810679726939,3.864113861317789e-05,-22.971715770890004,20.40089778729668,0.06802721088435373,0.0018594104308390022,nan,nan,nan,nan,0.00764708404030915,0.03274823040633553,-26.63366205197487,-1.000151903819357,0.7256235827664399,-21.40104969111604,4730.99608574138,8925.658000482164,10081.532379252392,0.07814278766861729,0.33938142758072193,14185.314223345587,229.29782532460857,0.39455997242647056,72,148,0.06145
library/real/wav/hat_closed__real__0020.wav,hat_closed,real,0020,35.12471655328798,0.8338432984277809,0.10652015823571757,0.00031182455659253946,0.0226533791620546,0.03551389471781434,0.0011574449000399689,-3.009286046661296,25.72528574111598,0.11337868480725624,0.06918367346938775,533.1262220978209,nan,nan,nan,0.01981349912234151,0.13623395661544097,-30.912918465750096,-0.9998544876801003,24.92063492063492,-26.72514022879608,5022.700661726002,6242.413731430418,11362.032747053045,0.07187417122870465,0.8108436564723687,11507.389322916666,669.1442312733809,0.1797882564484127,164,466,0.4865
library/real/wav/hat_closed__real__0021.wav,hat_closed,real,0021,35.12471655328798,0.8337557707220572,0.10651524451348306,0.0003203844975770708,0.022652531523489314,0.035592501798969,0.0011635669444243135,-2.0048656566170857,27.103675611546436,0.11337868480725624,0.06918367346938775,536.2145908841608,nan,nan,nan,0.020701994515661716,0.13635495804174774,-32.29108257982557,-0.9998544876801003,24.92063492063492,-28.103530099226536,5199.901065262403,5644.574747226679,11362.032747053045,0.054092786362426364,0.8161682520045613,11029.905247043918,669.1442312733809,0.14849405767374518,164,466,0.4866
library/real/wav/hat_closed__real__0022.wav,hat_closed,real,0022,0.09070294784580499,0.8041360187518245,0.15286126613593964,0.00046861595409463465,0.013543731446487527,0.02866648463998804,0.00032388307166557464,-15.145811367020762,22.943598228810977,0.022675736961451247,0.004580498866213152,nan,nan,nan,nan,0.007222284306169004,0.12207875684442639,-27.705746052816288,-1.000151903819357,0.045351473922902494,-23.943750132630335,5246.51933524926,9802.590874613472,10570.371590182775,0.24201709244662906,0.3149252499926727,15478.7841796875,300.08647690081796,0.3905978732638889,96,178,0.109
library/real/wav/hat_closed__real__0023.wav,hat_closed,real,0023,16.235827664399093,0.4531351384770362,0.16365305626371968,0.006358271411723084,0.26940466380298744,0.10545256905831774,0.0019963009862158207,-22.815551758837845,19.957459444820348,0.8616780045351474,0.018956916099773242,nan,nan,nan,nan,0.00998676638280683,0.022958097672995725,-25.1789728610122,-1.000151903819357,15.396825396825397,-20.957611348639706,6079.852135729222,7319.685952664734,9558.564858644893,0.1411428019417205,0.9462801416753331,14673.08349609375,296.10084281215995,0.19553629557291666,54,142,0.08784
library/real/wav/hat_open__real__0001.wav,hat_open,real,0001,22.494331065759635,0.8889644095190876,0.08993946320417337,5.193972703038762e-05,0.0013724991989507403,0.019656640606552592,1.5047744205294298e-05,-0.40761782936364255,20.119182540323862,0.09070294784580499,0.03258503401360544,33.90281901949745,nan,nan,nan,0.008020840457201308,1.5908853119474393,-25.154362453412737,-1.000151903819357,22.494331065759635,-21.11933444414322,4718.881974992448,10246.316668235835,10934.809214281671,0.14591053039203405,0.7141547020802127,15456.129455566406,1485.7149381885135,0.4332173665364583,336,854,0.541
library/real/wav/hat_open__real__0002.wav,hat_open,real,0002,31.156462585034014,0.8943166697269913,0.08162814679344643,3.812187847269651e-05,0.0004359447978810869,0.02356630407485883,1.4812728349716514e-05,-1.3691439994994292,20.279635136436315,0.06802721088435373,0.035238095238095235,nan,nan,nan,nan,0.005945952110621686,1.69270706462446,-26.56775844306477,-1.000151903819357,30.453514739229025,-21.279787040255673,4953.469617252068,11361.47260988639,12099.545825026296,0.16034128347550244,0.7745001287640607,16856.715186866553,1458.6315020640639,0.49053790118243246,306,854,0.5324
library/real/wav/hat_open__real__0003.wav,hat_open,real,0003,7.437641723356009,0.48983383668455277,0.365928674924326,0.008004396318183936,0.0029962074000446826,0.11343510665597407,0.019801778016918563,0.33512213846216937,19.043339404637436,0.06802721088435373,0.01070294784580499,33.12847756292408,nan,nan,nan,0.009523865619276761,0.3032544800508007,-21.04478621353717,-0.9998544876801003,7.414965986394558,-20.043193892317536,5135.372953735033,8229.117308231866,8161.055141431905,0.1854123404060495,0.47289986700803316,14132.958984375,450.8230277497572,0.2897832961309524,126,212,0.1617
library/real/wav/hat_open__real__0004.wav,hat_open,real,0004,2.7210884353741496,0.5983732404847515,0.3453110681073501,0.0002498954338802454,0.0007675223665733432,0.055274689333008026,2.3584274436726497e-05,-6.20590543887638,13.149230125029952,0.045351473922902494,0.005623582766439909,nan,nan,nan,nan,0.009000218812321981,2.267973575949714,-15.335520369307538,-0.9998544876801003,2.653061224489796,-14.149084612710052,3779.235712282277,7516.762572509347,8195.491338796222,0.027376977698787986,0.5661644521347262,11744.9267578125,344.7320860228549,0.3017578125,228,296,0.616
library/real/wav/hat_open__real__0005.wav,hat_open,real,0005,23.49206349206349,0.9139720394568388,0.0801926745879985,2.8843388665252795e-05,0.0013371998493655103,0.004465047547163194,4.1951699687339926e-06,-6.119080873151869,17.51229436496486,0.18140589569160998,0.027210884353741496,nan,nan,nan,nan,0.005882288723970344,0.7913853181050591,-24.32540480967684,-1.000151903819357,0.15873015873015872,-18.512446268784217,5647.955200132306,9828.884608088872,12370.495852465196,0.1507550942833,0.5605091217454743,16425.048828125,475.1217605691369,0.3655753968253968,198,348,0.4378
library/real/wav/hat_open__real__0006.wav,hat_open,real,0006,18.639455782312925,0.4166124785192547,0.5825881645399497,4.323910320953189e-06,9.516611582428587e-06,0.0007846106725907197,9.057463015879981e-07,1.1383667373634037,14.229067907363323,0.045351473922902494,0.020521541950113378,nan,nan,nan,nan,0.010000203151734015,0.7522612831731332,-15.33217612467224,-0.9998544876801003,18.639455782312925,-15.228922395043423,3008.276550719833,6803.888310936162,6724.309571183993,0.010064915562927953,0.4441414870403092,10000.472861842105,458.5454759250278,0.2548057154605263,172,196,0.3039
library/real/wav/hat_open__real__0007.wav,hat_open,real,0007,0.27210884353741494,0.9489152756246102,0.018194982045279164,0.002585927456550785,0.004232942552579164,0.01050237752384735,0.01556849479713328,-1.1957433676316003,21.311666741037154,0.15873015873015872,0.004897959183673469,nan,nan,nan,nan,0.007750007629188571,0.12914118769979355,-27.18730205100652,-0.9998544876801003,0.20408163265306123,-22.311521228717254,4281.261573983552,10733.866211629975,10964.350387901442,0.06860105833577787,0.745810564672943,14468.428344726562,1172.0411525000477,0.303857421875,120,410,0.254
library/real/wav/hat_open__real__0008.wav,hat_open,real,0008,0.9750566893424036,0.7811529272378981,0.17579010786743937,8.90035413345903e-06,0.0020239418063274775,0.04101261974473202,1.1502989469545882e-05,-7.221828559898208,25.317442935326998,0.06802721088435373,0.0091156462585034,nan,nan,nan,nan,0.007289585044476458,1.1609555358986454,-29.925964436729195,-0.9998544876801003,0.9297052154195011,-26.317297423007098,4817.5724428856365,7894.66508959566,10916.816730643,0.17862627851313062,0.5042781285105403,13351.5087890625,931.4953021171949,0.28065011160714287,218,360,0.4121
library/real/wav/hat_open__real__0009.wav,hat_open,real,0009,18.049886621315192,0.6554180595475672,0.2945400808271437,5.976823264327022e-06,0.000632363809861758,0.0494022079998853,1.3109922777397948e-06,-0.8828046664329828,21.543407028070835,0.13605442176870747,0.024603174603174603,32.18537411417131,nan,nan,nan,0.008723415790515209,0.7555268027696272,-24.03961848219838,-0.9998544876801003,18.027210884353742,-22.543261515750935,4785.980708414079,8839.329933919134,8992.958822724437,0.14996583497837904,0.6191822377577996,13912.739985039894,784.0341670726624,0.35945811170212766,228,444,0.3514
library/real/wav/hat_open__real__0010.wav,hat_open,real,0010,20.975056689342406,0.7003753035549358,0.24366202395976558,4.382920160613675e-05,0.0005988201326316996,0.05522819941416751,9.182373689318447e-05,-1.0564533494103934,21.437533107807123,0.09070294784580499,0.028662131519274377,34.099216052111494,34.69525984964539,nan,nan,0.008536615724441617,0.6699381318814227,-24.188635080642662,-0.9998544876801003,16.394557823129254,-22.437387595487223,5046.403278090465,9231.12057327276,9334.000341229324,0.21526658052299313,0.6101959859498345,14776.504144435976,732.4770168738931,0.3542659108231707,202,414,0.3203
library/real/wav/hat_open__real__0011.wav,hat_open,real,0011,3.0839002267573696,0.7009850001119033,0.27424228012140583,1.9146456299656994e-07,9.086830958205801e-05,0.024681653281198535,6.71134719246171e-09,-1.004329825083192,17.25677693214945,0.045351473922902494,0.0033560090702947844,nan,nan,nan,nan,0.008684219984235452,1.060186927511831,-20.175039344748576,-0.9998544876801003,2.9705215419501134,-18.25663141982955,5296.872245037395,9797.436659516712,9906.087377836528,0.22946981322331625,0.6042635557746352,16304.03474506579,816.3607091432478,0.3657098067434211,282,438,0.4497
library/real/wav/hat_open__real__0012.wav,hat_open,real,0012,18.41269841269841,0.5564083607533866,0.43337833435760226,3.809906366982366e-06,0.0006618958308218898,0.009547581004964579,1.8146857675361052e-08,6.799689347586745,17.22634622978785,0.13605442176870747,0.03492063492063492,33.12847756292408,35.91878554589994,nan,nan,0.008163301519740693,1.0897348364426607,-18.962735517510108,-0.9998544876801003,18.39002267573696,-18.22620071746795,4849.728053824981,8637.44378562498,7705.302935201227,0.18139723897109378,0.3797330730208107,13930.224609375,425.5986252546075,0.35916573660714285,210,286,0.539
library/real/wav/hat_open__real__0013.wav,hat_open,real,0013,1.5192743764172334,0.8989187300314045,0.0944759310567289,8.623141948784838e-07,2.4894397566718424e-06,0.0066017396076759926,2.4755023908094526e-07,-10.632812520351715,12.025862164186542,0.13605442176870747,0.005238095238095238,nan,nan,nan,nan,0.007812576413549033,3.0033487375822046,-15.919161476133134,-1.000151903819357,1.2925170068027212,-13.026014068005898,3775.411996414511,9244.720058545265,10639.679400126157,0.06578933910063761,0.893008048073437,13020.858764648438,499.83613434897615,0.4002532958984375,314,366,0.761
library/real/wav/hat_open__real__0014.wav,hat_open,real,0014,88.50340136054422,0.2520761090840014,0.7115571594381164,1.2124058304346566e-05,0.002207502087879053,0.0338709461346659,0.0002761591970329508,0.0034764740210191307,21.420039659999855,0.20408163265306123,0.08884353741496599,nan,nan,nan,nan,0.009807511555233425,3.2090393194324087,-22.139317393207453,-0.9998544876801003,45.41950113378685,-22.419894147679955,3257.800167640191,5972.457134822108,5389.686631942867,0.014101833306824607,0.8613735532550595,9364.282886402027,5551.088065589222,0.23140383687258687,646,2736,0.8874
library/real/wav/hat_open__real__0015.wav,hat_open,real,0015,78.84353741496598,0.7304436402349649,0.24789013089363396,0.0003783423805758973,0.0004905438068013861,0.020684455245708232,0.00011288743831552222,-2.8268895231719893,14.149507821519691,0.022675736961451247,0.08068027210884354,nan,nan,nan,nan,0.006976747063652951,1.462584589685674,-17.42010553305303,-0.9998544876801003,12.675736961451246,-15.149362309199791,4624.907875718975,9381.718890434033,9633.049365031367,0.1610077208556653,0.7569269861335441,14412.22292877907,1000.6428384323582,0.3905341569767442,374,498,0.6592
library/real/wav/hat_open__real__0016.wav,hat_open,real,0016,18.54875283446712,0.5939256556281289,0.2658349257020845,0.00020532992416804312,0.0044503997897020085,0.13552548656456626,5.820239135027346e-05,-0.46546888844726114,19.072911212347737,0.20408163265306123,0.0190702947845805,nan,nan,nan,nan,0.008653864584975461,3.442226370131979,-22.154796968977028,-0.9998544876801003,0.06802721088435373,-20.072765700027837,4637.02960811194,7833.364735763219,9597.747102942096,0.09478788295841346,0.9525129862346031,12664.560171274039,2915.6745065461114,0.3162528796073718,666,1470,0.7031
library/real/wav/impact__real__0001.wav,impact,real,0001,17.573696145124718,0.06068166275968832,0.6587384972793333,5.376814297736185e-05,0.0014478698401193411,0.27906374098695746,1.4460990924133117e-05,3.900179917305058,11.774241757576457,0.36281179138321995,0.023356009070294784,nan,nan,nan,nan,0.01016063401762698,9.824986891135614,-12.359979489835935,-0.9998544876801003,1.7913832199546487,-12.774096245256557,5338.059014598385,5883.805558766875,5574.821822880693,0.01627649746309828,0.7476546517827377,14049.984375,905.8148861021746,0.19025390625,254,260,0.6136
library/real/wav/impact__real__0002.wav,impact,real,0002,18.54875283446712,0.15190093460299456,0.6497418798713556,0.00010216020046464869,0.0013206256057810748,0.19692073772869087,1.3661990713251898e-05,-1.8365290286846623,18.26350081208058,0.15873015873015872,0.022585034013605444,630.345939632597,630.345939632597,nan,nan,0.01092042904573303,6.414115914200924,-19.476609165274734,-0.9998544876801003,1.7687074829931972,-19.26335529976068,5298.170409148529,6088.990123358799,6592.739950670227,0.008727774316125054,0.6429350713027158,14285.81210049716,1986.5373034752176,0.17228560014204544,348,502,0.501
library/real/wav/impact__real__0003.wav,impact,real,0003,71.06575963718821,0.002538424377911801,0.14006633588392764,0.23339562397930813,0.0784960008548848,0.4934225757412584,0.0520810391627092,0.3498515365242207,21.07379265472406,2.7210884353741496,0.07852607709750567,nan,nan,nan,nan,0.010018419394111756,1.5481319319570734,-24.523794684887015,-0.9998544876801003,62.26757369614513,-22.07364714240416,2917.9803020677828,2172.7667219520863,2704.4962975029966,0.0017977621600650739,0.7154776987986013,4023.6185709635415,3109.9104098379885,0.051289876302083336,312,1316,0.8963
library/real/wav/impact__real__0004.wav,impact,real,0004,3.1746031746031744,0.9695438214668278,0.029516691050983958,2.344866873608039e-05,0.00011057951687514488,0.0007829622729094505,2.249702366748964e-05,-11.318566216693652,22.658812286763528,0.06802721088435373,0.007346938775510204,nan,nan,nan,nan,0.00971753376160745,0.7080146378891965,-31.152170440012835,-0.9998544876801003,0.5442176870748299,-23.658666774443628,4926.424634672362,11663.49064518593,13517.252943102518,0.15219451544574322,0.6379302056371378,17314.541015625,1065.1827409619398,0.47518136160714286,138,396,0.2065
library/real/wav/impact__real__0005.wav,impact,real,0005,0.13605442176870747,0.9824596375100212,0.016623749951145524,2.9118660452467484e-05,0.0001225594645648282,0.0007329804868856968,3.1953926930351476e-05,-15.312122942914272,20.86104517043547,0.18140589569160998,0.008321995464852608,271.2225521559796,271.2225521559796,271.2225521559796,nan,0.009288338680402962,0.6262254126800318,-29.74572955947493,-1.000151903819357,0.11337868480725624,-21.86119707425483,4784.254451077523,13085.996588683496,13503.455324737042,0.1496300111285725,0.47561242441862855,18473.9501953125,631.3198946910233,0.5020577566964286,126,154,0.1628
library/real/wav/impact__real__0006.wav,impact,real,0006,2.7437641723356005,0.4759158650608956,0.5102432542130478,5.6731237480348886e-05,0.00020542372660610104,0.013568114866809844,1.0610895160191406e-05,-6.1475422336253445,22.084861145515756,0.022675736961451247,0.016235827664399093,949.9229357479009,955.425783333691,nan,nan,0.010821856617945382,3.4340907779719516,-24.117475592244617,-0.9998544876801003,2.7437641723356005,-23.084715633195856,3986.9523938182483,6276.890145650429,9125.883041447658,0.018548500034966286,0.6534519501320706,10225.351728019068,1466.1685483059755,0.2215224443855932,176,674,0.3308
library/real/wav/impact__real__0007.wav,impact,real,0007,1.5873015873015872,0.4622019869748335,0.525552138900838,6.802594094014905e-05,0.00022544084236624288,0.011896898760003143,5.550858101888881e-05,-13.772249747574804,18.572101310438363,0.045351473922902494,0.009954648526077097,944.4517822320021,949.9229357479009,nan,nan,0.011099565246988671,3.1198465687922434,-20.65867295301746,-1.000151903819357,1.3151927437641724,-19.57225321425772,4635.018516855787,7868.372809036545,9103.284452668504,0.04033388093175921,0.5745936328299666,12987.330163043478,858.2449938215105,0.25887398097826086,176,264,0.303
library/real/wav/impact__real__0008.wav,impact,real,0008,2.494331065759637,0.6055136515281503,0.3274051434782771,0.00010110656872211209,0.0016245349501039174,0.06519674117849962,0.00015882229624695007,-21.848480892442492,20.0026800083292,0.06802721088435373,0.006303854875283447,nan,nan,nan,nan,0.006523037023170502,0.8901129511313006,-24.42209271019854,-1.000151903819357,0.22675736961451248,-21.002831912148558,5654.261983349609,9562.61892089127,11423.488286741243,0.18082711283561992,0.6162267457191312,16471.964164402172,1154.3449447212317,0.3628991168478261,214,260,0.3344
library/real/wav/impact__real__0009.wav,impact,real,0009,0.6349206349206349,0.5437405839428606,0.37631834249852386,0.00011398015106182587,0.0016577932610554408,0.07812917163436385,4.012851213430402e-05,-9.664156358397245,21.42154401006367,0.13605442176870747,0.0012925170068027211,32.561522843381525,nan,nan,nan,0.00934463151991219,1.2671716111330014,-25.24433597194511,-1.000151903819357,0.6349206349206349,-22.421695913883028,4655.901273830251,7172.952086429127,11348.31218256592,0.09050124697195577,0.7031137543179093,12033.883516905738,2224.634490133646,0.2742939933401639,254,702,0.4108
library/real/wav/impact__real__0010.wav,impact,real,0010,71.06575963718821,0.002538424377911801,0.14006633588392764,0.23339562397930813,0.0784960008548848,0.4934225757412584,0.0520810391627092,0.3498515365242207,21.07379265472406,2.7210884353741496,0.07852607709750567,nan,nan,nan,nan,0.010018419394111756,1.5481319319570734,-24.523794684887015,-0.9998544876801003,62.26757369614513,-22.07364714240416,2917.9803020677828,2172.7667219520863,2704.4962975029966,0.0017977621600650739,0.7154776987986013,4023.6185709635415,3109.9104098379885,0.051289876302083336,312,1316,0.8963
library/real/wav/impact__real__0011.wav,impact,real,0011,56.53061224489796,0.44040997679327315,0.423092930563327,4.730334482869096e-06,0.0003558865912657624,0.13613457483862565,1.9008790256719046e-06,1.6674891540335688,20.620445454568422,0.06802721088435373,0.057369614512471655,nan,nan,nan,nan,0.009122380913467804,2.863719556082794,-22.19804006314568,-1.000151903819357,31.90476190476191,-21.62059735838778,4695.0888575116605,7351.5267940802,7080.674190729848,0.0773430112970163,0.7503559382020776,12230.019054878048,3251.023965198322,0.2914729420731707,578,1674,0.8264
library/real/wav/impact__real__0012.wav,impact,real,0012,0.22675736961451248,0.6002815439592315,0.3477412670780726,4.185400359531281e-06,0.0005528674698186623,0.051405292644768216,1.4843447749445925e-05,0.798057797313873,32.17982036452589,0.09070294784580499,0.0027210884353741495,nan,nan,nan,nan,0.00914595574238353,0.6695834082536128,-36.52124445646377,-0.9998544876801003,0.15873015873015872,-33.17967485220599,5045.272992678575,6842.302618337434,11407.608897414259,0.08148619159707965,0.7100159845846312,12019.557622409759,3000.0038423285464,0.2481408756684492,156,1290,0.3297
library/real/wav/impact__real__0013.wav,impact,real,0013,0.7029478458049886,0.4076112782409062,0.4003961020391395,1.0730951191574547e-05,0.011824803940990409,0.18014781054756784,9.274280204352257e-06,-1.299617463309568,27.64650559309885,0.045351473922902494,0.007233560090702948,nan,nan,nan,nan,0.009812348742600244,1.1910048391124752,-28.668347010097136,-0.9998544876801003,0.36281179138321995,-28.64636008077895,2917.504507983318,3286.3128930601724,5214.322317766381,0.001283795220540347,0.7555795906611061,5239.9885847761825,4712.547184076201,0.12268396326013513,328,1716,0.5285
library/real/wav/impact__real__0014.wav,impact,real,0014,136.12244897959184,0.26072877151624657,0.6490620484864604,4.0312122922166445e-06,0.0016728003159456092,0.08853076702083541,1.581448219681418e-06,1.6541601421416423,17.368250597476514,0.09070294784580499,0.13625850340136053,33.513411930260055,nan,nan,nan,0.009658559035651215,4.180625839840548,-18.127924033044994,-1.000151903819357,40.952380952380956,-18.368402501295872,3737.172545451285,6111.731880420435,6427.222015390747,0.037159853000261735,0.7727584077622788,9478.39081554878,3513.19930285648,0.24821360518292682,1218,1942,0.9144
library/real/wav/impact__real__0015.wav,impact,real,0015,1.0657596371882085,0.5402436108639996,0.3786217304032572,0.0001086585804109086,0.0015692883824755177,0.07939397745464255,6.273431521425696e-05,2.717929226274308,28.750568751314386,0.13605442176870747,0.004852607709750567,nan,nan,nan,nan,0.008271885126918706,1.177146585094218,-32.57527846195493,-0.9998544876801003,1.0657596371882085,-29.750423238994486,5329.900214168638,8159.182893195555,11417.770245934862,0.10203917699871662,0.7793251053687432,13501.584201388889,3905.680965455402,0.328978989840535,256,1554,0.4119
library/real/wav/impact__real__0016.wav,impact,real,0016,34.89795918367347,0.029779497920968963,0.6926711046579872,0.00032873062361042513,0.0019347923520730544,0.27491379404460065,0.0003720804007598291,0.3378962028439607,13.343499011543345,0.15873015873015872,0.05997732426303855,nan,nan,nan,nan,0.010240980254903189,0.9823736127175362,-13.317427741676543,-0.9998544876801003,3.968253968253968,-14.343353499223445,3504.9135312771996,3839.253339121378,4157.102035112944,0.01405286466134923,0.7268145562629958,6957.80859375,1362.228397092509,0.094859375,676,1050,0.8295
library/real/wav/impact__real__0017.wav,impact,real,0017,44.421768707483,0.043112801046991264,0.7162462393378203,0.00038484911374115814,0.0015440475267903958,0.23847404808816,0.0002380148864969265,0.12651806440236352,15.577959028383827,0.11337868480725624,0.062494331065759634,1772.6188769405812,nan,1814.0518791216348,1814.0518791216348,0.009908178433345334,1.189476615920716,-15.576133823469153,-0.9998544876801003,16.55328798185941,-16.577813516063927,3445.315893929559,3817.6366309418117,4421.219773686073,0.013140081444453782,0.773595496430266,6804.962344773472,2533.3414599639273,0.0977564649290393,1154,1792,0.9073
library/real/wav/impact__real__0018.wav,impact,real,0018,40.02267573696145,0.03221087681724184,0.6400967000732078,0.0006668502337695163,0.001744229289043471,0.3242333585442396,0.0010479850424977041,7.154825184200171,11.558749611414115,0.15873015873015872,0.042585034013605444,nan,nan,nan,nan,0.006573156376905008,0.6584126926854909,-11.55378481026246,-0.9998544876801003,4.376417233560091,-12.558604099094214,4424.975169049896,4646.97329139806,4118.68818018363,0.011871520473198541,0.5849679235228669,9235.8984375,198.1759833355009,0.07843191964285715,158,206,0.6409
library/real/wav/impact__real__0019.wav,impact,real,0019,7.551020408163265,0.041379140331308205,0.907483585996337,0.00260552284914635,0.0020018396947716947,0.0260977701476997,0.020432140980737055,30.558547093096625,14.00312855990881,0.45351473922902497,0.016984126984126983,749.6118763241601,745.2944296152001,nan,nan,0.010008157896256151,0.010054957507195237,-14.115023328548734,-0.9998544876801003,1.3378684807256236,-15.00298304758891,6226.354715726045,6248.168932218453,5143.425913556608,0.02681152789574231,0.4734193554014894,14248.828125,224.55754565388236,0.053431919642857144,12,44,0.0009829
library/real/wav/impact__real__0020.wav,impact,real,0020,6.961451247165534,0.050100124277443855,0.879510937547731,0.002284374914204862,0.0008242899479313025,0.041810161929760545,0.025470111382928477,26.46486551868605,14.47297866080333,0.31746031746031744,0.016394557823129253,nan,nan,nan,nan,0.010041589793951596,0.017729781666003443,-14.63595747415701,-0.9998544876801003,2.199546485260771,-15.47283314848343,6383.491546999065,6562.093990994338,5199.547962674376,0.03134523713938513,0.5022601982940295,14940.005493164062,216.43128867607203,0.054718017578125,16,46,0.001049
library/real/wav/impact__real__0021.wav,impact,real,0021,6.598639455782313,0.08468032100344901,0.8157455968289912,0.0039524936606141455,0.001912680948041902,0.06897982951826202,0.024729078040641787,25.251428413259145,14.18980819309611,0.4988662131519275,0.018072562358276645,1592.972909496567,1597.5735828753889,1663.4929077375705,1653.9118936064858,0.024714505514648457,0.011506066027742871,-14.444661030587122,-0.9998544876801003,1.4739229024943312,-15.18966268077621,6302.932356810504,6315.370740307236,5323.966899499354,0.023578431812782942,0.4310597955826048,14668.7255859375,187.64956437860525,0.05144391741071429,12,44,0.00094
library/real/wav/impact__real__0022.wav,impact,real,0022,7.414965986394558,0.031039926532018904,0.6741183922853685,0.0013703452797448057,0.001590733079221791,0.2788102846006741,0.013070318222971757,21.812608599695825,13.608632462386593,0.15873015873015872,0.011768707482993197,nan,nan,nan,nan,0.008697199288028912,0.01290816641927358,-13.676489130544384,-0.9998544876801003,2.925170068027211,-14.608486950066693,5972.876308703609,5701.058006998647,3746.594589308276,0.022828242809383857,0.5063505964470307,12771.998131793478,193.6573816527393,0.04458220108695652,38,54,0.003734
library/real/wav/impact__real__0023.wav,impact,real,0023,9.070294784580499,0.0700611947049016,0.8638412819071356,0.0023881238746042395,0.0013534011666493817,0.04542835560453833,0.016927642742170793,23.619168079887043,13.77736025965105,0.11337868480725624,0.011201814058956917,724.0773439350247,728.2718813170084,nan,nan,0.010008434650186611,0.012998681290247806,-13.91909786363499,-0.9998544876801003,1.8367346938775508,-14.77721474733115,6189.635917774301,6075.603796488125,4831.561985559608,0.020495710508815473,0.5065260081728857,14094.827270507812,193.56650136248848,0.043548583984375,24,52,0.0015
library/real/wav/impact__real__0024.wav,impact,real,0024,9.319727891156463,0.05462255162344527,0.8625363216605707,0.0008324104454036974,0.0010977944697529928,0.07256276394086386,0.008348157859963444,22.35825062367088,13.2815735684984,0.45351473922902497,0.01052154195011338,nan,nan,nan,nan,0.01000921654349907,0.008426248536110327,-13.377841423188672,-0.9998544876801003,1.8140589569160999,-14.2814280561785,5722.855606964287,5857.651335080552,4156.178758528997,0.02839062652162902,0.4897538789135958,12641.015625,164.2759765840077,0.0670805431547619,50,112,0.01053
library/real/wav/impact__real__0025.wav,impact,real,0025,7.4603174603174605,0.026604421042579835,0.9034435341017639,0.0017190007856799534,0.0007751028882383517,0.055293621173852614,0.012164320007885273,20.129421139505553,13.356344038752031,0.4308390022675737,0.010612244897959184,nan,nan,nan,nan,0.010042046783201366,0.012700557959043063,-13.469810391562616,-0.9998544876801003,2.0181405895691613,-14.35619852643213,5772.355570241716,5443.079459763747,4302.185542251359,0.013030653973356046,0.4330799117067393,12662.869262695312,183.1362761357948,0.045745849609375,32,52,0.002468
library/real/wav/impact__real__0026.wav,impact,real,0026,7.936507936507936,0.04832029526798482,0.8488718764292795,0.0012916835556287948,0.0006153245678125098,0.08833692361012642,0.012563896569167956,21.059937264189607,13.266259228108918,0.36281179138321995,0.015850340136054422,881.204671738194,881.204671738194,876.1293062989848,881.204671738194,0.010243507214638261,0.012306586869316445,-13.369028010591588,-0.9998544876801003,1.7687074829931972,-14.266113715789018,5821.663032812738,5497.581520648055,4316.4543116440245,0.0117174739164662,0.540253024003493,12878.201293945312,189.35501963983774,0.045379638671875,34,52,0.002342
library/real/wav/impact__real__0027.wav,impact,real,0027,10.770975056689343,0.024652018888104112,0.6270582039912471,0.0007612295069649108,0.0022884660968379984,0.33833741129693495,0.0069026702199110725,25.87302575658262,13.295012917750697,0.11337868480725624,0.015124716553287981,1702.3752113004293,1712.2369705748667,nan,nan,0.010010970131544974,0.006490344900175573,-13.378584555580451,-0.9998544876801003,1.6780045351473922,-14.294867405430796,5593.2383549246315,5240.6758908571355,3897.462887349265,0.011636469568864912,0.46187007774945243,12034.368896484375,170.31334762278482,0.0474853515625,34,54,0.002059
library/real/wav/impact__real__0028.wav,impact,real,0028,7.482993197278911,0.012437398602205108,0.5036517139866484,0.0006432698382351306,0.0016650044309939383,0.4785830643674711,0.003019548774446231,23.795601536530825,13.011963968871417,0.13605442176870747,0.026961451247165532,1814.0518791216348,nan,nan,nan,0.010275207909852297,0.01649575948230939,-13.091230702257338,-0.9998544876801003,2.0181405895691613,-14.011818456551516,5242.199055688486,5335.93194679858,3326.2427185075308,0.022828872526597075,0.48073094573139225,11181.11572265625,133.68276221502134,0.06455485026041667,72,118,0.09113
library/real/wav/impact__real__0029.wav,impact,real,0029,6.099773242630386,0.025740741501628764,0.5933066285540833,0.0015819014541984097,0.0016364629888390042,0.36651082303898486,0.011223442462265566,21.368584088493936,13.536604307525248,0.15873015873015872,0.03848072562358277,nan,nan,nan,nan,0.01002211160806199,0.012032858900956175,-13.588600909751456,-0.9998544876801003,1.9501133786848073,-14.536458795205348,5917.368157103603,5549.348167466008,3701.347636842274,0.02029686301180805,0.43801119605408534,12586.1572265625,185.09322716635717,0.045831853693181816,44,58,0.00333
library/real/wav/impact__real__0030.wav,impact,real,0030,9.909297052154194,0.051564448547108656,0.6705230555425754,0.0011736253163181544,0.0014669813930729522,0.26958989849109277,0.005681990709831948,12.988212954486205,12.790192461057673,0.15873015873015872,0.017777777777777778,nan,nan,nan,nan,0.00735154491457991,0.015366040471967633,-12.838866010384645,-0.9998544876801003,2.2222222222222223,-13.790046948737773,5396.650258272591,5148.7541046181705,4109.4743321548,0.01226392816579195,0.40251181155123483,11438.271859975961,152.73916237335416,0.05643404447115385,72,120,0.08264
library/real/wav/impact__real__0031.wav,impact,real,0031,10.18140589569161,0.026794691120218057,0.6783217724867414,0.00045259228314410677,0.0016762196059617802,0.29097254124281574,0.0017821832611187858,5.252580660651964,12.26341715513879,0.15873015873015872,0.02414965986394558,nan,nan,nan,nan,0.010146675909936644,0.1381492504221154,-12.239509636298767,-0.9998544876801003,4.172335600907029,-13.26327164281889,4009.586553909837,4075.062365195446,3989.1509139587038,0.010184603907152975,0.5171342418919291,7866.796875,274.30161468820916,0.07882486979166667,144,222,0.3727
library/real/wav/impact__real__0032.wav,impact,real,0032,7.324263038548753,0.04740045251119165,0.6901958142267419,0.0005369724788309485,0.001426666549333187,0.25929962922680727,0.0011404650070949607,1.623694493819828,12.290449250117318,0.13605442176870747,0.01653061224489796,1899.8458714958017,nan,nan,nan,0.011684187799287267,0.6485217194802417,-12.306840080247795,-0.9998544876801003,2.5850340136054424,-13.290303737797418,3830.150788098158,4138.855685136288,4440.483594046719,0.019844786506711908,0.548000077565045,7715.821140095339,601.3480681993374,0.09821073887711865,292,460,0.6485
library/real/wav/impact__real__0033.wav,impact,real,0033,131.72335600907027,0.6103378171993155,0.3133608854725498,2.6808945992812884e-05,0.0035599084617547205,0.07268820150087923,2.637841950790405e-05,-0.832524611346462,20.33340007427941,0.15873015873015872,0.13591836734693877,nan,nan,nan,nan,0.009661235750988796,3.625779852018725,-22.56703172378107,-1.000151903819357,131.70068027210885,-21.333551978098768,3875.4871068393068,6739.846623455348,5881.404055122865,0.02861739936084723,0.837207495185767,10705.043365995763,2457.85641640825,0.2728719765183616,722,1492,0.9292
library/real/wav/impact__real__0034.wav,impact,real,0034,89.47845804988663,0.1604980814657999,0.7197393197342798,5.184154161306236e-05,0.007791602712957254,0.11181957950617111,9.957503917883328e-05,-0.10559241993862889,19.70837103149288,0.18140589569160998,0.08988662131519275,33.12847756292408,nan,nan,nan,0.0100002240531341,2.9154070588798504,-20.368996076123466,-1.000151903819357,89.36507936507937,-20.70852293531224,3362.89844570786,4899.900454857991,4414.479196027626,0.017176216406401677,0.8519233935775987,7937.660688920455,2473.789706239784,0.18769235321969696,762,1562,0.8891
library/real/wav/impact__real__0035.wav,impact,real,0035,5.328798185941043,0.3116296016783865,0.6828789104149297,0.00010250406899470529,0.00015633113943269123,0.005158137076245416,7.451562201094351e-05,-1.8229000436282283,12.242923391788988,0.045351473922902494,0.016802721088435373,548.748012818582,548.748012818582,548.748012818582,551.9268777179418,0.010505219427551865,2.9563951236901524,-13.376782972160248,-0.9998544876801003,2.403628117913832,-13.242777879469088,2727.7776378881035,6394.646629003474,6613.303380699849,0.0015988540404344757,0.6588094701192507,9590.625,772.05762038745,0.2604930644132653,374,480,0.7315
library/real/wav/impact__real__0036.wav,impact,real,0036,210.0453514739229,0.46514112578716643,0.48629082962346165,2.0788131944308562e-05,0.00937235547999043,0.039140393933592976,3.450704384413548e-05,-1.9265892649184004,19.18719203150939,0.15873015873015872,0.21034013605442176,49.06650702942722,49.06650702942722,49.06650702942722,nan,0.009942014080399849,4.7662861433586174,-20.727167429153216,-0.9998544876801003,151.38321995464852,-20.18704651918949,4019.924710078997,6464.893624567143,7503.049332655979,0.04775567219748176,0.7912608073570695,10627.371348505434,2903.4883267647256,0.2546492866847826,826,1708,0.9558
library/real/wav/impact__real__0037.wav,impact,real,0037,129.4331065759637,0.4642929688824769,0.4893934291873418,2.9347394494201353e-05,0.0014582744857081912,0.04479704121567558,2.8938834303348568e-05,-1.345560895834092,18.81946331388324,0.15873015873015872,0.1300453514739229,736.73399296554,736.73399296554,736.73399296554,736.73399296554,0.011391925802116898,6.891459876269348,-20.255524570923757,-1.000151903819357,84.64852607709751,-19.819615217702598,4119.237820206881,5955.922996113266,7783.4166225078825,0.0317473342236631,0.7812817362796817,10097.726440429688,3055.024786379805,0.21994672502790177,778,1746,0.9685
library/real/wav/impact__real__0038.wav,impact,real,0038,203.40136054421768,0.0002904609947365477,0.030164741934697297,0.5450233631781085,0.11972165058490641,0.28439192241356187,0.020407860893989438,0.8323245204321406,21.202447398504983,0.13605442176870747,0.20904761904761904,73.51669471981023,80.17052407194419,76.10925536017415,89.47007578745725,0.019180990646178,1.5660547257754889,-27.66914162161956,-1.000151903819357,171.97278911564626,-22.20259930232434,2433.3006401675743,1059.965361972651,210.73210577200902,0.0024317743576629195,0.6130694251933754,1577.1285359893366,4803.007037536323,0.013639477191943129,172,728,0.9275
library/real/wav/impact__real__0039.wav,impact,real,0039,12.35827664399093,0.014230074345462279,0.046356729193905565,0.5259961980198511,0.3444585068902301,0.06862975586418572,0.0003287356863653389,2.1820986455543148,19.17314278004006,0.13605442176870747,0.03430839002267574,nan,nan,nan,nan,0.011678220961904394,9.107739632062378,-28.059488609388804,-1.000151903819357,11.08843537414966,-20.173294683859417,4179.21637628061,2872.520486391472,3902.039210378548,0.018189393241625648,0.5633375965705537,6200.008557506443,1106.118375269834,0.031466454574742266,68,398,0.6636
library/real/wav/impact__real__0040.wav,impact,real,0040,21.360544217687075,0.023161255375264228,0.28048986716941754,0.004780063619703678,0.1979583836236377,0.49358159278576347,2.8837426213530725e-05,2.406888930180853,18.44914693188021,0.15873015873015872,0.031746031746031744,591.5405807986036,nan,nan,nan,0.012510142646810588,1.188823006664546,-20.05809094578787,-0.9998544876801003,10.090702947845806,-19.44900141956031,3376.2796694835024,2893.8080506536453,3371.1759086743564,0.015090962011457675,0.5232760677305823,5614.637220228041,861.4349517131384,0.06335119298986487,286,508,0.603
library/real/wav/kick__real__0001.wav,kick,real,0001,7.64172335600907,0.0003254442671929815,0.005657404950000743,0.5244884007064858,0.3458168764598255,0.06350963196960553,0.06020224164688945,15.928179009029995,15.842704524639093,1.4058956916099772,0.01052154195011338,nan,nan,nan,nan,0.010327937756885392,0.44100026523044134,-27.15134706703926,-0.9998544876801003,2.2675736961451247,-16.842559012319192,4627.737756331871,2450.597806338504,1976.6049894168184,0.002396322555383615,0.6189317513193702,4740.8935546875,252.68831901021133,0.0325927734375,14,14,0.2266
library/real/wav/kick__real__0002.wav,kick,real,0002,7.64172335600907,0.0003256237972884357,0.005631593879607846,0.5250855296131607,0.34553457449920966,0.0632993433353655,0.060123334875367876,17.4618394134589,16.336198622101698,1.383219954648526,0.010770975056689343,81.10206069037197,80.63494719327188,nan,nan,0.013200721930764154,0.45110490159163263,-27.65014122724117,-0.9998544876801003,2.2675736961451247,-17.336053109781798,4647.351094287511,2485.6152431434343,1979.2816910532335,0.0023086614652772512,0.545202345619128,4809.08203125,260.4772098989621,0.036946614583333336,6,30,0.2137
library/real/wav/kick__real__0003.wav,kick,real,0003,3.560090702947846,0.00011547598269200398,0.0019156894292448607,0.41422626789062317,0.39062498931633316,0.043694453913501345,0.14942312346760553,4.563958141019199,20.36319173142252,1.9727891156462587,0.020226757369614514,nan,nan,nan,nan,0.01035981558117973,0.10779719888709283,-32.40666861994049,-0.9998544876801003,0.4308390022675737,-21.36304621910262,4938.308087502304,2802.46751076323,1144.7322317230874,0.0023743739290751427,0.7544113316406956,7595.627663352273,3224.514363766156,0.023145799512987012,34,184,0.1125
library/real/wav/kick__real__0004.wav,kick,real,0004,0.6122448979591837,5.286245882412658e-05,0.0008136967690275629,0.4121992987368418,0.35618473761915453,0.03559982563649868,0.1951495787796535,6.060690931273365,19.32982852576797,1.9047619047619047,0.018798185941043082,nan,nan,nan,nan,0.009498283145762572,0.2439852059867458,-32.893574349062035,-0.9998544876801003,0.47619047619047616,-20.32968301344807,4476.468878998762,2248.4529504069747,901.0708743839836,0.001182107513354144,0.720612959513877,5549.272085336538,2510.3955276568527,0.011388221153846153,32,408,0.1603
library/real/wav/kick__real__0005.wav,kick,real,0005,8.435374149659863,5.100313120937633e-05,0.0002747309737613319,0.4593673822625836,0.46989174426607544,0.008967415569162513,0.06144772379720772,6.439314302138435,20.259494858937362,1.7006802721088434,0.013242630385487529,nan,nan,nan,nan,0.009617628764375408,0.1480418299511426,-34.033138208871236,-1.000151903819357,3.1065759637188206,-21.25964676275672,4634.199479779452,2295.2879171827312,1069.6631638159747,0.0015763782464213133,0.7841345201977159,5560.574127906977,2111.728863264857,0.017521348110465115,14,38,0.1005
library/real/wav/kick__real__0006.wav,kick,real,0006,11.700680272108844,0.0017452806468322146,0.007484106625602175,0.6293644456249523,0.1776735970295777,0.016538288267675453,0.16719428180536008,-2.3149592458826795,17.0447584011037,1.383219954648526,0.020657596371882084,57.68002960709313,59.37018348424381,54.442698300854765,nan,0.02320154438663117,1.0144675422764402,-30.840973929186866,-1.000151903819357,10.839002267573695,-18.044910304923057,3872.8414239175245,1887.3901147901688,2639.6925382800387,0.0006962987950890595,0.6991420436229607,3608.1573486328125,654.9633987392738,0.01165771484375,72,172,0.2283
library/real/wav/kick__real__0007.wav,kick,real,0007,3.5147392290249435,2.2888932916792277e-08,4.64091484783529e-07,0.5126214239193954,0.002011443011038414,6.0695193312847935e-05,0.4853059508958357,-0.38172955093318034,6.930681457314079,3.5374149659863945,0.023333333333333334,48.78390474418438,33.90281901949745,55.07529198363712,65.4959290877936,0.032693024484851875,43.3178124203887,-34.95972187989722,-1.000151903819357,2.312925170068027,-7.930833361133436,869.6335774179574,103.06014565902677,103.06014565902677,9.381566887298077e-08,0.030835301635059004,74.169921875,322.18059426848447,0.0017903645833333333,50,100,0.1622
library/real/wav/kick__real__0008.wav,kick,real,0008,11.678004535147393,0.0002250260783072274,0.00017714242806073354,0.8046080766670227,0.06376806835349985,0.0058038660996446965,0.12541782037346483,3.114366333659006,10.165957251454685,1.9727891156462587,0.01417233560090703,nan,nan,nan,nan,0.014722586685921586,0.1829926282185245,-28.59145337592176,-0.9998544876801003,10.90702947845805,-11.165811739134785,2852.6724551874217,1027.0723413744026,912.8997269711765,0.00017172692783426098,0.3510571521207281,1355.3955078125,286.1802170496497,0.003987630208333333,12,70,0.3064
library/real/wav/kick__real__0009.wav,kick,real,0009,5.1473922902494325,1.715457267676899e-05,0.005607697434576238,0.933171969475138,0.039976760881236174,0.004557733268631624,0.016668684367740882,10.911167601530439,9.645412655220047,3.1746031746031744,0.012993197278911565,110.15058396727426,nan,110.15058396727426,110.15058396727426,0.1670543685255202,1.0438371835512041,-25.82697329641285,-0.9998544876801003,0.18140589569160998,-10.645267142900147,2720.581150324799,1080.9357577114836,1080.9357577114836,0.0002275725764972322,0.1269439255860549,1703.515625,138.14841123589156,0.0026041666666666665,38,52,0.001878
library/real/wav/kick__real__0010.wav,kick,real,0010,4.081632653061225,6.714782696046318e-09,9.578777965676903e-08,0.569360771109971,0.00038159384727019834,1.2400134847954958e-05,0.4302451324053484,0.7271471302793613,7.691642677676028,3.9455782312925174,0.04215419501133787,53.5074053304646,57.01751796098171,59.37018348424381,61.81992505119011,0.08971755373649867,791.1116969793591,-36.63669428632544,-1.000151903819357,2.6984126984126986,-8.691794581495385,1125.453256967124,150.65704346353016,412.2693985130367,1.3389889269086954e-07,0.026165810446666327,70.751953125,844.5470851445061,0.0025669642857142857,202,366,0.6655
library/real/wav/kick__real__0011.wav,kick,real,0011,3.197278911564626,4.844796619965875e-08,1.0271114226249858e-06,0.5559158036505314,0.004863817282345159,0.000135298181703351,0.43908400532603137,-0.2020390360974895,8.85085426578149,3.492063492063492,0.054693877551020405,49.755920475615255,35.711908564167146,53.19922535313842,64.74364417932304,0.02444060752478036,17.038877329898806,-35.572843863071895,-1.000151903819357,2.1088435374149657,-9.851006169600847,940.7434404101281,117.32165743326394,117.32165743326394,1.4207806061329742e-07,0.006273164864339702,80.74951171875,212.89129172683147,0.00189208984375,30,84,0.06608
library/real/wav/kick__real__0012.wav,kick,real,0012,15.532879818594106,0.00011111916245793704,0.00028653528662378957,0.5035893530198949,0.028391732859320305,0.0028365912570765856,0.4647846684146268,17.30477932392111,9.19156071267522,5.578231292517007,0.061247165532879816,49.9241744648559,48.502930128332736,51.68474667520269,68.99085971474273,0.05450510227106041,5.718743731077126,-31.801427147434303,-0.9998544876801003,1.7687074829931972,-10.19141520035532,3384.644395175639,1361.6166283281161,824.6855687705585,0.0007220911899478204,0.026219247823451093,3209.7930908203125,245.6402266144579,0.01019287109375,44,118,0.141
library/real/wav/kick__real__0013.wav,kick,real,0013,9.569160997732427,8.13310054655391e-05,0.0002216730595971769,0.4437477817439581,0.004989361992259611,0.0013871226306768339,0.5495727295680426,11.40245031169104,8.327247062432036,5.691609977324264,0.055351473922902496,50.79683366298238,49.350746413054104,51.68474667520269,58.68825876509896,0.06385840572060912,42.27436316185884,-33.61455499421347,-0.9998544876801003,9.138321995464853,-9.327101550112136,4333.77005696282,1523.3916674122543,1300.8189483711708,0.0002830539063100046,0.07570992947546665,1773.5529119318182,277.94268181327584,0.0029296875,66,116,0.1313
library/real/wav/kick__real__0014.wav,kick,real,0014,2.7891156462585034,7.2457659200658765e-06,4.224772368828576e-05,0.5030849777181681,0.035732046755837465,0.002817212916842633,0.45831626911954354,19.234850227973727,10.079269762065021,2.4489795918367347,0.012947845804988662,49.63663237867951,50.21338226539205,53.81737057623773,nan,0.07586854193105663,7.779651419726098,-32.57623581703521,-0.9998544876801003,0.7936507936507936,-11.07912424974512,5162.52516067638,2314.9969946854685,678.1260092914234,0.00017439678010722277,0.12416566345478577,5330.6640625,567.4312773201793,0.006998697916666667,82,258,0.3629
library/real/wav/kick__real__0015.wav,kick,real,0015,15.396825396825397,2.359723916322942e-06,2.1039201294287848e-05,0.4974509029098531,0.022266376440515052,0.001745169948734941,0.4785141517756864,4.807971725590555,11.500256408116076,5.192743764172335,0.06766439909297052,50.50426542967306,51.68474667520269,55.39433990439315,nan,0.08358736967830144,15.195836284613147,-35.609326547366706,-0.9998544876801003,0.8163265306122449,-12.500110895796176,3170.424871193308,982.9131643556144,512.4412448809921,9.0208512450236e-05,0.018389838470408915,1061.549136513158,1049.5866449138923,0.0074784128289473685,160,514,0.5464
library/real/wav/kick__real__0016.wav,kick,real,0016,5.623582766439909,0.002328653461858995,0.015169386468780653,0.7741098651001759,0.08526429057270751,0.01190686505662612,0.11122093933985072,-0.004955762005567959,16.127473618557268,1.7233560090702948,0.02492063492063492,nan,nan,nan,nan,0.009137578036338157,0.05463993395334543,-30.306546214453654,-0.9998544876801003,4.512471655328798,-17.127328106237368,4586.153788319868,2497.9672617065216,2702.9705622614997,0.0008483377425270542,0.3210724980201725,4750.224609375,187.66334787415346,0.01611328125,26,76,0.01073
library/real/wav/kick__real__0017.wav,kick,real,0017,0.5442176870748299,7.07588401740375e-05,0.00020185027458567126,0.6165870451678616,0.3162146718761193,0.0036813317191492115,0.06324434212211033,3.671751961931051,14.305534380123667,1.2698412698412698,0.006757369614512471,53.5074053304646,63.26489730258535,nan,nan,0.1035545945216887,1.4072339336885893,-30.314239497731023,-0.9998544876801003,0.3854875283446712,-15.305388867803767,3287.3818302011937,967.8982486018591,691.7551478052343,0.00017873328416237458,0.04266440345816525,756.8023681640625,1008.9844320740733,0.0031636555989583335,92,416,0.3402
library/real/wav/kick__real__0018.wav,kick,real,0018,1.0430839002267573,0.00016529865196529078,0.0026299684656725542,0.5707675395363857,0.044589002817152695,0.005500871821803777,0.37634731870702004,19.413829407797458,19.420096589556263,3.5147392290249435,0.012653061224489797,38.05462768008707,35.711908564167146,38.719810855017364,nan,0.006940817831817706,0.18598537746045962,-38.507930222876,-0.9998544876801003,0.7256235827664399,-20.419951077236362,6476.705873243901,5506.454781244214,951.2676386221322,0.013816922740611224,0.16824695798335795,11897.45361328125,247.519779705434,0.08292643229166667,38,102,0.02147
library/real/wav/kick__real__0019.wav,kick,real,0019,6.0317460317460325,0.00039982502398232023,0.0032974439279236847,0.68325715991333,0.027716674655354497,0.008426358886414326,0.276902537592995,19.88552395979304,18.566433345374296,4.671201814058957,0.01888888888888889,nan,nan,nan,nan,0.005746151725386749,0.00925203083803533,-36.661523998841965,-0.9998544876801003,1.8140589569160999,-19.566287833054396,6190.500719495272,5808.671559500275,1153.2617061981925,0.020473394119466956,0.16926894096385825,11553.045563199626,404.7381161546983,0.1316464552238806,12,68,0.01173
library/real/wav/kick__real__0020.wav,kick,real,0020,14.126984126984127,9.05338335215712e-06,0.0010387266546279961,0.07622255256006735,0.004515059772312712,0.008587280299036333,0.9096273273306035,3.2526056987345218,14.118316409892039,10.952380952380953,0.04421768707482993,32.0,nan,32.0,nan,0.010299124244898702,14.94866718653278,-36.04810499147851,-0.9998544876801003,4.240362811791384,-15.118170897572139,3988.7612914133238,1456.7549419298,612.955236025984,0.00011946888392982606,0.2868945147447365,1763.031005859375,992.5617038416697,0.006399972098214286,30,88,0.1418
library/real/wav/kick__real__0021.wav,kick,real,0021,13.514739229024944,0.0008382005818376534,0.01123066952116832,0.6213935089698923,0.07253172143628639,0.006594500750441593,0.28741139874037375,32.96981622078541,17.225718276117178,6.394557823129252,0.020294784580498867,1921.921017182501,nan,nan,nan,0.007962072749367515,0.013742228744352948,-33.4777331188235,-1.000151903819357,5.419501133786848,-18.225870179936535,6695.1219488650595,9623.941378836544,1828.3560242439862,0.0407890847947018,0.03644611715457524,16323.169513081395,186.2110409202629,0.17804097020348839,14,80,0.01504
library/real/wav/kick__real__0022.wav,kick,real,0022,3.696145124716553,0.0004623074214629357,0.0024721685758639167,0.6099459640634196,0.04406290976452335,0.013405450241359666,0.32965119993337055,13.012324348452916,17.557355383017427,4.625850340136054,0.031337868480725624,nan,nan,nan,nan,0.008963060590916757,0.009741309114075067,-34.478278774609336,-0.9998544876801003,3.6054421768707483,-18.557209870697527,5646.842992880633,3169.7535056097504,1323.1783677937606,0.00203322097432705,0.2426238119513197,7920.303622159091,398.65653224839133,0.024547230113636364,12,60,0.008033
library/real/wav/kick__real__0023.wav,kick,real,0023,9.81859410430839,7.059247108167648e-07,1.6215597394803361e-06,0.0028015621045147858,8.039170746798275e-05,1.0566735945405317e-05,0.9971051519676216,-0.7757128909084118,5.478628848106565,10.136054421768707,0.020317460317460317,32.0,32.0,32.0,32.0,0.010000000003904374,3860.995728280654,-51.65701305513791,-1.000151903819357,6.55328798185941,-6.478780751925922,1114.7164329494012,134.04959413370307,550.3382836017431,9.636621535578119e-07,0.6997784269545805,38.92540564903846,2389.20138506256,0.0006760817307692308,32,300,0.7375
library/real/wav/kick__real__0024.wav,kick,real,0024,50.11337868480726,0.0039057927342748973,0.01679126214741214,0.25075989035040863,0.16617653131123786,0.1503949725391537,0.4119715509175128,-10.155592660672315,10.892871017895526,2.2675736961451247,0.05290249433106576,32.0,nan,nan,nan,0.010178309594020048,1.7836172923258198,-19.876525104855656,-0.9998544876801003,15.600907029478458,-11.892725505575626,1328.023101250518,762.590470503299,2453.9708242693523,0.002649931111644675,0.2932606788065866,1571.923828125,766.218198513677,0.003662109375,80,214,0.674
library/real/wav/kick__real__0025.wav,kick,real,0025,55.17006802721088,0.00378607715001271,0.021613012278090968,0.2429299137938647,0.16625584829278722,0.15836522654290552,0.40704992194233885,-10.455389108276206,11.009424045122657,2.0181405895691613,0.06283446712018141,32.0,nan,nan,nan,0.010199402405433674,1.794478570131321,-19.535934895801603,-1.000151903819357,33.673469387755105,-12.009575948942013,1602.1508126325168,891.7293646186223,2477.716413136205,0.0022651957947440343,0.4504971264174812,1674.20654296875,815.4957086911995,0.0052490234375,90,224,0.6653
library/real/wav/kick__real__0026.wav,kick,real,0026,55.147392290249435,0.004323655711734875,0.03174037873382905,0.23715821311811008,0.14840647816358507,0.187943244910662,0.39042802936207877,-6.980672795404199,11.113136687155087,1.8367346938775508,0.06394557823129252,32.0,nan,nan,nan,0.03888263026045684,1.5135803459525576,-18.777573409086173,-1.000151903819357,49.614512471655324,-12.113288590974445,2005.810758795417,1393.70804750702,2565.94544499101,0.0025346277785357712,0.9380451303512024,3223.828125,987.2963659831929,0.012991768973214286,80,216,0.6822
library/real/wav/kick__real__0027.wav,kick,real,0027,4.71655328798186,0.0015754014785514716,0.008039336535725692,0.46758707239595926,0.13362804608647522,0.06580164196689946,0.32336850153638885,-9.061399827836903,13.494090404806583,1.4058956916099772,0.009659863945578231,53.5074053304646,52.588180133490575,nan,nan,0.05433186594015207,4.8115838962575985,-25.394930068329028,-0.9998544876801003,2.6077097505668934,-14.493944892486683,2138.422035517347,1057.8489270270184,2111.3141127892886,0.0012940602084563506,0.20133269542606907,2064.111328125,2033.613311843847,0.003173828125,246,294,0.6918
library/real/wav/kick__real__0028.wav,kick,real,0028,4.71655328798186,0.002719090983747278,0.015222634092236084,0.4435085026742737,0.11045395463407653,0.12548004206499486,0.30261577555067176,-12.092992942441432,13.606232091087808,1.4058956916099772,0.009659863945578231,53.97505181565968,51.98415336679907,nan,nan,0.04535783955153955,3.788667630930231,-23.21741305388168,-0.9998544876801003,2.6077097505668934,-14.606086578767908,2604.571448845359,1505.7017555468883,2793.9942434149484,0.002375819218768754,0.3682566681425034,3100.78125,1843.764251092385,0.004970005580357143,246,292,0.6864
library/real/wav/kick__real__0029.wav,kick,real,0029,5.963718820861678,0.00015360789597791837,0.0026480383626175563,0.3133526290497652,0.04589744158595783,0.007947314897946539,0.6300009682077351,0.08276800072233066,15.386781246428257,1.179138321995465,0.0072562358276643995,49.63663237867951,49.9241744648559,48.223573807186426,nan,0.05850347683434149,16.1039711381781,-34.93452561508598,-1.000151903819357,1.3151927437641724,-16.386933150247614,1125.8097539408072,223.09063951724667,1294.9727769106512,0.0001153404330207364,0.09867304799756266,164.2231033509036,2919.50078534681,0.0024884695030120483,570,1318,0.8848
library/real/wav/kick__real__0030.wav,kick,real,0030,4.535147392290249,0.003496157468937115,0.012937231709090882,0.6696092990584257,0.06694111503499545,0.12015937517664413,0.12685682155190672,-7.826598407819527,9.505583048349354,0.5668934240362812,0.01888888888888889,65.4959290877936,68.59350160232276,nan,nan,0.07659208503506273,6.419950156295912,-19.69101660186281,-1.000151903819357,3.5147392290249435,-10.505734952168712,3013.6436268991934,1732.1402132512364,2973.848590555845,0.004878554445624946,0.5616446429058675,3286.12060546875,26092.52044414895,0.013375418526785714,320,320,0.8482
library/real/wav/kick__real__0031.wav,kick,real,0031,0.8843537414965986,0.0012928122264869056,0.008056609915505705,0.7404445397693779,0.04461445660171469,0.08225612325777394,0.12333545822914091,-2.604379156971527,7.936000863158496,0.47619047619047616,0.022857142857142857,65.4959290877936,65.4959290877936,nan,nan,0.13907267980644347,17.26046759738788,-19.7973260293596,-0.9998544876801003,0.8616780045351474,-8.935855350838596,1991.8078478458042,1151.0021752349367,3249.842536392355,0.0008923427332434174,0.27179333320626653,2191.417518028846,13124.07455970081,0.008314866286057692,1176,1204,0.9511
library/real/wav/kick__real__0032.wav,kick,real,0032,3.5374149659863945,0.006392726388948416,0.019104148294296203,0.3041173887847874,0.1520431755301742,0.032805227629406845,0.4855373333723869,-7.7989135890689765,12.76202069077861,0.20408163265306123,0.004988662131519274,48.502930128332736,47.12214585921682,46.3126155980921,nan,0.028612749950594436,8.64305948946611,-25.22479109571393,-1.000151903819357,3.5374149659863945,-13.762172594597967,1880.1273766850159,868.1628163876873,2109.2586197216283,0.00419632020581978,0.7452952721142083,1428.11279296875,357.6910582715033,0.006644112723214286,150,320,0.8225
library/real/wav/kick__real__0033.wav,kick,real,0033,3.5374149659863945,0.002185510197269001,0.006704609064806322,0.33155994406627476,0.16337751358710878,0.011497679062728137,0.48467474402181276,-5.724135909527826,10.591951712874387,0.20408163265306123,0.004058956916099773,50.79683366298238,50.50426542967306,50.79683366298238,nan,0.0398411880322075,19.881875689340998,-26.026059751972337,-1.000151903819357,3.5374149659863945,-11.592103616693745,1737.7709449473573,645.2389221752744,1528.3030386841274,0.0027227621102476236,0.3898957654512083,922.08251953125,2490.7818819236686,0.0050048828125,10,318,0.8505
library/real/wav/kick__real__0034.wav,kick,real,0034,1.9501133786848073,0.005807717271900814,0.02618628996634252,0.21429874437541618,0.33763481866725414,0.05904260808202525,0.3570298216370612,-7.416881514281843,15.499174030591703,0.09070294784580499,0.020249433106575964,48.502930128332736,48.502930128332736,45.78066983792827,nan,0.029796308936071967,5.569082003459646,-25.11834897012466,-0.9998544876801003,1.9501133786848073,-16.499028518271803,1847.9521805619584,1047.3380212954041,1966.3478874873529,0.0034943364954127492,0.48331350828807856,2013.3544921875,10070.03022132242,0.011213030133928572,20,318,0.7852
library/real/wav/kick__real__0035.wav,kick,real,0035,36.621315192743765,0.0004690874534048178,0.0010894976369286084,0.31235696978999594,0.17256215488673815,0.00525060019841043,0.508271690034522,-0.41545201999126763,7.3140576697209,5.351473922902494,0.04215419501133787,49.06650702942722,47.94582646005381,47.669678819926474,nan,0.026993081034642725,21.82324442671829,-25.0989607819373,-1.000151903819357,15.96371882086168,-8.314209573540257,1619.6114819570616,664.0595267308269,1187.844887563017,0.0008328798910928322,0.5859880276148736,1361.2060546875,12057.53840223311,0.004220145089285714,60,320,0.7259
library/real/wav/kick__real__0036.wav,kick,real,0036,0.8843537414965986,0.004562592803313952,0.023641723489151324,0.5773765219721223,0.11146832584580714,0.1955280950557258,0.08742274083387938,-6.87262281950569,7.6268227106517354,0.47619047619047616,0.019342403628117913,65.4959290877936,nan,nan,nan,0.06353001413266986,2.711220847524382,-15.646131174599766,-0.9998544876801003,0.8616780045351474,-8.626677198331835,2979.0378717231274,1875.497867301957,2931.865806750872,0.0031403257780079456,1.540920997386743,3795.99609375,118315.03647032403,0.013357979910714286,320,320,0.7876
library/real/wav/kick__real__0037.wav,kick,real,0037,0.8843537414965986,0.012553105257078026,0.05348972044433846,0.3183768859246565,0.22173277928425955,0.39075176625281155,0.0030957428368559646,-31.34766348081193,8.615964771489413,0.47619047619047616,0.028888888888888888,nan,nan,nan,nan,0.016643069409172463,0.1472719463172169,-13.660921028864523,-0.9998544876801003,0.8616780045351474,-9.615819259169513,3708.0598579632974,2545.335541548036,2905.2597241721546,0.007059158677677622,0.5860503076312086,5434.197443181818,269.1081230444805,0.020463423295454544,96,120,0.3694
library/real/wav/kick__real__0038.wav,kick,real,0038,1.7006802721088434,0.00047486426290762555,0.004286559441413844,0.7796670129574956,0.10556582109802472,0.10643293335364676,0.0035728088865113585,0.7031225729794013,9.98573352411913,0.9297052154195011,0.018934240362811793,87.9330334373177,82.04442124292666,113.37824244510215,nan,0.10935709954876353,2.589561701103449,-20.38333172325501,-1.000151903819357,0.7029478458049886,-10.985885427938486,1863.7705826157016,625.2764071102742,819.2876068832234,0.0003256468843207175,0.10871583310222177,796.728515625,398.1126299592277,0.004374186197916667,70,98,0.6634
library/real/wav/kick__real__0039.wav,kick,real,0039,17.959183673469386,0.0036825978396719658,0.032766201019923474,0.12751814887189553,0.0911888295579927,0.043047510619642154,0.7017967120908741,-11.091167024112725,13.513892951805085,0.3401360544217687,0.019591836734693877,32.937671572591746,32.7479645438968,nan,nan,0.016384056864171534,7.347201256103883,-24.499873381050882,-0.9998544876801003,17.913832199546484,-14.513747439485185,2936.243880299722,1670.361471498624,3070.1084195617254,0.0024639949586853283,0.7086971980705017,3053.7272135416665,415.5178481211918,0.006076388888888889,70,160,0.7519
library/real/wav/kick__real__0040.wav,kick,real,0040,31.292517006802726,0.0037017776871230805,0.03141047339739441,0.13409995833076935,0.08205175097025022,0.03747224370447897,0.711263795909984,-11.370675831785897,13.345889607507342,0.3401360544217687,0.03290249433106576,33.12847756292408,36.126860953796196,nan,nan,0.010371535876528242,6.941297076163233,-24.827869395751982,-0.9998544876801003,17.913832199546484,-14.345744095187442,3163.0029209625195,1848.9037577083961,3349.543001259872,0.003995173205820392,1.387883219442877,3400.7080078125,188.76762224021843,0.004830496651785714,24,68,0.802
library/real/wav/kick__real__0041.wav,kick,real,0041,78.1859410430839,0.0030247345002074556,0.0361347748626559,0.10931680659210483,0.08449914064629813,0.02834419807934817,0.7386803453193855,-7.452205218113608,14.579556671904097,0.13605442176870747,0.13392290249433106,33.513411930260055,36.75834735990512,nan,nan,0.010261355315489561,8.345427048340115,-26.293447618571516,-0.9998544876801003,34.5578231292517,-15.579411159584197,3779.3379932924386,2205.6135802524946,3391.124111514966,0.008752960265416146,1.5045049193553617,4382.0068359375,136.96591322934,0.004830496651785714,40,54,0.8409
library/real/wav/kick__real__0042.wav,kick,real,0042,20.317460317460316,0.0009538632699900772,0.01136363357891457,0.12590666031718875,0.050749192819324884,0.010080202495980033,0.8009464475186018,-5.6847540925956475,10.139493004759796,2.0181405895691613,0.042199546485260774,32.937671572591746,32.7479645438968,33.32038888111381,nan,0.010337146853571297,37.10996567082385,-26.28497454764772,-1.000151903819357,20.317460317460316,-11.139644908579152,3981.7183525409732,2271.139373455405,3014.5790372474694,0.0021439703950790925,0.785465136892865,4663.4765625,300.8015990750553,0.003016880580357143,320,320,0.8802
library/real/wav/kick__real__0043.wav,kick,real,0043,13.44671201814059,0.0026391498166950227,0.02361048973394939,0.19583066971617738,0.07550176961995385,0.02901231655950623,0.6734056045537181,-10.29893240667417,13.552136110563893,0.15873015873015872,0.014648526077097506,33.12847756292408,32.937671572591746,nan,nan,0.010990370692054014,8.76568289903751,-26.02548860977815,-1.000151903819357,13.424036281179138,-14.552288014383251,3251.5803759729583,1857.5473901632208,3105.3061966778514,0.0021787061532522285,0.9113787633849809,3493.348106971154,1110.4055031450803,0.004920372596153846,8,298,0.6915
library/real/wav/kick__real__0044.wav,kick,real,0044,10.770975056689343,0.0001403833148653932,0.0021630571356513993,0.46322053801681534,0.15958506618229046,0.03248804250181778,0.3424029128485597,-2.4336835485050257,11.763561654870347,1.7006802721088434,0.01507936507936508,51.685608903027585,51.98415336679907,nan,nan,0.018369080172945133,4.610914138740221,-26.11461509433446,-0.9998544876801003,1.746031746031746,-12.763416142550447,681.0869626068737,286.5225337473779,882.6813785714052,0.00022350658463999345,0.3991032292207151,452.197265625,2098.7110603116216,0.003383091517857143,18,320,0.7035
library/real/wav/kick__real__0045.wav,kick,real,0045,8.02721088435374,0.00011769425059397213,0.0014611927950286857,0.5847561906636702,0.12703783246798958,0.025789528764823638,0.26083756105789385,-0.429452967494123,13.217163486021114,1.564625850340136,0.04040816326530612,nan,nan,nan,nan,0.014217820185204613,6.566773682913652,-28.49674191387608,-1.000151903819357,7.006802721088435,-14.217315389840472,566.503577873507,218.2162557972977,814.0191144261978,5.256273562589786e-05,0.5549706624656506,312.615966796875,5325.005395014265,0.003574916294642857,24,256,0.792
library/real/wav/kick__real__0046.wav,kick,real,0046,1832.5623582766439,0.004545005665583602,0.020119847377405426,0.5533519915346438,0.023068758494507638,0.12667359322493257,0.27224080370292725,0.47208906548243545,11.162664709583446,2.6984126984126986,1.8354195011337868,nan,nan,nan,nan,0.011498953620644521,32.31395055239637,-21.40581473777756,-1.000151903819357,1.8367346938775508,-12.162816613402804,3816.165169489614,2831.0791331406394,2032.7688390178837,0.0029647860177005334,1.2191429772489022,6297.782939189189,66224.91758686799,0.02269628026463964,1148,2572,0.9802
library/real/wav/kick__real__0047.wav,kick,real,0047,62.290249433106574,0.009266950071104025,0.014460445635567457,0.433296223680948,0.07071124144212515,0.024102177699956366,0.4481629614702991,-13.041203514078626,10.542050871717347,4.01360544217687,0.07442176870748299,49.9241744648559,45.51699258231301,nan,nan,0.03049755928293032,11.034638365259669,-24.77941097444414,-0.9998544876801003,58.07256235827665,-11.541905359397447,2477.758153591637,1925.7184872984615,4567.621449100659,0.008304467654827752,0.5878468484956134,4420.458984375,9155.318580706542,0.010660807291666666,76,482,0.8777
library/real/wav/kick__real__0048.wav,kick,real,0048,0.0,0.313212226454208,0.28818493093884284,0.02577611765683608,0.25438752918361496,0.10830420774295942,0.010134988023538783,0.38976704916286214,26.71298672189029,0.5442176870748299,0.009931972789115647,191.78330584021526,191.78330584021526,nan,nan,0.1409236818704276,0.025383575950381262,-29.989945621331113,-1.000151903819357,0.0,-27.713138625709647,4088.0157240897342,2378.888701401253,2608.9890731796777,0.05785477652829823,0.0016004593076035713,5075.68359375,178.48561542829856,0.015904017857142856,20,68,0.004069
library/real/wav/kick__real__0049.wav,kick,real,0049,137.3469387755102,0.008762927012705146,0.04966457551269974,0.03808074694390088,0.009701450635537881,0.03655145617147309,0.8572388437236834,-2.315229914479842,11.980856815686202,0.045351473922902494,0.14453514739229026,33.90281901949745,33.90281901949745,nan,nan,0.012068481275842998,20.011313535973777,-23.109610233056024,-1.000151903819357,4.217687074829931,-12.98100871950556,2174.709090896895,926.3076833138542,4831.76155834564,0.004168946386034862,0.3465845669043788,1421.5563757944915,2000.5790223981128,0.006744902012711864,76,948,0.9372
library/real/wav/kick__real__0050.wav,kick,real,0050,25.4875283446712,0.010944280455264592,0.06878322157447436,0.598110605016273,0.0029455227253787544,0.043620472697104125,0.27559589753150515,-10.97170768751199,11.29470920829717,0.11337868480725624,0.04253968253968254,66.25695512584817,nan,nan,nan,0.07445246386793027,9.298373592259646,-21.059230242820817,-0.9998544876801003,23.5827664399093,-12.29456369597727,2478.839478813105,1320.2713343567427,4280.93384294155,0.007690566209391167,0.3392915452748004,2148.3984375,173.32664105286193,0.009193638392857143,104,126,0.8279
library/real/wav/kick__real__0051.wav,kick,real,0051,12.108843537414966,0.015796059836615983,0.06040899053380219,0.0722660270378479,0.03199886735135498,0.05274682136706304,0.7667832338733159,-10.657615129156213,14.353964481785514,0.13605442176870747,0.019138321995464853,33.12847756292408,nan,nan,nan,0.010481274721612132,3.58754746028147,-24.355900248143936,-1.000151903819357,11.156462585034014,-15.354116385604872,2310.949245414016,1210.0527807719684,3920.7991734752586,0.007133068416616143,0.8813526030085672,1992.6942567567567,336.22918824974175,0.009858002533783784,54,128,0.8242
library/real/wav/kick__real__0052.wav,kick,real,0052,2.312925170068027,0.0028403925531950668,0.0015435792258601424,0.04064162498338843,0.042251341255306336,0.012263900964243412,0.9004591610180066,-2.6830393883774337,9.747774954006097,1.6780045351473922,0.015827664399092972,33.513411930260055,37.40087195395986,32.0,nan,0.008455782783447842,15.294189606145386,-28.027792005646983,-1.000151903819357,1.0204081632653061,-10.747926857825455,1913.2299717463497,619.1400540377305,2134.134976049443,0.0015367497763080112,0.21400913255010176,909.8923703457447,1005.1418683648874,0.006087932180851064,24,322,0.9279
library/real/wav/kick__real__0053.wav,kick,real,0053,0.7482993197278912,0.002667553207877229,0.0009927391297720257,0.03943465957496801,0.03505011431417656,0.009433386352741997,0.9124215474204642,-3.5565295231285265,7.847159366121682,0.022675736961451247,0.003219954648526077,34.29675080116138,nan,nan,nan,0.00717319492395618,19.52416187432333,-27.198625963832214,-0.9998544876801003,0.6349206349206349,-8.847013853801782,1732.6975730459105,559.4400904532603,2200.737317537423,0.002034210949929444,0.09298401796713313,810.4731133643617,3007.850925308054,0.006098321143617021,286,378,0.9372
library/real/wav/kick__real__0054.wav,kick,real,0054,0.20408163265306123,7.662784830464124e-05,0.12656519536251679,0.12178523804441145,0.08982207081416499,0.09264128379309966,0.5691095841375025,-2.517218066960964,11.470529600090858,0.18140589569160998,0.0070521541950113375,32.0,32.0,nan,nan,0.010015555002976571,1.6513340596038035,-18.265566299803627,-0.9998544876801003,0.15873015873015872,-12.470384087770958,823.0031875288798,368.70086613341465,1117.952240332318,0.00011490907881348889,0.33379363270380463,528.33251953125,639.3628471206176,0.005946568080357143,88,252,0.6278
library/real/wav/kick__real__0055.wav,kick,real,0055,1.655328798185941,9.912248045382072e-05,0.00032145808334544334,0.04296315134703688,0.011731510314037488,0.005381373906944639,0.9395033838681818,-0.8870053154716137,8.144671671836473,0.6349206349206349,0.0069387755102040816,33.707553150554745,32.37182208966152,nan,nan,0.011239258924811531,47.403459088749386,-31.34329567121991,-0.9998544876801003,1.5419501133786848,-9.144526159516573,664.5712114895551,171.29104303099808,930.1448286235425,0.00018013885865025378,0.23954458813374185,274.932861328125,4704.248840609948,0.0016566685267857143,82,400,0.9588
library/real/wav/kick__real__0056.wav,kick,real,0056,11.678004535147393,0.0005486572280215747,0.004694078139038683,0.5204386472799186,0.03353424954039997,0.020547778182064238,0.42023658963055677,-6.965352439073781,9.044137742369282,2.35827664399093,0.017346938775510204,53.5074053304646,53.5074053304646,nan,nan,0.04421727205454222,18.535173800182037,-25.94411477120572,-0.9998544876801003,11.63265306122449,-10.043992230049382,938.9463309058356,537.5344533047338,1553.8811192840897,0.002179474318250185,0.2954164911077632,1204.3212890625,57.7003878294773,0.004551478794642857,200,260,0.8502
library/real/wav/kick__real__0057.wav,kick,real,0057,2.3809523809523814,0.00024829798248482985,0.0004267068295466954,0.4874273544508373,0.07247123342328755,0.016960783269741788,0.422465624044102,-5.69493363991045,8.17167601257679,0.6575963718820862,0.02947845804988662,53.353315341801505,53.19922535313842,nan,nan,0.04681799527149405,15.575657474736673,-25.72717842283318,-0.9998544876801003,2.131519274376417,-9.17153050025689,833.8266697464918,443.1887521418438,1359.5559663539502,0.000878191840074034,0.2203532777787459,1127.4169921875,917.2242777864483,0.004150390625,70,130,0.8381
library/real/wav/kick__real__0058.wav,kick,real,0058,2.4263038548752833,0.00051061331630677,0.000245604730880653,0.49158893117232416,0.0720065553150936,0.012090236888069306,0.42355805857732565,-5.000204983280919,7.505277844340309,0.6349206349206349,0.018458049886621315,53.353315341801505,53.19922535313842,nan,nan,0.04773790881606104,13.905369376671354,-25.81592858656864,-0.9998544876801003,2.0181405895691613,-8.505132332020409,799.6966572518168,388.72681021247064,1215.8250611098163,0.0006077273488162947,0.22662849232901408,865.17333984375,744.8639110287809,0.003627232142857143,88,148,0.8253
library/real/wav/kick__real__0059.wav,kick,real,0059,15.079365079365079,0.0006632690600342492,0.001272115085297496,0.5322438098181528,0.02874078489876408,0.029657912167162355,0.4074221089705891,-2.7461132764208322,7.942192020200435,2.4489795918367347,0.025306122448979593,53.5074053304646,53.19922535313842,nan,nan,0.04981497245908656,12.321092767351793,-24.895153827259897,-1.000151903819357,14.89795918367347,-8.942343924019792,1435.3193683474205,651.508254112525,1422.8702997642747,0.0023513648987310127,0.10472730770555438,1207.3974609375,188.56534147592313,0.004673549107142857,204,224,0.8141
library/real/wav/kick__real__0060.wav,kick,real,0060,0.7936507936507936,3.02580304718812e-09,3.363037739756545e-08,0.33350312547536803,0.37801945444784407,0.11809780893342962,0.17037957448717775,0.38180744349911255,9.347255022396489,0.4988662131519275,0.027868480725623583,34.69525984964539,nan,nan,nan,0.011866316403189912,0.8540962275663377,-20.19736711795315,-1.000151903819357,0.5215419501133787,-10.347406926215847,856.1119006569128,188.85968270870586,385.41127614154595,1.2609100685465276e-06,0.10374750823597653,119.970703125,333.56174343232794,0.003574916294642857,56,178,0.5365
library/real/wav/kick__real__0061.wav,kick,real,0061,10.18140589569161,0.031115558672171213,0.09329746428136686,0.31577998756465286,0.1330864100395132,0.07047035631787486,0.356250223124421,-2.579794355254846,19.506853291219663,0.09070294784580499,0.013310657596371882,50.358823847532555,32.0,nan,nan,0.03833953482777262,0.7139551130080347,-27.38656762211061,-0.9998544876801003,7.687074829931973,-20.506707778899763,2795.663902991949,1262.9100390773876,2990.3339217706502,0.10840423218367214,0.7549929516011065,2063.387522977941,1325.1324294717795,0.007649739583333333,24,394,0.3441
library/real/wav/kick__real__0062.wav,kick,real,0062,2.4489795918367347,0.0036233477571013506,0.025762351961669806,0.40874344157356113,0.41885097566940166,0.11781415459684974,0.025205728441416164,-0.43041707317843547,13.67236252963355,0.5442176870748299,0.018843537414965986,51.38706443925609,74.80174390791971,nan,nan,0.07015161482417022,0.41588310556086955,-21.73921033654046,-0.9998544876801003,1.2471655328798186,-14.672217017313649,2270.8864014537544,871.6609348260869,1348.8205187685908,0.001057436968737107,0.09848064699234307,1257.38525390625,304.52248930553486,0.004743303571428571,102,166,0.4051
library/real/wav/kick__real__0063.wav,kick,real,0063,2.630385487528345,9.602431855000243e-05,0.0008847812119740867,0.3179180302177607,0.34516955368411767,0.020809037090650843,0.3151225734769467,-1.6931603031599167,14.276551665757282,0.8163265306122449,0.00963718820861678,50.50426542967306,48.502930128332736,52.28529450371519,nan,0.011579882845878117,2.2021468000240945,-26.904690686744107,-1.000151903819357,2.5170068027210886,-15.276703569576638,1271.9069757165555,350.97092827252044,722.5430811506061,5.770138734371257e-05,0.7692154143270844,394.51904296875,2554.926044897098,0.0035226004464285715,40,304,0.6794
library/real/wav/kick__real__0064.wav,kick,real,0064,6.870748299319728,0.0003110840819363927,0.0054355665559966656,0.6521966997191075,0.02744130955562095,0.0009547510347019846,0.31366058905263644,-6.757804059617081,9.250892547191249,4.807256235827664,0.01199546485260771,34.20482968777415,32.7479645438968,nan,nan,0.010296009801911619,0.9216896242015965,-28.522085712026506,-1.000151903819357,2.5850340136054424,-10.251044451010607,2103.277293083102,736.5078039201104,974.7229474582733,4.096455687952001e-05,0.13309551233679656,1019.23828125,322.99684996799823,0.0034993489583333335,42,112,0.03253
library/real/wav/kick__real__0065.wav,kick,real,0065,8.54875283446712,0.0002122348678865142,0.003031928402511564,0.8370844494647979,0.07523917641172558,0.005495694834416882,0.07893651601866153,-8.370617081754343,11.240515543287803,1.5873015873015872,0.030770975056689343,53.19922535313842,50.21338226539205,nan,nan,0.02974623891031282,0.3417775831429226,-29.505623973688152,-1.000151903819357,7.823129251700681,-12.240667447107159,2246.35044525298,798.3771272482926,981.4836459783916,5.114236661132445e-05,0.07693223565329069,1348.7615411931818,529.285913900711,0.0029296875,10,120,0.02895
library/real/wav/kick__real__0066.wav,kick,real,0066,9.002267573696146,7.122963462131456e-05,0.0064409461500527145,0.7249869112031766,0.04413888473977664,0.001974044527753927,0.22238798374461893,-3.4426709155659037,10.698978476013664,2.7891156462585034,0.055056689342403625,nan,nan,nan,nan,0.015295248748906616,0.9912049784268944,-28.845265717016325,-0.9998544876801003,7.755102040816327,-11.698832963693764,2033.6708936073148,779.0617826105484,773.1951208588334,4.2530585760159827e-05,0.13385654447207182,1101.7822265625,258.2510839536959,0.004679361979166667,28,112,0.01953
library/real/wav/kick__real__0067.wav,kick,real,0067,10.612244897959185,0.0003389794036052263,0.006666711647216835,0.8943547889077754,0.0415070839460963,0.0013714965354744678,0.0557609395598316,-0.2857603134474737,13.4009020565045,2.2675736961451247,0.035963718820861676,nan,nan,nan,nan,0.012274987103039538,1.4810807671047561,-31.255418731433416,-0.9998544876801003,9.841269841269842,-14.400756544184599,2723.602085952088,1206.393301680047,1194.5835093372455,0.00013441683434884595,0.12960295673840083,2198.3442826704545,343.1807415300452,0.006258877840909091,20,86,0.01612
library/real/wav/kick__real__0068.wav,kick,real,0068,1.383219954648526,0.00395091283036654,0.02884849062437301,0.6826204404620859,0.04299665016403771,0.0038889620745651684,0.23769454384457187,-15.523838034130367,9.656336630739737,0.15873015873015872,0.019546485260770977,nan,nan,nan,nan,0.012393243130923203,3.4510199461951414,-23.23275980253296,-1.000151903819357,0.9523809523809523,-10.656488534559095,2607.3598208994654,1345.2311632114154,1342.9414019311168,0.0002955266675616913,0.04911220795200225,2227.490234375,138.57994099096535,0.008355034722222222,30,82,0.04887
library/real/wav/kick__real__0069.wav,kick,real,0069,4.240362811791384,0.001249077138791828,0.012171819853846176,0.6203533460499554,0.010447384175680417,0.00407018784083138,0.35170818494089495,-17.95405742901675,9.775629665111047,0.4988662131519275,0.028616780045351474,37.207793350263834,43.96651671865885,nan,nan,0.010039862437622718,4.550645216084821,-26.79652690359942,-1.000151903819357,3.9002267573696145,-10.775781568930405,2367.6209341231306,1055.7505915803797,1229.7195290276504,0.00029068890400003997,0.10670203601283493,1462.1044921875,274.80076205630104,0.00322265625,34,104,0.05315
library/real/wav/kick__real__0070.wav,kick,real,0070,3.5147392290249435,0.0016439345888465545,0.013202510960345321,0.7817135568048488,0.12307345971179778,0.015798436516107885,0.06456810141805376,-2.859014834821262,10.32171733743979,3.2426303854875282,0.039523809523809524,75.23506600215096,76.55015179119384,nan,nan,0.03139639086469199,0.1863771530394133,-24.196931857764177,-1.000151903819357,1.9501133786848073,-11.321869241259147,2584.165258217594,1424.7041896057879,1570.8559276691221,0.00021258172179261156,0.21132660257626654,3169.6875,338.80454277035307,0.010579427083333334,38,116,0.03028
library/real/wav/kick__real__0071.wav,kick,real,0071,7.777777777777778,5.39786396293654e-06,0.0033063544866183897,0.7007705468897656,0.04810589459770756,0.0068652741747514305,0.24094653198719415,6.0824143358446054,13.833297663436564,2.653061224489796,0.031156462585034014,nan,nan,nan,nan,0.010113274141738699,0.008370005519126304,-32.043646189097956,-1.000151903819357,5.782312925170068,-14.83344956725592,2483.8135665338955,879.9575870825197,939.0873026345378,8.152434568500116e-05,0.07212393620625306,1098.193359375,168.91077468775092,0.0048828125,14,26,0.001377
library/real/wav/kick__real__0072.wav,kick,real,0072,11.587301587301587,0.004904445395647049,0.00666629593665307,0.7680490551003808,0.018275891363984983,0.001021347592952229,0.20108296461038191,-13.02108843593745,9.96031413798115,2.312925170068027,0.02743764172335601,nan,nan,nan,nan,0.015625882762429703,17.94032293198734,-28.113797705033875,-1.000151903819357,10.702947845804989,-10.960466041800508,2863.0004376165753,1748.1608746995637,2235.2857430658955,0.0004532198767915052,0.2780271177146335,4437.1856689453125,452.1733932314365,0.011077880859375,46,176,0.1411
library/real/wav/kick__real__0073.wav,kick,real,0073,15.736961451247165,0.0020221806662099615,0.027116833825377808,0.49400174624798654,0.028139806704649703,0.005825452296231841,0.44289398025954435,14.096051032474879,15.393093282353053,1.7913832199546487,0.02873015873015873,nan,nan,nan,nan,0.009405093010781577,1.0122054205231379,-29.609701283088988,-0.9998544876801003,14.807256235827664,-16.392947770033153,4442.600470196349,2803.804595080791,1261.2151790699634,0.0015480856107840564,0.09374505944596313,7389.9261474609375,233.53821140757222,0.0081787109375,24,60,0.1218
library/real/wav/kick__real__0074.wav,kick,real,0074,10.634920634920634,0.004706864940927974,0.01337673153092664,0.9143413694174896,0.03445953660131429,0.002182773833577267,0.030932723675764287,-10.572350020091779,13.354131633186896,2.290249433106576,0.025963718820861677,nan,nan,nan,nan,0.015994688164187754,13.940190217364977,-29.267121081818424,-0.9998544876801003,9.81859410430839,-14.353986120866995,2561.9490120112328,1265.4459958889481,1884.6939038013743,0.0002640779398960165,0.18396305294188145,2488.28125,579.5350502490919,0.009521484375,30,172,0.09056
library/real/wav/kick__real__0075.wav,kick,real,0075,10.022675736961451,0.015277842390287708,0.01387371815823566,0.8861585463005339,0.02893765092716689,0.010249799518516562,0.04550244270525917,-10.66820584322398,11.763632193997722,3.650793650793651,0.03437641723356009,nan,nan,nan,nan,0.02330274962455045,25.130157771081656,-26.541709957294568,-0.9998544876801003,1.4739229024943312,-12.763486681677822,3823.152010158245,2875.5968081036735,4065.488533382836,0.000926442338293543,0.46825046076955296,6957.53173828125,961.3610969296132,0.027849469866071428,30,234,0.3469
library/real/wav/kick__real__0076.wav,kick,real,0076,16.16780045351474,0.0017147376024444355,0.003475428793637932,0.74248018389325,0.01688632844596293,0.0010264018417417684,0.23441691942296292,-5.254028980378499,9.323819875154168,3.401360544217687,0.03689342403628118,nan,nan,nan,nan,0.013547423544723951,70.32510388208134,-29.5637370049665,-0.9998544876801003,10.249433106575964,-10.323674362834268,2315.5116508572214,960.6560191000236,1617.5359861926327,0.00015724068219346045,0.5627238606564319,1366.162109375,815.9009848370385,0.007233796296296296,14,200,0.4876
library/real/wav/kick__real__0077.wav,kick,real,0077,16.55328798185941,0.01896998516919955,0.020726624229413196,0.8205440527196527,0.07790374949409619,0.002559254116756448,0.05929633427088197,-22.944621926396913,12.032661131182262,1.7233560090702948,0.02979591836734694,39.16971338574897,42.7148753334411,nan,nan,0.02086464330759387,5.48046165924057,-25.853553162141594,-1.000151903819357,3.7868480725623583,-13.032813035001618,3541.135679097498,2424.997020899025,3677.117152972834,0.0018610854709452754,0.29402852669480867,5583.899568256579,664.9727333562315,0.02084189967105263,36,188,0.33
library/real/wav/kick__real__0078.wav,kick,real,0078,4.535147392290249,0.003103638790935464,0.014313237249041707,0.1330102931220658,0.07427527263567031,0.005584148302499531,0.7697134098997872,-16.620339411487425,9.982160144217605,1.6326530612244898,0.04691609977324263,38.49680115462773,37.18545878265087,38.94411243745891,nan,0.012732199225737909,6.946021339414876,-25.62306696499593,-1.000151903819357,4.308390022675737,-10.982312048036961,2109.7915332636067,1075.2153119652946,1816.8111477036043,0.00020779895741699443,0.2709176231468814,2215.386603860294,720.39105494617,0.005428538602941176,32,192,0.6327
library/real/wav/kick__real__0079.wav,kick,real,0079,20.498866213151928,5.981572505323021e-07,6.826448209324532e-05,0.30632806555346853,0.014438887492981289,0.0008334670889253588,0.678330717225281,1.6805774223329355,7.35775961892777,5.26077097505669,0.026122448979591838,47.39512167317005,47.94582646005381,47.94582646005381,63.63138712432303,0.0587729717026489,28.075062814081782,-32.92673684299926,-1.000151903819357,2.9705215419501134,-8.357911522747127,1612.40041862347,331.0076921182469,399.8621559228101,6.696536850253036e-06,0.044497643966646,119.69927619485294,694.2580417818283,0.002168543198529412,188,328,0.7276
library/real/wav/kick__real__0080.wav,kick,real,0080,0.6575963718820862,2.247424602067769e-05,0.0007678843784395163,0.5107920138020627,0.1213244099967052,0.0036434345888583753,0.3634497829879136,-0.5889149646510792,14.157571672714422,1.7687074829931972,0.00836734693877551,47.12214585921682,48.78390474418438,nan,nan,0.045520636785802024,2.435642990383386,-33.03484680420828,-0.9998544876801003,0.3401360544217687,-15.157426160394522,1633.2630721661037,328.56357383958266,665.4890271978419,1.1396684793381755e-05,0.05685567275115402,269.63315217391306,1261.6547324187623,0.002335258152173913,74,260,0.4123
library/real/wav/kick__real__0081.wav,kick,real,0081,1.0430839002267573,6.528678909094055e-07,4.143933611309378e-06,0.5731297494036711,0.16936125894019682,0.00289026148116118,0.25461393337346866,1.218348820864681,12.173069685648828,1.3378684807256236,0.020136054421768707,46.58090185094999,46.3126155980921,nan,nan,0.03990177854529813,1.397277667030488,-30.435077365445498,-0.9998544876801003,0.5895691609977325,-13.172924173328928,1554.3837569677803,285.15951293978304,424.545128233945,4.244454230433247e-06,0.05871165458396486,112.55992542613636,782.774434472691,0.0025523792613636365,80,234,0.3584
library/real/wav/kick__real__0082.wav,kick,real,0082,19.727891156462583,0.001218802878506433,0.009923353779167069,0.6967151193218512,0.12273592240008034,0.006612843448445687,0.16279395817194942,-1.9007918514510722,9.637364621289766,3.5374149659863945,0.026643990929705215,nan,nan,nan,nan,0.010284334213930301,0.09388972428852031,-25.39379481981718,-1.000151903819357,4.444444444444445,-10.637516525109124,2826.2705551503145,1546.6175450125372,1623.1867152283553,0.00024015617224979523,0.26125593649041934,3748.3154296875,268.8104598754161,0.010532924107142858,28,114,0.05757
library/real/wav/kick__real__0083.wav,kick,real,0083,10.90702947845805,0.0007387673187804637,0.004635086958841826,0.7107757975799734,0.051553782862516356,0.0056538921048740675,0.22664267317501377,-1.3067019643675517,11.909712798291553,3.696145124716553,0.015034013605442176,nan,nan,nan,nan,0.010376811931061672,0.08999664126078201,-29.558353916047885,-0.9998544876801003,4.875283446712018,-12.909567285971653,2971.674391910655,1662.9297698036348,1728.8248649673078,0.0002626486571275841,0.15150162792190563,4242.041015625,237.1472753999933,0.015234375,16,68,0.008092
library/real/wav/kick__real__0084.wav,kick,real,0084,16.099773242630384,0.0009753625961655194,0.011766806041419008,0.43771573283670157,0.06092014860229739,0.004491312573050365,0.4841306373503662,-9.090366675884942,12.884185346959846,1.7913832199546487,0.041065759637188205,nan,nan,nan,nan,0.01705879048888434,0.44736177772899466,-29.452075730865094,-1.000151903819357,15.306122448979592,-13.884337250779202,2432.7375207688724,1138.406892147025,1397.0385359730817,0.00020721528907703964,0.15609144371593883,2207.1533203125,204.660995347989,0.0034993489583333335,36,76,0.09262
library/real/wav/kick__real__0085.wav,kick,real,0085,15.736961451247165,0.0020334709024656624,0.02724996320985207,0.4950518657025375,0.028255654617062677,0.005857393435859755,0.4415516521322224,-15.999370996374596,10.548754795746557,1.7913832199546487,0.02873015873015873,40.91226413423507,39.16971338574897,48.78390474418438,nan,0.01141822691498205,2.4841467183720742,-24.74369329091365,-0.9998544876801003,14.807256235827664,-11.548609283426657,2276.6641345323114,1195.4307191114558,1270.4347807604663,0.00028372741714186066,0.10637338785670686,2221.835049715909,213.3202311687171,0.007013494318181818,24,60,0.1206
library/real/wav/kick__real__0086.wav,kick,real,0086,6.8480725623582765,1.305598380590264e-05,6.906359069849083e-05,0.49440212028285,0.22570565350062907,0.0048192351725922745,0.27499087146942436,4.557084318933993,12.237627607029818,1.8594104308390023,0.0400453514739229,50.21338226539205,50.21338226539205,nan,nan,0.09004224443459342,1.2767916366336434,-29.58662900623381,-1.000151903819357,1.2698412698412698,-13.237779510849176,2372.26909134041,642.4465673055694,543.6160564246906,3.929710353065768e-05,0.0960502133981897,437.0442708333333,486.472370237328,0.003689236111111111,36,218,0.3179
library/real/wav/kick__real__0087.wav,kick,real,0087,10.408163265306122,0.001439999732408531,0.004886964603077828,0.7635985372912155,0.01513485154814845,0.0009197142235661234,0.21401993260158353,6.0923511277181905,11.34259146394413,3.5374149659863945,0.04671201814058957,nan,nan,nan,nan,0.022312112467289594,6.436989406567303,-31.048902804539754,-0.9998544876801003,9.297052154195011,-12.34244595162423,3617.8071296643666,1824.0994352585667,1550.7180567478051,0.00048690753853129293,0.31338940758201134,4444.81201171875,535.1721666707431,0.007161458333333333,44,72,0.1092
library/real/wav/kick__real__0088.wav,kick,real,0088,5.668934240362812,0.000165609101413611,0.002181401411660033,0.52742690391002,0.029297062635080185,0.0015941719560874968,0.43933485098573855,5.508118474054225,10.443352634607205,4.807256235827664,0.10585034013605442,71.42381712833429,42.962320088968426,nan,nan,0.044094993437970235,15.317645343035897,-31.79849765036343,-0.9998544876801003,0.9297052154195011,-11.443207122287305,3478.1078073384997,1501.6629821511808,1093.4636714593812,0.0004337046248789018,0.3729521898606355,3347.6953125,1321.9035489364333,0.007039388020833333,64,448,0.491
library/real/wav/kick__real__0089.wav,kick,real,0089,3.1746031746031744,0.00029500767133752183,0.00388944367328005,0.4803762393871726,0.032833393096292435,0.0031429099037039304,0.47946300626821337,5.777598647524385,17.217121702466756,1.2698412698412698,0.005011337868480726,71.01363087340704,43.21119827738208,nan,nan,0.04976474117627739,7.674752614868296,-36.961155355495066,-1.000151903819357,2.925170068027211,-18.217273606286113,3641.27144057767,1462.1100727790906,1076.6693451499455,0.0002501133317762294,0.2676120914511893,2972.4609375,1121.8894721030065,0.0052016900510204085,24,236,0.2222
library/real/wav/kick__real__0090.wav,kick,real,0090,9.387755102040817,9.428376128472872e-07,0.00017563016410211967,0.574922953392072,0.05678921914178984,0.002388215225643673,0.36572303923877936,2.4126400754971153,12.724030914501718,2.8798185941043086,0.02251700680272109,61.10986265026666,nan,58.68825876509896,61.10986265026666,0.02902985239933306,2.1242843938293996,-33.92819520100059,-1.000151903819357,8.639455782312925,-13.724182818321074,1555.6150703816381,463.28846888277127,525.4271978174482,1.5638923338627265e-05,0.2944834638627148,482.958984375,199.13727263301496,0.0035226004464285715,38,114,0.05683
library/real/wav/kick__real__0091.wav,kick,real,0091,9.229024943310657,1.1712069501179143e-06,6.844426219773343e-06,0.7606484589951108,0.1827184444125487,0.04170841801232178,0.014916662946848793,3.3623843176466424,15.842194868108113,2.7437641723356005,0.026281179138321994,nan,nan,nan,nan,0.013477479199254128,0.09749376995247298,-30.138436572683226,-1.000151903819357,8.662131519274377,-16.84234677192747,1407.6390819508106,449.46856827999085,398.0325354095173,1.2719886547147993e-05,0.12862041856485698,527.5634765625,198.00677045199586,0.004475911458333333,16,80,0.03123
library/real/wav/kick__real__0092.wav,kick,real,0092,4.580498866213152,0.0020902329127257427,0.001859637319720624,0.5248314485487643,0.19767565142135873,0.004671259723756981,0.2688717700736737,-34.26710639120126,9.11222350562525,2.131519274376417,0.03147392290249433,52.28529450371519,52.28529450371519,56.03799112997665,nan,0.03411513487212218,1.30160601508081,-25.820145076132942,-0.9998544876801003,2.199546485260771,-10.11207799330535,2622.7478742593976,1106.2110977753407,1136.0855409351238,0.0015710739224372302,0.121194273020889,2330.37109375,203.60436272310864,0.003634982638888889,36,96,0.1757
library/real/wav/kick__real__0093.wav,kick,real,0093,44.285714285714285,9.1115127420435e-09,1.554320878162584e-07,0.2670799268439348,0.0007677930099265584,2.0393016602200276e-05,0.7321317225859358,0.6733320490296598,7.913948704469651,5.328798185941043,0.09392290249433106,48.22437829419327,46.3126155980921,46.58090185094999,59.02823638950011,0.0614058882649973,410.40466699890163,-39.5907963378168,-1.000151903819357,10.204081632653061,-8.914100608289008,1152.8179674691562,157.4142827764802,419.0840376039058,2.191186148720378e-07,0.1563328042828821,67.43292557565789,901.9735750701864,0.002017372532894737,158,390,0.6547
library/real/wav/kick__real__0094.wav,kick,real,0094,4.489795918367347,2.9880250184413254e-08,4.379423965871138e-08,0.14178222672737942,0.003655910699737882,4.122106649662849e-06,0.8545576667917432,5.276078275606252,16.030222782944588,9.09297052154195,0.04943310657596372,42.46885575483417,36.126860953796196,43.21119827738208,nan,0.014439209164214156,33.469745587176355,-47.99700799072059,-1.000151903819357,2.5850340136054424,-17.030374686763945,3867.2693324610937,1200.226840306058,288.02810806446416,1.959285676848967e-05,0.049606008901375065,982.6171875,562.3873019203863,0.0038962850765306123,20,102,0.1016
library/real/wav/kick__real__0095.wav,kick,real,0095,2.4489795918367347,0.008666180289539777,0.013371073885659952,0.7162891437735811,0.1263167369421378,0.01411189741698865,0.12124496769209259,-32.76130758100321,8.252439529569482,0.13605442176870747,0.02802721088435374,nan,nan,nan,nan,0.02176696971120848,2.8152175329273867,-21.982882300521847,-1.000151903819357,2.3809523809523814,-9.252591433388838,1668.8329260233031,1086.2269452922355,1720.4965865469853,0.0031320679278493413,0.28394306674689834,2365.0634765625,221.91340960947377,0.017496744791666668,72,84,0.5485
library/real/wav/kick__real__0096.wav,kick,real,0096,2.8117913832199544,4.997468073760347e-07,2.2486739966048885e-06,0.40840720876546655,0.007947679377396998,0.0001475576526822986,0.5834948057836503,16.046544204298673,15.005731859995088,4.829931972789116,0.018934240362811793,51.0910967268256,51.0910967268256,52.588180133490575,nan,0.07571164371324121,13.153597766320006,-40.72604044897501,-1.000151903819357,1.8594104308390023,-16.005883763814445,3542.6370473378697,1738.8281431403152,161.2088568175301,0.000427876919046313,0.03249783966114951,3546.905048076923,608.1692398708146,0.009177183493589744,6,258,0.3003
library/real/wav/kick__real__0097.wav,kick,real,0097,18.095238095238095,0.00013528278290385692,0.000440498089703202,0.6280793213138225,0.01589429242930065,0.0008297630990857773,0.354620842285184,0.19507161196168854,5.193893415469631,2.0408163265306123,0.03233560090702948,59.714111458355674,82.99773149766462,118.05647277900022,137.18700320464552,0.0756519875719214,56.970264135573906,-27.720622871971763,-0.9998544876801003,13.80952380952381,-6.193747903149731,3143.284044838403,1160.9913809828643,1804.9594537429452,0.00043400783460844055,0.3032900656548855,1769.90966796875,163.35411745737994,0.004448784722222222,20,64,0.8602
library/real/wav/kick__real__0098.wav,kick,real,0098,47.46031746031746,0.001833945555903325,0.0029232062960567727,0.6745981157978697,0.03391917916122902,0.008905189057803443,0.2778203641311377,-13.703469713820676,6.9447005581084555,2.9024943310657596,0.05054421768707483,55.39433990439315,57.01751796098171,86.42239655476416,nan,0.05927120314509808,17.91417247590114,-25.174715396284014,-1.000151903819357,0.18140589569160998,-7.9448524619278125,1209.6982430424803,661.6661154426986,1604.6275524988998,0.002027867958338573,0.18697304528282496,1373.5916940789473,1780.2070401724136,0.012309827302631578,162,164,0.8033
library/real/wav/kick__real__0099.wav,kick,real,0099,1.8140589569160999,0.0025392501913375346,0.033217228266121585,0.6469598364851501,0.17234320171839,0.0038502207942753153,0.14109026254472543,3.1276522460516984,11.918786431790874,0.11337868480725624,0.020612244897959184,82.99773149766462,nan,nan,nan,0.05164572382159557,8.364679785236094,-24.659097548851932,-1.000151903819357,0.18140589569160998,-12.91893833561023,2474.594945427699,1831.9397885910978,1707.9754648699595,0.000416871024287907,0.5769738330604044,3720.9375,620.6702949082993,0.0191162109375,40,234,0.6223
library/real/wav/kick__real__0100.wav,kick,real,0100,104.26303854875283,1.2832056254033133e-08,3.2417391483289817e-07,0.7245653128785491,0.0009418955458704825,1.5804215023523954e-06,0.27449087414810686,0.05632421530976482,10.786052388023506,3.8775510204081636,0.11671201814058957,60.75789574083323,60.75789574083323,81.57188014843278,nan,0.1267089938745747,550.8602052928338,-38.145431159861594,-1.000151903819357,62.40362811791383,-11.786204291842864,669.1784330370073,108.51024548104844,296.19095782909704,4.30762622757535e-07,0.024745368881298538,93.69853251689189,3059.712588683471,0.002824113175675676,364,1394,0.9521
library/real/wav/kick__real__0101.wav,kick,real,0101,1.2244897959183674,2.7922940348950332e-08,1.008090281428244e-06,0.48520621548687526,0.009877883903078742,0.00013860185178472196,0.5047762627450393,-0.015423032242987281,5.173168635805312,1.4285714285714286,0.09229024943310657,52.588180133490575,52.588180133490575,58.350239267725875,nan,0.06757047741651195,23.556252797368373,-31.900313799832738,-1.000151903819357,0.7936507936507936,-6.173320539624669,535.623660543427,86.40135146078563,358.834111998647,1.1079025953853504e-07,0.04407910588498901,80.74951171875,1009.1443401958253,0.0286102294921875,310,338,0.7791
library/real/wav/kick__real__0102.wav,kick,real,0102,1.9047619047619047,4.5134906360658055e-06,5.439651365679757e-05,0.6324203333346843,0.08752918515443528,0.00537713376434863,0.2746144377422389,-1.2435104530701582,7.415656739310731,0.997732426303855,0.08154195011337868,47.94582646005381,52.28529450371519,68.99085971474273,nan,0.061218318284034644,3.8304290904630993,-26.213735683421483,-1.000151903819357,1.564625850340136,-8.415808643130088,760.8810358022946,168.08845222125888,258.9184576494968,1.1917635080721324e-06,0.16471064882763914,142.119140625,422.4466656375143,0.002490234375,120,196,0.4678
library/real/wav/kick__real__0103.wav,kick,real,0103,22.267573696145124,0.0004286306840846322,0.0005708081683798822,0.8038056819262576,0.11056822875044243,0.0003083150907867632,0.08431833538004868,-11.597586628215318,6.852358598553868,1.6326530612244898,0.0473469387755102,62.53823797979174,68.19843210422299,nan,nan,0.10548906103722214,4.635838801584159,-26.064204167580094,-0.9998544876801003,18.140589569160998,-7.852213086233969,2468.6143223192225,862.4465833909794,1792.6869367828522,0.0005922725218651754,0.15335668700386035,1391.455078125,337.63357002698564,0.006533668154761905,162,190,0.6348
library/real/wav/kick__real__0104.wav,kick,real,0104,20.74829931972789,5.51251537036999e-05,0.0002744971489298677,0.1448586240312764,0.10797293256444468,0.0057506853991330775,0.7410881357025121,0.7688913647519544,9.797752017007946,1.1337868480725624,0.025215419501133787,43.46151820247428,48.502930128332736,nan,nan,0.02330032457562601,11.506283951217073,-28.67827941823604,-0.9998544876801003,6.122448979591836,-10.797606504688046,1759.4662555829186,512.5161400048253,1275.7420609998962,7.832808324512733e-05,0.348967868082722,670.4391891891892,851.6441034307375,0.003939241976351352,128,356,0.8811
library/real/wav/pad__real__0001.wav,pad,real,0001,1318.639455782313,8.874085118540153e-08,5.5037467671234996e-08,3.2723451276544696e-05,0.41524722431124195,0.5847193423338084,5.661253542543811e-07,-0.002562505180656587,11.619595290934615,0.6122448979591837,1.3231746031746032,132.5139102516963,132.5139102516963,131.75068629036696,133.2815555244552,0.2235802167300125,2637.378212815637,-16.95028412830932,-1.000151903819357,575.5328798185941,-12.619747194753971,1389.0675291455964,537.9701425439486,710.7102771026362,5.039001308461566e-07,0.5544215606965432,536.6672825168919,nan,0.019744283904440156,12,3006,0.9918
library/real/wav/pad__real__0002.wav,pad,real,0002,2077.936507936508,1.057758142880748e-06,0.00015004203348291064,0.00013767881729110103,0.7045257350904083,0.29514132659480247,4.415970587232848e-05,-0.04303173294388358,11.312665780593859,0.4308390022675737,2.0853061224489795,110.15058396727426,110.78867980878631,110.15058396727426,nan,0.26795956288718825,951.0327004282144,-18.38974400391836,-0.9998544876801003,1908.7301587301588,-12.312520268273959,1083.022016288837,575.887353192382,964.8041667260075,8.406519714546535e-06,0.34685584902219796,755.4080447635135,nan,0.0167976291023166,3006,3006,0.9997
library/real/wav/pad__real__0003.wav,pad,real,0003,2443.9002267573696,0.009693688784473384,0.01840304478869096,0.3329796409839049,0.5374411997656363,0.09827115283126905,0.003211272846025478,-0.4576555502286439,13.181639301888136,1.8367346938775508,2.4705215419501134,152.2185107203483,148.74183513060348,159.41755166192937,160.3410481438884,0.0715600887708414,276.4406818416067,-22.447500571568376,-0.9998544876801003,1580.0226757369614,-14.181493789568236,4118.7216167211545,2622.2812335086765,3743.377510163676,0.00016251940382866652,0.3722792425244687,6440.0073902027025,nan,0.04900345378861004,3006,3006,1
library/real/wav/pad__real__0004.wav,pad,real,0004,6.303854875283447,0.5975178932089716,0.2804216716287687,3.04399027946696e-07,3.0353477008235353e-05,0.12202964900556446,1.2828065909911462e-07,-3.890648796827541,21.070848431093395,0.06802721088435373,0.010113378684807257,33.32038888111381,nan,nan,nan,0.007837864912668099,0.8460957884937488,-25.950173208733723,-1.000151903819357,6.054421768707483,-22.071000334912753,5351.319857442646,8684.777361432267,15496.702515387125,0.12141183204054766,1.0487030269646167,15480.294552364865,14931.490576431508,0.32981230393339767,972,3006,0.9002
library/real/wav/pad__real__0005.wav,pad,real,0005,351.4965986394558,1.5204623416393221e-05,0.003343252082818143,2.8454565146421984e-07,0.007503856240685931,0.9891373478834523,5.462397562571881e-08,0.2951049856452547,15.319188830819044,0.29478458049886624,0.35873015873015873,608.8740428813932,nan,548.748012818582,545.587456833784,0.06673115654956113,104.41899711703958,-17.547757723827146,-0.9998544876801003,276.8027210884354,-16.319043318499144,1962.6241270031624,1290.6463997812655,1518.7025350582817,2.879558149768072e-05,0.6762009417525253,1358.016788258272,2209.3379269294564,0.03737505744485294,358,1048,0.9829
library/real/wav/pad__real__0006.wav,pad,real,0006,55.3968253968254,0.26288328103177216,0.28527638411797773,0.034534363801216016,0.0946137519111333,0.31871423703386875,0.003977982104032087,-0.25901599576998446,14.553884895844629,0.27210884353741494,0.08113378684807256,32.46558611847374,32.0,nan,nan,0.007837838980003375,1.1587069035330282,-16.57998530494125,-0.9998544876801003,53.21995464852608,-15.553739383524729,5406.342590304311,6830.05073209282,7889.320480806493,0.20448124082744942,0.9745245019666905,13184.389516469595,70290.87121253862,0.24229307432432431,3006,3006,0.9975
library/real/wav/pad__real__0007.wav,pad,real,0007,288.36734693877554,3.5988043190020002e-09,6.078288276162537e-07,0.7022868278226687,0.011179311309279653,0.0073113315337767475,0.27922191790664286,0.49804053265802184,8.781907350122879,2.766439909297052,0.33718820861678006,86.92303640494856,392.53205623541777,399.3933957188472,394.80597130443283,0.1258924029879606,3319.7680111925765,-29.33258439318667,-1.000151903819357,257.4149659863946,-9.782059253942236,1708.7690019742665,596.1111837047066,805.7573500307036,8.814957992557475e-06,0.2531139645248456,434.12000868055554,6982.481337685902,0.010073061342592593,60,1724,0.9993
library/real/wav/pad__real__0008.wav,pad,real,0008,1514.1496598639458,1.8291669327628568e-05,0.00016510442825588297,0.0001271232512461866,2.5173747449970083e-06,0.9996605732676965,2.6390008728876783e-05,-0.15368169591713363,11.6192947212303,0.3401360544217687,1.5396825396825398,741.0018495694735,741.0018495694735,794.1861180588724,715.760606299658,0.9397876072251128,22786.583941998393,-13.756981734516891,-0.9998544876801003,1484.5351473922904,-12.6191492089104,1900.1105403872023,1155.983817327808,2933.719383511494,2.8176730501723167e-05,0.37251740372217323,1006.4901815878378,3411397.5659052357,0.033774357504826255,412,3006,0.9983
library/real/wav/pad__real__0009.wav,pad,real,0009,345.8049886621315,0.0008406466517677324,9.204232879531624e-07,0.07527585029033845,0.8092598916627342,0.10169084063933843,0.01293185033253312,0.09320604386357564,13.90348568753065,0.8843537414965986,0.3569160997732426,47.94582646005381,47.94582646005381,48.223573807186426,nan,0.038919331356835216,32.32958317253114,-22.310153326691218,-0.9998544876801003,296.984126984127,-14.903340175210749,2402.8705028873264,878.6188614283901,1248.637868445308,2.8363154330537275e-05,0.382390491673823,605.1463407628677,756.4258861824796,0.016845703125,168,364,0.9986
library/real/wav/perc__real__0001.wav,perc,real,0001,3.0158730158730163,0.00912396260833117,0.055798807132416424,0.001230450742682893,0.2630428839969867,0.6703740907513447,0.0004298047682381694,1.3667349835628477,9.564075282431219,0.8843537414965986,0.035532879818594106,nan,nan,nan,nan,0.010020259973627727,0.507672104419356,-13.240924017897541,-1.000151903819357,0.0,-10.564227186250575,5144.272072461088,3990.317853360149,3990.2065647034087,0.01668743737123057,0.40506011973282163,8563.037109375,144.60100359541238,0.049153645833333336,64,100,0.07451
library/real/wav/perc__real__0002.wav,perc,real,0002,1.1111111111111112,0.005289896619053945,0.058068844534536306,0.0013642035835648258,0.38413519785235894,0.5510433427570002,9.851465348559426e-05,-0.3494860834075653,14.69922253382078,1.0657596371882085,0.005873015873015873,nan,nan,nan,nan,0.010015492028148077,1.182458579162258,-18.712496419954565,-1.000151903819357,1.0430839002267573,-15.699374437640138,5129.0574243179935,3687.6063718466826,3702.658666583433,0.010294251990929601,0.561840118896806,7475.6103515625,612.6759051527047,0.063232421875,144,316,0.4254
library/real/wav/perc__real__0003.wav,perc,real,0003,14.285714285714285,0.00011211505577536919,0.011251510448395277,0.39872312140362387,0.4328676422307961,0.1196848071657741,0.037360803695635485,-1.6352909277929906,11.097985764831407,1.383219954648526,0.025941043083900227,122.92773696652854,nan,nan,nan,0.02107878701406011,1.6820919789802407,-19.25893020508889,-0.9998544876801003,2.1768707482993195,-12.097840252511507,1513.6290620980697,885.6009252204487,1269.497025772216,4.851725611123504e-05,0.5312802295543727,1551.0635375976562,1127.4285882318527,0.0135955810546875,124,364,0.3742
library/real/wav/perc__real__0004.wav,perc,real,0004,7.596371882086168,0.0003755259471181121,0.00476746284110605,0.6510105944734724,0.19034039361105304,0.06027158461990901,0.09323443850734144,-0.33711070006515725,20.32128968062793,1.746031746031746,0.03471655328798186,71.01244621234207,77.88822487491782,nan,nan,0.0708473685308755,1.3158452619369183,-32.568084817187824,-0.9998544876801003,5.487528344671201,-21.32114416830803,2863.2223900648423,1050.3964199931831,1361.153266089072,0.00018792383720474636,0.637614617864012,1263.659025493421,5146.233553215606,0.007144325657894737,28,876,0.4462
library/real/wav/perc__real__0005.wav,perc,real,0005,33.40136054421769,4.027785375161904e-05,4.563388838931987e-05,0.2832848619757588,0.0006328202237251257,9.347754562244901e-05,0.7159029285127525,-0.035883949617371715,11.496935436989427,5.736961451247165,0.03965986394557823,32.0,nan,nan,nan,0.010000342638231463,1917.4239049515738,-40.488847583130784,-0.9998544876801003,32.60770975056689,-12.496789924669526,3082.3202728419506,853.667701829456,649.3817244175345,0.0014983142768157955,0.6188471014509203,510.7234074519231,2109.115310762983,0.021064953926282052,10,110,0.7884
library/real/wav/perc__real__0006.wav,perc,real,0006,28.34467120181406,0.025329316296295593,0.022495772781124915,0.5405339667945657,0.16497216725091116,0.07253620931058281,0.17413256756651982,-23.483979236074,8.633791957947892,2.630385487528345,0.03292517006802721,61.81992505119011,54.129131432412706,65.11870029457192,nan,0.02013624512533156,6.041565332869114,-19.087228548880674,-0.9998544876801003,28.02721088435374,-9.633646445627992,6479.098573963544,5549.990455896927,5549.990455896927,0.04090160856559862,1.208894171151508,13902.374267578125,908.8324666468014,0.0433349609375,40,90,0.3162
library/real/wav/perc__real__0007.wav,perc,real,0007,27.891156462585034,0.002175799062555541,0.040110645502619315,0.13895881860539916,0.6381269256654449,0.1483221550938339,0.032305656070147154,0.12101808195054913,17.138211733819862,1.1564625850340136,0.03736961451247166,98.70149282610821,nan,nan,nan,0.014015151847834249,1.5207485619541143,-24.71622636785279,-1.000151903819357,15.419501133786849,-18.13836363763922,2791.1679617976865,2214.1198202927467,2111.1419343750645,0.0017602027065983768,0.9130235435998736,4351.416015625,1336.2392566048236,0.043581039186507936,142,538,0.4158
library/real/wav/perc__real__0008.wav,perc,real,0008,11.224489795918366,0.11120472719999644,0.11640393303740566,0.15745033835914546,0.10623254613132116,0.1993195655114005,0.30938888976073076,-1.0470526416678985,10.70161479381246,1.0204081632653061,0.046462585034013605,nan,nan,nan,nan,0.007500003881520846,2.4894299057049962,-16.50017548893201,-1.000151903819357,10.589569160997733,-11.701766697631818,6671.079033843896,7347.27380606989,7347.27380606989,0.1461212650075856,0.9916436436508789,16069.15283203125,nan,0.17205810546875,90,90,0.374
library/real/wav/perc__real__0009.wav,perc,real,0009,29.13832199546485,0.22826357954737614,0.12585371289551936,0.06294066957932612,0.10570262791307662,0.29440809752856467,0.18283131253613702,-8.501114720542326,14.040074276109642,0.18140589569160998,0.04419501133786848,nan,nan,nan,nan,0.009411816589963503,0.6680424038643681,-18.507039613478085,-1.000151903819357,23.174603174603174,-15.040226179929,5510.525091346825,5936.384340154921,6189.255090835506,0.06508076101577352,1.9062745189154966,11239.065372242647,494.3197643503005,0.14522058823529413,128,194,0.6554
library/real/wav/perc__real__0010.wav,perc,real,0010,248.20861678004536,0.0051950504475834006,0.00207593001148174,0.10271255190717489,0.008264344731605018,0.007817064548346847,0.8739350583538082,-19.50913464361237,14.08347619219801,6.4852607709750565,0.25528344671201814,nan,nan,nan,nan,0.00968750755313128,1.4370189496672252,-34.60893919524165,-1.000151903819357,229.1609977324263,-15.083628096017366,4545.977808580194,4276.560740753069,5623.694981536646,0.07097389702560145,1.4365068803450582,8290.283203125,229.92852339422214,0.10870361328125,30,60,0.9932
library/real/wav/perc__real__0011.wav,perc,real,0011,14.149659863945578,0.07356546763367948,0.03402582868514833,0.029008974383725617,0.515470381493987,0.3434661325759977,0.00446321522746181,-15.245185132334164,24.53232986214917,0.3401360544217687,0.01888888888888889,nan,nan,nan,nan,0.010090481440823348,0.0626303311307568,-29.175020852923804,-1.000151903819357,1.4058956916099772,-25.532481765968527,4893.791644061947,4089.416570956961,4994.450598375031,0.018769977627993595,1.5658037090227948,8707.347347861842,793.738478186468,0.09894120065789473,30,216,0.14
library/real/wav/perc__real__0012.wav,perc,real,0012,4.195011337868481,0.0009251715915746685,0.025188009437409255,0.434147123862757,0.3880179104761945,0.14981649907797998,0.0019052855540846409,-0.5558108258649673,11.75132539316556,0.8616780045351474,0.032494331065759635,120.12006357390634,117.37651753019792,nan,nan,0.013239603407805728,5.415720614251495,-19.36530429012184,-0.9998544876801003,2.131519274376417,-12.75117988084566,3005.5386560344555,1815.5141664750447,1879.793451186941,0.0012347425570422537,0.6845797606194968,3419.864169034091,1800.9615293113038,0.018887606534090908,78,250,0.5054
library/real/wav/perc__real__0013.wav,perc,real,0013,2.0861678004535147,0.021902047749471052,0.09348410726374509,0.00934139547585573,0.7135130319297613,0.15492955572661263,0.006829861854554203,-1.2975826356095819,17.463546782697257,1.4285714285714286,0.03498866213151927,254.5255484972921,254.5255484972921,254.5255484972921,253.05958921034141,0.0838493577743852,0.1436936257175364,-22.73816018967785,-0.9998544876801003,2.0181405895691613,-18.463401270377357,4717.766812002286,3736.371046901177,3776.5721018737177,0.008066464802158188,0.26619101058028877,8485.517578125,268.5972800657071,0.022102864583333333,50,120,0.01904
library/real/wav/perc__real__0014.wav,perc,real,0014,2.675736961451247,5.922394321557526e-05,0.0002996710958018911,0.008556172506110068,0.9810545272689694,0.006113827431134105,0.003916577754769138,5.846459274151283,13.17827925106157,1.4965986394557824,0.025714285714285714,212.79690141255367,220.3011679345485,212.79690141255367,212.79690141255367,0.2405910504589851,1.1340777456172886,-24.23257780744677,-0.9998544876801003,0.5895691609977325,-14.17813373874167,3703.3871498431904,1490.8437806102804,929.2685178850107,0.00013588319663940124,0.13262107396147657,2422.4853515625,437.0475265129582,0.00341796875,60,136,0.02548
library/real/wav/perc__real__0015.wav,perc,real,0015,164.0362811791383,0.006955432666952143,0.0036202627932218497,0.027433689662428793,0.0128021654495447,0.006297157275518238,0.9428912921523342,37.640549060829805,7.295109376942284,25.124716553287982,0.19290249433106577,32.0,nan,32.0,32.0,0.008235294286535315,38.02013801372839,-30.302982383438994,-0.9998544876801003,138.77551020408163,-8.294963864622384,4464.296079752486,3248.2166753169367,611.4213636998734,0.004874699071382042,2.4804746983105126,8039.484719669118,25.867494915911436,0.01872702205882353,26,196,0.9744
library/real/wav/perc__real__0016.wav,perc,real,0016,1.383219954648526,0.0011197210463173124,0.00126534377356881,0.7906740837660068,0.09596782066545081,0.004982251698669026,0.1059907790499873,-24.241337016249492,12.09165753331619,3.310657596371882,0.024625850340136056,88.44242431793766,84.93771150966836,nan,nan,0.0917398999751772,0.48350734438318815,-30.136096172646894,-1.000151903819357,1.0884353741496597,-13.091809437135549,4853.840670651072,2734.879478376971,2734.879478376971,0.0020066384242685554,0.47475298255678755,6974.066162109375,249.33583749637666,0.0145263671875,8,90,0.02607
library/real/wav/perc__real__0017.wav,perc,real,0017,0.5668934240362812,0.005933734838786898,0.02520293019488635,0.17662390076629708,0.5973935401012146,0.12633931959386704,0.06850657450494814,-3.9512551148496744,15.708210069216296,1.9727891156462587,0.018299319727891155,52.892820361869546,nan,nan,nan,0.010752793899826852,0.8894767809051574,-24.227585144100225,-0.9998544876801003,0.4308390022675737,-16.708064556896396,2551.123150131433,1899.5583707763776,2833.1754806421222,0.002496830911805387,0.7461079732767048,4098.330290421196,930.336279027747,0.03350033967391304,118,398,0.3794
library/real/wav/perc__real__0018.wav,perc,real,0018,0.5215419501133787,0.006818916523858472,0.02626555595676498,0.18227710274068704,0.5886552273967698,0.12958943619351734,0.06639376118840247,-4.032444989306408,15.330697288258794,1.9501133786848073,0.032834467120181406,nan,nan,nan,nan,0.010169639894377238,0.7790107942242254,-23.828927169122977,-0.9998544876801003,0.45351473922902497,-16.330551775938893,3341.331765678098,2143.953483726812,2934.533529501557,0.003106370668460851,0.8458197363769728,4569.2406631097565,1160.7368363964972,0.029808974847560975,116,410,0.375
library/real/wav/perc__real__0019.wav,perc,real,0019,20.657596371882086,0.007280090837294481,0.032129367412670855,0.15720653125026962,0.32543138316424514,0.13314474406660928,0.34480788326891054,-31.465367365892185,9.045660553913283,0.8843537414965986,0.025714285714285714,nan,nan,nan,nan,0.010000001500456511,0.919671846517886,-17.779487788660045,-0.9998544876801003,20.521541950113377,-10.045515041593383,5526.199260514688,3856.840631680535,3856.840631680535,0.018837167545751706,0.5226894235924247,9653.02734375,34.75719410091807,0.048095703125,40,40,0
library/real/wav/perc__real__0020.wav,perc,real,0020,8.049886621315192,7.80876995906356e-05,0.005326332156008159,0.0014451491441377648,0.0008111525799461168,0.9837397677092478,0.008599510711069564,-3.3319257691394184,12.04168222153951,0.24943310657596374,0.018979591836734692,989.118800819042,nan,983.4218957322282,989.118800819042,0.45017260836846124,0.005545097482458672,-13.124914658471114,-1.000151903819357,2.857142857142857,-13.041834125358868,2587.524932277557,1107.9450405969715,1113.7758746944937,1.556112340490798e-05,0.07525257806195577,846.97265625,63.90381075654864,0.010036892361111112,18,40,0.0005253
library/real/wav/perc__real__0021.wav,perc,real,0021,9.342403628117914,0.005537697396191999,0.7366976606199146,0.029811861719450824,0.012178168961405906,0.002434072661986282,0.2133405386410504,-0.9882055466343439,12.888737143345889,0.09070294784580499,0.022811791383219954,1390.7685824791768,nan,1390.7685824791768,1390.7685824791768,0.2589205541917606,0.12072095172908137,-14.074468118464903,-1.000151903819357,1.3151927437641724,-13.888889047165247,3729.471350484564,1728.7413880336208,1440.280383439828,7.656478236523056e-05,0.06208698465470298,3233.056640625,216.53338074390146,0.01171875,16,44,0.008259
library/real/wav/perc__real__0022.wav,perc,real,0022,7.959183673469388,0.00023597047021346154,0.007066977495568657,0.0019283877046317663,0.0010229938035236747,0.9773918258995299,0.012353844626532497,-6.151676794546255,12.051273059025938,0.6575963718820862,0.02238095238095238,1149.4011374687982,nan,1136.1991393974736,1149.4011374687982,0.44861012690299085,0.008304673835654844,-12.736692909096474,-1.000151903819357,3.9229024943310655,-13.051424962845296,2584.0920003572523,1140.1026838311573,1147.7006062733676,1.452305580013379e-05,0.06448085226386714,947.4609375,71.68334132367433,0.01123046875,16,40,0.0006909
library/real/wav/perc__real__0023.wav,perc,real,0023,6.099773242630386,0.163375266726972,0.3067258805077425,0.00010650306889401619,3.3571132252088195e-06,0.5297243910235917,6.46015595745165e-05,-34.61111226330423,15.087706778953716,0.13605442176870747,0.020498866213151928,1129.6551138956763,1136.1991393974736,1129.6551138956763,1123.1487792072974,0.13745503708852638,5.546253049422652,-16.17966728705747,-0.9998544876801003,5.1473922902494325,-16.087561266633816,4051.8139944087065,5753.936043935092,5843.032887365873,0.002892174512214455,0.2117131190149384,9793.30078125,178.6336773568598,0.161767578125,70,88,0.06096
library/real/wav/perc__real__0024.wav,perc,real,0024,8.321995464852609,0.1417597121026687,0.3426683152851314,5.180009978157022e-05,1.0014771295446286e-05,0.5153956762833732,0.00011448145774977197,-32.11326314448927,15.896273717441233,0.27210884353741494,0.02510204081632653,841.4108821358493,851.1876056502147,841.4108821358493,831.7464538687852,0.09908764581667519,5.8168069952357415,-17.236832050222883,-0.9998544876801003,4.376417233560091,-16.896128205121332,3411.0523488859103,4629.115327904252,4855.732401672561,0.0017527025852980252,0.2749989882385972,7685.395951704545,252.01140719044014,0.13165838068181818,84,102,0.1313
library/real/wav/perc__real__0025.wav,perc,real,0025,2.2222222222222223,0.003813691269390693,0.010832899181786758,0.0040270007704717335,0.5806902665323319,0.3993845558332841,0.0012515864127347787,50.997016713053675,16.616390443589786,0.997732426303855,0.018820861678004536,294.066778879241,304.4370214406966,294.066778879241,nan,0.12578016297112396,0.6216227021889471,-22.122470201591135,-1.000151903819357,2.2222222222222223,-17.616542347409144,4409.688322594992,4810.8998355116155,1565.7485171107974,0.13118021506181218,0.13400953169401683,8805.946751644737,305.248589705981,0.09757915296052631,38,108,0.05899
library/real/wav/perc__real__0026.wav,perc,real,0026,4.671201814058957,0.07278667635745806,0.17101620479555057,0.037299508000778483,0.12260171454368161,0.5935807151687573,0.002715181133773845,2.0905423609858507,21.11192282956465,0.3854875283446712,0.006099773242630386,nan,nan,nan,nan,0.014233988840101467,0.034615129148210404,-23.346153843455404,-0.9998544876801003,4.580498866213152,-22.11177731724475,3977.030448732749,3326.6229372362377,3149.883127323758,0.008011906339198231,0.16152721865990297,7377.275390625,255.6595705243495,0.048600260416666666,52,130,0.03781
library/real/wav/perc__real__0027.wav,perc,real,0027,14.739229024943311,0.0032748608641353064,0.0023116402069425115,0.00022045894647778263,0.9732272267075968,0.020922150442687797,4.366283215987112e-05,-4.130267587965999,8.745613101241826,0.5442176870748299,0.05648526077097506,366.2453587034261,366.2453587034261,364.13594065850407,364.13594065850407,0.7866574914893029,26.078753033366617,-15.13737910307324,-0.9998544876801003,2.1088435374149657,-9.745467588921926,3167.191173599988,1743.4915806402726,1732.0260366825958,0.0005255853947486218,0.07822684362899082,3022.3388671875,146.42615562049954,0.017438616071428572,112,138,0.2667
library/real/wav/perc__real__0028.wav,perc,real,0028,14.852607709750568,0.0012910352663253423,0.002635346798833037,0.003806950479912216,0.988905085211066,0.003311714498396701,4.986774546668185e-05,1.5186720712749544,12.494802256856564,0.9070294784580499,0.02687074829931973,222.86094420380775,222.86094420380775,226.75648489020435,219.03232657474615,0.8181574998684701,42.01186510934589,-23.008348220507674,-0.9998544876801003,7.09750566893424,-13.494656744536664,3146.070972018319,1320.1931248838357,1672.0132313115541,0.00012506537109969318,0.11706498175834829,1729.833984375,596.6608891253933,0.010611979166666667,172,316,0.289
library/real/wav/perc__real__0029.wav,perc,real,0029,4.036281179138323,0.014521686117642277,0.13045284626927783,0.0021270536485505477,0.01960155309166888,0.8330323711566203,0.0002644897162400795,44.86957787707476,15.914903290606937,0.20408163265306123,0.018299319727891155,nan,nan,nan,nan,0.012176105559657284,0.09448990301807193,-17.346520824023905,-1.000151903819357,4.036281179138323,-16.915055194426294,3860.739932599999,4020.5823142643367,4020.5823142643367,0.05161860711981187,0.1585696110852285,7816.552734375,129.20933923045754,0.11279296875,26,60,0.002319
library/real/wav/perc__real__0030.wav,perc,real,0030,46.73469387755102,0.9101179744004432,0.0893351884716542,1.7883210575047533e-05,4.1663706916063566e-05,0.0004661290546547664,2.1161155756843386e-05,-11.307926974112945,16.706234611059415,0.13605442176870747,0.049546485260770975,nan,nan,nan,nan,0.008181830154489356,0.07821455211040437,-23.195314188923998,-1.000151903819357,46.73469387755102,-17.706386514878773,3999.493053528537,10493.90442501835,10706.36599251046,0.04542040397372156,1.1061147119315922,14681.72940340909,80.77656280583435,0.4421608664772727,34,64,0.3004
library/real/wav/perc__real__0031.wav,perc,real,0031,8.208616780045352,0.9363878994037117,0.06331714704846274,3.002613486666613e-06,4.791648645259317e-05,0.00024294124221182296,1.0932056744023402e-06,-12.029552513120867,19.458441473173156,0.09070294784580499,0.012675736961451247,nan,nan,nan,nan,0.008889025514698246,0.0004213796612397016,-26.10921283558566,-1.000151903819357,6.054421768707483,-20.458593376992514,5001.696943097567,10339.071712476982,10339.071712476982,0.21439677681148556,0.3398802419446465,15975.244140625,73.27224570783841,0.2993706597222222,14,36,4.579e-06
library/real/wav/perc__real__0032.wav,perc,real,0032,1.0884353741496597,0.06585426436978879,0.21938155258427133,0.0001634171586772312,0.004649345894208124,0.7098743405893598,7.707940369465556e-05,28.93086622531072,15.258080265129191,0.06802721088435373,0.004897959183673469,514.9659858267411,nan,514.9659858267411,514.9659858267411,0.06745754956873148,1.5397143504814643,-18.181854754867285,-1.000151903819357,1.0884353741496597,-16.25823216894855,4404.736878664188,5308.255299412837,5308.255299412837,0.0544979305408949,0.07491935420179598,10410.107421875,108.92772203753476,0.06309678819444445,34,58,0.001554
library/real/wav/perc__real__0033.wav,perc,real,0033,5.873015873015873,0.05730978300181879,0.04581406241812418,0.0010052323630673746,0.7426686210530022,0.15308896763912083,0.00011333352486669907,-3.9865045211005943,13.455376327980687,1.8820861678004535,0.021927437641723356,nan,nan,nan,nan,0.010125123765014874,0.060320178281355975,-19.718629615513578,-0.9998544876801003,5.464852607709751,-14.455230815660787,4252.47601810901,4654.501753948284,5025.033053504325,0.009467530626158124,0.6346180209043383,9606.6796875,293.45896509444583,0.11689453125,56,156,0.04498
library/real/wav/perc__real__0034.wav,perc,real,0034,3.5374149659863945,0.6754292316422045,0.05696600236974698,1.3390993436071621e-05,2.1858710492621444e-06,0.2675878032832468,1.3858403165452256e-06,0.70365839352671,27.566867723581495,0.13605442176870747,0.006303854875283447,1456.5437626340167,1260.691879265194,1290.15915509235,1290.15915509235,0.6743137841990305,0.5295797430923432,-29.894976426162202,-1.000151903819357,3.401360544217687,-28.567019627400853,3741.259680227925,3670.9423948578087,6534.168050117658,0.00441608146419354,0.14222948844347713,6125.741362235915,673.3394880699906,0.10604643485915492,86,354,0.09535
library/real/wav/perc__real__0035.wav,perc,real,0035,19.45578231292517,0.6263027919321053,0.3731723255882637,5.0483712901711985e-05,5.63939770329141e-06,0.0003346593567551617,0.00013410001227093102,-0.9499046641580076,21.20393897019333,0.045351473922902494,0.02950113378684807,1851.107139623875,nan,1856.4533318207702,1845.7609474269798,0.010021207395190149,0.07213738521950391,-23.331490451646054,-1.000151903819357,16.349206349206348,-22.20409087401269,3956.2252156285117,7752.076494047632,8171.396138522352,0.029353338481854768,1.0659459074960853,11946.826171875,1410.635796379963,0.3048502604166667,72,232,0.133
library/real/wav/perc__real__0036.wav,perc,real,0036,84.85260770975056,2.4401383015656313e-06,0.00019489861161385225,4.5557076467623765e-06,0.07727394119470196,0.9225235475486192,6.167991166232569e-07,2.4311339375780046,12.69624787976618,0.40816326530612246,0.08773242630385487,406.37466930385904,415.8732269343926,401.70705812313633,399.3933957188472,0.6916572568793101,10002.51543927466,-16.677963030052148,-1.000151903819357,58.25396825396825,-13.696399783585537,2587.618742654341,1274.2978606413337,878.4530322838336,0.00019130612227039224,0.519417034316492,1322.4356815732758,236.90026176768015,0.020760371767241378,166,220,0.8651
library/real/wav/perc__real__0037.wav,perc,real,0037,9.297052154195011,0.010940165286911298,0.06302889323467216,0.007259973191770117,0.41209419896185656,0.5034116477057277,0.0032651216190621793,-4.483531939491219,20.606060633370205,0.27210884353741494,0.010272108843537416,nan,nan,nan,nan,0.010329385515719101,0.006764366365286971,-24.29439562024143,-0.9998544876801003,9.229024943310657,-21.605915121050305,2363.5007973670013,1282.7052454068428,1787.9702858859403,0.0009255854440129095,0.1548974000384705,2270.4609375,329.5126981122376,0.02076171875,18,90,0.01145
library/real/wav/perc__real__0038.wav,perc,real,0038,9.841269841269842,0.002436344927722667,0.014052244242099087,0.0063795935486278535,0.19002788111893557,0.7203023624364822,0.0668015737261327,0.8333265909302637,21.308461761891884,0.5895691609977325,0.010453514739229026,32.0,nan,nan,nan,0.010461298285606607,0.09249441836055704,-25.905212602484376,-1.000151903819357,2.4716553287981857,-22.308613665711242,2476.627265891943,738.1258423955945,1238.589055411093,0.00012171426346955007,0.16674962751908287,634.716796875,1022.3225071228599,0.0038364955357142855,24,76,0.06401
library/real/wav/perc__real__0039.wav,perc,real,0039,6.916099773242631,6.2453121371707e-05,0.0007405330839461904,0.06251266313313535,0.7910858446847122,0.13374912829721408,0.011849377679620415,2.2037793459913395,18.49669945489989,1.1337868480725624,0.012312925170068028,67.02682386052011,66.64077776222761,66.25695512584817,nan,0.12075301679145631,0.707833897261672,-26.765109035000446,-0.9998544876801003,6.598639455782313,-19.49655394257999,2573.8190807469527,899.3892780070086,712.0904483471692,4.071849460858591e-05,0.1887146621638389,649.6724942835366,779.5722460104284,0.016411013719512195,58,362,0.1588
library/real/wav/perc__real__0040.wav,perc,real,0040,1.746031746031746,0.27040461500949187,0.1471604551333757,1.9977670981327254e-05,8.09411616280353e-05,0.5823181434232633,1.5867601259850297e-05,-7.670931536093076,24.41186459406984,0.13605442176870747,0.007823129251700681,891.443776815231,886.3094384702906,907.0259395608174,831.7464538687852,0.0780072538971207,1.1783845062586147,-26.079278898220792,-1.000151903819357,1.7006802721088434,-25.412016497889198,3548.4549475140007,3836.9616499209938,4395.704330145946,0.0034708180844412765,0.27740341999545853,7317.373934659091,460.91388036767444,0.09335049715909091,72,246,0.09951
library/real/wav/perc__real__0041.wav,perc,real,0041,2.0634920634920637,0.00363860327586472,0.25525717845391027,0.0008864539355682924,0.06227192854523167,0.6774285285731548,0.0005173072162701648,9.460477788542837,23.276575151805044,0.18140589569160998,0.0058956916099773245,542.4451043119591,nan,nan,nan,0.25551314681979026,0.2797049258549519,-24.405157130641125,-1.000151903819357,2.0181405895691613,-24.276727055624402,5020.624593076796,3555.667017271589,2273.9247043186106,0.0020090622654593162,0.4426515187402702,8533.23390794837,743.6629159073077,0.04292629076086957,64,388,0.1402
library/real/wav/perc__real__0042.wav,perc,real,0042,2.925170068027211,0.00042468929194029633,0.010329416528925215,0.0004994840639721401,0.008390642252580162,0.9752062170143029,0.005149550848279353,7.469460961296388,24.36292015144153,0.18140589569160998,0.006598639455782313,753.9543337474693,753.9543337474693,771.5771809149829,771.5771809149829,0.16976435888520253,0.21658690954138,-25.550992793618626,-1.000151903819357,2.766439909297052,-25.363072055260886,3892.1675180606617,1927.170320051675,1237.1862043106596,0.0006702112628670358,0.09801316174860418,3982.592177972561,508.3641449030324,0.01377905868902439,42,146,0.03559
library/real/wav/perc__real__0043.wav,perc,real,0043,33.26530612244898,5.945389575231888e-06,0.0030120929377269604,1.1548087806093451e-05,0.025941953410703114,0.9710274362526484,1.0239215402083467e-06,0.06674346580814712,13.692573795480602,0.3401360544217687,0.03800453514739229,388.02344102666194,443.1547192351452,388.02344102666194,374.80593816208005,0.6567108750420279,24.20969897986473,-16.490927457048052,-0.9998544876801003,28.934240362811792,-14.692428283160702,1530.6333061470543,936.11705589762,1161.031667828157,0.00010000018664452692,0.7003946842933368,1098.8879788306451,2008.6759518652611,0.027679771505376344,644,946,0.8367
library/real/wav/perc__real__0044.wav,perc,real,0044,9.501133786848072,0.756617910347082,0.24063877701545516,2.4935672208431724e-05,0.0009439873557198666,0.0016520847176171658,0.00012230489191739427,-1.3959538421932995,21.784215471911345,0.27210884353741494,0.0218140589569161,1782.887553630462,nan,nan,nan,0.010074967992103081,0.5360696560552747,-25.728927357348113,-1.000151903819357,8.140589569160998,-22.784367375730703,4481.847758174973,10107.386587209749,10540.57547830053,0.029362698692664717,0.621390903736181,13934.553550606342,784.6468475558507,0.4295636077425373,148,438,0.2399
library/real/wav/perc__real__0045.wav,perc,real,0045,4.580498866213152,0.05645894156905694,0.14123937552887456,0.03173036958418108,0.3834153295024363,0.3871312043902607,2.477942519039536e-05,4.454983371857612,20.071922635642313,0.3854875283446712,0.018072562358276645,nan,nan,nan,nan,0.010067495524774999,0.015224780954705081,-22.7519999553613,-1.000151903819357,1.8594104308390023,-21.07207453946167,3958.4223217871763,2595.851135397709,2161.2937568648836,0.004401456799442276,0.39621291780397183,5099.52392578125,197.74323291826857,0.04038783482142857,34,114,0.01498
library/real/wav/perc__real__0046.wav,perc,real,0046,7.437641723356009,0.00010619287104185647,0.0015432577383782957,0.12832740395561368,0.6553275399075325,0.19021324744271678,0.024482358084717,3.1718858656628797,17.095451101408816,1.1111111111111112,0.012290249433106576,67.02682386052011,66.64077776222761,66.25695512584817,nan,0.131022632194573,1.3652007401166188,-24.91399955987597,-0.9998544876801003,4.263038548752834,-18.095305589088916,2747.1922377372916,1116.2201754619887,829.6810807719228,0.0002999789224276641,0.23192276037583062,1538.035508452869,971.637613871477,0.011486616290983607,72,406,0.2459
library/real/wav/perc__real__0047.wav,perc,real,0047,10.929705215419501,0.0007664978322764768,0.010753386662898837,0.004001354877482541,0.42239824963871697,0.5599031648488133,0.002177346139811744,3.2122408230080968,25.404870795917276,0.31746031746031744,0.017528344671201814,82.51969974013306,82.51969974013306,81.10206069037197,nan,0.02573612473351704,1.1227076480902292,-30.360114551239484,-0.9998544876801003,3.1065759637188206,-26.404725283597376,3105.141599881403,1416.9518522885814,1298.216827881246,0.0005103737338647145,0.17043343692647742,2545.611102764423,708.4818048370595,0.015168018830128206,52,294,0.308
library/real/wav/perc__real__0048.wav,perc,real,0048,2.199546485260771,0.0004568892262897029,0.0014593370740074647,0.14033561725281396,0.8040838186107144,0.037362797247778655,0.016301540588395672,4.305971998006599,20.604974727269564,1.383219954648526,0.009954648526077097,63.26489730258535,65.4959290877936,nan,nan,0.01945107159895437,0.0672130773615824,-31.173032002677694,-1.000151903819357,2.0408163265306123,-21.605126631088922,3090.163288563088,1085.462281195164,870.7367690727759,0.00019058348075688716,0.0756752405820354,1292.59033203125,562.5433432149187,0.004774305555555556,32,164,0.05696
library/real/wav/perc__real__0049.wav,perc,real,0049,6.6439909297052155,0.0018179394967849183,0.029860179629302878,0.14047621086669024,0.056110250646981955,0.7692885643063451,0.002446855053895034,4.35163761591198,23.941055220178306,0.40816326530612246,0.023424036281179138,60.06003178695316,nan,nan,nan,0.012757649264945041,0.06248769144228228,-27.888024397563772,-0.9998544876801003,0.5215419501133787,-24.940909707858406,6093.303902739699,4401.397347268537,1953.719245559495,0.006629478457080877,0.11713746649278178,12394.601440429688,210.59174330939285,0.036336263020833336,54,104,0.03766
library/real/wav/perc__real__0050.wav,perc,real,0050,1.5419501133786848,0.7077742919464521,0.29055987141702877,0.0001169525023280232,3.6726934667292056e-05,0.0013303023240889532,0.00018185487543481097,-2.8022982474552984,20.214295214636913,0.022675736961451247,0.00981859410430839,1845.7609474269798,1856.4533318207702,1835.1301466356788,1845.7609474269798,0.010325825926832037,0.07723262850151355,-22.65084835158293,-1.000151903819357,1.2698412698412698,-21.21444711845627,3668.5874669582495,8272.235564898545,8533.115598064522,0.028691593019875287,0.45434921824524627,12438.701596467392,394.7563998001594,0.33871858016304346,76,228,0.08439
library/real/wav/perc__real__0051.wav,perc,real,0051,6.258503401360544,0.7639711692877691,0.2353199265135077,5.9801995109210086e-05,0.00022939180803304375,0.0003806267951596921,3.9083600421217484e-05,-1.8834354690162796,24.50807059874725,0.06802721088435373,0.010589569160997733,nan,nan,nan,nan,0.010075004706445533,0.6534094537776318,-28.652567220003565,-0.9998544876801003,6.122448979591836,-25.50792508642735,4852.321593332408,9323.158990659325,10315.296360780416,0.038901088865812526,0.7864612999560083,13751.381363407258,1013.2860591419048,0.37345640120967744,150,510,0.3024
library/real/wav/perc__real__0052.wav,perc,real,0052,4.988662131519274,0.9245819341935049,0.0753248923146878,6.170208737686137e-06,2.2701629678515575e-05,6.284555200794376e-05,1.4561013831995008e-06,-2.3684414088644705,22.432009260998854,0.24943310657596374,0.00526077097505669,nan,nan,nan,nan,0.010085397122989094,0.037560068776649816,-26.02678242789903,-1.000151903819357,4.73922902494331,-23.43216116481821,3805.823531248022,9317.887588440815,9517.729218232249,0.03050748423933769,0.4213748123299152,12789.697265625,454.8613924939279,0.36721075148809523,52,200,0.05306
library/real/wav/perc__real__0053.wav,perc,real,0053,8.435374149659863,0.11162573985042543,0.04511503760746441,1.6294736354935394e-05,2.3159925732523667e-06,0.8432379098097965,2.7020033855904773e-06,0.49688210623358997,22.70599490771269,0.20408163265306123,0.013900226757369615,1116.6799182492239,1047.9348654046973,944.4517822320021,960.9605085912505,0.4354683396544074,2.890486401641993,-24.05470696911188,-0.9998544876801003,7.709750566893424,-23.70584939539279,3084.7945977717663,3420.2935728507728,4531.443940615066,0.0014989768601324169,0.09901027151922837,5756.54296875,528.659706425863,0.09957320601851852,106,304,0.1375
library/real/wav/perc__real__0054.wav,perc,real,0054,3.1519274376417235,0.1370196662733714,0.7068005688358857,0.0008913807523685383,0.027290474258917768,0.1279961403267225,1.7695527341118063e-06,2.7367826087192255,28.06807700315246,0.045351473922902494,0.011292517006802722,nan,nan,nan,nan,0.011371372601683825,0.023267171618285423,-28.800108760431517,-1.000151903819357,1.4739229024943312,-29.068228906971818,3794.97032912247,2669.9034970670014,3176.1651954768895,0.0051117475976505955,0.2773668854506869,5139.068924753289,328.14673920075745,0.04773591694078947,22,124,0.01561
library/real/wav/perc__real__0055.wav,perc,real,0055,10.022675736961451,0.0002817897634672996,0.008372780986355428,0.0016845802984806696,0.03637307459132508,0.9532457698970517,4.200446331996878e-05,4.451382428010713,22.2633500683769,0.31746031746031744,0.012131519274376418,116.70047853545175,117.37651753019792,116.70047853545175,nan,0.058973526823643777,2.7088723757055364,-25.172585331248843,-0.9998544876801003,5.28344671201814,-23.263204556057,5659.043083918598,3790.703683378578,1511.8595464185255,0.0031517710109470083,0.17008786038055118,10376.495183555826,401.26047279250633,0.03899613167475728,116,280,0.1741
library/real/wav/perc__real__0056.wav,perc,real,0056,4.535147392290249,0.014894175605475285,0.0794005535023948,0.021052825278333163,0.5754425283937394,0.3049310225314568,0.004278894688600469,2.797686523742991,23.48611349031554,0.06802721088435373,0.0053741496598639455,63.63138712432303,64.37074822834262,nan,nan,0.02419057850739495,0.11638388594000346,-27.99720192768087,-0.9998544876801003,3.2199546485260773,-24.48596797799564,3197.758031257979,1591.0180767630382,1814.366633649438,0.0009100040609244938,0.13047271487415538,3018.3248380335367,341.48032747584654,0.010075266768292682,42,138,0.03208
library/real/wav/perc__real__0057.wav,perc,real,0057,4.535147392290249,0.0006824228291127044,0.006518082747506218,0.0025325748994905395,0.20300567418366136,0.773232228835152,0.014029016505077234,2.5267730371548254,23.851436982930316,0.47619047619047616,0.00510204081632653,32.0,nan,nan,nan,0.010561594006412121,0.015389554044692671,-28.000942010472084,-0.9998544876801003,2.7210884353741496,-24.851291470610416,2795.4316463423156,936.5431015266142,1098.5445407442198,0.00011665510752874539,0.14361382607854634,1084.0129573170732,700.0717022742751,0.004227801067073171,22,74,0.01681
library/real/wav/perc__real__0058.wav,perc,real,0058,15.374149659863946,9.891511414765007e-05,0.0016815751482057387,0.008544331169629611,0.9508244502867108,0.037747593357547744,0.0011031349237583803,1.9193349506703143,15.269984814651071,1.5192743764172334,0.021768707482993196,202.01706171869222,206.73898670081078,205.54825775702434,194.01172051333097,0.22302041299493106,18.307131161602037,-25.61239261271506,-0.9998544876801003,4.195011337868481,-16.26983930233117,2078.1071877979607,760.6506068968479,895.4076748527892,0.0001291090268750228,0.1178154054077565,826.4294854525862,711.0409844708016,0.009622508081896552,188,404,0.4203
library/real/wav/perc__real__0059.wav,perc,real,0059,1.3151927437641724,0.0005682507472980324,0.0051185527271981335,0.15500443184771123,0.5968901137576199,0.19320053719069133,0.04921811372948129,4.043148627442852,25.709650335676944,1.0204081632653061,0.010975056689342403,32.0,nan,nan,nan,0.010272655095471081,0.05232412561580185,-33.48238690065613,-1.000151903819357,1.179138321995465,-26.7098022394963,3321.3596202918,1210.5950015120402,988.4681238779073,0.00016621062080806088,0.08260248916672518,1644.4014386432927,1041.4555149290056,0.005383003048780487,10,92,0.05768
library/real/wav/perc__real__0060.wav,perc,real,0060,10.022675736961451,0.00028161617026841124,0.008373734792707437,0.0015823205981012603,0.036370620520465344,0.9533601338464939,3.157407196360598e-05,5.382686534425966,18.939991584147922,0.31746031746031744,0.012131519274376418,117.37651753019792,117.37651753019792,116.70047853545175,nan,0.11869263929438423,2.7084414963119956,-21.848739044450834,-0.9998544876801003,5.28344671201814,-19.939846071828022,3894.9942207844215,2304.950035418086,1511.8595464185255,0.0007209255850327926,0.211775379011924,4245.6298828125,401.26047279250633,0.043111165364583336,116,280,0.174
library/real/wav/perc__real__0061.wav,perc,real,0061,5.328798185941043,6.288884561713722e-05,0.008811782634692357,0.0003966649439503012,0.1008590186848609,0.8880688772261536,0.0018007676647256862,6.548839331801991,21.126964332421913,0.31746031746031744,0.02256235827664399,753.9543337474693,762.7148611188237,nan,nan,0.35814632755423054,0.12218467095757082,-24.59503406168837,-1.000151903819357,1.8594104308390023,-22.12711623624127,2986.7731196333843,1515.2342041886275,1093.3218560852017,0.0004409262599143341,0.09617738504522483,2799.31640625,404.0762562687856,0.022664388020833332,60,194,0.04155
library/real/wav/perc__real__0062.wav,perc,real,0062,9.501133786848072,0.756616114905792,0.24063507882082993,2.791784766740807e-05,0.0009441606489524084,0.0016522008406317941,0.00012452693612656824,-2.0026160797717454,24.87566621643887,0.27210884353741494,0.0218140589569161,59.714111458355674,nan,nan,nan,0.010443383062972943,0.53610947751965,-28.820386247472854,-1.000151903819357,8.140589569160998,-25.875818120258227,5422.483271566468,9236.83350032299,10540.57547830053,0.03185056197533029,0.470603651316217,15045.966796875,784.6468475558507,0.3253146701388889,148,438,0.24
library/real/wav/perc__real__0063.wav,perc,real,0063,1.5419501133786848,0.7078367978092501,0.29048323568422246,0.00011795802777592536,3.6811464585282677e-05,0.0013304834232472696,0.0001947135909188264,0.4001915856665707,26.18561017953759,0.022675736961451247,0.00981859410430839,1845.7609474269798,1856.4533318207702,1835.1301466356788,1845.7609474269798,0.011060754521030976,0.07711381051797447,-28.622518742027033,-1.000151903819357,1.2698412698412698,-27.18576208335695,4105.808876867183,8570.279242561262,8533.115598064522,0.037796266877105945,0.8768478378305735,12680.637179599718,394.7563998001594,0.3541575228230337,76,228,0.08489
library/real/wav/perc__real__0064.wav,perc,real,0064,14.444444444444445,1.4593969703732732e-07,1.0707827497853674e-06,0.9846552202392181,0.007903381244331138,0.007285207294595329,0.00015497449940862857,4.774213734577166,15.112879263086906,2.2222222222222223,0.04850340136054422,110.78867980878631,110.78867980878631,110.78867980878631,118.7403669684876,0.4446867362277277,85.58592654470688,-33.07025325304412,-1.000151903819357,8.88888888888889,-16.113031166906264,3500.2721746579236,1617.221534980874,487.51356721799493,0.0007212079228613592,0.06660495876211864,3872.53125,1106.428829592296,0.00798828125,212,590,0.5655
library/real/wav/perc__real__0065.wav,perc,real,0065,1.201814058956916,4.83525532214273e-06,0.0003410208127632361,0.7346263142502308,0.1182905983838186,0.03409075675615765,0.11264647454170773,11.794659356872748,17.319347884370767,0.47619047619047616,0.006281179138321996,69.39051969929078,61.46386848326427,65.4959290877936,nan,0.07969261313890343,5.1676430103989635,-32.154719989786585,-0.9998544876801003,0.8616780045351474,-18.319202372050867,4501.713937339494,2833.598728518178,666.2686796259072,0.0024764918779917734,0.21909117396047892,7730.078125,663.1743722350488,0.025390625,36,286,0.5122
library/real/wav/perc__real__0066.wav,perc,real,0066,33.26530612244898,6.139437529699e-06,0.003181002295083236,8.21877448914784e-06,0.019597291205643286,0.977206869593223,4.786940315672901e-07,-0.23588797507194678,11.450007099824097,0.3401360544217687,0.03800453514739229,411.0965155140487,443.1547192351452,388.02344102666194,374.80593816208005,0.8622276896372519,22.930963598663887,-14.26756255207646,-0.9998544876801003,28.934240362811792,-12.449861587504197,1237.3374995888432,952.276245701404,1161.031667828157,5.648725037518117e-06,0.8278519173655795,1078.2853036556603,1871.8146237463436,0.032318691037735846,516,572,0.8275
library/real/wav/perc__real__0067.wav,perc,real,0067,2.562358276643991,0.00017466834353287842,0.0016776694238029338,0.7367231745840045,0.0650103686036571,0.04967572393625586,0.1467383951087469,2.968387989424151,16.06836779687449,0.4988662131519275,0.07047619047619047,65.87534314518349,65.87534314518349,66.25695512584817,75.23506600215096,0.1808352347961304,9.516221720998631,-30.474182203235493,-0.9998544876801003,1.4739229024943312,-17.06822228455459,3117.303064163732,1087.54597455239,972.9000949142456,9.021826254714964e-05,0.12998186859550653,1873.6578369140625,1221.5582090151802,0.005255126953125,112,530,0.5088
library/real/wav/perc__real__0068.wav,perc,real,0068,7.437641723356009,0.00010621280177841111,0.001543278009815135,0.12833061487043945,0.6553240292509107,0.19021259113376351,0.024483273933292887,11.064127099111667,19.48339335747077,1.1111111111111112,0.012290249433106576,67.02682386052011,66.64077776222761,66.25695512584817,nan,0.08218365392430922,1.3652130416576367,-27.301959566002342,-0.9998544876801003,4.263038548752834,-20.48324784515087,5089.283655813681,4568.04971733145,829.6810807719228,0.013825718904686351,0.14730639644359167,9407.368901090802,971.637613871477,0.0698196123231132,72,406,0.2459
library/real/wav/perc__real__0069.wav,perc,real,0069,6.326530612244898,0.00044628828164491386,0.010821921386065919,0.0006446334664307925,0.028015864164133,0.9456147334637667,0.01445655923795893,7.820580859859975,21.387136633108547,0.45351473922902497,0.015238095238095238,32.0,nan,nan,nan,0.01751516162586098,0.19924794715695482,-23.5743044993388,-1.000151903819357,1.1111111111111112,-22.387288536927905,3535.9945976573144,1756.6179472153447,1236.0153494616836,0.005295839832740685,0.10850693408435023,2964.404296875,843.2398043498551,0.011856470352564102,52,154,0.03955
library/real/wav/riser__real__0001.wav,riser,real,0001,8.36734693877551,0.0006942153164353538,0.4398190698740339,0.026685431047088044,0.457819815300047,0.07481806899925345,0.00016339946314208688,-2.170532446302564,23.319321969878715,0.20408163265306123,0.013242630385487529,166.9570649299922,166.9570649299922,nan,nan,0.03174719752103059,1.3318194225886775,-26.178717027079763,-1.000151903819357,2.0634920634920637,-24.319473873698072,1850.2917078741016,1537.4051837975417,3113.7583758110213,0.000275043762970065,0.8146569524351847,2656.995391845703,1416.3451950682152,0.03733062744140625,56,500,0.5781
library/real/wav/riser__real__0002.wav,riser,real,0002,1.7006802721088434,0.25444073359346664,0.6707604023566704,0.00010776941096441799,0.013764798079401177,0.0608362297869085,9.006677258892243e-05,-4.410661602373928,23.5407198228611,0.045351473922902494,0.011179138321995465,1921.921017182501,nan,1921.921017182501,1921.921017182501,0.015656243502821,0.7598772155786682,-24.696145052377545,-1.000151903819357,1.4965986394557824,-24.540871726680457,4861.427288859456,6633.363289411797,8235.268324008917,0.017478473716245137,0.6715565792856771,12421.444292210821,1008.5638023820192,0.21471985774253732,70,400,0.1433
library/real/wav/riser__real__0003.wav,riser,real,0003,2088.5260770975055,0.04564827619411432,0.07489337946510204,0.3722600129040054,0.1368439724371845,0.12490209559162165,0.24545226340797224,-2.4419459177404073,8.28151993763986,5.941043083900227,2.0948072562358275,119.83409167058917,nan,nan,nan,0.035009231623494855,3.0441506396281173,-15.520647605623331,-1.000151903819357,1394.6031746031747,-9.281671841459216,1658.8364448172433,2025.213571841824,8698.029635109386,0.003098388527036899,1.0843373977085042,3430.929317989865,nan,0.0813148527992278,3006,3006,0.9941
library/real/wav/riser__real__0004.wav,riser,real,0004,58.00453514739229,0.0010160748662355191,0.004123446363567972,0.0013109828649052614,0.5228549600604719,0.4488027722608296,0.021891763583989813,-4.146824152176773,17.902388031335683,0.5442176870748299,0.05857142857142857,nan,nan,nan,nan,0.01112618658816501,0.17174694379981595,-23.73449408176792,-1.000151903819357,32.76643990929705,-18.90253993515504,3271.0511304085417,1837.0393286355795,2256.545030040239,0.0009419999156123312,1.4743154795469446,3669.873046875,497.70495188960376,0.020054408482142856,30,192,0.966
library/real/wav/riser__real__0005.wav,riser,real,0005,138.73015873015873,0.11321119500391386,0.3091565873722803,0.011605074167951535,0.05847760011116236,0.4677954002747265,0.03975414306996547,17.666208905150533,20.490120616851126,0.06802721088435373,0.16043083900226757,nan,nan,nan,nan,0.007975233615795437,0.16638244649226655,-21.788874835372365,-0.9998544876801003,132.6984126984127,-21.489975104531226,4793.3559385573735,5992.272536563621,2133.6051867664414,0.12565633228146844,0.8128639987607287,11735.196940104166,213.93189951667372,0.07924623842592593,72,110,0.7474
library/real/wav/riser__real__0006.wav,riser,real,0006,879.3197278911564,9.206215011713971e-07,9.268462755210311e-07,0.10651330155473486,0.5739566014853168,0.111486345546244,0.2080419039459276,-0.004525709064037988,15.184157466558613,0.997732426303855,0.885328798185941,315.1729698162985,nan,nan,nan,0.03901775279229629,6.543762025192445,-24.05379621198854,-0.9998544876801003,650.2267573696146,-16.184011954238713,1599.1157712283598,557.5929733991744,1390.9782093907472,1.8198335120571617e-05,0.4449231861192509,605.638266509434,1850.734097504928,0.01525034394654088,40,836,0.9999
library/real/wav/riser__real__0007.wav,riser,real,0007,1214.0816326530612,2.4035792364277428e-05,1.1193831258267484e-05,0.5005988201516889,0.25154534241227156,0.1322635085631241,0.1155570992492929,-0.048444244424503666,15.342680803892492,3.3333333333333335,1.2191836734693877,34.896247445288246,nan,nan,nan,0.010917516872778001,4.686573117497977,-26.39527312380741,-0.9998544876801003,681.609977324263,-16.34253529157259,1808.5903956054726,483.2517786802049,1148.9242817301633,2.5100121860265914e-05,0.5773160891290927,471.2362753378378,4288.835297887143,0.00795577944015444,14,1162,1
library/real/wav/rumble__real__0001.wav,rumble,real,0001,10.929705215419501,0.011854971456027624,0.027229130585626173,0.0013523088524035746,0.4622786739242394,0.49721794100835626,6.697417334693102e-05,0.16814510853407846,16.451894153676218,0.7482993197278912,0.027324263038548752,138.78103939858156,nan,nan,nan,0.037436782202762385,0.32014086577621653,-21.682871189758806,-1.000151903819357,6.213151927437641,-17.452046057495576,4480.327526649168,3905.9914811095387,3826.9247638029537,0.007355978682004183,0.4974594025099903,9484.083984375,621.9253266828523,0.06048828125,54,240,0.1327
library/real/wav/rumble__real__0002.wav,rumble,real,0002,41.06575963718821,2.1513107842439126e-07,8.64116888753304e-07,0.45494593973968056,0.03655205507668692,0.00019826867489563298,0.5083026572607696,0.11366918557499342,5.693226436361437,2.0181405895691613,0.05766439909297052,51.38706443925609,65.11870029457192,nan,nan,0.05589683616019981,27.23426015192736,-29.367536321782012,-0.9998544876801003,17.959183673469386,-6.693080924041538,635.959768384175,118.65233691233942,558.4987626593398,2.022380235230762e-06,0.09490849091383163,90.8701171875,3337.237132481874,0.002568359375,970,1054,0.9375
library/real/wav/rumble__real__0003.wav,rumble,real,0003,13.356009070294784,2.9876864034473136e-08,2.170396795983927e-08,0.7220202900087135,0.010184990722491532,0.00017870080437210327,0.26761596688359096,1.812883918808988,8.26449255008827,2.1088435374149657,0.11675736961451247,33.90281901949745,82.51969974013306,105.7856407237391,122.92773696652854,0.05138000484542383,82.69746687937774,-31.316897477533864,-1.000151903819357,1.2471655328798186,-9.264644453907628,1834.3134875230767,523.192221970458,415.27385219826135,4.720933371954623e-05,0.12441162067199199,723.5619329637096,1271.2902656416215,0.002331149193548387,232,574,0.8409
library/real/wav/rumble__real__0004.wav,rumble,real,0004,18.52607709750567,6.5598202788103875e-09,0.00021436611705444533,0.6931800038806757,0.0035088173021455013,0.00042602016665187106,0.3026707859736521,5.845621744645576,10.618452595599678,4.376417233560091,0.023219954648526078,nan,nan,nan,nan,0.011358168639129784,68.88935928084888,-34.30470056108842,-1.000151903819357,14.512471655328799,-11.618604499419035,1334.49151553936,486.4270079206761,512.611900613566,3.0749626486777806e-05,0.6594022612584368,693.369140625,222.28296094508318,0.0032552083333333335,34,104,0.1643
library/real/wav/rumble__real__0005.wav,rumble,real,0005,49.84126984126984,0.025719446737848515,0.011479908998506535,0.6541742855059495,0.08024401072261624,0.01533664943483397,0.21304569860024536,8.162549326015258,6.115859050384815,4.444444444444445,0.05512471655328798,60.75789574083323,62.178044233830775,93.1618037019,nan,0.037863601200519736,6.312992179530812,-19.894133565150685,-1.000151903819357,11.655328798185941,-7.116010954204172,4928.108971465292,5378.467850780173,4902.6417204115905,0.013033820486640223,0.8829479477339746,10600.002569901315,141.96534367960925,0.0639905427631579,82,216,0.7419
library/real/wav/rumble__real__0006.wav,rumble,real,0006,2.2448979591836733,9.620222155064504e-08,6.206120847323119e-05,0.12133650894102531,0.01816628333163078,0.013857226877494938,0.8465778234391541,0.5445492052967821,14.91598163389037,6.349206349206349,0.053492063492063494,nan,nan,nan,nan,0.010100894442322358,44.00787363517429,-35.27682477086876,-0.9998544876801003,1.7687074829931972,-15.91583612157047,1502.204807268421,531.3705224557062,444.73311623987445,0.0008206633248843066,0.36485360208577433,985.8646422859252,7393.491684970756,0.0022011103592519685,36,1200,0.8359
library/real/wav/stab__real__0001.wav,stab,real,0001,8.639455782312925,2.363205117986591e-05,0.01188810559186422,0.6456914679787881,0.18849408215400454,0.1506326328082423,0.0032700794159210376,-3.078513413326585,8.749392804937045,0.6349206349206349,0.011541950113378685,109.5179902844919,112.0759822599533,112.725231820307,108.88539660170953,0.26497929367250744,10.301343086458244,-17.338644122649345,-1.000151903819357,4.71655328798186,-9.749544708756401,899.9445275447106,568.0642223681936,934.5537973397436,3.666457035199644e-05,0.24427557299726288,990.52734375,527.9243172206593,0.00790127840909091,160,208,0.6434
library/real/wav/stab__real__0002.wav,stab,real,0002,29.22902494331066,0.003954847549699211,0.033024793110629676,0.00025536810079615686,0.049334967074469986,0.9115778654224601,0.0018521587419448472,0.6573727878214847,17.19152422327019,0.18140589569160998,0.07428571428571429,401.70705812313633,401.70705812313633,401.70705812313633,406.37466930385904,0.5219490166148821,17.553210037214196,-17.972602057432248,-0.9998544876801003,28.775510204081634,-18.19137871095029,3371.393074800724,2763.3800538408673,3104.739344946216,0.0026717924440178933,0.7166349863498244,5148.990333686441,778.314047740667,0.058519266419491525,128,316,0.6442
library/real/wav/stab__real__0003.wav,stab,real,0003,79.84126984126983,0.00045219109604073196,0.027768527384897632,0.19963548144907614,0.29271916188157227,0.4750653602631642,0.004359277925248883,-0.22205861974205954,18.797947106426186,0.31746031746031744,0.08600907029478458,64.37074822834262,nan,nan,nan,0.015420252297454308,3.873293571676911,-23.64549359773655,-1.000151903819357,75.07936507936508,-19.798099010245544,2117.63906431275,1012.7360081277699,1757.6928021770668,0.0001722759492082564,0.6700518393798388,1495.1642922794117,3127.5035277007582,0.01926413143382353,398,1176,0.9192
library/real/wav/stab__real__0004.wav,stab,real,0004,19.002267573696145,3.7575434997910093e-06,6.915072201571203e-05,0.00011459421674705606,0.7527534590162132,0.24705691736621807,2.1211353060672297e-06,0.4744831394604014,13.681125206381155,0.5668934240362812,0.022426303854875283,73.51669471981023,73.51669471981023,92.6252311961842,nan,0.03035052693735692,446.5955594718082,-19.762284936939942,-0.9998544876801003,7.913832199546486,-14.680979694061255,1542.568554683417,693.400952852751,716.1812499122618,0.00014271423145633056,0.22791310523117986,777.0357572115385,2380.2920346052397,0.017039763621794872,310,946,0.8129
library/real/wav/stab__real__0005.wav,stab,real,0005,135.0793650793651,0.00027308276289081287,0.022199011943679063,0.08462628179621819,0.4278358953805066,0.46438769970581745,0.0006780284108879003,-0.10804143926954676,19.10247624709016,0.5215419501133787,0.1445578231292517,65.87534314518349,130.99185817558717,nan,nan,0.027534541467031208,12.278190955207902,-24.071206885862004,-1.000151903819357,94.67120181405896,-20.102628150909517,2606.0601191456476,1202.7127461534506,2629.34724155664,0.00028713037469051383,0.7173234715724726,1633.1234580592106,3305.8227680593627,0.020931846217105265,292,1234,0.9998
library/real/wav/stab__real__0006.wav,stab,real,0006,111.08843537414965,6.673498517457983e-05,0.008880872900880556,0.10648163393100721,0.4005559075401004,0.4827774456143327,0.0012374050285043727,0.005399152850983926,19.42917040933259,0.7029478458049886,0.12342403628117914,110.15058396727426,110.78867980878631,nan,109.51616328737308,0.019412973857071827,3.8894271307043655,-24.31207055137127,-1.000151903819357,86.25850340136054,-20.429322313151946,1605.256677063835,819.7885651427979,1132.5889742670597,9.333351425740449e-05,0.606392418129591,1187.4620752427184,3862.8979281461675,0.020301596632281555,358,1464,0.9563
library/real/wav/stab__real__0007.wav,stab,real,0007,77.73242630385488,0.0007041171137063141,0.04342598115680782,1.2914537962391292e-06,0.002541395732998545,0.9533257348727446,1.4796699464252673e-06,2.2812760720831795,14.294403297012519,0.6575963718820862,0.09507936507936508,443.1547192351452,443.1547192351452,443.1547192351452,nan,0.7839189346025188,93.32673361765646,-17.609394752619615,-1.000151903819357,75.19274376417233,-15.294555200831875,3295.4694599088516,2486.9979370288124,2733.9857862962663,0.0020008149551334294,0.57623670527825,4856.117302389706,928.3175882176404,0.04181985294117647,400,512,0.9515
library/real/wav/stab__real__0008.wav,stab,real,0008,28.66213151927438,1.5728870206284624e-05,0.012870518640881505,0.0005402139977035886,0.005060203143449506,0.9814478393299443,6.54960178149106e-05,0.23294528409559764,20.51160789417537,0.29478458049886624,0.03471655328798186,130.99185817558717,130.99185817558717,130.99185817558717,nan,0.4189690189696127,69.20474780057495,-22.622099793144326,-0.9998544876801003,24.444444444444446,-21.51146238185547,1963.9121121918713,1455.0650253870872,1135.9451644381088,5.2631866556643395e-05,0.35252782361924834,2000.2529649849398,4212.5600415061435,0.04411885824548193,212,1258,0.6126
library/real/wav/stab__real__0009.wav,stab,real,0009,10.249433106575964,0.011319594729337018,0.8102241575891536,0.0037477535717700653,0.008088527050384065,0.16189303944826472,0.004726927611090506,-1.8085523128343364,15.880769893936058,0.13605442176870747,0.012789115646258504,nan,nan,nan,nan,0.010609354472983402,1.0559491591150387,-15.913397922976085,-0.9998544876801003,10.226757369614512,-16.88062438161616,2516.1286905124466,3285.1343708846302,3448.222742136675,0.003227722380716724,0.8274915074015159,5008.126126802885,608.9498088057926,0.1246807391826923,186,274,0.5568
library/real/wav/stab__real__0010.wav,stab,real,0010,38.57142857142857,0.00597138859174078,0.19512869109989395,0.015141568384966613,0.2757572598133294,0.5078359090476376,0.00016518306243153144,0.18644248822252718,18.155983209837068,0.3401360544217687,0.044081632653061226,76.55015179119384,76.10925536017415,nan,nan,0.012336539196058779,20.261330177686634,-20.04261727432,-0.9998544876801003,5.600907029478458,-19.155837697517168,2896.9999748541036,2169.449566883055,2626.5017060070554,0.001118278159847278,0.5797324589596348,3760.3352864583335,1627.6414852607404,0.06213228202160494,326,738,0.5762
library/real/wav/stab__real__0011.wav,stab,real,0011,1062.2902494331065,0.0006428727122596887,0.2158984917583929,5.988728120710133e-06,0.00023539199362423855,0.7831810589178919,3.61958897105037e-05,0.21535588414100942,16.29149627059297,0.22675736961451248,1.0701360544217686,130.99185817558717,131.75068629036696,nan,nan,0.12196138329619251,749.3943277851545,-17.468800373213366,-1.000151903819357,149.45578231292518,-17.291648174412327,2445.391961444207,2343.5977614410976,2450.81145403737,0.0005558196320786618,0.7953928663944223,3714.352829391892,5945.69043294335,0.06902864080598456,1834,2218,0.9974
library/real/wav/stab__real__0012.wav,stab,real,0012,11.564625850340136,1.2317147430149086e-06,0.0038338362252443013,7.672744368350015e-05,0.01091875437413715,0.9851406084243632,2.8841817828873888e-05,0.7154489609360893,18.649453991432583,0.3401360544217687,0.01766439909297052,220.3011679345485,448.30392903981317,464.11333295519256,453.5129697804087,0.5061817005774634,95.59157273262633,-23.019733557258203,-0.9998544876801003,8.231292517006803,-19.649308479112683,1988.9854475206907,1292.3046195208074,886.6781042586093,0.00020896322983922165,0.2732334518267097,2083.5714588994565,3835.023390225518,0.028033712635869564,528,1762,0.7744
library/real/wav/stab__real__0013.wav,stab,real,0013,72.47165532879818,0.00024906756689730607,0.062332341222336676,0.019612133167160636,0.07723358402182953,0.8404785821459928,9.429187578306945e-05,3.433295782387253,19.028706342440174,0.24943310657596374,0.08099773242630386,728.2718813170084,nan,nan,732.4907174068522,0.06719574439146336,5.441544094043399,-21.097343159240793,-1.000151903819357,68.3219954648526,-20.02885824625953,3006.5816557594303,2137.1155125254804,1733.947113107812,0.002472817236535929,0.7450959782140009,3731.011962890625,680.4500975841945,0.05045863560267857,132,306,0.7788
library/real/wav/stab__real__0014.wav,stab,real,0014,113.94557823129252,0.00023390440118496654,0.11930513225556,5.619870598292451e-06,0.0003509223532541568,0.8800605786184019,4.384250100057443e-05,0.3323367846992597,15.424038137299053,0.27210884353741494,0.11634920634920635,219.03232657474615,nan,221.5773596175726,220.3011679345485,0.044391249583146844,624.1255654563085,-17.538346826656348,-1.000151903819357,94.5124716553288,-16.42419004111841,2272.938017129115,2072.562314938408,2050.483768959457,0.0004776659915203402,0.7467093786070301,3426.1903505067567,1792.3005337971983,0.0566726743484556,1772,2234,0.9953
library/real/wav/stab__real__0015.wav,stab,real,0015,31.8140589569161,5.777771043250119e-05,0.06637226795293026,0.052376089023932135,0.18003929232491037,0.6997360878957322,0.0014184850920625856,-0.6416522632500073,9.190430571554536,0.5442176870748299,0.04743764172335601,263.5013725807339,261.98371635117434,nan,nan,0.332004136155184,5.007778552987532,-12.633033279556924,-1.000151903819357,31.700680272108844,-10.190582475373892,1882.941382273375,1733.6874727363745,1858.4959720848144,9.967384694266318e-05,0.8730792907227828,3549.3896484375,44.77118778109073,0.0263671875,228,234,0.7859
library/real/wav/stab__real__0016.wav,stab,real,0016,68.86621315192744,0.0009965704408353142,0.08014455052074959,0.026000211042312586,0.125227753118095,0.7673040137277584,0.00032690115024910503,6.077549825165677,18.91733432669677,0.7256235827664399,0.07077097505668935,152.2185107203483,153.10030358238768,nan,nan,0.01373602546256378,2.0443935705494414,-20.771629327682962,-1.000151903819357,38.344671201814066,-19.91748623051613,3291.8160734682233,3142.4974269216045,1938.5837341870974,0.09217503868287538,0.7852071032786198,5888.04931640625,847.602646456477,0.0674409412202381,214,522,0.9009
library/real/wav/stab__real__0017.wav,stab,real,0017,41.111111111111114,0.009057201481567809,0.10534222124726751,0.41613440831803306,0.3712624659500446,0.07797271529719887,0.020230987705888225,-2.8559305187233153,6.699078470473246,3.8321995464852607,0.051950113378684805,76.99360230925546,76.99360230925546,nan,nan,0.011639918136973777,4.295971244512454,-13.620325349981638,-0.9998544876801003,2.35827664399093,-7.698932958153347,3058.0974277235155,2649.138384149402,2887.8952513043423,0.0019156849397326682,1.0763180073319984,5666.30859375,1955.3642367147463,0.05067661830357143,128,160,0.4607
library/real/wav/stab__real__0018.wav,stab,real,0018,68.20861678004535,0.020489657487927707,0.006510695671096294,0.4783223061622018,0.12383049108901946,0.06347418606345005,0.3073726635263048,-29.374253647743807,8.995051369556958,4.195011337868481,0.08192743764172336,55.715236050951944,55.715236050951944,nan,nan,0.026238881939842043,5.089466153936486,-20.771190211680192,-0.9998544876801003,3.99092970521542,-9.994905857237057,3810.817810405651,3007.7906622328014,3484.2828756355852,0.0021512605318236362,0.6653911690487123,7303.3447265625,186.96073684919708,0.045247395833333336,52,54,0.7289
