file,sound,param,value,crest_factor_db,spectral_centroid_hz,spectral_centroid_hz_100ms,centroid_slope_hz_per_ms,band_sub_share,band_low_share,band_lowmid_share,band_mid_share,band_high_share,band_air_share,decay20_ms,decay40_ms,sustain_share,conf
corpus:001-sascha-m-ller-punkt-1-01-sascha-muller-1-01@1.997,hook,corpus,1.997,11.23512,1323.14681,1323.14681,-3.36713,0.04963,0.21252,0.21048,0.50842,0.01873,0.00021,92.0,92.0,0.19612,0.839
corpus:001-sascha-m-ller-punkt-1-01-sascha-muller-1-01@12.283,hook,corpus,12.283,11.05565,1421.88423,1421.88423,-3.41238,0.05491,0.2192,0.23885,0.47135,0.01515,0.00054,92.0,92.0,0.20825,0.835
corpus:001-sascha-m-ller-punkt-1-01-sascha-muller-1-01@14.617,kick,corpus,14.617,10.08866,2344.18629,2277.4066,-0.81968,0.40594,0.47578,0.02571,0.03599,0.05378,0.0028,94.0,116.0,0.18878,0.82
corpus:001-sascha-m-ller-punkt-1-01-sascha-muller-1-01@3.483,kick,corpus,3.483,8.5439,929.46051,1009.96278,-8.39884,0.3537,0.61575,0.02305,0.00716,0.00028,7e-05,40.0,116.0,0.64607,0.817
corpus:001-sascha-m-ller-punkt-1-01-sascha-muller-1-01@16.335,kick,corpus,16.335,11.77242,2744.09515,2679.09349,3.373,0.4267,0.47575,0.02951,0.01503,0.04806,0.00496,62.0,116.0,0.15699,0.812
corpus:001-sascha-m-ller-punkt-1-01-sascha-muller-1-01@53.429,hook,corpus,53.429,11.65649,1517.09948,1517.09948,-0.06559,0.04105,0.19894,0.17472,0.53249,0.05238,0.00043,92.0,92.0,0.17911,0.798
corpus:001-sascha-m-ller-punkt-1-01-sascha-muller-1-01@0.906,kick,corpus,0.906,10.98594,2295.72302,2359.66592,-6.01065,0.40766,0.41806,0.02622,0.07612,0.06934,0.0026,86.0,116.0,0.25321,0.797
corpus:001-sascha-m-ller-punkt-1-01-sascha-muller-1-01@2.624,kick,corpus,2.624,10.23433,2163.62207,2185.16681,-6.54258,0.40174,0.44626,0.03361,0.08199,0.03311,0.0033,60.0,116.0,0.16025,0.797
corpus:001-sascha-m-ller-punkt-1-01-sascha-muller-1-01@0.279,hook,corpus,0.279,12.16252,1734.91225,1734.91225,-0.46603,0.04776,0.13262,0.11808,0.4583,0.24278,0.00045,92.0,92.0,0.24166,0.782
corpus:001-sascha-m-ller-punkt-1-01-sascha-muller-1-01@49.47,hook,corpus,49.47,12.61832,1308.43912,1445.17431,-0.87911,0.07227,0.48439,0.11256,0.32465,0.0055,0.00064,70.0,174.0,0.27313,0.777
corpus:001-sascha-m-ller-punkt-1-01-sascha-muller-1-01@50.004,hook,corpus,50.004,11.75931,1626.15152,1626.15152,0.48446,0.01075,0.27784,0.28765,0.41203,0.01084,0.0009,84.0,92.0,0.22266,0.775
corpus:001-sascha-m-ller-punkt-1-01-sascha-muller-1-01@43.143,hook,corpus,43.143,11.06963,953.03282,953.03282,-3.94489,0.01486,0.31628,0.40325,0.26402,0.00144,0.00015,92.0,92.0,0.26314,0.764
corpus:001-sascha-m-ller-punkt-1-01-sascha-muller-1-01@47.752,hook,corpus,47.752,12.88385,1373.51333,1272.16793,2.15893,0.06494,0.48894,0.13141,0.30906,0.00507,0.00058,100.0,196.0,0.28901,0.748
corpus:001-sascha-m-ller-punkt-1-01-sascha-muller-1-01@17.961,kick,corpus,17.961,5.93618,1029.33337,1029.33337,-29.2523,0.04417,0.64534,0.30187,0.00709,0.00132,0.0002,80.0,80.0,0.28381,0.656
corpus:001-sascha-m-ller-punkt-1-01-sascha-muller-1-01@52.222,kick,corpus,52.222,6.5991,898.51315,1110.40607,-14.13937,0.07605,0.65332,0.26687,0.00355,0.00018,4e-05,116.0,116.0,0.6445,0.632
corpus:001-sascha-m-ller-punkt-1-01-sascha-muller-1-01@45.372,kick,corpus,45.372,6.93447,1320.68405,1254.48802,-7.96077,0.11338,0.63129,0.24941,0.004,0.00141,0.0005,128.0,128.0,0.5888,0.63
corpus:001-sascha-m-ller-punkt-1-01-sascha-muller-1-01@41.958,kick,corpus,41.958,5.44433,492.33936,492.33936,-1.74863,0.08599,0.62829,0.28245,0.0031,0.00011,5e-05,92.0,92.0,0.36553,0.628
corpus:001-sascha-m-ller-punkt-1-01-sascha-muller-1-01@53.94,kick,corpus,53.94,6.72981,1433.26349,1514.77282,-11.54161,0.10305,0.6461,0.24469,0.00462,0.001,0.00054,46.0,128.0,0.63122,0.623
corpus:001-sascha-m-ller-punkt-1-01-sascha-muller-1-01@36.815,kick,corpus,36.815,4.8965,658.49173,658.49173,-12.8976,0.04594,0.46041,0.48814,0.00504,0.00035,0.00013,46.0,46.0,0.0,0.617
corpus:001-sascha-m-ller-punkt-1-01-sascha-muller-1-01@63.39,kick,corpus,63.39,7.06597,591.30111,719.28656,-0.3022,0.18189,0.64055,0.17033,0.00699,0.00021,3e-05,44.0,196.0,0.61448,0.616
corpus:002-inquieto-inquieto-5am-en-el-bella@55.484,kick,corpus,55.484,12.06864,1362.63756,1346.09975,-1.52703,0.38933,0.57477,0.02565,0.00717,0.00272,0.00036,14.0,50.0,0.00266,0.878
corpus:002-inquieto-inquieto-5am-en-el-bella@53.267,kick,corpus,53.267,6.9635,1157.81998,1300.09754,-11.57311,0.36549,0.60132,0.02478,0.00432,0.00392,0.00018,48.0,116.0,0.42857,0.875
corpus:002-inquieto-inquieto-5am-en-el-bella@55.6,hook,corpus,55.6,14.44999,2175.36365,2185.04434,-7.58317,0.16192,0.06006,0.04467,0.5099,0.21834,0.00512,84.0,104.0,0.14971,0.871
corpus:002-inquieto-inquieto-5am-en-el-bella@57.469,hook,corpus,57.469,16.18823,2760.0178,2760.0178,-6.23367,0.02513,0.0339,0.0972,0.42637,0.41011,0.0073,80.0,80.0,0.12421,0.856
corpus:002-inquieto-inquieto-5am-en-el-bella@23.719,hook,corpus,23.719,14.86438,3509.96938,3595.85449,-7.73527,0.00017,0.00112,0.03529,0.52256,0.37405,0.06681,82.0,104.0,0.24953,0.826
corpus:002-inquieto-inquieto-5am-en-el-bella@27.353,kick,corpus,27.353,7.26708,538.21823,859.27992,-9.7282,0.25164,0.43203,0.3077,0.00682,0.00179,2e-05,16.0,104.0,0.53011,0.799
corpus:002-inquieto-inquieto-5am-en-el-bella@55.705,hook,corpus,55.705,16.70476,2552.98553,2681.77617,-11.70743,0.04249,0.2215,0.25499,0.28097,0.18319,0.01686,104.0,104.0,0.35506,0.776
corpus:002-inquieto-inquieto-5am-en-el-bella@57.876,hook,corpus,57.876,18.54781,3095.29394,3095.29394,-2.16569,0.03033,0.04106,0.0457,0.34629,0.52537,0.01125,68.0,92.0,0.26818,0.757
corpus:002-inquieto-inquieto-5am-en-el-bella@41.215,hook,corpus,41.215,19.26143,2649.68967,3333.11869,-3.24135,0.0322,0.13293,0.06836,0.21158,0.51677,0.03815,92.0,272.0,0.29905,0.745
corpus:002-inquieto-inquieto-5am-en-el-bella@32.566,kick,corpus,32.566,6.8078,916.23411,916.23411,-24.69064,0.12526,0.58995,0.27938,0.00461,0.00065,0.00015,92.0,92.0,0.35706,0.741
corpus:002-inquieto-inquieto-5am-en-el-bella@57.551,hook,corpus,57.551,22.96455,2420.88223,2385.0985,2.45029,0.01692,0.02205,0.17824,0.44987,0.32834,0.00456,24.0,128.0,0.21962,0.734
corpus:002-inquieto-inquieto-5am-en-el-bella@27.051,hook,corpus,27.051,14.88403,3388.0129,3388.0129,-0.77165,9e-05,0.00084,0.0248,0.54072,0.38418,0.04937,92.0,92.0,0.24729,0.721
corpus:002-inquieto-inquieto-5am-en-el-bella@27.458,kick,corpus,27.458,7.6286,797.05271,544.2985,6.54475,0.2129,0.54713,0.23359,0.0052,0.00113,5e-05,30.0,104.0,0.36779,0.687
corpus:002-inquieto-inquieto-5am-en-el-bella@46.092,kick,corpus,46.092,8.88683,1501.08793,1928.02489,-5.21915,0.42559,0.51602,0.02851,0.00995,0.01932,0.00062,124.0,220.0,0.80785,0.637
corpus:002-inquieto-inquieto-5am-en-el-bella@22.477,kick,corpus,22.477,8.33441,1238.39768,1486.64149,-1.01786,0.32662,0.64251,0.02507,0.00286,0.00253,0.00041,22.0,196.0,0.70119,0.634
corpus:002-inquieto-inquieto-5am-en-el-bella@32.357,kick,corpus,32.357,7.42469,837.93092,816.56781,-5.49462,0.09012,0.44939,0.45532,0.00392,0.00118,7e-05,104.0,104.0,0.51086,0.625
corpus:002-inquieto-inquieto-5am-en-el-bella@4.447,kick,corpus,4.447,9.01535,574.96,986.441,-4.05447,0.13154,0.53434,0.3288,0.00397,0.0013,5e-05,186.0,186.0,0.57966,0.619
corpus:002-inquieto-inquieto-5am-en-el-bella@45.476,kick,corpus,45.476,9.14471,593.75028,1344.07835,-5.34337,0.21456,0.5906,0.19038,0.00208,0.00224,0.00015,54.0,278.0,0.71879,0.615
corpus:002-inquieto-inquieto-5am-en-el-bella@27.562,kick,corpus,27.562,11.2227,317.81841,837.64795,-0.63478,0.23955,0.59253,0.16499,0.00248,0.00042,2e-05,62.0,400.0,0.62984,0.612
corpus:002-inquieto-inquieto-5am-en-el-bella@4.853,kick,corpus,4.853,9.14372,613.43414,1059.11508,-6.96106,0.12115,0.51596,0.35325,0.00774,0.00185,5e-05,158.0,196.0,0.66195,0.602
corpus:005-va-bassinlove-cant-stand-it@54.683,hook,corpus,54.683,20.46566,2815.3506,4064.9456,-6.82685,0.00787,0.1337,0.01789,0.5103,0.19893,0.13131,90.0,400.0,0.2318,0.877
corpus:005-va-bassinlove-cant-stand-it@39.509,hook,corpus,39.509,12.08134,2393.94087,2393.94087,-8.8891,0.00159,0.00099,0.00728,0.55449,0.43312,0.00254,68.0,68.0,0.20467,0.844
corpus:005-va-bassinlove-cant-stand-it@17.183,space,corpus,17.183,8.61751,4387.81913,3654.50264,16.67147,0.13891,0.63596,0.14865,0.03271,0.01123,0.03253,96.0,174.0,0.67722,0.835
corpus:005-va-bassinlove-cant-stand-it@6.861,space,corpus,6.861,9.18576,4626.26802,3800.42128,14.47701,0.12132,0.64888,0.11952,0.03431,0.03023,0.04574,110.0,186.0,0.71683,0.827
corpus:005-va-bassinlove-cant-stand-it@14.176,space,corpus,14.176,9.64001,4829.15775,4290.21616,10.1091,0.13727,0.62471,0.15363,0.02973,0.01418,0.04049,86.0,186.0,0.71324,0.816
corpus:005-va-bassinlove-cant-stand-it@11.169,space,corpus,11.169,10.52394,4620.79265,4027.21294,10.62534,0.12889,0.63606,0.14521,0.02977,0.01995,0.04011,90.0,196.0,0.74222,0.812
corpus:005-va-bassinlove-cant-stand-it@8.742,hook,corpus,8.742,16.99036,5666.83551,5670.39158,2.05361,0.00136,0.00144,0.01443,0.08726,0.34706,0.54846,70.0,104.0,0.12921,0.81
corpus:005-va-bassinlove-cant-stand-it@7.523,hook,corpus,7.523,13.33872,5606.69516,5606.69516,-3.37702,0.00284,0.00023,0.05091,0.12812,0.36215,0.45574,80.0,80.0,0.22822,0.781
corpus:005-va-bassinlove-cant-stand-it@7.814,hook,corpus,7.814,16.04651,4926.02759,4552.12447,7.2686,0.00096,0.00067,0.06347,0.34197,0.34873,0.2442,68.0,174.0,0.20134,0.77
corpus:005-va-bassinlove-cant-stand-it@34.273,hook,corpus,34.273,12.39655,3809.74431,3843.23574,-2.61813,0.01764,0.0098,0.01511,0.57225,0.28908,0.09613,116.0,116.0,0.25885,0.767
corpus:005-va-bassinlove-cant-stand-it@8.557,hook,corpus,8.557,14.84281,5068.05131,4762.08685,4.93841,0.0011,0.00029,0.07279,0.41248,0.28343,0.22992,68.0,186.0,0.23851,0.762
corpus:005-va-bassinlove-cant-stand-it@5.561,hook,corpus,5.561,16.14592,4428.82559,4227.78077,3.37967,0.01209,0.01374,0.09586,0.43476,0.28484,0.1587,110.0,186.0,0.24946,0.76
corpus:005-va-bassinlove-cant-stand-it@36.107,clap,corpus,36.107,13.3187,2851.61421,2748.69479,1.57232,0.00274,0.0002,0.0104,0.6533,0.32792,0.00544,196.0,196.0,0.8651,0.691
corpus:005-va-bassinlove-cant-stand-it@14.745,clap,corpus,14.745,13.64883,5043.58043,4854.91257,0.06042,0.00035,0.00025,0.00537,0.80081,0.05878,0.13443,22.0,196.0,0.85131,0.687
corpus:005-va-bassinlove-cant-stand-it@60.372,kick,corpus,60.372,8.21654,1344.95491,1268.82693,5.48761,0.18009,0.76377,0.04202,0.01283,0.00111,0.00018,62.0,104.0,0.02904,0.653
corpus:006-sansetatcivil-01-2021-fight-club-2-flac@61.277,hook,corpus,61.277,16.28719,1375.63277,1609.12506,-4.50582,0.00129,0.06577,0.18041,0.52579,0.22239,0.00435,64.0,148.0,0.1186,0.872
corpus:006-sansetatcivil-01-2021-fight-club-2-flac@31.463,hook,corpus,31.463,14.98118,914.6807,996.84565,-1.32654,0.03791,0.05139,0.06833,0.82914,0.01314,0.0001,38.0,208.0,0.05709,0.837
corpus:006-sansetatcivil-01-2021-fight-club-2-flac@17.856,hook,corpus,17.856,13.56875,803.09031,956.1847,-1.02045,0.00359,0.00414,0.11769,0.87242,0.00211,5e-05,26.0,232.0,0.02777,0.823
corpus:006-sansetatcivil-01-2021-fight-club-2-flac@20.573,hook,corpus,20.573,16.08164,910.03601,1142.15282,-2.95718,0.02315,0.01131,0.02699,0.93391,0.00459,6e-05,20.0,196.0,0.05365,0.811
corpus:006-sansetatcivil-01-2021-fight-club-2-flac@6.223,clap,corpus,6.223,17.47343,1540.21695,1772.43062,-1.35733,0.00086,0.0006,0.00947,0.97048,0.01812,0.00046,16.0,278.0,0.99467,0.804
corpus:006-sansetatcivil-01-2021-fight-club-2-flac@62.798,hook,corpus,62.798,14.97973,1239.52422,1645.29594,-3.78743,0.00305,0.02232,0.09937,0.82694,0.04704,0.00128,42.0,266.0,0.18521,0.798
corpus:006-sansetatcivil-01-2021-fight-club-2-flac@63.623,hook,corpus,63.623,17.80824,1291.31864,1433.72968,-0.71711,0.00109,0.03927,0.03789,0.90433,0.01715,0.00027,26.0,290.0,0.0596,0.797
corpus:006-sansetatcivil-01-2021-fight-club-2-flac@6.896,clap,corpus,6.896,17.53386,1583.56683,1792.25442,-0.34009,0.00175,0.00064,0.0172,0.83657,0.14025,0.0036,40.0,198.0,0.99415,0.789
corpus:006-sansetatcivil-01-2021-fight-club-2-flac@54.613,hook,corpus,54.613,12.10778,814.39568,926.31812,-1.79316,0.05167,0.48184,0.06214,0.40227,0.00197,0.0001,14.0,196.0,0.38046,0.785
corpus:006-sansetatcivil-01-2021-fight-club-2-flac@34.18,hook,corpus,34.18,17.69981,1056.86805,1179.55562,-2.77781,0.01098,0.00568,0.09829,0.87104,0.01387,0.00015,26.0,196.0,0.14356,0.78
corpus:006-sansetatcivil-01-2021-fight-club-2-flac@0.093,clap,corpus,0.093,18.01093,1508.71828,1903.49154,-2.10697,0.0012,0.00042,0.02142,0.86869,0.10512,0.00315,76.0,290.0,0.98817,0.734
corpus:006-sansetatcivil-01-2021-fight-club-2-flac@45.012,clap,corpus,45.012,15.91286,1087.09706,1314.33148,-0.83016,0.00164,0.00025,0.10231,0.88024,0.01548,8e-05,30.0,302.0,0.94604,0.722
corpus:006-sansetatcivil-01-2021-fight-club-2-flac@59.339,clap,corpus,59.339,17.03733,1573.18412,1436.69779,3.52928,0.00987,0.18626,0.04281,0.68099,0.07838,0.0017,16.0,266.0,0.97853,0.709
corpus:006-sansetatcivil-01-2021-fight-club-2-flac@8.975,clap,corpus,8.975,13.43953,1263.33609,1414.80695,-0.55345,0.00061,0.00063,0.02847,0.958,0.01222,7e-05,256.0,256.0,0.68791,0.655
corpus:006-sansetatcivil-01-2021-fight-club-2-flac@42.574,clap,corpus,42.574,12.5824,1535.0622,1933.19567,-2.71744,0.00064,0.0004,0.05414,0.85673,0.08787,0.00022,400.0,400.0,0.93824,0.632
corpus:007-psy-shepherd-x-ethnomite-pux-x-invisible-distant-signals-psy-shepherd-x-invisible@11.622,kick,corpus,11.622,14.37229,888.26079,906.83835,-0.02271,0.79688,0.17454,0.02632,0.00218,7e-05,1e-05,10.0,34.0,0.02895,0.983
corpus:007-psy-shepherd-x-ethnomite-pux-x-invisible-distant-signals-psy-shepherd-x-invisible@2.403,kick,corpus,2.403,14.10662,829.41611,757.80579,1.7386,0.79034,0.1498,0.05811,0.00171,3e-05,1e-05,12.0,50.0,0.04216,0.981
corpus:007-psy-shepherd-x-ethnomite-pux-x-invisible-distant-signals-psy-shepherd-x-invisible@8.568,kick,corpus,8.568,14.04098,721.4115,679.43941,4.92397,0.80179,0.16437,0.03049,0.00329,5e-05,1e-05,16.0,124.0,0.03703,0.978
corpus:007-psy-shepherd-x-ethnomite-pux-x-invisible-distant-signals-psy-shepherd-x-invisible@14.71,kick,corpus,14.71,15.85719,903.37989,1042.79361,-0.30313,0.7584,0.16437,0.06948,0.00755,0.00015,5e-05,10.0,46.0,0.07585,0.978
corpus:007-psy-shepherd-x-ethnomite-pux-x-invisible-distant-signals-psy-shepherd-x-invisible@5.48,kick,corpus,5.48,14.24653,759.8048,703.00839,2.12015,0.74376,0.16732,0.08675,0.00215,1e-05,0.0,10.0,50.0,0.05302,0.977
corpus:007-psy-shepherd-x-ethnomite-pux-x-invisible-distant-signals-psy-shepherd-x-invisible@11.436,kick,corpus,11.436,11.92384,559.89499,1013.82643,-8.02834,0.72904,0.2162,0.04645,0.00827,4e-05,0.0,8.0,186.0,0.16951,0.976
corpus:007-psy-shepherd-x-ethnomite-pux-x-invisible-distant-signals-psy-shepherd-x-invisible@37.79,kick,corpus,37.79,11.92583,415.44252,709.55204,-0.57374,0.74285,0.20621,0.04317,0.00774,4e-05,0.0,22.0,154.0,0.11639,0.974
corpus:007-psy-shepherd-x-ethnomite-pux-x-invisible-distant-signals-psy-shepherd-x-invisible@14.512,kick,corpus,14.512,12.2711,602.06132,904.61259,-0.33824,0.77248,0.16867,0.04505,0.01377,2e-05,0.0,8.0,196.0,0.17712,0.971
corpus:007-psy-shepherd-x-ethnomite-pux-x-invisible-distant-signals-psy-shepherd-x-invisible@17.798,kick,corpus,17.798,14.99036,682.82609,655.26053,3.98141,0.75543,0.17474,0.06221,0.00754,6e-05,2e-05,10.0,186.0,0.06565,0.971
corpus:007-psy-shepherd-x-ethnomite-pux-x-invisible-distant-signals-psy-shepherd-x-invisible@30.093,kick,corpus,30.093,14.5326,659.74965,834.32547,-3.06505,0.73076,0.16378,0.08306,0.02234,4e-05,1e-05,22.0,152.0,0.15644,0.971
corpus:007-psy-shepherd-x-ethnomite-pux-x-invisible-distant-signals-psy-shepherd-x-invisible@10.101,kick,corpus,10.101,11.73941,473.04378,612.67263,1.96859,0.76287,0.17081,0.05617,0.01011,3e-05,0.0,6.0,186.0,0.1516,0.97
corpus:007-psy-shepherd-x-ethnomite-pux-x-invisible-distant-signals-psy-shepherd-x-invisible@23.963,kick,corpus,23.963,14.88211,418.67505,598.90384,0.2806,0.71684,0.1819,0.09354,0.00761,9e-05,3e-05,10.0,196.0,0.11973,0.97
corpus:007-psy-shepherd-x-ethnomite-pux-x-invisible-distant-signals-psy-shepherd-x-invisible@52.233,hook,corpus,52.233,16.60329,732.42625,866.60476,2.29674,0.11189,0.03539,0.44594,0.40622,0.00039,0.00017,50.0,174.0,0.18739,0.812
corpus:007-psy-shepherd-x-ethnomite-pux-x-invisible-distant-signals-psy-shepherd-x-invisible@54.532,hook,corpus,54.532,23.79578,740.29344,968.861,0.15834,0.06613,0.16776,0.51557,0.25034,0.00019,2e-05,22.0,46.0,0.06801,0.748
corpus:007-psy-shepherd-x-ethnomite-pux-x-invisible-distant-signals-psy-shepherd-x-invisible@23.719,rumble,corpus,23.719,13.21757,524.85929,784.5269,0.47095,0.72706,0.19549,0.05844,0.01899,2e-05,0.0,22.0,40.0,0.99975,0.745
corpus:007-psy-shepherd-x-ethnomite-pux-x-invisible-distant-signals-psy-shepherd-x-invisible@29.489,rumble,corpus,29.489,15.7499,437.33376,820.26706,0.10622,0.74268,0.12958,0.10528,0.02244,2e-05,0.0,4.0,58.0,0.99977,0.738
corpus:007-psy-shepherd-x-ethnomite-pux-x-invisible-distant-signals-psy-shepherd-x-invisible@37.373,rumble,corpus,37.373,15.83996,617.08676,729.50194,1.10949,0.65708,0.21078,0.11035,0.02169,9e-05,0.0,8.0,140.0,0.99951,0.733
corpus:007-psy-shepherd-x-ethnomite-pux-x-invisible-distant-signals-psy-shepherd-x-invisible@0.07,rumble,corpus,0.07,16.22817,474.60329,768.9749,-0.31322,0.57061,0.27779,0.13034,0.02124,1e-05,0.0,10.0,142.0,0.99836,0.679
corpus:008-x-d-d-cuba-connection@12.307,space,corpus,12.307,14.16307,5011.14513,4808.54932,54.74903,0.05116,0.45876,0.01423,0.00136,0.05033,0.42415,28.0,104.0,0.42595,0.952
corpus:008-x-d-d-cuba-connection@1.73,space,corpus,1.73,13.42965,5402.74878,5402.74878,53.10914,0.13692,0.35411,0.01545,0.00273,0.0529,0.43789,52.0,80.0,0.10057,0.949
corpus:008-x-d-d-cuba-connection@5.259,space,corpus,5.259,13.57641,5338.88826,5338.88826,50.78871,0.11556,0.34892,0.02179,0.0027,0.05992,0.45111,44.0,80.0,0.10388,0.932
corpus:008-x-d-d-cuba-connection@22.895,space,corpus,22.895,16.74248,4879.07454,4780.46935,49.96293,0.02502,0.09157,0.00411,0.00107,0.10009,0.77813,28.0,104.0,0.75154,0.901
corpus:008-x-d-d-cuba-connection@20.167,kick,corpus,20.167,10.27007,2382.71555,2528.87424,-30.61676,0.4207,0.50544,0.03042,0.00527,0.00602,0.03215,42.0,116.0,0.34763,0.888
corpus:008-x-d-d-cuba-connection@2.508,kick,corpus,2.508,10.3599,2190.69149,2440.8748,-23.33694,0.42812,0.49766,0.03519,0.00397,0.00543,0.02963,68.0,126.0,0.43964,0.887
corpus:008-x-d-d-cuba-connection@27.225,kick,corpus,27.225,10.25179,2434.21896,2492.91182,-28.17899,0.41963,0.50174,0.03446,0.00612,0.00601,0.03205,42.0,116.0,0.35477,0.887
corpus:008-x-d-d-cuba-connection@28.99,kick,corpus,28.99,10.27433,2386.12793,2475.32636,-28.92018,0.41285,0.50819,0.03571,0.0061,0.00591,0.03123,42.0,116.0,0.35476,0.884
corpus:008-x-d-d-cuba-connection@6.049,kick,corpus,6.049,10.40131,2339.26669,2520.47323,-32.70802,0.41079,0.51194,0.03071,0.00496,0.00631,0.03528,14.0,116.0,0.34838,0.882
corpus:008-x-d-d-cuba-connection@21.931,kick,corpus,21.931,10.23794,2440.50726,2513.90958,-28.10133,0.41198,0.51323,0.03071,0.00592,0.00627,0.03189,14.0,116.0,0.36221,0.882
corpus:008-x-d-d-cuba-connection@40.472,kick,corpus,40.472,7.76926,1970.3962,2235.1065,-36.27669,0.40745,0.45926,0.09049,0.0109,0.00895,0.02295,104.0,104.0,0.48792,0.882
corpus:008-x-d-d-cuba-connection@36.479,kick,corpus,36.479,11.35748,2580.10675,2682.58852,-9.75108,0.45742,0.44729,0.0358,0.00215,0.00876,0.04858,42.0,94.0,0.26278,0.88
corpus:008-x-d-d-cuba-connection@30.743,kick,corpus,30.743,10.26451,2156.49103,2440.89879,-17.84132,0.42205,0.50538,0.03827,0.00339,0.00471,0.0262,68.0,128.0,0.43246,0.879
corpus:008-x-d-d-cuba-connection@4.284,kick,corpus,4.284,10.46387,2387.08645,2492.32381,-40.01591,0.40147,0.51847,0.03391,0.00506,0.00654,0.03455,68.0,116.0,0.36391,0.877
corpus:008-x-d-d-cuba-connection@29.42,kick,corpus,29.42,10.55473,2802.29508,2690.5935,-9.15255,0.45795,0.4478,0.03259,0.0023,0.0091,0.05027,42.0,104.0,0.26639,0.877
corpus:008-x-d-d-cuba-connection@25.461,kick,corpus,25.461,10.32706,2358.85629,2489.86581,-30.56567,0.39834,0.52059,0.03571,0.00609,0.00628,0.033,78.0,116.0,0.36133,0.876
corpus:008-x-d-d-cuba-connection@26.459,hat,corpus,26.459,16.72471,5048.23611,5048.23611,-61.4668,0.04848,0.0446,0.01201,0.00088,0.09522,0.79881,24.0,92.0,0.07241,0.868
corpus:008-x-d-d-cuba-connection@16.858,hat,corpus,16.858,16.83359,4209.56296,4405.63602,-74.01895,0.00381,0.13267,0.21221,0.00904,0.07568,0.56659,40.0,104.0,0.2169,0.852
corpus:008-x-d-d-cuba-connection@10.646,hat,corpus,10.646,14.60415,4552.16431,5323.33946,-47.9851,0.00877,0.26549,0.40315,0.00465,0.03742,0.28052,116.0,116.0,0.99603,0.827
corpus:008-x-d-d-cuba-connection@29.989,hat,corpus,29.989,15.3884,4330.49248,4548.49433,-57.26467,0.1747,0.18465,0.01206,0.00214,0.06825,0.5582,24.0,104.0,0.25238,0.781
corpus:008-x-d-d-cuba-connection@18.971,hat,corpus,18.971,11.66144,3545.46263,3545.46263,-78.49159,0.04726,0.55671,0.07579,0.00105,0.03521,0.28397,92.0,92.0,0.54726,0.779
corpus:008-x-d-d-cuba-connection@12.411,hat,corpus,12.411,14.62109,4498.32435,5435.13258,-40.91499,0.00673,0.27226,0.40875,0.00453,0.03807,0.26966,58.0,128.0,0.99555,0.772
corpus:008-x-d-d-cuba-connection@0.43,hat,corpus,0.43,11.46179,3671.7529,3836.98597,-71.71631,0.06439,0.5428,0.10206,0.00446,0.0286,0.2577,66.0,104.0,0.59444,0.743
corpus:008-x-d-d-cuba-connection@8.882,hat,corpus,8.882,14.73361,5108.83335,5306.99342,-33.73499,0.00512,0.2106,0.43254,0.00528,0.04028,0.30618,104.0,104.0,0.99467,0.73
corpus:008-x-d-d-cuba-connection@10.577,hook,corpus,10.577,15.09586,6631.87097,6631.87097,1.0219,0.03416,0.08234,0.00539,0.00226,0.0922,0.78365,28.0,68.0,0.00101,0.722
corpus:008-x-d-d-cuba-connection@15.848,hook,corpus,15.848,15.08908,4932.74367,5331.7074,2.36203,0.12062,0.35361,0.01545,0.0031,0.0556,0.45163,28.0,64.0,0.11842,0.719
corpus:008-x-d-d-cuba-connection@14.988,hook,corpus,14.988,16.92793,6329.17449,6324.404,-2.50239,0.06824,0.11567,0.00856,0.00256,0.08043,0.72454,26.0,68.0,0.00164,0.714
corpus:008-x-d-d-cuba-connection@7.024,hook,corpus,7.024,15.65324,4864.47994,5509.45274,-2.86905,0.11821,0.35645,0.01985,0.00296,0.05253,0.45001,52.0,138.0,0.11698,0.712
corpus:008-x-d-d-cuba-connection@11.564,hat,corpus,11.564,15.87904,3894.45781,4053.1737,-59.84182,0.01743,0.19541,0.23499,0.00904,0.06035,0.48277,56.0,104.0,0.28669,0.706
corpus:008-x-d-d-cuba-connection@8.812,hook,corpus,8.812,15.31181,6722.85094,6722.85094,0.58556,0.03592,0.07125,0.00252,0.00068,0.08813,0.8015,28.0,68.0,0.00103,0.704
corpus:008-x-d-d-cuba-connection@0.871,hook,corpus,0.871,15.39965,6411.67664,6411.67664,-1.68109,0.07498,0.08237,0.00857,0.00253,0.08249,0.74907,26.0,68.0,0.00138,0.702
corpus:008-x-d-d-cuba-connection@9.764,hat,corpus,9.764,15.97691,4481.73033,5697.97686,-25.04088,0.10149,0.35128,0.17886,0.00488,0.04036,0.32313,68.0,162.0,0.99641,0.688
corpus:008-x-d-d-cuba-connection@7.163,hat,corpus,7.163,11.85509,4548.17497,4548.17497,-85.85814,0.00967,0.21152,0.42493,0.00523,0.0402,0.30845,58.0,58.0,0.07001,0.684
corpus:008-x-d-d-cuba-connection@7.999,hat,corpus,7.999,15.61953,3573.57565,4748.46678,-28.45422,0.01177,0.40347,0.19788,0.01213,0.03273,0.34202,138.0,138.0,0.9837,0.684
corpus:008-x-d-d-cuba-connection@4.4,hook,corpus,4.4,16.42375,6084.15831,6084.15831,-7.1643,0.07921,0.10011,0.0126,0.00196,0.08796,0.71816,30.0,92.0,0.00418,0.675
corpus:008-x-d-d-cuba-connection@2.635,hook,corpus,2.635,16.49929,6148.36347,6148.36347,-8.01908,0.06777,0.09299,0.00868,0.00173,0.09038,0.73846,28.0,92.0,0.00318,0.66
corpus:009-stanley-hottek-stupid-love@41.784,hook,corpus,41.784,18.71107,2689.18352,2689.18352,-8.60439,0.04729,0.1429,0.20738,0.45444,0.12789,0.0201,52.0,80.0,0.07115,0.889
corpus:009-stanley-hottek-stupid-love@56.494,space,corpus,56.494,14.46566,4767.63002,4297.60262,6.33793,0.20451,0.41709,0.1007,0.08909,0.09915,0.08945,152.0,400.0,0.96881,0.868
corpus:009-stanley-hottek-stupid-love@13.189,space,corpus,13.189,14.53912,4794.73312,4100.17807,6.92529,0.17959,0.44124,0.11637,0.08422,0.09861,0.07996,150.0,400.0,0.95587,0.862
corpus:009-stanley-hottek-stupid-love@27.341,hook,corpus,27.341,19.13723,3154.19775,3154.19775,-3.53049,0.05209,0.15504,0.281,0.3794,0.11253,0.01994,36.0,92.0,0.10223,0.842
corpus:009-stanley-hottek-stupid-love@23.731,hook,corpus,23.731,19.00499,2812.78429,2812.78429,-3.59957,0.05544,0.11024,0.34961,0.38056,0.08924,0.01491,32.0,92.0,0.11493,0.841
corpus:009-stanley-hottek-stupid-love@29.687,kick,corpus,29.687,8.15847,2425.76225,3854.86029,-20.9341,0.64982,0.28767,0.01637,0.00262,0.02183,0.02168,196.0,196.0,0.8665,0.834
corpus:009-stanley-hottek-stupid-love@61.277,hook,corpus,61.277,15.20803,5576.4353,5576.4353,1.7138,0.00174,0.00541,0.01094,0.02784,0.51083,0.44325,40.0,68.0,0.02343,0.83
corpus:009-stanley-hottek-stupid-love@14.42,space,corpus,14.42,13.94319,4133.7403,5851.02483,-6.18025,0.19786,0.4914,0.14499,0.08956,0.03898,0.03721,302.0,302.0,0.98513,0.819
corpus:009-stanley-hottek-stupid-love@48.39,space,corpus,48.39,12.94207,4668.59554,3661.51693,7.82096,0.21255,0.44188,0.10295,0.08215,0.0822,0.07826,150.0,400.0,0.87034,0.817
corpus:009-stanley-hottek-stupid-love@25.182,hook,corpus,25.182,18.89937,5803.8315,5880.3844,-0.46864,0.01097,0.00551,0.00065,0.00982,0.50394,0.46911,38.0,116.0,0.02451,0.815
corpus:009-stanley-hottek-stupid-love@27.899,hook,corpus,27.899,20.46095,5453.21174,5694.26136,-3.83347,0.00396,0.00139,0.00026,0.01099,0.57314,0.41026,32.0,186.0,0.03164,0.811
corpus:009-stanley-hottek-stupid-love@32.403,hook,corpus,32.403,19.67112,5673.41821,5838.36692,-4.28795,0.00749,0.00724,0.00596,0.00928,0.51855,0.45148,40.0,128.0,0.02159,0.809
corpus:009-stanley-hottek-stupid-love@27.434,hook,corpus,27.434,21.05314,5431.00825,5543.11993,-0.69807,0.00569,0.00284,0.00208,0.01263,0.57887,0.39789,46.0,196.0,0.05064,0.808
corpus:009-stanley-hottek-stupid-love@56.227,clap,corpus,56.227,20.41404,3999.68993,3999.68993,25.2808,0.02641,0.04226,0.15904,0.53277,0.17993,0.05958,40.0,80.0,0.03386,0.674
corpus:009-stanley-hottek-stupid-love@44.13,kick,corpus,44.13,12.73851,4246.96765,5535.02589,-27.62077,0.51291,0.27518,0.01647,0.00801,0.09346,0.09397,162.0,162.0,0.81262,0.648
corpus:011-klangbild-dinkelschock@46.324,kick,corpus,46.324,9.95375,2269.55671,2269.55671,-26.67428,0.46877,0.34327,0.16929,0.00443,0.00625,0.00799,22.0,92.0,0.26779,0.924
corpus:011-klangbild-dinkelschock@32.369,kick,corpus,32.369,9.89821,2249.46188,2333.4402,-12.0708,0.45605,0.40942,0.11767,0.00615,0.00571,0.00501,44.0,104.0,0.27858,0.903
corpus:011-klangbild-dinkelschock@8.452,kick,corpus,8.452,8.46067,2086.82708,2349.55039,-12.28379,0.45668,0.4449,0.08592,0.00468,0.00374,0.00407,28.0,128.0,0.35164,0.899
corpus:011-klangbild-dinkelschock@30.372,kick,corpus,30.372,8.60024,2264.00306,2443.39327,-9.95391,0.4485,0.41021,0.12374,0.00529,0.00613,0.00613,72.0,116.0,0.22586,0.893
corpus:011-klangbild-dinkelschock@1.474,kick,corpus,1.474,8.55586,2108.67409,2593.22986,-11.03276,0.46568,0.45818,0.0592,0.00556,0.00439,0.00699,48.0,128.0,0.36348,0.892
corpus:011-klangbild-dinkelschock@28.386,kick,corpus,28.386,9.99294,2229.22823,2166.81465,-6.67636,0.46006,0.3762,0.14366,0.00836,0.0055,0.00623,34.0,116.0,0.30039,0.891
corpus:011-klangbild-dinkelschock@36.351,kick,corpus,36.351,9.40886,2032.65567,2447.94779,-17.41322,0.42089,0.44827,0.10975,0.01023,0.00578,0.00509,58.0,128.0,0.27022,0.888
corpus:011-klangbild-dinkelschock@22.396,kick,corpus,22.396,7.85828,2096.77995,2458.41641,-11.82228,0.43223,0.45229,0.09932,0.00635,0.00502,0.00478,70.0,116.0,0.28262,0.887
corpus:011-klangbild-dinkelschock@44.315,kick,corpus,44.315,9.93643,2335.43451,2311.12755,-3.58056,0.47109,0.3818,0.12981,0.00439,0.00618,0.00674,72.0,116.0,0.29655,0.883
corpus:011-klangbild-dinkelschock@16.417,kick,corpus,16.417,8.9254,1945.1831,2332.69257,-6.15549,0.43772,0.47333,0.07972,0.00217,0.00275,0.00431,14.0,128.0,0.23185,0.882
corpus:011-klangbild-dinkelschock@40.333,kick,corpus,40.333,10.15556,2362.54117,2505.30619,-7.86639,0.44135,0.41403,0.12588,0.00569,0.00679,0.00626,22.0,116.0,0.25313,0.882
corpus:011-klangbild-dinkelschock@41.32,kick,corpus,41.32,9.85907,2281.44115,2737.54246,-14.64062,0.41739,0.45654,0.1039,0.00298,0.00582,0.01337,50.0,116.0,0.20691,0.88
corpus:011-klangbild-dinkelschock@39.927,space,corpus,39.927,9.42344,3751.1767,3590.60722,5.78914,0.16092,0.63253,0.13162,0.01598,0.01703,0.04191,150.0,150.0,0.9196,0.713
corpus:011-klangbild-dinkelschock@16.022,space,corpus,16.022,10.53439,3700.54103,3616.71315,5.92749,0.19126,0.58668,0.15157,0.01186,0.0181,0.04052,150.0,150.0,0.89227,0.71
corpus:011-klangbild-dinkelschock@40.577,space,corpus,40.577,7.35948,3031.27232,2788.23858,14.63617,0.20193,0.69954,0.07401,0.00608,0.00893,0.00951,128.0,128.0,0.6775,0.696
corpus:011-klangbild-dinkelschock@44.547,space,corpus,44.547,8.13362,3139.25645,2764.76348,13.0673,0.21765,0.70295,0.05565,0.00396,0.00943,0.01036,138.0,138.0,0.81883,0.696
corpus:011-klangbild-dinkelschock@7.825,hook,corpus,7.825,14.28727,3791.60325,3743.37416,2.05655,0.11171,0.11772,0.18701,0.19149,0.31902,0.07305,92.0,128.0,0.25747,0.658
corpus:011-klangbild-dinkelschock@32.74,hook,corpus,32.74,11.86877,3663.40872,3663.40872,-0.59812,0.03463,0.22369,0.27406,0.08805,0.30785,0.07173,92.0,92.0,0.21286,0.647
corpus:011-klangbild-dinkelschock@10.832,hook,corpus,10.832,14.37679,3867.37016,3853.04449,3.89702,0.01886,0.13035,0.33889,0.07854,0.36021,0.07314,68.0,104.0,0.15827,0.632
corpus:011-klangbild-dinkelschock@46.811,hook,corpus,46.811,11.23784,2896.66867,2896.66867,-6.17895,0.00838,0.05431,0.81678,0.06701,0.02678,0.02675,92.0,92.0,0.22801,0.618
corpus:011-klangbild-dinkelschock@36.85,hook,corpus,36.85,12.65893,2868.58003,2920.64808,-6.40713,0.00613,0.05861,0.81941,0.06134,0.02692,0.02759,104.0,104.0,0.22265,0.617
corpus:011-klangbild-dinkelschock@52.663,hook,corpus,52.663,10.75739,3597.44824,3597.44824,-1.77752,0.03127,0.3155,0.24422,0.0695,0.28077,0.05873,80.0,80.0,0.23117,0.617
corpus:011-klangbild-dinkelschock@62.752,hook,corpus,62.752,10.03277,2586.33236,2586.33236,-7.09359,0.00604,0.08389,0.80484,0.06293,0.0167,0.0256,68.0,68.0,0.1622,0.615
corpus:011-klangbild-dinkelschock@28.886,hook,corpus,28.886,11.9572,3031.45861,3031.45861,-0.49362,0.00958,0.05592,0.81686,0.05946,0.03173,0.02645,80.0,80.0,0.15155,0.614
corpus:013-technobotts-dampframme@22.523,kick,corpus,22.523,5.51178,1320.40888,1320.40888,-15.00403,0.90618,0.07124,0.00757,0.01342,0.0014,0.00019,58.0,58.0,0.09184,0.991
corpus:013-technobotts-dampframme@13.816,kick,corpus,13.816,5.08647,935.27273,935.27273,-26.21759,0.92977,0.04358,0.00997,0.01517,0.00139,0.00012,68.0,68.0,0.39859,0.99
corpus:013-technobotts-dampframme@11.238,kick,corpus,11.238,2.40671,1202.98564,1202.98564,-4.83265,0.94402,0.02748,0.013,0.01381,0.00128,0.00041,92.0,92.0,0.46704,0.953
corpus:013-technobotts-dampframme@63.379,kick,corpus,63.379,4.82998,1268.90321,1268.90321,-3.33613,0.93049,0.03671,0.01373,0.01626,0.00248,0.00034,92.0,92.0,0.45804,0.948
corpus:013-technobotts-dampframme@27.725,kick,corpus,27.725,4.02635,1266.09907,1266.09907,-3.22096,0.93616,0.03263,0.01202,0.01705,0.00184,0.0003,92.0,92.0,0.48378,0.939
corpus:013-technobotts-dampframme@28.584,kick,corpus,28.584,5.01718,1115.99005,1148.77604,-2.92672,0.93176,0.02953,0.01295,0.02341,0.00208,0.00028,116.0,116.0,0.57211,0.892
corpus:013-technobotts-dampframme@55.554,kick,corpus,55.554,5.72088,1383.92438,1383.92438,0.92195,0.79701,0.16078,0.0203,0.01967,0.00184,0.0004,12.0,80.0,0.50999,0.886
corpus:013-technobotts-dampframme@14.675,kick,corpus,14.675,3.88561,889.39461,1041.78443,-5.37017,0.93153,0.03873,0.01205,0.01612,0.00144,0.00014,128.0,128.0,0.62753,0.884
corpus:013-technobotts-dampframme@30.325,kick,corpus,30.325,4.80842,1113.61166,1114.83722,-1.71286,0.94037,0.02303,0.01141,0.02291,0.00202,0.00026,116.0,116.0,0.56791,0.882
corpus:013-technobotts-dampframme@62.52,kick,corpus,62.52,4.54,1019.59935,1029.48491,-1.82211,0.9394,0.02692,0.01383,0.01801,0.00161,0.00023,116.0,116.0,0.57474,0.879
corpus:013-technobotts-dampframme@60.755,kick,corpus,60.755,3.34762,1051.04014,1036.6826,-1.42416,0.92587,0.04702,0.01092,0.01469,0.00125,0.00025,116.0,116.0,0.57463,0.876
corpus:013-technobotts-dampframme@31.219,kick,corpus,31.219,3.91167,1031.38553,1010.25514,-1.10589,0.95232,0.02343,0.00913,0.01343,0.00143,0.00027,116.0,116.0,0.57089,0.875
corpus:013-technobotts-dampframme@63.913,space,corpus,63.913,8.70007,3316.74357,3316.74357,23.93947,0.41967,0.01354,0.00519,0.02067,0.46675,0.07418,86.0,86.0,0.49656,0.791
corpus:013-technobotts-dampframme@48.042,space,corpus,48.042,14.73857,3908.90947,3145.32709,5.86309,0.31523,0.05365,0.08715,0.17865,0.26391,0.1014,400.0,400.0,0.79669,0.622
corpus:013-technobotts-dampframme@40.217,space,corpus,40.217,15.63416,3774.36224,3114.36758,5.59375,0.30031,0.07056,0.09323,0.18255,0.25864,0.0947,400.0,400.0,0.79422,0.613
corpus:013-technobotts-dampframme@46.498,space,corpus,46.498,12.22464,4497.69051,4058.28572,5.70261,0.45171,0.00497,0.00274,0.01154,0.32673,0.20232,244.0,244.0,0.84863,0.612
corpus:015-combat-killer-combat-troops@22.024,kick,corpus,22.024,7.64378,2554.79181,2554.79181,-28.42923,0.64158,0.30986,0.0186,0.00681,0.01851,0.00465,92.0,92.0,0.82877,0.918
corpus:015-combat-killer-combat-troops@47.671,kick,corpus,47.671,8.57124,1494.52445,1494.52445,-29.14844,0.20655,0.54556,0.20593,0.01465,0.02386,0.00345,80.0,80.0,0.49921,0.787
corpus:015-combat-killer-combat-troops@45.848,space,corpus,45.848,7.2647,3327.51829,4363.16085,-2.03723,0.40721,0.50832,0.04201,0.00299,0.02166,0.0178,90.0,400.0,0.99149,0.756
corpus:015-combat-killer-combat-troops@47.752,kick,corpus,47.752,4.85436,1040.6367,932.94193,4.9872,0.54712,0.43791,0.01397,0.00047,0.00029,0.00024,20.0,138.0,0.567,0.756
corpus:015-combat-killer-combat-troops@54.787,kick,corpus,54.787,6.31455,847.37595,1281.62393,-12.01348,0.35159,0.57372,0.06674,0.00421,0.00328,0.00046,20.0,150.0,0.82528,0.75
corpus:015-combat-killer-combat-troops@48.565,kick,corpus,48.565,6.09657,720.6837,1254.50841,-10.45021,0.41513,0.51724,0.06066,0.00324,0.00326,0.00048,20.0,174.0,0.85188,0.724
corpus:015-combat-killer-combat-troops@46.869,kick,corpus,46.869,5.16508,1836.98856,1751.79853,6.48226,0.5661,0.4088,0.02064,0.00262,0.0009,0.00094,22.0,128.0,0.54351,0.723
corpus:015-combat-killer-combat-troops@49.447,kick,corpus,49.447,6.35284,828.32233,1519.19153,-11.15929,0.4168,0.51605,0.05769,0.00394,0.00472,0.00079,20.0,186.0,0.87587,0.709
corpus:015-combat-killer-combat-troops@56.564,kick,corpus,56.564,6.18492,967.43923,1337.25151,-9.248,0.35078,0.56921,0.06866,0.00473,0.00575,0.00087,20.0,150.0,0.82481,0.706
corpus:015-combat-killer-combat-troops@42.109,space,corpus,42.109,10.50622,4289.46019,4326.94651,1.83745,0.21176,0.48038,0.05808,0.05387,0.07778,0.11813,132.0,400.0,0.74539,0.693
corpus:015-combat-killer-combat-troops@57.446,kick,corpus,57.446,6.39933,882.88203,1541.82807,-10.19431,0.41301,0.51661,0.05895,0.00497,0.00565,0.00082,20.0,186.0,0.87487,0.689
corpus:015-combat-killer-combat-troops@10.414,kick,corpus,10.414,6.86341,2150.65525,2132.76087,6.15789,0.44269,0.52442,0.01866,0.00357,0.00882,0.00184,20.0,138.0,0.50611,0.672
corpus:015-combat-killer-combat-troops@27.887,space,corpus,27.887,11.17891,4004.63091,4991.98944,-4.83229,0.1056,0.48878,0.10202,0.07003,0.1,0.13357,400.0,400.0,0.92439,0.671
corpus:015-combat-killer-combat-troops@27.446,space,corpus,27.446,10.01985,3978.88928,5245.23953,-7.08641,0.17487,0.45924,0.08504,0.05335,0.09956,0.12793,400.0,400.0,0.93602,0.669
corpus:015-combat-killer-combat-troops@18.855,kick,corpus,18.855,8.4961,2359.91236,2525.05975,2.04643,0.30746,0.63805,0.02638,0.0066,0.01774,0.00378,28.0,138.0,0.4438,0.656
corpus:015-combat-killer-combat-troops@50.341,kick,corpus,50.341,6.36109,831.30693,1353.60123,-7.2906,0.40632,0.52573,0.05842,0.0036,0.00516,0.00077,20.0,186.0,0.85284,0.656
corpus:015-combat-killer-combat-troops@44.106,hook,corpus,44.106,16.47632,4733.68978,4360.53304,7.17608,0.00544,0.02635,0.13778,0.3416,0.29572,0.19311,220.0,220.0,0.39906,0.62
corpus:016-afflicted-district@9.996,kick,corpus,9.996,8.02682,3012.09017,3012.09017,-41.86871,0.69984,0.26527,0.01772,0.00014,0.00706,0.00997,40.0,68.0,0.1891,0.97
corpus:016-afflicted-district@45.14,kick,corpus,45.14,8.07249,3330.26832,3330.26832,-38.50317,0.68195,0.27428,0.02285,0.00024,0.00706,0.01362,40.0,58.0,0.10585,0.967
corpus:016-afflicted-district@50.271,kick,corpus,50.271,8.81807,2999.08849,2999.08849,-19.97831,0.63128,0.31516,0.02479,0.0051,0.01416,0.00952,30.0,58.0,0.05688,0.959
corpus:016-afflicted-district@7.419,kick,corpus,7.419,9.47548,2926.1182,2926.1182,-15.67079,0.64733,0.29174,0.03143,0.005,0.01369,0.01082,30.0,80.0,0.20174,0.958
corpus:016-afflicted-district@15.128,kick,corpus,15.128,7.63631,3119.363,3119.363,-17.2313,0.63044,0.31592,0.02563,0.00614,0.01008,0.01178,68.0,68.0,0.17697,0.954
corpus:016-afflicted-district@17.705,kick,corpus,17.705,8.12741,3460.00591,3460.00591,-19.89182,0.6248,0.30466,0.03642,0.00732,0.01221,0.0146,58.0,58.0,0.09984,0.951
corpus:016-afflicted-district@11.703,kick,corpus,11.703,7.60694,3078.11326,3078.11326,-9.41986,0.62615,0.30992,0.04153,0.00318,0.00858,0.01063,30.0,68.0,0.16105,0.948
corpus:016-afflicted-district@10.844,kick,corpus,10.844,9.08792,2982.10785,2982.10785,-10.09654,0.60276,0.33589,0.02924,0.00238,0.01731,0.01241,30.0,58.0,0.03339,0.947
corpus:016-afflicted-district@54.555,kick,corpus,54.555,10.16101,3016.60662,3016.60662,-28.05364,0.56389,0.3539,0.04905,0.01324,0.01005,0.00987,54.0,68.0,0.18194,0.942
corpus:016-afflicted-district@0.546,kick,corpus,0.546,9.31569,3015.2953,3015.2953,-13.129,0.59633,0.34221,0.02857,0.01023,0.0148,0.00787,16.0,80.0,0.2375,0.941
corpus:016-afflicted-district@39.985,kick,corpus,39.985,9.16393,3228.17057,3228.17057,-19.33114,0.56465,0.34936,0.04673,0.01128,0.01418,0.0138,52.0,68.0,0.17345,0.935
corpus:016-afflicted-district@44.269,kick,corpus,44.269,10.10814,3144.54513,3144.54513,-27.60799,0.54957,0.35832,0.05513,0.01348,0.01119,0.0123,12.0,68.0,0.19029,0.935
corpus:016-afflicted-district@35.805,hook,corpus,35.805,15.09241,4845.95208,4733.36118,-2.10729,0.00253,0.00203,0.00216,0.32967,0.39682,0.26678,68.0,116.0,0.13183,0.869
corpus:016-afflicted-district@43.085,hook,corpus,43.085,13.97215,4701.38335,4700.27053,-2.99986,0.00094,0.00087,0.00052,0.34315,0.39454,0.25998,64.0,104.0,0.18448,0.854
corpus:016-afflicted-district@57.655,hook,corpus,57.655,13.16502,4676.58388,4712.88331,-4.5001,0.00571,0.00209,0.00043,0.31488,0.38501,0.29187,60.0,104.0,0.22374,0.845
corpus:016-afflicted-district@7.082,hook,corpus,7.082,13.67522,4618.17424,4664.0834,-3.01818,0.00511,0.01032,0.00375,0.32277,0.40042,0.25763,66.0,116.0,0.25147,0.831
corpus:016-afflicted-district@40.519,hook,corpus,40.519,13.81565,4835.3523,4639.33143,3.91633,0.00463,0.00254,0.00098,0.33375,0.39872,0.25938,72.0,116.0,0.15153,0.828
corpus:016-afflicted-district@50.805,hook,corpus,50.805,14.01892,4862.96043,4657.90368,3.62546,0.00134,0.00123,0.00145,0.33108,0.39661,0.26829,74.0,128.0,0.16702,0.828
corpus:016-afflicted-district@8.046,hook,corpus,8.046,14.13144,5446.71089,5446.71089,5.5449,0.00015,8e-05,0.00014,0.05276,0.41772,0.52913,92.0,92.0,0.1193,0.816
corpus:016-afflicted-district@41.494,hook,corpus,41.494,13.52916,6429.93137,6429.93137,4.9888,0.0002,6e-05,6e-05,0.00949,0.36123,0.62896,58.0,58.0,0.01377,0.813
corpus:016-afflicted-district@8.557,space,corpus,8.557,8.42567,4222.29991,3076.85426,16.91063,0.2913,0.46167,0.15051,0.0073,0.02686,0.06236,134.0,208.0,0.83365,0.783
corpus:016-afflicted-district@59.141,space,corpus,59.141,7.57748,4248.2473,3219.83502,16.45522,0.33726,0.41987,0.14805,0.00623,0.02392,0.06467,112.0,196.0,0.72743,0.777
corpus:016-afflicted-district@0.859,space,corpus,0.859,7.31394,4141.62708,3049.11455,18.16909,0.35037,0.42266,0.1443,0.00475,0.02084,0.05707,112.0,196.0,0.71947,0.776
corpus:016-afflicted-district@35.143,space,corpus,35.143,6.97653,4090.66639,2933.35545,20.00033,0.38994,0.41066,0.13509,0.00426,0.01652,0.04353,120.0,196.0,0.74078,0.774
corpus:016-afflicted-district@26.598,hat,corpus,26.598,13.12185,6827.7975,6933.84509,-2.75494,3e-05,0.0,2e-05,0.00084,0.27268,0.72644,98.0,186.0,0.88711,0.692
corpus:016-afflicted-district@30.023,hat,corpus,30.023,13.86899,6767.19109,6833.93879,-0.79539,2e-05,2e-05,0.00013,0.00091,0.27653,0.72238,74.0,220.0,0.89785,0.644
corpus:016-afflicted-district@29.129,hat,corpus,29.129,14.37935,6619.61326,6629.1565,-0.10749,4e-05,1e-05,0.0001,0.00295,0.27942,0.71747,98.0,256.0,0.97867,0.63
corpus:016-afflicted-district@28.305,hat,corpus,28.305,13.32505,6721.19259,6689.24548,0.78725,4e-05,1e-05,0.00013,0.00102,0.27824,0.72056,98.0,196.0,0.9086,0.606
corpus:018-x-eject-corpses@11.041,hook,corpus,11.041,22.02978,2500.59774,2166.22502,0.24353,0.02157,0.00823,0.53261,0.39141,0.04232,0.00386,16.0,384.0,0.04104,0.889
corpus:018-x-eject-corpses@10.635,hook,corpus,10.635,20.27941,2436.72005,2074.89077,2.79899,0.01358,0.0054,0.51553,0.37899,0.07706,0.00944,16.0,400.0,0.03225,0.88
corpus:018-x-eject-corpses@37.825,kick,corpus,37.825,13.49789,912.0012,742.94311,1.1951,0.50446,0.44722,0.04093,0.0066,0.00077,2e-05,42.0,174.0,0.4221,0.879
corpus:018-x-eject-corpses@18.622,space,corpus,18.622,6.52169,3253.32411,5502.6013,-5.83043,0.1042,0.80248,0.04704,0.01091,0.02565,0.00971,110.0,400.0,0.991,0.862
corpus:018-x-eject-corpses@9.834,hook,corpus,9.834,19.75761,2136.86585,1860.18222,0.01342,0.00261,0.00427,0.40823,0.52059,0.06177,0.00254,10.0,34.0,0.00434,0.831
corpus:018-x-eject-corpses@11.424,hook,corpus,11.424,20.97717,3230.28591,2280.97679,2.45116,0.02302,0.00729,0.45281,0.37326,0.0982,0.04542,26.0,394.0,0.243,0.827
corpus:018-x-eject-corpses@10.24,hook,corpus,10.24,21.73933,2119.0446,1814.6675,0.39735,0.0034,0.00421,0.41035,0.55605,0.02369,0.00231,6.0,40.0,0.00669,0.821
corpus:018-x-eject-corpses@34.296,kick,corpus,34.296,6.10159,699.51708,788.15029,-2.51951,0.23441,0.44687,0.30967,0.0086,0.00038,7e-05,14.0,18.0,0.39469,0.777
corpus:018-x-eject-corpses@34.598,kick,corpus,34.598,11.51682,1469.57136,632.68228,8.24053,0.34125,0.35442,0.29724,0.00606,0.00098,6e-05,68.0,72.0,0.40167,0.754
corpus:018-x-eject-corpses@3.773,space,corpus,3.773,9.03054,3757.2076,3780.2049,4.56227,0.00033,0.54617,0.33896,0.05447,0.04123,0.01884,66.0,198.0,1.0,0.74
corpus:018-x-eject-corpses@11.819,hook,corpus,11.819,19.57086,3089.53377,2408.45055,3.69792,0.00255,0.00025,0.30176,0.55055,0.11394,0.03095,30.0,84.0,0.13957,0.72
corpus:018-x-eject-corpses@37.616,kick,corpus,37.616,9.4232,1171.13269,1560.50946,-4.92054,0.47796,0.45807,0.05573,0.00637,0.00172,0.00016,44.0,208.0,0.76722,0.711
corpus:018-x-eject-corpses@33.054,kick,corpus,33.054,19.1177,2003.47479,1848.81353,3.29526,0.33454,0.38442,0.20653,0.04874,0.02203,0.00373,14.0,122.0,0.40625,0.686
corpus:018-x-eject-corpses@1.8,space,corpus,1.8,7.83901,3345.32483,3344.59269,3.77445,0.00133,0.69886,0.21224,0.04861,0.02797,0.01098,148.0,188.0,0.99981,0.673
corpus:018-x-eject-corpses@34.4,kick,corpus,34.4,5.7722,682.24527,682.24527,10.09031,0.23277,0.49213,0.26926,0.00564,0.00019,2e-05,22.0,92.0,0.36312,0.654
corpus:018-x-eject-corpses@45.441,space,corpus,45.441,7.78331,2575.58945,2676.45001,1.57891,0.12416,0.63052,0.08792,0.05161,0.09787,0.00793,184.0,400.0,0.94664,0.642
corpus:018-x-eject-corpses@51.606,kick,corpus,51.606,17.23364,2193.9718,2068.58545,2.17683,0.39076,0.26302,0.25845,0.06062,0.02498,0.00217,42.0,400.0,0.42533,0.629
corpus:020-3cloneb-chicks@38.162,kick,corpus,38.162,5.51211,1261.71016,1216.29783,1.92696,0.4506,0.52797,0.01484,0.00574,0.00065,0.00018,16.0,104.0,0.44405,0.841
corpus:020-3cloneb-chicks@8.464,space,corpus,8.464,9.34964,4348.30518,4171.55346,18.6668,0.42391,0.35697,0.00885,0.0142,0.1012,0.09487,128.0,128.0,0.51488,0.816
corpus:020-3cloneb-chicks@61.591,space,corpus,61.591,8.60845,3392.06409,3173.73674,5.94784,0.2791,0.56308,0.05996,0.03124,0.03231,0.0343,116.0,400.0,0.93342,0.753
corpus:020-3cloneb-chicks@18.286,space,corpus,18.286,13.43825,5019.05369,4794.23167,4.19407,0.27752,0.29227,0.04813,0.07923,0.13602,0.16684,148.0,400.0,0.71737,0.751
corpus:020-3cloneb-chicks@59.815,space,corpus,59.815,8.39712,3293.21176,3126.17333,5.66992,0.27783,0.56494,0.05813,0.03663,0.03075,0.03172,400.0,400.0,0.94145,0.743
corpus:020-3cloneb-chicks@31.173,kick,corpus,31.173,9.69351,3597.18302,4187.70501,-10.20714,0.45388,0.32986,0.04831,0.01968,0.09551,0.05275,120.0,196.0,0.56418,0.714
corpus:020-3cloneb-chicks@32.067,kick,corpus,32.067,10.47534,3688.68115,4393.20213,-12.84261,0.46886,0.29568,0.02165,0.03166,0.12055,0.0616,80.0,174.0,0.60512,0.71
corpus:020-3cloneb-chicks@35.619,kick,corpus,35.619,10.17758,3657.12786,4443.15489,-13.32249,0.44849,0.37676,0.01212,0.0139,0.09881,0.04992,158.0,208.0,0.62983,0.701
corpus:020-3cloneb-chicks@42.725,kick,corpus,42.725,11.05877,3733.34897,4300.20275,-8.73711,0.47346,0.31609,0.01112,0.01532,0.12701,0.057,152.0,208.0,0.55883,0.7
corpus:020-3cloneb-chicks@37.396,kick,corpus,37.396,10.8401,3476.99222,4297.34156,-11.06808,0.43988,0.37228,0.01299,0.01701,0.10752,0.05031,158.0,220.0,0.60467,0.682
corpus:020-3cloneb-chicks@26.726,kick,corpus,26.726,11.21342,3522.45764,4224.48851,-8.18191,0.46235,0.32935,0.01027,0.03088,0.11329,0.05386,152.0,220.0,0.54373,0.678
corpus:020-3cloneb-chicks@36.502,kick,corpus,36.502,10.39169,3536.69159,4116.4482,-9.18707,0.44113,0.34088,0.0437,0.02562,0.0968,0.05187,150.0,208.0,0.58371,0.677
corpus:020-3cloneb-chicks@24.067,kick,corpus,24.067,10.19118,3460.86535,4270.94504,-12.45504,0.40505,0.34507,0.08154,0.01525,0.09948,0.05361,164.0,208.0,0.61206,0.675
corpus:020-3cloneb-chicks@49.4,kick,corpus,49.4,10.39957,4598.39297,4598.39297,6.28348,0.45685,0.19476,0.01715,0.01255,0.24291,0.07577,58.0,58.0,0.08166,0.675
corpus:020-3cloneb-chicks@53.359,kick,corpus,53.359,9.72057,3220.95466,3573.45748,-5.52459,0.4841,0.36549,0.0207,0.02191,0.06999,0.03782,28.0,244.0,0.62224,0.673
corpus:020-3cloneb-chicks@34.737,kick,corpus,34.737,9.83416,3503.03122,4291.66547,-12.46263,0.42234,0.36147,0.04819,0.01996,0.09569,0.05236,116.0,208.0,0.64839,0.666
corpus:020-3cloneb-chicks@51.27,hook,corpus,51.27,11.26803,2980.62627,3079.61396,-12.7061,0.17602,0.33893,0.07668,0.26003,0.11841,0.02994,128.0,128.0,0.45056,0.648
corpus:020-3cloneb-chicks@40.623,hook,corpus,40.623,12.01909,2392.89386,2392.89386,-6.81532,0.17146,0.37705,0.09249,0.23559,0.11379,0.00962,92.0,92.0,0.30832,0.64
corpus:022-steven-casteel-01-drum-bass-dnb-liquid-jungle-breakbeat@44.884,space,corpus,44.884,10.43597,5528.02872,5528.02872,49.99465,0.48168,0.37918,0.03599,0.01389,0.01732,0.07193,44.0,68.0,0.00258,0.989
corpus:022-steven-casteel-01-drum-bass-dnb-liquid-jungle-breakbeat@2.218,kick,corpus,2.218,7.59151,3909.43237,3909.43237,-15.73572,0.87166,0.03641,0.0103,0.00434,0.00392,0.07337,80.0,80.0,0.4474,0.961
corpus:022-steven-casteel-01-drum-bass-dnb-liquid-jungle-breakbeat@2.984,kick,corpus,2.984,9.16304,3230.53455,3791.45662,-26.87719,0.85903,0.04819,0.0091,0.00323,0.00861,0.07185,10.0,128.0,0.63205,0.947
corpus:022-steven-casteel-01-drum-bass-dnb-liquid-jungle-breakbeat@3.646,kick,corpus,3.646,6.13349,3261.2807,3437.48266,-23.81288,0.9031,0.04702,0.014,0.00563,0.00735,0.0229,116.0,116.0,0.7763,0.942
corpus:022-steven-casteel-01-drum-bass-dnb-liquid-jungle-breakbeat@16.858,space,corpus,16.858,12.83421,6011.77382,4818.18539,9.9454,0.01635,0.70436,0.14284,0.0401,0.01521,0.08113,58.0,360.0,0.96057,0.919
corpus:022-steven-casteel-01-drum-bass-dnb-liquid-jungle-breakbeat@3.111,kick,corpus,3.111,8.73892,4758.60157,4758.60157,-22.63838,0.7365,0.01605,0.00274,0.00155,0.01385,0.2293,68.0,68.0,0.29569,0.881
corpus:022-steven-casteel-01-drum-bass-dnb-liquid-jungle-breakbeat@14.071,space,corpus,14.071,13.41,5518.68433,4671.70146,11.53322,0.01845,0.68908,0.10632,0.0443,0.02673,0.11511,64.0,266.0,0.8912,0.876
corpus:022-steven-casteel-01-drum-bass-dnb-liquid-jungle-breakbeat@1.637,kick,corpus,1.637,12.00897,3401.01376,3611.37521,-11.57124,0.74144,0.0261,0.00869,0.06755,0.07433,0.0819,12.0,116.0,0.61478,0.86
corpus:022-steven-casteel-01-drum-bass-dnb-liquid-jungle-breakbeat@5.19,hook,corpus,5.19,17.06819,5383.52948,5383.52948,-10.44775,0.02484,0.004,0.0024,0.27373,0.44858,0.24646,28.0,80.0,0.1,0.858
corpus:022-steven-casteel-01-drum-bass-dnb-liquid-jungle-breakbeat@23.464,hook,corpus,23.464,16.52928,3944.73287,3944.73287,-11.52014,0.00074,0.00601,0.13203,0.19863,0.5181,0.14449,44.0,92.0,0.0565,0.853
corpus:022-steven-casteel-01-drum-bass-dnb-liquid-jungle-breakbeat@23.371,hook,corpus,23.371,17.16087,3425.96633,3425.96633,-10.30278,0.00311,0.01127,0.1474,0.18805,0.50264,0.14753,34.0,92.0,0.0276,0.851
corpus:022-steven-casteel-01-drum-bass-dnb-liquid-jungle-breakbeat@17.578,space,corpus,17.578,18.1306,6190.14092,6190.14092,44.20388,0.03473,0.27363,0.0053,0.00318,0.13812,0.54505,20.0,80.0,0.03073,0.844
corpus:022-steven-casteel-01-drum-bass-dnb-liquid-jungle-breakbeat@0.302,kick,corpus,0.302,10.36746,3145.54834,3452.20455,-8.72249,0.70792,0.01726,0.00639,0.07663,0.13627,0.05553,128.0,128.0,0.61966,0.829
corpus:022-steven-casteel-01-drum-bass-dnb-liquid-jungle-breakbeat@13.305,hook,corpus,13.305,20.44625,6166.48964,6166.48964,3.52624,0.00022,0.00037,0.11726,0.09909,0.31392,0.46914,28.0,92.0,0.06045,0.829
corpus:022-steven-casteel-01-drum-bass-dnb-liquid-jungle-breakbeat@62.705,hook,corpus,62.705,18.41841,5450.68428,5450.68428,18.78462,0.05127,0.0481,0.00245,0.0419,0.18224,0.67405,20.0,80.0,0.01527,0.813
corpus:022-steven-casteel-01-drum-bass-dnb-liquid-jungle-breakbeat@4.505,kick,corpus,4.505,13.25161,3922.12001,4347.29432,-0.23511,0.5317,0.3807,0.01292,0.00243,0.01569,0.05655,24.0,138.0,0.14888,0.812
corpus:022-steven-casteel-01-drum-bass-dnb-liquid-jungle-breakbeat@62.787,hook,corpus,62.787,15.65624,5338.94338,5338.94338,-13.41362,1e-05,1e-05,0.00065,0.15586,0.58394,0.25953,80.0,80.0,0.17456,0.808
corpus:022-steven-casteel-01-drum-bass-dnb-liquid-jungle-breakbeat@44.954,hook,corpus,44.954,16.33151,5982.11256,5982.11256,8.24565,2e-05,0.0001,0.00044,0.00738,0.49836,0.4937,48.0,68.0,0.02888,0.803
corpus:022-steven-casteel-01-drum-bass-dnb-liquid-jungle-breakbeat@2.775,kick,corpus,2.775,6.6254,4138.0243,4149.97173,-46.25752,0.79132,0.03228,0.0055,0.00235,0.01453,0.15402,12.0,104.0,0.80784,0.792
corpus:022-steven-casteel-01-drum-bass-dnb-liquid-jungle-breakbeat@60.267,hook,corpus,60.267,16.6107,6734.42116,6734.42116,17.6744,8e-05,0.00012,0.00033,0.00993,0.16925,0.8203,20.0,68.0,0.00499,0.79
corpus:022-steven-casteel-01-drum-bass-dnb-liquid-jungle-breakbeat@53.267,hat,corpus,53.267,21.91189,6384.78926,6462.9065,-0.4642,6e-05,6e-05,0.00043,0.00349,0.14678,0.84919,16.0,60.0,0.97717,0.789
corpus:022-steven-casteel-01-drum-bass-dnb-liquid-jungle-breakbeat@0.952,kick,corpus,0.952,11.66174,3740.60227,4459.67607,-3.63753,0.51238,0.34716,0.02439,0.00757,0.01263,0.09587,28.0,150.0,0.23633,0.783
corpus:022-steven-casteel-01-drum-bass-dnb-liquid-jungle-breakbeat@3.762,kick,corpus,3.762,12.42209,3854.42994,3854.42994,-10.35501,0.58821,0.02459,0.00972,0.13145,0.14547,0.10057,68.0,68.0,0.27672,0.783
corpus:022-steven-casteel-01-drum-bass-dnb-liquid-jungle-breakbeat@2.055,kick,corpus,2.055,9.90984,1325.32957,1636.58243,-3.59926,0.49775,0.35996,0.09637,0.04372,0.00126,0.00094,10.0,162.0,0.67356,0.751
corpus:022-steven-casteel-01-drum-bass-dnb-liquid-jungle-breakbeat@2.519,kick,corpus,2.519,9.92806,3298.7483,3686.98903,5.36905,0.87739,0.01102,0.00217,0.00109,0.01087,0.09746,12.0,128.0,0.52223,0.744
corpus:022-steven-casteel-01-drum-bass-dnb-liquid-jungle-breakbeat@63.901,hat,corpus,63.901,10.35228,3334.48205,3334.48205,-82.98018,0.0161,0.43295,0.53123,0.00527,0.01128,0.00318,20.0,98.0,0.88132,0.653
corpus:022-steven-casteel-01-drum-bass-dnb-liquid-jungle-breakbeat@15.023,hat,corpus,15.023,9.36688,3811.75173,4102.2935,-62.69888,0.01106,0.70007,0.19847,0.05574,0.02305,0.01161,104.0,104.0,0.92922,0.624
corpus:023-blank-banshee-hall-of-mirrors@19.981,kick,corpus,19.981,3.26053,1213.81745,1213.81745,-23.47489,0.85186,0.13152,0.01318,0.00273,0.00045,0.00025,68.0,68.0,0.24206,0.99
corpus:023-blank-banshee-hall-of-mirrors@21.467,kick,corpus,21.467,2.90997,1660.7776,1660.7776,-9.09782,0.85294,0.12929,0.01176,0.00474,0.00068,0.00058,68.0,68.0,0.27603,0.983
corpus:023-blank-banshee-hall-of-mirrors@22.976,kick,corpus,22.976,3.11755,1349.40705,1349.40705,1.82902,0.86829,0.11709,0.01042,0.00342,0.00052,0.00025,80.0,80.0,0.34767,0.952
corpus:023-blank-banshee-hall-of-mirrors@61.974,kick,corpus,61.974,2.93865,1134.84727,1134.84727,-1.04396,0.84614,0.13689,0.01327,0.00297,0.00057,0.00017,92.0,92.0,0.46591,0.932
corpus:023-blank-banshee-hall-of-mirrors@31.417,kick,corpus,31.417,10.14323,591.54407,985.98538,-2.14117,0.63308,0.35006,0.01408,0.0023,0.00039,0.0001,86.0,136.0,0.44017,0.926
corpus:023-blank-banshee-hall-of-mirrors@15.581,kick,corpus,15.581,10.80318,583.79412,864.46199,-0.21974,0.71245,0.20058,0.06691,0.0196,0.00036,9e-05,44.0,66.0,0.43537,0.924
corpus:023-blank-banshee-hall-of-mirrors@33.46,kick,corpus,33.46,3.12721,1444.34808,1444.34808,11.60691,0.82058,0.15441,0.01145,0.0121,0.00123,0.00022,68.0,68.0,0.2204,0.923
corpus:023-blank-banshee-hall-of-mirrors@53.139,kick,corpus,53.139,9.40199,2124.39375,2257.34309,-4.31033,0.68617,0.12923,0.03222,0.11749,0.03154,0.00335,32.0,162.0,0.25513,0.91
corpus:023-blank-banshee-hall-of-mirrors@50.921,kick,corpus,50.921,7.59147,1879.30919,2003.9901,-8.27261,0.53603,0.38745,0.01911,0.03927,0.01574,0.00239,38.0,128.0,0.36354,0.907
corpus:023-blank-banshee-hall-of-mirrors@15.464,kick,corpus,15.464,3.13015,1029.92015,953.57137,0.49173,0.85573,0.13019,0.01048,0.00295,0.00047,0.00018,116.0,116.0,0.49714,0.906
corpus:023-blank-banshee-hall-of-mirrors@62.926,kick,corpus,62.926,9.87223,556.95403,800.12687,0.75788,0.60566,0.37214,0.01999,0.00193,0.00023,4e-05,50.0,140.0,0.45753,0.898
corpus:023-blank-banshee-hall-of-mirrors@53.058,kick,corpus,53.058,4.61084,1759.82799,1759.82799,-4.7105,0.59756,0.26097,0.09301,0.04446,0.00339,0.0006,80.0,80.0,0.52448,0.885
corpus:023-blank-banshee-hall-of-mirrors@37.187,clap,corpus,37.187,18.7928,1969.99872,2245.22773,-1.14248,0.00013,0.0001,0.01354,0.95543,0.02353,0.00727,28.0,156.0,0.99407,0.852
corpus:023-blank-banshee-hall-of-mirrors@21.85,hook,corpus,21.85,13.02532,1198.91017,1492.42918,-2.96337,0.12183,0.11496,0.05037,0.70536,0.00599,0.00149,72.0,174.0,0.26601,0.817
corpus:023-blank-banshee-hall-of-mirrors@36.827,hook,corpus,36.827,18.20357,1633.47989,1803.56043,-2.86772,0.00013,0.00014,0.24174,0.74594,0.01076,0.00128,22.0,100.0,0.04418,0.813
corpus:023-blank-banshee-hall-of-mirrors@51.049,hook,corpus,51.049,14.16752,2831.5029,2928.01841,-3.65454,0.15801,0.01994,0.18922,0.49468,0.12076,0.01738,104.0,104.0,0.25524,0.812
corpus:023-blank-banshee-hall-of-mirrors@53.917,hook,corpus,53.917,11.88302,2934.21461,2934.21461,-9.0457,0.20826,0.10286,0.15398,0.39352,0.11761,0.02377,80.0,80.0,0.25729,0.786
corpus:023-blank-banshee-hall-of-mirrors@37.581,hook,corpus,37.581,21.05505,1514.53198,1650.14552,1.37502,0.00011,0.0002,0.23363,0.75321,0.01167,0.00118,16.0,160.0,0.05291,0.766
corpus:023-blank-banshee-hall-of-mirrors@36.467,hook,corpus,36.467,18.9642,1739.50578,1988.31134,-5.41594,8e-05,3e-05,0.00343,0.95618,0.03148,0.0088,30.0,116.0,0.08185,0.76
corpus:023-blank-banshee-hall-of-mirrors@36.653,hook,corpus,36.653,19.08303,2612.64044,2796.68098,-2.30181,0.00053,0.0001,0.00871,0.8964,0.05801,0.03625,18.0,114.0,0.03531,0.746
corpus:023-blank-banshee-hall-of-mirrors@37.024,hook,corpus,37.024,21.72625,1699.1629,1840.62149,-3.19013,7e-05,8e-05,0.04401,0.92605,0.02847,0.00132,16.0,54.0,0.02483,0.737
corpus:023-blank-banshee-hall-of-mirrors@31.753,rumble,corpus,31.753,6.06148,516.36274,930.26722,-0.31591,0.72991,0.20335,0.04283,0.02267,0.00121,3e-05,148.0,314.0,0.98748,0.661
corpus:023-blank-banshee-hall-of-mirrors@22.187,clap,corpus,22.187,19.98361,1378.91263,2393.73865,-4.1174,0.1204,0.0321,0.00153,0.8192,0.02351,0.00325,32.0,108.0,0.98524,0.655
corpus:024-4zzz1-black-acid-1@21.629,kick,corpus,21.629,8.18199,787.95123,1447.96284,-9.77824,0.24446,0.56743,0.18426,0.00335,0.00022,0.00027,140.0,220.0,0.66231,0.726
corpus:024-4zzz1-black-acid-1@36.537,hook,corpus,36.537,15.91927,5190.76647,4852.01245,4.79065,5e-05,6e-05,0.0182,0.3217,0.28759,0.3724,220.0,220.0,0.42797,0.72
corpus:024-4zzz1-black-acid-1@35.666,hook,corpus,35.666,16.41872,5834.40726,5826.70532,-0.78233,4e-05,9e-05,0.00338,0.0628,0.39349,0.54019,196.0,196.0,0.2886,0.716
corpus:024-4zzz1-black-acid-1@33.866,hook,corpus,33.866,16.35875,5481.85232,5146.07497,5.66282,8e-05,0.0001,0.01195,0.2282,0.32724,0.43243,220.0,220.0,0.40296,0.714
corpus:024-4zzz1-black-acid-1@62.589,kick,corpus,62.589,8.53324,728.31566,812.28989,0.25602,0.24091,0.56215,0.19446,0.00191,0.00034,0.00022,142.0,208.0,0.48891,0.714
corpus:024-4zzz1-black-acid-1@24.752,kick,corpus,24.752,8.08193,1078.05903,1768.81736,-7.34731,0.24666,0.5536,0.18643,0.00904,0.00325,0.00101,140.0,220.0,0.58107,0.706
corpus:024-4zzz1-black-acid-1@26.076,kick,corpus,26.076,8.1625,845.04982,1380.46331,-7.35481,0.2472,0.56093,0.1886,0.00271,0.00027,0.00029,140.0,232.0,0.66388,0.705
corpus:024-4zzz1-black-acid-1@26.982,kick,corpus,26.982,8.8336,726.05699,1166.60397,-2.72822,0.24464,0.5601,0.19194,0.00277,0.00025,0.0003,150.0,208.0,0.56607,0.704
corpus:024-4zzz1-black-acid-1@22.523,kick,corpus,22.523,8.03431,728.67502,1147.7647,-4.10826,0.24338,0.56328,0.18878,0.004,0.00032,0.00025,132.0,208.0,0.60652,0.703
corpus:024-4zzz1-black-acid-1@9.172,kick,corpus,9.172,7.96003,744.91534,1366.43454,-6.18055,0.23812,0.57654,0.18107,0.00367,0.00034,0.00026,146.0,208.0,0.63716,0.699
corpus:024-4zzz1-black-acid-1@20.735,kick,corpus,20.735,7.78409,952.92457,1630.16795,-9.06416,0.24798,0.56374,0.18541,0.00229,0.00029,0.00029,150.0,220.0,0.70193,0.699
corpus:024-4zzz1-black-acid-1@32.299,space,corpus,32.299,12.30971,3811.82961,2032.76987,12.63001,0.19776,0.56852,0.21925,0.00495,0.00452,0.00501,114.0,400.0,0.71743,0.699
corpus:024-4zzz1-black-acid-1@23.406,kick,corpus,23.406,9.02956,994.59306,1657.29729,-9.5524,0.23546,0.5717,0.18897,0.00331,0.00028,0.00028,140.0,220.0,0.68556,0.698
corpus:024-4zzz1-black-acid-1@56.343,kick,corpus,56.343,7.69798,774.58662,1344.10283,-4.75161,0.2439,0.56266,0.19007,0.00263,0.00042,0.00031,142.0,208.0,0.61793,0.697
corpus:024-4zzz1-black-acid-1@9.613,kick,corpus,9.613,7.97256,1150.52733,2007.6959,-10.76464,0.24175,0.56252,0.18042,0.01033,0.00404,0.00094,170.0,220.0,0.65752,0.696
corpus:024-4zzz1-black-acid-1@55.902,kick,corpus,55.902,8.47561,1126.12021,1886.76984,-8.16019,0.23951,0.55501,0.18656,0.00999,0.00755,0.00138,128.0,220.0,0.59382,0.695
corpus:024-4zzz1-black-acid-1@46.347,hook,corpus,46.347,16.17301,6043.7011,5989.16798,-0.5062,2e-05,6e-05,0.00102,0.03386,0.41579,0.54925,196.0,196.0,0.31349,0.686
corpus:024-4zzz1-black-acid-1@52.57,hook,corpus,52.57,17.22608,6144.34478,6001.30909,1.21844,9e-05,9e-05,0.00057,0.03626,0.39745,0.56553,208.0,208.0,0.31458,0.685
corpus:024-4zzz1-black-acid-1@39.207,hook,corpus,39.207,15.56541,5294.51748,4952.35767,5.70955,2e-05,3e-05,0.02592,0.2886,0.30626,0.37917,208.0,208.0,0.46135,0.68
corpus:024-4zzz1-black-acid-1@34.76,hook,corpus,34.76,18.49673,5716.56333,5627.75966,1.56777,0.0002,0.0003,0.00439,0.08097,0.391,0.52315,196.0,232.0,0.40514,0.666
corpus:024-4zzz1-black-acid-1@37.419,hook,corpus,37.419,18.15767,5365.57414,5034.50688,4.78513,2e-05,2e-05,0.00724,0.26033,0.31625,0.41613,200.0,244.0,0.5016,0.664
corpus:024-4zzz1-black-acid-1@32.752,clap,corpus,32.752,22.33232,4102.45322,3652.25244,7.01963,0.00012,0.00032,0.00402,0.71953,0.21352,0.06248,84.0,220.0,0.54882,0.649
corpus:024-4zzz1-black-acid-1@2.264,space,corpus,2.264,11.00054,5201.94845,4828.80356,10.4276,0.42398,0.40384,0.01178,0.00415,0.05658,0.09968,164.0,186.0,0.35358,0.605
corpus:026-knarz-maschine-acid-knarz-1@63.054,kick,corpus,63.054,5.91533,3649.87102,3649.87102,-58.67869,0.52447,0.44242,0.00381,0.00075,0.00339,0.02516,58.0,58.0,0.19882,0.908
corpus:026-knarz-maschine-acid-knarz-1@61.44,kick,corpus,61.44,6.46973,3541.09926,3541.09926,-20.06744,0.44309,0.51178,0.01501,0.00425,0.00378,0.02208,68.0,68.0,0.26594,0.881
corpus:026-knarz-maschine-acid-knarz-1@60.651,kick,corpus,60.651,7.51879,3968.91723,3968.91723,-22.46116,0.48334,0.41674,0.01371,0.00728,0.03902,0.03992,68.0,68.0,0.34004,0.879
corpus:026-knarz-maschine-acid-knarz-1@57.446,kick,corpus,57.446,7.30171,3863.85629,3863.85629,-10.21775,0.48797,0.42629,0.00444,0.00935,0.03728,0.03467,80.0,80.0,0.34581,0.856
corpus:026-knarz-maschine-acid-knarz-1@63.449,kick,corpus,63.449,8.45237,3811.84176,3811.84176,-8.2083,0.51187,0.4234,0.00582,0.00513,0.02786,0.02591,80.0,80.0,0.44809,0.846
corpus:026-knarz-maschine-acid-knarz-1@4.435,hook,corpus,4.435,16.61933,4952.34469,4952.34469,2.8196,0.00015,9e-05,0.01395,0.17529,0.15628,0.65423,68.0,68.0,0.07071,0.839
corpus:026-knarz-maschine-acid-knarz-1@61.846,space,corpus,61.846,9.46867,4431.13035,4431.13035,20.47546,0.50071,0.38694,0.00378,0.00394,0.04212,0.06252,92.0,92.0,0.45262,0.832
corpus:026-knarz-maschine-acid-knarz-1@16.916,space,corpus,16.916,9.5923,4822.03976,4631.85904,3.93661,0.21939,0.46562,0.08303,0.01124,0.05427,0.16645,400.0,400.0,0.89458,0.829
corpus:026-knarz-maschine-acid-knarz-1@10.519,space,corpus,10.519,9.48877,4765.93516,4677.07968,3.36149,0.22477,0.46,0.08463,0.01285,0.05392,0.16383,400.0,400.0,0.8899,0.823
corpus:026-knarz-maschine-acid-knarz-1@49.447,hook,corpus,49.447,16.10506,4891.52094,4891.52094,-9.1375,0.00683,0.01037,0.01212,0.16876,0.39108,0.41085,80.0,80.0,0.14799,0.821
corpus:026-knarz-maschine-acid-knarz-1@59.849,kick,corpus,59.849,6.24466,4163.12887,4163.12887,-24.75805,0.36767,0.55001,0.02824,0.00818,0.00677,0.03914,46.0,46.0,0.0,0.818
corpus:026-knarz-maschine-acid-knarz-1@14.118,space,corpus,14.118,9.82987,4818.8682,4534.4958,4.29435,0.21723,0.44213,0.07369,0.02084,0.07173,0.17437,400.0,400.0,0.88449,0.815
corpus:026-knarz-maschine-acid-knarz-1@60.244,kick,corpus,60.244,8.12377,3884.11128,3884.11128,-7.06193,0.44453,0.47187,0.02102,0.00905,0.02701,0.02651,80.0,80.0,0.36799,0.809
corpus:026-knarz-maschine-acid-knarz-1@52.651,hook,corpus,52.651,13.98774,4968.03386,4968.03386,-18.62221,0.01363,0.02151,0.01603,0.14709,0.38,0.42175,68.0,68.0,0.11995,0.762
corpus:026-knarz-maschine-acid-knarz-1@59.037,kick,corpus,59.037,6.87619,3663.99792,3663.99792,2.1227,0.49663,0.43894,0.00329,0.00499,0.02745,0.02869,92.0,92.0,0.36751,0.745
corpus:026-knarz-maschine-acid-knarz-1@0.534,hook,corpus,0.534,15.18488,3955.83533,4080.55351,-6.91694,0.00022,0.00016,0.02851,0.5589,0.18074,0.23147,186.0,186.0,0.50134,0.743
corpus:026-knarz-maschine-acid-knarz-1@54.253,hook,corpus,54.253,14.50105,5247.90196,5247.90196,-17.99753,0.00211,0.00416,0.00385,0.10494,0.3965,0.48843,68.0,68.0,0.09362,0.742
corpus:026-knarz-maschine-acid-knarz-1@46.254,hook,corpus,46.254,13.1027,4761.27044,4761.27044,-26.15584,0.04867,0.05507,0.06996,0.15344,0.31099,0.36187,68.0,68.0,0.13367,0.704
corpus:026-knarz-maschine-acid-knarz-1@3.924,hook,corpus,3.924,15.65455,3639.90063,3963.58834,-5.10665,8e-05,0.00011,0.08318,0.56447,0.14602,0.20613,152.0,314.0,0.63772,0.674
corpus:026-knarz-maschine-acid-knarz-1@46.138,hook,corpus,46.138,13.64052,5140.01016,5232.91321,-9.00628,0.0751,0.05729,0.05813,0.08325,0.27306,0.45318,116.0,116.0,0.31269,0.672
corpus:027-bellkatze-k-lnisch-wasser@8.104,space,corpus,8.104,13.80241,4412.43139,3805.36548,25.57742,0.08351,0.5901,0.1148,0.00112,0.02805,0.18242,54.0,150.0,0.76548,0.884
corpus:027-bellkatze-k-lnisch-wasser@21.478,space,corpus,21.478,14.18672,4570.63805,3901.78636,32.03612,0.00235,0.01626,0.82603,0.00815,0.01932,0.12788,62.0,138.0,0.49696,0.865
corpus:027-bellkatze-k-lnisch-wasser@8.348,space,corpus,8.348,15.26942,5062.4221,4500.67742,22.87362,0.00231,0.04386,0.71428,0.00499,0.0314,0.20316,56.0,138.0,0.68485,0.859
corpus:027-bellkatze-k-lnisch-wasser@20.41,space,corpus,20.41,16.44922,4607.75276,4075.70891,18.45668,0.01045,0.2102,0.57969,0.00649,0.02137,0.17179,74.0,150.0,0.99894,0.854
corpus:027-bellkatze-k-lnisch-wasser@13.317,kick,corpus,13.317,10.93713,3180.39408,3180.39408,-59.66579,0.72528,0.13123,0.00752,0.0032,0.01769,0.11509,92.0,92.0,0.61695,0.853
corpus:027-bellkatze-k-lnisch-wasser@27.353,kick,corpus,27.353,11.5205,1663.31864,1744.13561,-21.42138,0.42907,0.48494,0.06373,0.00622,0.01496,0.00107,6.0,116.0,0.91689,0.813
corpus:027-bellkatze-k-lnisch-wasser@4.737,kick,corpus,4.737,11.14295,1629.61698,2193.48669,-29.69845,0.23891,0.66501,0.08692,0.00353,0.00093,0.0047,54.0,128.0,0.28777,0.799
corpus:027-bellkatze-k-lnisch-wasser@3.332,kick,corpus,3.332,9.85532,2390.33662,2390.33662,-45.90626,0.20086,0.67437,0.11358,0.00292,0.00131,0.00696,68.0,68.0,0.14397,0.791
corpus:027-bellkatze-k-lnisch-wasser@22.187,hook,corpus,22.187,18.3707,4659.16262,4716.45417,10.62286,0.06067,0.18539,0.03212,0.00203,0.08846,0.63133,42.0,116.0,0.13466,0.789
corpus:027-bellkatze-k-lnisch-wasser@29.35,kick,corpus,29.35,8.36525,969.94737,913.0593,1.98727,0.37778,0.27226,0.34236,0.00609,0.00137,0.00015,76.0,116.0,0.52344,0.777
corpus:027-bellkatze-k-lnisch-wasser@10.368,kick,corpus,10.368,10.37724,1374.09947,1578.09856,-14.77687,0.21294,0.68322,0.09168,0.00618,0.00096,0.00502,38.0,116.0,0.23597,0.766
corpus:027-bellkatze-k-lnisch-wasser@0.987,kick,corpus,0.987,10.43623,2110.78944,2170.23417,-23.92969,0.20681,0.68025,0.10181,0.00361,0.00134,0.00618,44.0,104.0,0.17736,0.764
corpus:027-bellkatze-k-lnisch-wasser@15.987,kick,corpus,15.987,11.18363,1735.59807,2058.74228,-19.39024,0.21699,0.60904,0.16197,0.00524,0.00158,0.00518,44.0,128.0,0.29138,0.764
corpus:027-bellkatze-k-lnisch-wasser@8.951,kick,corpus,8.951,11.40208,1834.24367,2108.32586,-14.69136,0.22809,0.66449,0.09445,0.00571,0.00138,0.00588,30.0,128.0,0.28751,0.759
corpus:027-bellkatze-k-lnisch-wasser@12.713,kick,corpus,12.713,11.81691,1227.61266,1640.07196,-13.25942,0.21599,0.67355,0.09884,0.00506,0.00148,0.00508,28.0,128.0,0.1179,0.759
corpus:027-bellkatze-k-lnisch-wasser@16.463,kick,corpus,16.463,11.6778,1376.35402,1689.9927,-11.02749,0.22103,0.64556,0.11951,0.00631,0.00189,0.00568,44.0,102.0,0.14113,0.758
corpus:027-bellkatze-k-lnisch-wasser@5.19,kick,corpus,5.19,11.6023,2179.7345,3005.67484,-30.26525,0.24245,0.67108,0.07844,0.00333,0.00065,0.00405,46.0,104.0,0.61656,0.757
corpus:027-bellkatze-k-lnisch-wasser@5.457,hook,corpus,5.457,13.65385,5474.26783,5474.26783,-0.37149,0.01593,0.47915,0.06282,0.00032,0.04141,0.40037,92.0,92.0,0.1641,0.755
corpus:027-bellkatze-k-lnisch-wasser@12.005,hook,corpus,12.005,16.61033,5140.89104,5140.89104,-10.92193,0.00687,0.05459,0.28587,0.00412,0.096,0.55254,40.0,92.0,0.06585,0.755
corpus:027-bellkatze-k-lnisch-wasser@19.168,hook,corpus,19.168,14.52839,6084.71109,6084.71109,2.67753,0.0357,0.07148,0.04758,0.01615,0.11759,0.71151,74.0,92.0,0.06515,0.755
corpus:027-bellkatze-k-lnisch-wasser@4.992,hook,corpus,4.992,16.15251,6508.63825,6470.42352,4.97211,0.01686,0.17022,0.00722,0.0003,0.10335,0.70205,100.0,116.0,0.09298,0.749
corpus:027-bellkatze-k-lnisch-wasser@6.269,hook,corpus,6.269,14.11847,4986.20965,5060.86934,-5.17113,0.01492,0.51422,0.15603,0.00219,0.03674,0.27589,68.0,104.0,0.16216,0.727
corpus:027-bellkatze-k-lnisch-wasser@45.65,hook,corpus,45.65,17.5342,1064.95638,824.64208,1.4009,0.02052,0.45819,0.302,0.21801,0.00116,0.00011,72.0,290.0,0.31701,0.726
corpus:027-bellkatze-k-lnisch-wasser@3.576,hook,corpus,3.576,12.22754,5315.67076,5315.67076,3.03656,0.01845,0.51433,0.1069,0.00172,0.04473,0.31387,92.0,92.0,0.17878,0.699
corpus:027-bellkatze-k-lnisch-wasser@16.591,hat,corpus,16.591,17.10353,4574.58114,4830.0038,-47.71917,0.02655,0.11468,0.03112,0.00098,0.09788,0.72878,42.0,104.0,0.03669,0.688
corpus:027-bellkatze-k-lnisch-wasser@20.77,hat,corpus,20.77,15.91258,4322.8043,5269.18419,-31.20859,0.08992,0.43603,0.03326,0.00122,0.05647,0.38309,18.0,138.0,0.7318,0.66
corpus:027-bellkatze-k-lnisch-wasser@5.341,hat,corpus,5.341,14.91142,3549.45945,3939.6754,-52.25219,0.07877,0.46467,0.00907,0.00096,0.04775,0.39878,78.0,116.0,0.40322,0.62
corpus:027-bellkatze-k-lnisch-wasser@12.841,hat,corpus,12.841,15.99175,3992.23806,4012.37771,-47.86045,0.06923,0.23312,0.06274,0.00116,0.07243,0.56133,44.0,104.0,0.17272,0.601
corpus:028-unknown-war-heads-daddys-riders@8.533,kick,corpus,8.533,6.78822,1869.85493,1869.85493,-13.12945,0.53172,0.45151,0.00741,0.00563,0.00233,0.0014,92.0,92.0,0.24844,0.94
corpus:028-unknown-war-heads-daddys-riders@10.379,kick,corpus,10.379,6.50247,1802.36222,1802.36222,-10.23519,0.53466,0.44809,0.00743,0.00643,0.00209,0.00129,92.0,92.0,0.25292,0.938
corpus:028-unknown-war-heads-daddys-riders@63.913,kick,corpus,63.913,6.15874,2014.76339,2014.76339,-15.31949,0.48276,0.48989,0.01489,0.00912,0.00199,0.00134,86.0,86.0,0.22427,0.925
corpus:028-unknown-war-heads-daddys-riders@12.202,kick,corpus,12.202,6.39431,1810.81737,2031.13715,-8.0102,0.50388,0.47578,0.01165,0.00611,0.00161,0.00097,100.0,116.0,0.30612,0.917
corpus:028-unknown-war-heads-daddys-riders@60.233,kick,corpus,60.233,7.08081,1974.61143,1974.61143,-2.72165,0.51682,0.45954,0.01124,0.00879,0.00217,0.00146,92.0,92.0,0.27249,0.911
corpus:028-unknown-war-heads-daddys-riders@56.517,kick,corpus,56.517,6.24821,2171.36517,2171.36517,-2.59472,0.49376,0.48351,0.01188,0.00777,0.00196,0.00113,90.0,92.0,0.23848,0.9
corpus:028-unknown-war-heads-daddys-riders@62.055,kick,corpus,62.055,6.77133,1893.07031,1839.43231,4.37989,0.52732,0.45285,0.00969,0.00803,0.00121,0.0009,100.0,104.0,0.27374,0.88
corpus:028-unknown-war-heads-daddys-riders@55.716,kick,corpus,55.716,10.38247,4155.47977,4155.47977,-10.73817,0.45314,0.41951,0.00641,0.01115,0.04851,0.06127,80.0,80.0,0.18155,0.828
corpus:028-unknown-war-heads-daddys-riders@61.846,hook,corpus,61.846,13.43638,3873.16563,3873.16563,3.61345,0.14693,0.15242,0.10932,0.41432,0.08782,0.0892,58.0,58.0,0.04577,0.822
corpus:028-unknown-war-heads-daddys-riders@58.027,kick,corpus,58.027,13.35986,4189.16677,4271.05636,-16.10086,0.45002,0.40969,0.0105,0.01692,0.03152,0.08135,70.0,104.0,0.21418,0.814
corpus:028-unknown-war-heads-daddys-riders@5.399,kick,corpus,5.399,12.39235,4029.86004,4187.94495,-7.63877,0.45577,0.42767,0.0077,0.0093,0.03924,0.06031,100.0,116.0,0.24089,0.806
corpus:028-unknown-war-heads-daddys-riders@7.245,kick,corpus,7.245,12.0056,3794.36805,4038.87305,-7.93317,0.46002,0.41399,0.00723,0.021,0.04316,0.0546,80.0,128.0,0.25877,0.804
corpus:028-unknown-war-heads-daddys-riders@12.783,kick,corpus,12.783,9.97649,4101.70802,4173.28954,-5.17867,0.46321,0.41767,0.00847,0.00673,0.04316,0.06076,104.0,104.0,0.23318,0.802
corpus:028-unknown-war-heads-daddys-riders@34.133,hook,corpus,34.133,17.29705,4747.66768,4747.66768,-0.93418,0.0778,0.09089,0.07533,0.2038,0.31625,0.23594,92.0,92.0,0.25509,0.771
corpus:028-unknown-war-heads-daddys-riders@55.798,space,corpus,55.798,14.06883,4543.18045,4329.1381,15.35483,0.24646,0.19975,0.03075,0.12212,0.22156,0.17937,128.0,128.0,0.66481,0.771
corpus:028-unknown-war-heads-daddys-riders@59.989,hook,corpus,59.989,14.99488,3680.87084,3625.57957,6.90152,0.13378,0.16436,0.15746,0.41194,0.06792,0.06454,74.0,104.0,0.12717,0.745
corpus:028-unknown-war-heads-daddys-riders@6.455,hook,corpus,6.455,14.14765,3836.60928,3836.60928,7.52878,0.18817,0.17555,0.0314,0.45649,0.07731,0.07107,80.0,80.0,0.12221,0.741
corpus:028-unknown-war-heads-daddys-riders@5.515,hook,corpus,5.515,15.85407,3377.96983,3349.71076,2.56904,0.16288,0.15753,0.00926,0.57914,0.05077,0.0404,116.0,116.0,0.28895,0.714
corpus:028-unknown-war-heads-daddys-riders@59.536,hook,corpus,59.536,15.67074,5326.45218,5326.45218,-0.82053,0.09168,0.08149,0.00813,0.04553,0.51248,0.26069,80.0,80.0,0.09738,0.712
corpus:028-unknown-war-heads-daddys-riders@33.541,hook,corpus,33.541,15.24235,5671.72892,5702.52872,1.99261,0.00315,0.00296,0.00419,0.02028,0.38399,0.58543,128.0,128.0,0.32091,0.692
corpus:028-unknown-war-heads-daddys-riders@51.049,space,corpus,51.049,16.18911,4172.14195,3136.16605,11.9969,0.30167,0.27206,0.16868,0.1105,0.07841,0.06868,88.0,266.0,0.63826,0.677
corpus:028-unknown-war-heads-daddys-riders@36.316,hook,corpus,36.316,18.5002,5020.69823,4227.97067,10.13197,0.0112,0.01616,0.40193,0.25713,0.18038,0.1332,72.0,232.0,0.17179,0.67
corpus:028-unknown-war-heads-daddys-riders@45.523,space,corpus,45.523,16.68688,4211.86958,3244.44927,15.27164,0.26709,0.22524,0.19559,0.13634,0.09992,0.07582,88.0,232.0,0.4948,0.653
corpus:028-unknown-war-heads-daddys-riders@5.979,space,corpus,5.979,13.11149,3720.80286,3720.80286,26.46058,0.18877,0.14977,0.01008,0.09568,0.51212,0.04359,68.0,68.0,0.08152,0.62
corpus:029-pasquale-maassen-demonica@10.17,hook,corpus,10.17,13.35433,4321.73215,4412.54554,-6.6777,0.03561,0.06525,0.0197,0.17074,0.51581,0.1929,104.0,104.0,0.1819,0.808
corpus:029-pasquale-maassen-demonica@21.42,hook,corpus,21.42,12.65543,4460.75291,4460.75291,-7.67255,0.03123,0.04981,0.0116,0.15778,0.5366,0.21298,92.0,92.0,0.17819,0.808
corpus:029-pasquale-maassen-demonica@25.17,hook,corpus,25.17,14.006,4320.10366,4394.99892,-6.73969,0.03405,0.06339,0.01901,0.16808,0.52777,0.1877,104.0,104.0,0.18151,0.806
corpus:029-pasquale-maassen-demonica@36.42,hook,corpus,36.42,12.61597,4533.60719,4533.60719,-3.33265,0.03104,0.0511,0.01181,0.15803,0.53648,0.21154,92.0,92.0,0.17298,0.804
corpus:029-pasquale-maassen-demonica@27.632,hook,corpus,27.632,12.75047,4351.52151,4351.52151,-5.05593,0.02569,0.07051,0.06505,0.15573,0.49828,0.18474,68.0,92.0,0.18327,0.799
corpus:029-pasquale-maassen-demonica@12.98,hook,corpus,12.98,14.00808,4267.79841,4390.30118,-6.17971,0.03237,0.07105,0.02277,0.17901,0.52793,0.16688,64.0,116.0,0.23957,0.789
corpus:029-pasquale-maassen-demonica@20.48,hook,corpus,20.48,13.75968,4342.97315,4486.56318,-8.39873,0.03143,0.06857,0.01741,0.14625,0.53202,0.20433,98.0,116.0,0.21634,0.789
corpus:029-pasquale-maassen-demonica@19.191,hook,corpus,19.191,13.6268,4345.0179,4415.35958,-4.91242,0.02978,0.0675,0.05116,0.15619,0.51397,0.18141,78.0,116.0,0.21321,0.788
corpus:029-pasquale-maassen-demonica@6.513,space,corpus,6.513,11.41454,4137.35511,4410.43963,0.15328,0.18083,0.33308,0.04923,0.09022,0.24545,0.10119,384.0,384.0,0.898,0.742
corpus:029-pasquale-maassen-demonica@9.938,kick,corpus,9.938,6.50482,2146.16518,2146.16518,-20.48967,0.18689,0.57894,0.20629,0.01037,0.01222,0.00529,92.0,92.0,0.3014,0.733
corpus:029-pasquale-maassen-demonica@4.644,space,corpus,4.644,11.23271,4101.62336,4281.5938,0.16532,0.18565,0.35109,0.05184,0.08532,0.23191,0.0942,372.0,372.0,0.89548,0.728
corpus:029-pasquale-maassen-demonica@5.584,space,corpus,5.584,11.38827,3905.16308,3818.21646,1.73271,0.20526,0.38155,0.05475,0.10035,0.18738,0.07071,360.0,360.0,0.91303,0.718
corpus:029-pasquale-maassen-demonica@10.507,kick,corpus,10.507,11.85573,3743.45195,3743.45195,-8.23858,0.36422,0.35986,0.04238,0.0376,0.131,0.06495,92.0,92.0,0.30349,0.716
corpus:029-pasquale-maassen-demonica@23.057,kick,corpus,23.057,7.33976,2148.24128,2272.34397,-14.74385,0.19578,0.56269,0.20721,0.01398,0.01498,0.00536,8.0,116.0,0.45382,0.707
corpus:029-pasquale-maassen-demonica@41.808,kick,corpus,41.808,6.93015,2124.30332,2286.62273,-20.45868,0.17982,0.56449,0.22035,0.01504,0.01477,0.00553,30.0,116.0,0.44538,0.707
corpus:029-pasquale-maassen-demonica@29.257,kick,corpus,29.257,12.54513,3526.28655,3738.41498,-9.15194,0.36289,0.37864,0.0333,0.03702,0.12854,0.05961,84.0,128.0,0.37777,0.705
corpus:029-pasquale-maassen-demonica@45.558,kick,corpus,45.558,7.1847,2110.58551,2255.26925,-15.25076,0.19032,0.5872,0.18609,0.01572,0.01496,0.00571,44.0,116.0,0.44206,0.702
corpus:029-pasquale-maassen-demonica@44.269,kick,corpus,44.269,11.66189,3854.39066,3854.39066,-10.53764,0.34686,0.35821,0.04309,0.04531,0.13801,0.06852,80.0,80.0,0.22038,0.7
corpus:029-pasquale-maassen-demonica@38.058,kick,corpus,38.058,7.19525,2144.21427,2259.32587,-13.15387,0.1952,0.56096,0.2095,0.0146,0.0147,0.00505,8.0,116.0,0.45784,0.699
corpus:029-pasquale-maassen-demonica@44.629,kick,corpus,44.629,8.01078,2052.12706,2055.58072,-14.56499,0.17646,0.58144,0.20064,0.01827,0.01754,0.00565,104.0,104.0,0.32712,0.694
corpus:029-pasquale-maassen-demonica@19.307,kick,corpus,19.307,7.12978,2133.96472,2258.03911,-14.40794,0.18162,0.55195,0.23155,0.01345,0.01616,0.00526,44.0,116.0,0.43023,0.693
corpus:029-pasquale-maassen-demonica@29.629,kick,corpus,29.629,7.81755,2161.99227,2152.97465,-15.74775,0.17556,0.58186,0.1999,0.01814,0.01845,0.0061,104.0,104.0,0.33342,0.693
corpus:029-pasquale-maassen-demonica@26.807,kick,corpus,26.807,7.37232,2181.7272,2297.05156,-13.68254,0.1881,0.57098,0.20713,0.0148,0.01378,0.0052,30.0,116.0,0.4501,0.692
corpus:029-pasquale-maassen-demonica@8.963,space,corpus,8.963,12.98773,4218.81774,4293.63826,-0.69846,0.11554,0.29836,0.05851,0.10403,0.30211,0.12145,372.0,372.0,0.88879,0.655
corpus:030-berba-pt-911@32.938,kick,corpus,32.938,5.93368,1336.06685,1336.06685,-23.72882,0.55494,0.34016,0.06627,0.03649,0.00179,0.00033,36.0,58.0,0.15897,0.951
corpus:030-berba-pt-911@24.892,kick,corpus,24.892,4.67641,1067.54,1446.14403,-21.40544,0.52271,0.38812,0.05869,0.026,0.00411,0.00038,64.0,104.0,0.51531,0.932
corpus:030-berba-pt-911@29.652,kick,corpus,29.652,5.58249,1088.5254,1439.58917,-19.07453,0.51435,0.376,0.06633,0.03922,0.00388,0.00022,86.0,104.0,0.45295,0.925
corpus:030-berba-pt-911@28.073,kick,corpus,28.073,5.08318,1351.94791,1351.94791,-25.46461,0.49329,0.37803,0.06833,0.04965,0.00984,0.00086,92.0,92.0,0.42729,0.921
corpus:030-berba-pt-911@35.712,kick,corpus,35.712,5.51777,1280.17136,1280.17136,-24.14583,0.47774,0.39373,0.07019,0.05581,0.00185,0.00068,92.0,92.0,0.46999,0.911
corpus:030-berba-pt-911@31.347,kick,corpus,31.347,5.85005,1298.28935,1298.28935,8.94125,0.57188,0.34446,0.05153,0.03136,0.00062,0.00015,36.0,58.0,0.14945,0.901
corpus:030-berba-pt-911@29.756,kick,corpus,29.756,6.26366,630.11762,630.11762,-0.78921,0.51996,0.33495,0.07042,0.07189,0.00277,1e-05,16.0,68.0,0.29935,0.896
corpus:030-berba-pt-911@31.254,kick,corpus,31.254,5.56929,1422.84932,1422.84932,-5.62478,0.50965,0.38796,0.05664,0.03502,0.00959,0.00114,92.0,92.0,0.4485,0.894
corpus:030-berba-pt-911@34.435,kick,corpus,34.435,5.6699,1059.04284,1400.80103,-14.01041,0.54036,0.35683,0.05467,0.03955,0.0078,0.0008,36.0,150.0,0.63702,0.894
corpus:030-berba-pt-911@26.587,kick,corpus,26.587,5.81337,1211.51738,1211.51738,-10.10014,0.48683,0.34189,0.07959,0.0881,0.00346,0.00014,16.0,58.0,0.18853,0.89
corpus:030-berba-pt-911@41.088,kick,corpus,41.088,4.21343,1491.05144,1491.05144,-14.50578,0.45413,0.42337,0.06181,0.05078,0.00757,0.00233,92.0,92.0,0.42147,0.89
corpus:030-berba-pt-911@46.649,kick,corpus,46.649,4.31828,1841.05439,1841.05439,-14.17324,0.44663,0.46233,0.05303,0.03239,0.00322,0.0024,14.0,92.0,0.45665,0.889
corpus:030-berba-pt-911@55.577,hook,corpus,55.577,11.56143,4508.50632,4508.50632,-3.61202,8e-05,0.03002,0.02578,0.43477,0.32372,0.18563,68.0,68.0,0.10596,0.866
corpus:030-berba-pt-911@22.454,clap,corpus,22.454,18.37892,2529.71435,2162.87389,3.90849,0.0092,0.11068,0.01328,0.79326,0.0733,0.00028,36.0,120.0,0.99959,0.862
corpus:030-berba-pt-911@57.028,space,corpus,57.028,15.44512,4386.25632,3843.05295,28.4547,0.00117,0.02788,0.09582,0.03208,0.58812,0.25494,138.0,138.0,0.91233,0.852
corpus:030-berba-pt-911@59.861,hook,corpus,59.861,11.05475,4279.26445,4279.26445,-1.65808,0.00038,0.02485,0.0976,0.28992,0.37312,0.21413,92.0,92.0,0.16045,0.852
corpus:030-berba-pt-911@52.407,hook,corpus,52.407,12.98261,3952.73758,3952.73758,-2.79369,0.00241,0.10432,0.14506,0.32543,0.28458,0.13821,92.0,92.0,0.14509,0.851
corpus:030-berba-pt-911@59.954,hook,corpus,59.954,12.72904,4610.55463,4610.55463,-2.78233,0.00177,0.05363,0.16264,0.22152,0.30601,0.25445,80.0,80.0,0.16682,0.845
corpus:030-berba-pt-911@53.197,hook,corpus,53.197,13.8726,4064.56147,4081.69612,-0.96365,0.00113,0.03292,0.04758,0.44024,0.33721,0.14092,104.0,104.0,0.13504,0.837
corpus:030-berba-pt-911@50.817,hook,corpus,50.817,12.47055,4112.70491,4112.70491,-7.22465,0.00394,0.11654,0.18513,0.20557,0.31768,0.17114,92.0,92.0,0.18121,0.834
corpus:030-berba-pt-911@60.163,hook,corpus,60.163,11.89227,2921.31369,2921.31369,-1.31801,0.00154,0.02535,0.58314,0.29596,0.06127,0.03273,62.0,92.0,0.06338,0.832
corpus:030-berba-pt-911@53.847,space,corpus,53.847,14.89483,4225.81316,3948.44283,28.52729,0.00199,0.03643,0.14392,0.06407,0.47952,0.27406,116.0,116.0,0.88391,0.826
corpus:030-berba-pt-911@51.212,hook,corpus,51.212,11.99228,4327.41455,4327.41455,-8.94481,0.00242,0.14219,0.1666,0.14429,0.33741,0.20709,80.0,80.0,0.16496,0.816
corpus:030-berba-pt-911@16.126,clap,corpus,16.126,18.61387,2232.78807,1701.62241,4.22302,0.0056,0.03849,0.00298,0.8961,0.05676,7e-05,58.0,154.0,0.71749,0.794
corpus:030-berba-pt-911@19.273,clap,corpus,19.273,17.54198,1788.46538,2262.65717,-0.10169,0.01174,0.09639,0.01007,0.81569,0.06608,3e-05,66.0,196.0,0.99971,0.794
corpus:030-berba-pt-911@6.571,clap,corpus,6.571,17.22376,1601.44668,1623.18267,1.29133,0.02079,0.16823,0.04263,0.69843,0.06991,1e-05,48.0,178.0,0.9777,0.724
corpus:030-berba-pt-911@57.423,space,corpus,57.423,15.48933,4611.88855,4304.15572,15.19818,0.00053,0.04447,0.04871,0.0831,0.48968,0.33351,82.0,150.0,0.98512,0.72
corpus:030-berba-pt-911@54.648,space,corpus,54.648,16.64088,4273.09324,3851.05399,4.55595,0.00117,0.03652,0.0507,0.0754,0.72059,0.11562,138.0,244.0,0.95629,0.682
corpus:030-berba-pt-911@9.776,clap,corpus,9.776,19.64296,1640.43593,1632.3466,1.19879,0.00653,0.08544,0.0086,0.78203,0.11739,1e-05,36.0,176.0,0.74302,0.675
corpus:030-berba-pt-911@8.173,clap,corpus,8.173,17.9875,1734.64434,1746.07926,1.3853,0.00643,0.05545,0.00969,0.76779,0.16063,1e-05,50.0,194.0,0.75151,0.671
corpus:030-berba-pt-911@12.957,clap,corpus,12.957,17.92265,1719.17877,1547.60809,1.99438,0.01352,0.08847,0.00745,0.84446,0.04607,2e-05,64.0,186.0,0.58159,0.614
corpus:030-berba-pt-911@11.355,clap,corpus,11.355,18.90442,1640.88957,1673.34707,1.29225,0.01331,0.093,0.01416,0.7453,0.1342,1e-05,48.0,192.0,0.69274,0.61
corpus:031-stromtod-bootstrap@60.035,kick,corpus,60.035,14.20846,819.72143,742.93282,1.79095,0.61394,0.31221,0.03212,0.04078,0.00093,2e-05,48.0,208.0,0.11907,0.938
corpus:031-stromtod-bootstrap@60.929,kick,corpus,60.929,14.7105,1039.69323,1020.30555,1.1579,0.58762,0.29783,0.03216,0.08027,0.00204,8e-05,46.0,208.0,0.11139,0.909
corpus:031-stromtod-bootstrap@28.352,hook,corpus,28.352,22.30899,1966.83139,1966.83139,-8.66628,7e-05,0.0001,0.00637,0.5121,0.48045,0.00091,4.0,42.0,0.00129,0.903
corpus:031-stromtod-bootstrap@20.735,hook,corpus,20.735,17.69973,4339.39189,4347.57924,0.67316,0.00177,0.00961,0.02793,0.3417,0.28898,0.33,48.0,104.0,0.03518,0.9
corpus:031-stromtod-bootstrap@21.85,hook,corpus,21.85,17.148,4171.93726,4228.24849,-5.0612,0.00161,0.0032,0.00181,0.46062,0.16127,0.3715,56.0,116.0,0.08375,0.894
corpus:031-stromtod-bootstrap@4.841,hook,corpus,4.841,17.36294,4730.12181,4743.97995,-0.61475,5e-05,0.00013,0.01395,0.36851,0.20714,0.41022,60.0,104.0,0.05831,0.891
corpus:031-stromtod-bootstrap@59.141,kick,corpus,59.141,14.26723,734.37165,937.09621,-0.30295,0.51179,0.37172,0.05601,0.05406,0.00641,2e-05,38.0,174.0,0.26795,0.89
corpus:031-stromtod-bootstrap@33.948,hook,corpus,33.948,22.80252,2161.57237,2161.57237,-6.65356,4e-05,8e-05,0.00204,0.48733,0.50938,0.00112,4.0,16.0,0.00183,0.885
corpus:031-stromtod-bootstrap@14.245,hook,corpus,14.245,20.14225,4239.08568,4449.88391,-8.28745,0.02429,0.05674,0.01978,0.31395,0.25442,0.33082,42.0,104.0,0.07246,0.883
corpus:031-stromtod-bootstrap@3.379,hook,corpus,3.379,18.88963,4601.53368,4577.53117,5.4842,7e-05,0.00084,0.01452,0.36677,0.18562,0.43218,54.0,104.0,0.0815,0.881
corpus:031-stromtod-bootstrap@27.446,hook,corpus,27.446,23.50777,2115.89501,2146.34819,-5.37274,4e-05,4e-05,0.00362,0.52495,0.47002,0.00134,4.0,42.0,0.00233,0.879
corpus:031-stromtod-bootstrap@62.729,kick,corpus,62.729,14.6718,1030.16644,1199.84342,-3.3432,0.49899,0.35926,0.05875,0.0791,0.0033,0.00061,56.0,196.0,0.15832,0.876
corpus:031-stromtod-bootstrap@22.86,clap,corpus,22.86,17.43982,4620.89233,4620.89233,34.23136,0.00023,0.001,0.01651,0.70999,0.07271,0.19955,36.0,80.0,0.01489,0.841
corpus:031-stromtod-bootstrap@23.382,clap,corpus,23.382,20.91149,3218.82254,2938.64069,8.5006,0.00023,0.00061,0.06804,0.61963,0.28459,0.0269,32.0,138.0,0.97018,0.805
corpus:031-stromtod-bootstrap@1.37,space,corpus,1.37,11.55869,5237.79876,5237.79876,33.63392,0.27717,0.22826,0.04577,0.01882,0.08606,0.34391,4.0,68.0,0.01815,0.801
corpus:031-stromtod-bootstrap@22.036,clap,corpus,22.036,23.09842,4110.13113,3751.52614,15.96813,0.00035,0.00101,0.00974,0.59462,0.28307,0.11122,34.0,128.0,0.98929,0.787
corpus:031-stromtod-bootstrap@42.632,clap,corpus,42.632,26.20991,1678.14639,1973.98013,-0.7227,0.0,2e-05,0.01814,0.7629,0.21835,0.00058,28.0,136.0,0.99866,0.783
corpus:031-stromtod-bootstrap@27.864,clap,corpus,27.864,18.36995,2502.07252,2486.77356,1.08191,3e-05,2e-05,0.00115,0.89357,0.09722,0.00801,28.0,138.0,0.73856,0.777
corpus:031-stromtod-bootstrap@42.969,clap,corpus,42.969,23.96715,1814.58334,2060.73417,-0.4591,2e-05,5e-05,0.09661,0.71932,0.18357,0.00043,70.0,140.0,0.99885,0.764
corpus:031-stromtod-bootstrap@0.697,space,corpus,0.697,10.65681,3683.06536,3100.05323,7.61358,0.23219,0.58776,0.08382,0.03215,0.04294,0.02114,142.0,336.0,0.90227,0.758
corpus:031-stromtod-bootstrap@34.238,clap,corpus,34.238,28.08422,2110.03792,2163.4923,0.73293,5e-05,7e-05,0.01596,0.5909,0.39195,0.00107,6.0,32.0,0.99776,0.756
corpus:031-stromtod-bootstrap@45.302,clap,corpus,45.302,27.28832,1803.64169,2087.26808,-0.3191,3e-05,0.00024,0.01119,0.7015,0.28642,0.00062,26.0,146.0,0.99935,0.754
corpus:031-stromtod-bootstrap@9.102,kick,corpus,9.102,11.07595,2983.17733,2983.17733,-16.97814,0.36545,0.44968,0.00715,0.07485,0.06022,0.04265,92.0,92.0,0.51801,0.732
corpus:031-stromtod-bootstrap@10.658,kick,corpus,10.658,10.76542,3479.80291,3479.80291,-5.34547,0.32674,0.53261,0.00469,0.02065,0.0423,0.07301,52.0,92.0,0.28659,0.695
corpus:031-stromtod-bootstrap@11.111,kick,corpus,11.111,12.2677,4064.19314,4064.19314,-18.14725,0.30998,0.44622,0.02119,0.01554,0.06383,0.14325,44.0,92.0,0.24433,0.652
corpus:031-stromtod-bootstrap@8.754,kick,corpus,8.754,11.2147,3788.32027,3834.486,-18.33608,0.22386,0.64137,0.00904,0.00438,0.03502,0.08633,104.0,104.0,0.4336,0.622
corpus:031-stromtod-bootstrap@4.69,hat,corpus,4.69,17.8545,5482.43918,5567.67412,1.12362,5e-05,6e-05,0.00155,0.0328,0.25389,0.71165,50.0,150.0,0.97144,0.615
corpus:032-ayako-mori-inquieto-ayako-mori-your-will-inquieto-remix@17.752,hook,corpus,17.752,17.7735,3412.81204,3412.81204,-9.15238,0.00014,0.00012,0.11493,0.50655,0.3318,0.04647,22.0,68.0,0.01813,0.9
corpus:032-ayako-mori-inquieto-ayako-mori-your-will-inquieto-remix@56.343,hook,corpus,56.343,14.66453,4799.40202,4799.40202,-1.51044,1e-05,7e-05,0.00117,0.35212,0.26299,0.38363,44.0,92.0,0.03185,0.897
corpus:032-ayako-mori-inquieto-ayako-mori-your-will-inquieto-remix@56.436,hook,corpus,56.436,14.5727,3356.29979,3476.75571,-14.27296,1e-05,5e-05,0.01632,0.69193,0.12614,0.16555,58.0,104.0,0.14425,0.893
corpus:032-ayako-mori-inquieto-ayako-mori-your-will-inquieto-remix@55.159,hook,corpus,55.159,14.37789,4916.24331,4916.24331,-2.78,6e-05,8e-05,0.00145,0.25092,0.31014,0.43735,54.0,80.0,0.05255,0.879
corpus:032-ayako-mori-inquieto-ayako-mori-your-will-inquieto-remix@57.133,hook,corpus,57.133,14.88215,4221.58477,4306.01719,-3.534,4e-05,0.00017,0.01033,0.55154,0.18034,0.25758,62.0,104.0,0.10921,0.877
corpus:032-ayako-mori-inquieto-ayako-mori-your-will-inquieto-remix@56.134,hook,corpus,56.134,17.10231,4372.33164,4422.61177,0.62488,6e-05,0.0001,0.00181,0.45975,0.17088,0.36741,46.0,104.0,0.13691,0.871
corpus:032-ayako-mori-inquieto-ayako-mori-your-will-inquieto-remix@56.633,hook,corpus,56.633,14.63042,4512.46387,4557.4157,-4.88393,1e-05,8e-05,0.00124,0.37078,0.2667,0.36118,104.0,104.0,0.168,0.866
corpus:032-ayako-mori-inquieto-ayako-mori-your-will-inquieto-remix@54.857,hook,corpus,54.857,15.87041,4750.23915,4595.43574,-0.98567,7e-05,0.00038,0.00378,0.22687,0.34565,0.42326,48.0,116.0,0.14192,0.862
corpus:032-ayako-mori-inquieto-ayako-mori-your-will-inquieto-remix@0.778,kick,corpus,0.778,8.038,1444.7989,1444.7989,-13.16486,0.23893,0.60805,0.1364,0.0079,0.00821,0.00051,92.0,92.0,0.45794,0.79
corpus:032-ayako-mori-inquieto-ayako-mori-your-will-inquieto-remix@3.924,kick,corpus,3.924,8.36632,1679.91523,1857.20253,-15.50199,0.20409,0.6555,0.12389,0.00824,0.00753,0.00076,116.0,116.0,0.57083,0.739
corpus:032-ayako-mori-inquieto-ayako-mori-your-will-inquieto-remix@4.04,kick,corpus,4.04,7.20928,1954.24386,1954.24386,2.20542,0.24007,0.74517,0.0103,0.00142,0.00179,0.00126,12.0,92.0,0.41495,0.67
corpus:032-ayako-mori-inquieto-ayako-mori-your-will-inquieto-remix@18.17,clap,corpus,18.17,17.12192,3085.37811,3085.37811,23.5714,0.00081,0.00258,0.42083,0.46782,0.09029,0.01767,24.0,46.0,0.0,0.636
corpus:032-ayako-mori-inquieto-ayako-mori-your-will-inquieto-remix@21.455,clap,corpus,21.455,14.61463,3211.00852,2490.71247,8.20869,5e-05,0.00019,0.05287,0.69444,0.19202,0.06044,32.0,256.0,0.59358,0.624
corpus:032-ayako-mori-inquieto-ayako-mori-your-will-inquieto-remix@7.21,kick,corpus,7.21,8.80902,2717.86311,2717.86311,2.39784,0.20402,0.75255,0.02805,0.00643,0.00546,0.0035,80.0,80.0,0.22481,0.616
corpus:032-ayako-mori-inquieto-ayako-mori-your-will-inquieto-remix@13.026,clap,corpus,13.026,22.10496,4674.69944,3373.60934,25.36287,8e-05,0.00012,0.17167,0.37787,0.43198,0.01828,28.0,60.0,0.02984,0.607
corpus:032-ayako-mori-inquieto-ayako-mori-your-will-inquieto-remix@27.191,clap,corpus,27.191,25.08628,4208.53013,3542.45858,3.31762,0.00083,0.00035,0.21041,0.39827,0.38777,0.00237,18.0,52.0,0.99115,0.606
corpus:033-vislumbres-composici-n@14.071,space,corpus,14.071,11.153,4181.35047,4105.43703,29.62691,0.52168,0.23585,0.04373,0.005,0.09053,0.10321,104.0,104.0,0.4128,0.901
corpus:033-vislumbres-composici-n@48.506,space,corpus,48.506,18.0582,4351.53617,4542.26603,0.31436,0.09787,0.346,0.25364,0.0052,0.23442,0.06287,24.0,372.0,0.95031,0.83
corpus:033-vislumbres-composici-n@15.94,space,corpus,15.94,14.03755,4273.35205,4692.63044,2.21321,0.03317,0.68641,0.0462,0.04275,0.11142,0.08005,34.0,348.0,0.9161,0.82
corpus:033-vislumbres-composici-n@14.176,space,corpus,14.176,12.41679,3922.07031,4967.26968,-2.35572,0.01234,0.69053,0.17761,0.00778,0.04959,0.06216,48.0,400.0,0.91542,0.804
corpus:033-vislumbres-composici-n@29.826,hook,corpus,29.826,20.46517,2991.54252,2241.56471,3.27843,0.00136,0.01385,0.41247,0.43758,0.13281,0.00193,72.0,400.0,0.29023,0.77
corpus:033-vislumbres-composici-n@30.848,clap,corpus,30.848,17.85104,1683.19402,1488.28317,3.30806,0.00015,0.02731,0.15011,0.81246,0.00979,0.00019,66.0,298.0,0.85943,0.735
corpus:033-vislumbres-composici-n@31.451,clap,corpus,31.451,18.05407,3262.4519,2104.89418,4.4524,0.00049,0.01273,0.07301,0.6561,0.25623,0.00144,106.0,262.0,0.97139,0.732
corpus:033-vislumbres-composici-n@18.483,hook,corpus,18.483,17.43912,4208.75252,4668.15816,-5.04957,0.00645,0.30518,0.0507,0.1276,0.30538,0.20469,70.0,208.0,0.38189,0.722
corpus:033-vislumbres-composici-n@12.504,hook,corpus,12.504,14.68002,4887.43582,4887.43582,-10.65073,0.00584,0.24633,0.27701,0.03755,0.18256,0.25072,92.0,92.0,0.29943,0.708
corpus:033-vislumbres-composici-n@10.31,hook,corpus,10.31,16.73375,4118.35496,4378.28294,-0.8368,0.01454,0.3933,0.19935,0.08751,0.17599,0.12932,108.0,208.0,0.24943,0.687
corpus:033-vislumbres-composici-n@13.433,kick,corpus,13.433,10.50892,2150.22331,2099.31305,-3.22966,0.23113,0.54837,0.20938,0.00365,0.00449,0.00299,116.0,116.0,0.53034,0.672
corpus:033-vislumbres-composici-n@48.205,hook,corpus,48.205,19.63489,4226.99844,5072.45948,-6.17912,0.06713,0.13842,0.25858,0.01752,0.22091,0.29745,92.0,240.0,0.28251,0.671
corpus:033-vislumbres-composici-n@32.334,hook,corpus,32.334,19.30893,3501.97818,3284.52879,2.19003,0.00049,0.01572,0.07264,0.17059,0.73458,0.00599,78.0,198.0,0.24047,0.666
corpus:033-vislumbres-composici-n@17.868,hook,corpus,17.868,13.96006,4232.70681,4319.4784,-9.50151,0.00897,0.47531,0.16221,0.05641,0.16628,0.13082,116.0,116.0,0.36421,0.657
corpus:033-vislumbres-composici-n@12.934,hook,corpus,12.934,15.19954,4356.4121,4359.16081,8.72897,0.00099,0.04352,0.03545,0.17263,0.61617,0.13124,104.0,104.0,0.20025,0.624
corpus:035-p-t-b-s-sascha-m-ller-buschlecke@54.021,kick,corpus,54.021,8.92494,1770.183,1770.183,-23.13588,0.63032,0.33814,0.01834,0.00323,0.00876,0.0012,92.0,92.0,0.4503,0.963
corpus:035-p-t-b-s-sascha-m-ller-buschlecke@54.114,kick,corpus,54.114,9.19065,1828.54819,1828.54819,-4.33729,0.62502,0.34747,0.00861,0.0014,0.01677,0.00072,80.0,80.0,0.27019,0.95
corpus:035-p-t-b-s-sascha-m-ller-buschlecke@53.719,kick,corpus,53.719,7.51839,1550.82598,1699.91731,-17.72733,0.57874,0.39978,0.00985,0.00548,0.0055,0.00065,116.0,116.0,0.56645,0.94
corpus:035-p-t-b-s-sascha-m-ller-buschlecke@53.638,kick,corpus,53.638,8.75867,1710.01225,1710.01225,-5.58811,0.56708,0.4076,0.01572,0.00418,0.00476,0.00065,80.0,80.0,0.36101,0.934
corpus:035-p-t-b-s-sascha-m-ller-buschlecke@54.195,kick,corpus,54.195,7.38948,1635.01892,1444.73932,3.61797,0.42176,0.55365,0.01464,0.00299,0.00634,0.00061,104.0,104.0,0.36019,0.833
corpus:035-p-t-b-s-sascha-m-ller-buschlecke@53.835,kick,corpus,53.835,10.62317,2080.27053,2080.27053,-16.03141,0.26894,0.65092,0.03225,0.00368,0.04042,0.0038,50.0,80.0,0.35638,0.809
corpus:035-p-t-b-s-sascha-m-ller-buschlecke@6.246,hook,corpus,6.246,21.16478,2638.38408,3110.66323,-1.73298,0.0003,0.00079,0.00345,0.18954,0.80016,0.00575,26.0,200.0,0.16236,0.757
corpus:035-p-t-b-s-sascha-m-ller-buschlecke@42.771,space,corpus,42.771,16.35264,3672.24022,3741.1444,1.64526,0.43646,0.40843,0.03085,0.01298,0.07879,0.03248,400.0,400.0,0.86713,0.677
corpus:035-p-t-b-s-sascha-m-ller-buschlecke@51.548,space,corpus,51.548,15.88934,4037.23872,3688.06409,2.79557,0.40632,0.39407,0.03179,0.01246,0.09591,0.05945,394.0,394.0,0.83177,0.676
corpus:035-p-t-b-s-sascha-m-ller-buschlecke@40.403,space,corpus,40.403,15.87685,3634.59037,3579.25856,2.42463,0.43219,0.41416,0.02979,0.01074,0.08116,0.03195,78.0,400.0,0.86338,0.669
corpus:035-p-t-b-s-sascha-m-ller-buschlecke@31.649,space,corpus,31.649,14.40376,3526.83521,3435.27067,2.29976,0.44179,0.42488,0.03743,0.00784,0.05912,0.02894,400.0,400.0,0.88119,0.641
corpus:035-p-t-b-s-sascha-m-ller-buschlecke@15.383,hook,corpus,15.383,18.48453,4168.84116,4378.53528,-1.47937,1e-05,3e-05,0.00162,0.42119,0.3536,0.22355,254.0,400.0,0.64324,0.639
corpus:036-pakistand-techno-force-creed@23.185,space,corpus,23.185,11.35044,4993.59933,5372.37074,2.09558,0.15947,0.49915,0.04878,0.02659,0.07195,0.19406,400.0,400.0,0.93475,0.854
corpus:036-pakistand-techno-force-creed@26.61,space,corpus,26.61,10.9996,5004.98664,5290.19988,2.50681,0.15827,0.49811,0.04932,0.02655,0.06745,0.2003,282.0,400.0,0.94611,0.854
corpus:036-pakistand-techno-force-creed@31.753,space,corpus,31.753,10.64926,5066.65515,5263.67438,3.27718,0.15366,0.48575,0.06097,0.01919,0.07049,0.20994,400.0,400.0,0.91776,0.852
corpus:036-pakistand-techno-force-creed@16.324,space,corpus,16.324,10.65513,4840.44575,5009.58551,3.19495,0.16382,0.51038,0.05138,0.02485,0.06066,0.18891,272.0,400.0,0.94767,0.85
corpus:036-pakistand-techno-force-creed@3.936,hook,corpus,3.936,14.09947,6078.31191,6078.31191,4.33915,0.00022,0.00197,0.01511,0.06915,0.36232,0.55124,76.0,80.0,0.08522,0.815
corpus:036-pakistand-techno-force-creed@7.361,hook,corpus,7.361,15.40454,5996.32783,5996.32783,6.96881,0.00114,0.00206,0.02833,0.06897,0.39191,0.50758,70.0,80.0,0.08904,0.809
corpus:036-pakistand-techno-force-creed@17.578,hook,corpus,17.578,9.59016,6954.20773,6954.20773,22.46971,0.02084,0.01548,0.00093,0.00211,0.12547,0.83517,34.0,34.0,0.0,0.751
corpus:036-pakistand-techno-force-creed@7.872,hook,corpus,7.872,12.6604,5279.76243,5279.76243,-11.35655,0.0003,0.00515,0.02316,0.12281,0.43906,0.40952,92.0,92.0,0.29286,0.736
corpus:036-pakistand-techno-force-creed@21.862,hook,corpus,21.862,8.50831,6521.43825,6521.43825,1.56361,0.03094,0.01677,0.00105,0.01036,0.14555,0.79532,34.0,34.0,0.0,0.729
corpus:036-pakistand-techno-force-creed@3.251,hat,corpus,3.251,14.11581,6169.2058,6574.87298,-5.79674,0.00021,0.00102,0.00586,0.04722,0.2313,0.71439,166.0,244.0,0.81738,0.719
corpus:036-pakistand-techno-force-creed@11.575,hook,corpus,11.575,9.02625,6468.32188,6468.32188,-1.05637,0.03247,0.01625,0.00072,0.01085,0.16233,0.77739,46.0,46.0,0.0,0.717
corpus:036-pakistand-techno-force-creed@17.101,hook,corpus,17.101,12.1647,5605.12474,5605.12474,-8.60889,0.13642,0.16326,0.00509,0.0735,0.09426,0.52747,80.0,80.0,0.10166,0.697
corpus:036-pakistand-techno-force-creed@15.0,hook,corpus,15.0,9.38853,6370.45982,6370.45982,-4.16725,0.03381,0.01884,0.00082,0.01273,0.17007,0.76373,58.0,58.0,0.01914,0.689
corpus:036-pakistand-techno-force-creed@1.962,hat,corpus,1.962,16.92459,5633.81745,5836.42747,-2.42032,0.00507,0.01192,0.00681,0.06194,0.21154,0.70271,148.0,360.0,0.90751,0.677
corpus:036-pakistand-techno-force-creed@4.098,hat,corpus,4.098,14.0907,6056.04938,6320.7124,-4.48619,9e-05,0.00077,0.00489,0.06099,0.22838,0.70487,188.0,232.0,0.78685,0.674
corpus:036-pakistand-techno-force-creed@35.387,hat,corpus,35.387,14.21051,6387.81058,6374.41679,2.9478,0.00016,0.00024,0.00031,0.03364,0.14076,0.82489,186.0,186.0,0.80957,0.672
corpus:036-pakistand-techno-force-creed@14.721,kick,corpus,14.721,8.33439,3457.55492,3701.60524,-14.50746,0.24223,0.67278,0.0136,0.01701,0.02568,0.0287,116.0,116.0,0.5022,0.651
corpus:036-pakistand-techno-force-creed@34.876,hat,corpus,34.876,11.92207,6677.07866,6738.68204,-4.00904,6e-05,8e-05,0.00016,0.01733,0.14172,0.84065,66.0,104.0,0.5035,0.645
corpus:036-pakistand-techno-force-creed@0.58,hat,corpus,0.58,11.11316,6801.57091,6801.99217,1.02932,2e-05,0.00044,0.00142,0.01564,0.13726,0.84521,104.0,104.0,0.58759,0.631
corpus:036-pakistand-techno-force-creed@34.981,hat,corpus,34.981,13.41248,6433.01599,6624.93691,-1.6387,0.0002,0.00046,0.00111,0.04858,0.13314,0.81652,208.0,208.0,0.56063,0.631
corpus:036-pakistand-techno-force-creed@5.422,hat,corpus,5.422,15.0599,5644.08211,6260.08807,-5.98065,0.00548,0.01332,0.00779,0.06984,0.22065,0.68292,302.0,324.0,0.67461,0.63
corpus:036-pakistand-techno-force-creed@7.442,hat,corpus,7.442,10.97392,6740.04174,6774.73047,-0.81093,4e-05,0.00038,0.00168,0.01681,0.14101,0.84008,104.0,104.0,0.54954,0.63
corpus:036-pakistand-techno-force-creed@3.704,hat,corpus,3.704,15.28846,6346.35237,6390.19163,0.4043,0.0001,0.00069,0.00535,0.03109,0.21193,0.75084,232.0,232.0,0.77691,0.629
corpus:036-pakistand-techno-force-creed@0.255,hat,corpus,0.255,15.97452,6198.87649,6043.16191,1.03019,0.00014,0.00077,0.00594,0.03635,0.21411,0.74268,106.0,324.0,0.81038,0.617
corpus:036-pakistand-techno-force-creed@6.699,hat,corpus,6.699,12.78384,6182.15374,6432.0515,-3.97127,0.00014,0.00079,0.006,0.05443,0.21537,0.72326,186.0,186.0,0.63192,0.609
corpus:037-brutal-rave-bastards-nuke-vol-18@24.172,hook,corpus,24.172,14.26621,5495.26191,5495.26191,5.93118,0.00967,0.00842,0.00763,0.14547,0.40497,0.42384,80.0,80.0,0.06053,0.844
corpus:037-brutal-rave-bastards-nuke-vol-18@52.802,hat,corpus,52.802,16.65533,5698.1563,5782.80672,-3.03664,0.0029,3e-05,3e-05,0.00218,0.14599,0.84886,102.0,400.0,0.99797,0.824
corpus:037-brutal-rave-bastards-nuke-vol-18@52.001,hat,corpus,52.001,16.78066,5932.89675,5829.5118,-1.07786,0.00221,2e-05,3e-05,0.00197,0.13878,0.85699,98.0,394.0,0.99835,0.804
corpus:037-brutal-rave-bastards-nuke-vol-18@50.399,hat,corpus,50.399,16.56567,5923.73463,5791.36738,-1.19795,0.00223,2e-05,3e-05,0.00252,0.14242,0.85279,112.0,400.0,0.99843,0.802
corpus:037-brutal-rave-bastards-nuke-vol-18@51.606,hat,corpus,51.606,16.92033,5866.44439,5792.46826,-1.59292,0.00251,2e-05,2e-05,0.01208,0.15137,0.834,102.0,394.0,0.99807,0.795
corpus:037-brutal-rave-bastards-nuke-vol-18@52.396,hat,corpus,52.396,16.31229,5942.28733,5808.99778,-1.14882,0.00393,3e-05,5e-05,0.00361,0.16095,0.83144,136.0,400.0,0.99738,0.785
corpus:037-brutal-rave-bastards-nuke-vol-18@22.965,space,corpus,22.965,9.73167,3943.60503,4613.67896,-0.29716,0.139,0.54586,0.05619,0.06733,0.07848,0.11315,400.0,400.0,0.94393,0.78
corpus:037-brutal-rave-bastards-nuke-vol-18@25.449,space,corpus,25.449,9.94001,4109.12681,3438.12436,6.85457,0.14899,0.54584,0.06444,0.08594,0.06429,0.0905,268.0,400.0,0.91924,0.779
corpus:037-brutal-rave-bastards-nuke-vol-18@23.824,space,corpus,23.824,9.18802,3978.02001,4331.79495,0.90021,0.14444,0.54896,0.0637,0.08613,0.0651,0.09167,348.0,348.0,0.98069,0.775
corpus:037-brutal-rave-bastards-nuke-vol-18@25.054,space,corpus,25.054,9.55049,4477.79679,3603.93957,6.60026,0.11509,0.4903,0.03322,0.0665,0.13302,0.16188,268.0,394.0,0.9545,0.76
corpus:037-brutal-rave-bastards-nuke-vol-18@26.053,hook,corpus,26.053,12.6632,5755.19234,5711.98773,8.21046,0.00062,3e-05,0.00597,0.1099,0.15494,0.72853,116.0,116.0,0.21767,0.745
corpus:037-brutal-rave-bastards-nuke-vol-18@28.967,hook,corpus,28.967,13.16511,5076.10005,5076.10005,13.13942,0.00288,0.00016,0.02324,0.2357,0.38291,0.35511,80.0,80.0,0.18132,0.713
corpus:037-brutal-rave-bastards-nuke-vol-18@59.629,hat,corpus,59.629,16.9975,5579.08594,6109.05448,-5.5766,0.00186,0.00022,5e-05,0.00071,0.18844,0.80873,114.0,400.0,0.57175,0.671
corpus:037-brutal-rave-bastards-nuke-vol-18@27.643,hook,corpus,27.643,11.73543,5750.91262,5713.11821,5.96516,0.0006,2e-05,0.00295,0.09067,0.17696,0.72879,104.0,104.0,0.33137,0.668
corpus:037-brutal-rave-bastards-nuke-vol-18@51.235,hat,corpus,51.235,15.45975,5955.30632,6292.60771,-3.50887,0.00269,3e-05,4e-05,0.00191,0.14934,0.846,116.0,372.0,0.53652,0.663
corpus:037-brutal-rave-bastards-nuke-vol-18@26.401,hat,corpus,26.401,16.32291,6310.06029,5984.20502,1.54601,0.00173,4e-05,0.00454,0.05371,0.18869,0.75128,130.0,400.0,0.98066,0.658
corpus:037-brutal-rave-bastards-nuke-vol-18@57.585,hat,corpus,57.585,15.79425,5966.59768,5268.92512,4.90316,0.00177,0.0001,8e-05,0.00121,0.17989,0.81696,134.0,290.0,0.99854,0.648
corpus:037-brutal-rave-bastards-nuke-vol-18@27.249,hook,corpus,27.249,10.96328,6153.2418,6046.56304,13.97506,0.00069,3e-05,0.0002,0.03298,0.1678,0.7983,116.0,116.0,0.33418,0.637
corpus:037-brutal-rave-bastards-nuke-vol-18@60.43,hat,corpus,60.43,16.69215,5422.19229,5947.51143,-6.55371,0.00233,0.00026,6e-05,0.0007,0.2849,0.71175,146.0,400.0,0.62266,0.621
corpus:037-brutal-rave-bastards-nuke-vol-18@60.035,hat,corpus,60.035,16.35134,5307.51562,6220.16918,-6.919,0.00195,0.00019,7e-05,0.00467,0.18633,0.80679,92.0,290.0,0.45074,0.614
corpus:037-brutal-rave-bastards-nuke-vol-18@40.972,hook,corpus,40.972,8.56328,3054.54668,3054.54668,-19.5299,0.12271,0.47043,0.11138,0.1988,0.07108,0.0256,80.0,80.0,0.42803,0.611
corpus:037-brutal-rave-bastards-nuke-vol-18@8.975,kick,corpus,8.975,8.62593,3018.93321,3018.93321,-15.26141,0.16593,0.65699,0.09104,0.01708,0.045,0.02396,80.0,80.0,0.61098,0.609
corpus:037-brutal-rave-bastards-nuke-vol-18@16.974,kick,corpus,16.974,7.9901,4033.02759,4033.02759,-24.17922,0.21589,0.57028,0.07023,0.0156,0.04934,0.07866,80.0,80.0,0.45063,0.607
corpus:037-brutal-rave-bastards-nuke-vol-18@50.84,hat,corpus,50.84,16.5803,5939.27484,6329.19203,-3.35302,0.004,3e-05,4e-05,0.00331,0.16071,0.83191,120.0,394.0,0.4526,0.605
corpus:037-brutal-rave-bastards-nuke-vol-18@6.571,kick,corpus,6.571,7.93002,2820.68842,2820.68842,-8.92307,0.19691,0.62841,0.08135,0.03178,0.0387,0.02285,80.0,80.0,0.54466,0.6
corpus:038-void-r-gestohlene-zeit@30.186,kick,corpus,30.186,5.34321,1920.58074,1920.58074,-15.78675,0.53449,0.4427,0.0096,0.00976,0.00259,0.00087,68.0,68.0,0.23384,0.943
corpus:038-void-r-gestohlene-zeit@41.262,kick,corpus,41.262,5.43338,1834.93294,1834.93294,-16.56259,0.57596,0.38069,0.01622,0.02248,0.00359,0.00107,92.0,92.0,0.43924,0.942
corpus:038-void-r-gestohlene-zeit@33.878,kick,corpus,33.878,5.27083,2482.06812,2482.06812,-5.27425,0.51358,0.46452,0.012,0.00522,0.00294,0.00174,58.0,58.0,0.09501,0.92
corpus:038-void-r-gestohlene-zeit@11.749,kick,corpus,11.749,6.91514,2721.71147,2721.71147,-6.23204,0.57138,0.35679,0.02443,0.03638,0.00626,0.00476,80.0,80.0,0.37533,0.9
corpus:038-void-r-gestohlene-zeit@22.79,hook,corpus,22.79,14.19041,3001.26385,3001.26385,-13.18926,0.01051,0.0359,0.30568,0.56732,0.06902,0.01157,80.0,80.0,0.2476,0.856
corpus:038-void-r-gestohlene-zeit@15.418,kick,corpus,15.418,7.63563,2437.23787,2437.23787,0.69504,0.51342,0.39012,0.02918,0.0511,0.01117,0.005,68.0,68.0,0.27931,0.853
corpus:038-void-r-gestohlene-zeit@37.57,kick,corpus,37.57,7.48375,2422.15205,2422.15205,1.21446,0.47416,0.44104,0.0164,0.0536,0.01159,0.0032,68.0,68.0,0.17242,0.842
corpus:038-void-r-gestohlene-zeit@52.338,hook,corpus,52.338,13.37168,2874.63773,2874.63773,-1.29462,0.11615,0.20257,0.14994,0.45196,0.06849,0.01088,68.0,68.0,0.17908,0.803
corpus:038-void-r-gestohlene-zeit@51.061,space,corpus,51.061,12.73842,4441.60713,4393.15266,2.28082,0.25468,0.44058,0.00987,0.04542,0.17591,0.07353,114.0,400.0,0.80707,0.785
corpus:038-void-r-gestohlene-zeit@8.034,kick,corpus,8.034,7.71769,2326.03501,2326.03501,6.79033,0.5361,0.37216,0.02682,0.05023,0.01166,0.00304,92.0,92.0,0.40302,0.746
corpus:038-void-r-gestohlene-zeit@54.277,kick,corpus,54.277,9.51851,2336.80134,2336.73883,-0.61286,0.36854,0.50435,0.05,0.05175,0.01989,0.00547,60.0,174.0,0.48252,0.686
corpus:038-void-r-gestohlene-zeit@49.424,hook,corpus,49.424,9.80346,2998.33984,2998.33984,-9.65564,0.0519,0.17878,0.55403,0.16679,0.03169,0.0168,68.0,68.0,0.27719,0.684
corpus:038-void-r-gestohlene-zeit@23.127,hook,corpus,23.127,14.26083,3387.74506,3592.94963,-2.81768,0.11764,0.11854,0.02747,0.3731,0.30307,0.06018,232.0,232.0,0.50592,0.682
corpus:038-void-r-gestohlene-zeit@3.483,kick,corpus,3.483,8.38906,2465.95592,2339.46484,-0.2813,0.48159,0.46173,0.02242,0.01594,0.01293,0.00538,266.0,266.0,0.62357,0.679
corpus:038-void-r-gestohlene-zeit@20.352,space,corpus,20.352,10.14056,3244.8331,2875.48011,4.75253,0.35539,0.42529,0.08138,0.06245,0.05878,0.01671,88.0,400.0,0.84006,0.641
corpus:038-void-r-gestohlene-zeit@19.075,kick,corpus,19.075,6.73568,2409.78902,2388.65824,3.38156,0.5195,0.4241,0.01537,0.03056,0.0073,0.00316,138.0,138.0,0.61631,0.637
corpus:038-void-r-gestohlene-zeit@12.968,space,corpus,12.968,10.19232,3178.31996,2791.00515,4.43785,0.34554,0.43485,0.07613,0.06695,0.05966,0.01687,88.0,400.0,0.84727,0.624
corpus:038-void-r-gestohlene-zeit@29.118,kick,corpus,29.118,7.33275,1515.71828,2442.25021,-11.5462,0.33694,0.49794,0.11506,0.04248,0.00473,0.00284,232.0,232.0,0.84608,0.614
corpus:038-void-r-gestohlene-zeit@50.828,hook,corpus,50.828,13.5059,3448.32726,3637.56726,-2.05329,0.1562,0.19758,0.01261,0.30462,0.27347,0.05552,232.0,232.0,0.52406,0.611
corpus:038-void-r-gestohlene-zeit@22.21,hook,corpus,22.21,13.83699,3380.49074,3366.93216,0.17056,0.14488,0.19115,0.03921,0.32419,0.25044,0.05012,232.0,232.0,0.51573,0.609
corpus:038-void-r-gestohlene-zeit@8.336,space,corpus,8.336,9.85534,3023.9009,2939.09439,2.90924,0.36397,0.41142,0.08091,0.0653,0.06187,0.01653,108.0,400.0,0.85456,0.608
corpus:038-void-r-gestohlene-zeit@24.056,hook,corpus,24.056,15.56455,3483.49327,3453.18905,1.23424,0.09831,0.09251,0.03244,0.37689,0.329,0.07084,244.0,244.0,0.54377,0.608
corpus:038-void-r-gestohlene-zeit@44.095,kick,corpus,44.095,10.47122,3226.28405,3214.85012,-1.37259,0.40283,0.50803,0.01681,0.0099,0.04335,0.01907,94.0,256.0,0.57754,0.602
corpus:042-user78954441235-cosmic-function@59.025,hook,corpus,59.025,13.66151,1366.32096,1366.32096,-18.08899,0.00123,0.01058,0.39152,0.49857,0.09542,0.00267,30.0,58.0,0.00023,0.93
corpus:042-user78954441235-cosmic-function@60.86,hook,corpus,60.86,14.54299,1742.98576,1742.98576,-18.09475,0.00124,0.01099,0.39616,0.48812,0.10067,0.00282,26.0,68.0,0.00186,0.928
corpus:042-user78954441235-cosmic-function@47.938,hook,corpus,47.938,14.2897,1682.01723,1682.01723,-16.78485,0.00111,0.01087,0.39908,0.4961,0.08992,0.00291,30.0,48.0,0.00144,0.927
corpus:042-user78954441235-cosmic-function@55.322,hook,corpus,55.322,14.84427,1696.38623,1696.38623,-20.10807,0.0012,0.01093,0.39987,0.48263,0.10241,0.00296,32.0,68.0,0.00128,0.927
corpus:042-user78954441235-cosmic-function@42.156,kick,corpus,42.156,10.12721,2188.62036,2096.54696,-11.72188,0.55349,0.29297,0.07251,0.04575,0.02647,0.00882,58.0,104.0,0.08263,0.925
corpus:042-user78954441235-cosmic-function@53.476,hook,corpus,53.476,14.17846,1774.20021,1774.20021,-11.96521,0.00122,0.01072,0.39724,0.49493,0.093,0.00289,34.0,68.0,0.00218,0.919
corpus:042-user78954441235-cosmic-function@46.092,hook,corpus,46.092,15.41465,1836.49754,1836.49754,-12.95524,0.00113,0.0112,0.43177,0.4628,0.09004,0.00306,28.0,68.0,0.00142,0.917
corpus:042-user78954441235-cosmic-function@49.54,kick,corpus,49.54,9.03884,2484.99153,2484.99153,-6.86255,0.55872,0.29358,0.06987,0.04367,0.02529,0.00887,60.0,80.0,0.07519,0.917
corpus:042-user78954441235-cosmic-function@45.848,kick,corpus,45.848,9.12286,2483.91071,2483.91071,-7.6818,0.5544,0.29514,0.07167,0.04414,0.02564,0.00901,58.0,80.0,0.07633,0.916
corpus:042-user78954441235-cosmic-function@51.63,hook,corpus,51.63,15.21682,1850.80182,1850.80182,-11.71343,0.00118,0.01056,0.40056,0.47306,0.11157,0.00307,30.0,68.0,0.00177,0.916
corpus:042-user78954441235-cosmic-function@49.784,hook,corpus,49.784,14.64409,1806.6247,1806.6247,-12.0851,0.00136,0.01104,0.42052,0.46868,0.09515,0.00325,30.0,50.0,0.00157,0.915
corpus:042-user78954441235-cosmic-function@60.627,kick,corpus,60.627,12.01232,2110.69418,1914.18321,-15.92898,0.54187,0.23973,0.09978,0.06764,0.03861,0.01238,48.0,104.0,0.04603,0.915
corpus:042-user78954441235-cosmic-function@58.781,kick,corpus,58.781,11.46313,2234.48078,2234.48078,-17.65253,0.5404,0.23913,0.10349,0.06703,0.03686,0.01309,38.0,92.0,0.04632,0.912
corpus:042-user78954441235-cosmic-function@51.397,kick,corpus,51.397,11.51053,2241.06908,2241.06908,-16.32188,0.53731,0.2416,0.10493,0.06418,0.03823,0.01376,38.0,92.0,0.04848,0.911
corpus:042-user78954441235-cosmic-function@47.705,kick,corpus,47.705,11.51354,2231.13534,2231.13534,-16.38686,0.5366,0.24085,0.10512,0.06579,0.03787,0.01377,38.0,92.0,0.04909,0.91
corpus:042-user78954441235-cosmic-function@55.089,kick,corpus,55.089,10.75051,2415.17791,2415.17791,-16.72596,0.53551,0.24218,0.10486,0.06725,0.03695,0.01325,38.0,80.0,0.0436,0.907
corpus:042-user78954441235-cosmic-function@56.935,kick,corpus,56.935,10.83523,2428.44443,2428.44443,-16.41937,0.53562,0.2414,0.10496,0.06707,0.03784,0.0131,38.0,80.0,0.04307,0.906
corpus:042-user78954441235-cosmic-function@44.013,kick,corpus,44.013,11.96597,2258.65554,2258.65554,-14.00174,0.53667,0.23906,0.10397,0.06933,0.03819,0.01278,40.0,92.0,0.04868,0.905
corpus:042-user78954441235-cosmic-function@62.473,kick,corpus,62.473,10.2941,2635.32446,2635.32446,-14.71678,0.53974,0.24264,0.1041,0.06527,0.03641,0.01185,48.0,68.0,0.03337,0.905
corpus:042-user78954441235-cosmic-function@53.243,kick,corpus,53.243,10.6039,2636.61857,2636.61857,-15.96582,0.52906,0.24353,0.10612,0.06862,0.03901,0.01366,38.0,68.0,0.03651,0.899
corpus:042-user78954441235-cosmic-function@56.459,space,corpus,56.459,8.93926,3278.00043,2804.4557,32.23458,0.59061,0.25494,0.00173,0.08546,0.04317,0.02409,98.0,128.0,0.1819,0.758
corpus:042-user78954441235-cosmic-function@1.788,clap,corpus,1.788,13.44302,4224.4325,4224.4325,50.19964,0.00107,0.00917,0.34616,0.43351,0.12445,0.08563,58.0,58.0,0.0194,0.721
corpus:042-user78954441235-cosmic-function@5.48,clap,corpus,5.48,12.77189,4255.61394,4255.61394,42.65193,0.00115,0.01038,0.37329,0.37124,0.1403,0.10363,58.0,58.0,0.02357,0.656
corpus:042-user78954441235-cosmic-function@21.85,space,corpus,21.85,11.57918,4030.40289,3645.88153,25.50255,0.54162,0.26366,0.08044,0.05287,0.0369,0.02451,52.0,116.0,0.0882,0.636
corpus:042-user78954441235-cosmic-function@17.705,space,corpus,17.705,12.19149,4777.0058,3626.65968,19.75626,0.45757,0.21276,0.00819,0.12814,0.10664,0.08672,88.0,208.0,0.24456,0.631
corpus:042-user78954441235-cosmic-function@3.39,space,corpus,3.39,11.78922,4026.57528,3669.24684,25.46509,0.57901,0.21918,0.08067,0.05598,0.03879,0.02637,50.0,116.0,0.09052,0.624
corpus:043-cement-tea-chip-withdrawal@6.13,kick,corpus,6.13,8.80376,3431.2679,3431.2679,-24.79209,0.70089,0.23248,0.00714,0.00369,0.01618,0.03963,92.0,92.0,0.47111,0.95
corpus:043-cement-tea-chip-withdrawal@28.862,kick,corpus,28.862,11.96717,4395.60254,4395.60254,-23.98951,0.71591,0.1384,0.00557,0.01215,0.05471,0.07326,68.0,68.0,0.18294,0.945
corpus:043-cement-tea-chip-withdrawal@1.846,kick,corpus,1.846,9.03935,3623.2886,3623.2886,-10.09171,0.69401,0.21409,0.0175,0.01217,0.03253,0.0297,80.0,80.0,0.36214,0.937
corpus:043-cement-tea-chip-withdrawal@13.282,kick,corpus,13.282,9.45593,2620.7766,2914.69865,-12.81766,0.75296,0.18915,0.00435,0.0018,0.04147,0.01027,138.0,138.0,0.61174,0.932
corpus:043-cement-tea-chip-withdrawal@5.271,kick,corpus,5.271,10.31439,4078.44286,4078.44286,-3.63841,0.73578,0.14336,0.00736,0.0057,0.0431,0.06471,80.0,80.0,0.22513,0.927
corpus:043-cement-tea-chip-withdrawal@3.007,kick,corpus,3.007,9.18415,3095.5836,2888.96218,1.7442,0.72584,0.21243,0.00164,0.00171,0.04854,0.00984,62.0,116.0,0.27426,0.925
corpus:043-cement-tea-chip-withdrawal@15.569,kick,corpus,15.569,10.11136,4259.20003,4259.20003,-17.83863,0.61074,0.25452,0.01439,0.00613,0.04004,0.07419,62.0,80.0,0.06949,0.921
corpus:043-cement-tea-chip-withdrawal@3.866,kick,corpus,3.866,7.63521,2850.25796,3203.03804,-25.74584,0.63712,0.24886,0.00341,0.00364,0.08968,0.0173,116.0,116.0,0.72367,0.918
corpus:043-cement-tea-chip-withdrawal@5.143,kick,corpus,5.143,11.81826,3483.28765,3387.70843,0.197,0.72711,0.20206,0.00704,0.0028,0.04261,0.01838,76.0,126.0,0.27005,0.918
corpus:043-cement-tea-chip-withdrawal@15.871,kick,corpus,15.871,9.73697,3495.41117,3427.91903,3.44773,0.7094,0.21694,0.00734,0.00293,0.04967,0.01372,28.0,104.0,0.14723,0.918
corpus:043-cement-tea-chip-withdrawal@25.426,kick,corpus,25.426,7.73327,4019.72969,4019.72969,-7.27564,0.67352,0.22083,0.00727,0.01259,0.04536,0.04042,68.0,68.0,0.32669,0.915
corpus:043-cement-tea-chip-withdrawal@11.726,kick,corpus,11.726,10.43189,4416.47378,4416.47378,-12.37814,0.60631,0.22035,0.02236,0.0139,0.06998,0.06711,46.0,46.0,0.0,0.913
corpus:043-cement-tea-chip-withdrawal@6.978,space,corpus,6.978,11.47212,4363.31708,4363.31708,34.52304,0.7076,0.16874,0.0044,0.00132,0.04306,0.07489,62.0,80.0,0.20911,0.893
corpus:043-cement-tea-chip-withdrawal@32.694,space,corpus,32.694,13.14772,4523.45779,4523.45779,22.48282,0.43937,0.21645,0.01238,0.03623,0.10882,0.18676,92.0,92.0,0.41096,0.827
corpus:043-cement-tea-chip-withdrawal@18.553,space,corpus,18.553,11.18755,4342.74033,4342.74033,29.89543,0.6046,0.1662,0.00784,0.02164,0.11405,0.08566,92.0,92.0,0.11262,0.808
corpus:043-cement-tea-chip-withdrawal@11.262,space,corpus,11.262,13.75521,4522.94939,4522.94939,26.63316,0.62882,0.20735,0.01852,0.00651,0.0519,0.08691,80.0,80.0,0.16078,0.766
corpus:043-cement-tea-chip-withdrawal@32.264,hook,corpus,32.264,19.42521,4731.04578,4731.04578,3.66933,0.09821,0.14979,0.04113,0.10191,0.2792,0.32975,92.0,92.0,0.21952,0.732
corpus:043-cement-tea-chip-withdrawal@31.858,hook,corpus,31.858,15.47633,5396.84621,5396.84621,11.32333,0.13508,0.07979,0.03022,0.0675,0.28322,0.40419,58.0,58.0,0.03553,0.731
corpus:043-cement-tea-chip-withdrawal@34.424,hook,corpus,34.424,18.04906,5181.66418,5181.66418,-1.30355,0.13237,0.16347,0.07875,0.04088,0.2221,0.36243,80.0,80.0,0.14744,0.705
corpus:043-cement-tea-chip-withdrawal@60.0,hook,corpus,60.0,19.93475,2870.803,3270.83095,-5.86188,0.02619,0.00978,0.07089,0.10776,0.7764,0.00898,36.0,72.0,0.00696,0.689
corpus:043-cement-tea-chip-withdrawal@30.569,hook,corpus,30.569,15.69872,5628.25479,5628.25479,14.92472,0.13517,0.05768,0.01745,0.04711,0.30537,0.43722,68.0,68.0,0.05624,0.662
corpus:043-cement-tea-chip-withdrawal@62.137,hook,corpus,62.137,19.70055,2879.07866,3199.08824,-3.97138,0.06582,0.01517,0.07443,0.1124,0.72593,0.00625,36.0,86.0,0.01658,0.654
corpus:043-cement-tea-chip-withdrawal@34.006,hook,corpus,34.006,17.11817,5422.23671,5422.23671,-15.1394,0.18916,0.11515,0.01657,0.0129,0.23516,0.43106,42.0,58.0,0.07327,0.601
corpus:044-user41254475475-blue-line@50.631,kick,corpus,50.631,5.05553,3479.75947,3479.75947,-6.00687,0.52164,0.37379,0.05721,0.00605,0.02405,0.01725,68.0,68.0,0.26655,0.886
corpus:044-user41254475475-blue-line@36.409,kick,corpus,36.409,5.32699,3546.33799,3546.33799,-4.20006,0.52658,0.36078,0.05803,0.00649,0.02898,0.01912,68.0,68.0,0.26684,0.876
corpus:044-user41254475475-blue-line@52.268,hook,corpus,52.268,15.8154,4919.33377,4919.33377,-3.58209,0.00029,0.00698,0.04894,0.2449,0.40961,0.28927,92.0,92.0,0.14465,0.857
corpus:044-user41254475475-blue-line@5.538,hook,corpus,5.538,9.83625,5863.79101,5863.79101,3.23872,9e-05,2e-05,9e-05,0.07424,0.45935,0.46621,34.0,34.0,0.0,0.85
corpus:044-user41254475475-blue-line@54.95,hook,corpus,54.95,17.8437,5682.12545,5682.12545,3.03089,0.00107,4e-05,2e-05,0.11384,0.4162,0.46883,80.0,80.0,0.08073,0.839
corpus:044-user41254475475-blue-line@21.269,kick,corpus,21.269,5.43248,3411.31595,3489.84309,-4.78,0.54416,0.36756,0.0358,0.00615,0.02736,0.01897,104.0,104.0,0.4685,0.838
corpus:044-user41254475475-blue-line@53.15,hook,corpus,53.15,14.99361,5218.02126,5218.02126,2.99218,0.00035,8e-05,0.00075,0.19821,0.48765,0.31296,92.0,92.0,0.11057,0.835
corpus:044-user41254475475-blue-line@35.492,kick,corpus,35.492,5.31666,3392.48394,3477.91523,-5.25468,0.53428,0.36576,0.0454,0.00621,0.02906,0.01929,104.0,104.0,0.49563,0.83
corpus:044-user41254475475-blue-line@54.044,hook,corpus,54.044,14.99531,5085.76027,5021.25135,-1.44583,0.00048,2e-05,2e-05,0.17377,0.50746,0.31825,104.0,104.0,0.20541,0.82
corpus:044-user41254475475-blue-line@17.74,kick,corpus,17.74,5.69474,3448.64543,3448.64543,-2.83414,0.51356,0.39217,0.03144,0.00621,0.03554,0.02109,92.0,92.0,0.45208,0.811
corpus:044-user41254475475-blue-line@0.882,hook,corpus,0.882,12.37462,5381.22913,5381.22913,2.71541,0.0006,0.00074,0.00269,0.03291,0.63805,0.32502,46.0,46.0,0.0,0.807
corpus:044-user41254475475-blue-line@12.388,kick,corpus,12.388,5.2706,3527.89537,3495.41765,-3.98837,0.53106,0.38271,0.03139,0.0055,0.02821,0.02114,104.0,104.0,0.51356,0.804
corpus:044-user41254475475-blue-line@37.535,space,corpus,37.535,9.14355,5006.19765,5006.19765,32.19872,0.32139,0.1866,0.00502,0.05171,0.22781,0.20748,34.0,34.0,0.0,0.804
corpus:044-user41254475475-blue-line@51.757,hook,corpus,51.757,11.05273,5582.74056,5582.74056,-1.67327,0.0001,2e-05,0.00012,0.0949,0.48645,0.41842,68.0,68.0,0.17064,0.804
corpus:044-user41254475475-blue-line@38.15,kick,corpus,38.15,5.0712,3354.03378,3445.32646,-4.44898,0.48446,0.42123,0.04552,0.00468,0.02524,0.01887,104.0,104.0,0.49038,0.799
corpus:044-user41254475475-blue-line@23.313,space,corpus,23.313,8.49682,4980.98272,4980.98272,31.77214,0.31653,0.17865,0.00786,0.05312,0.23497,0.20887,34.0,34.0,0.0,0.79
corpus:044-user41254475475-blue-line@55.832,hook,corpus,55.832,17.96661,5913.24079,5913.24079,-3.37003,0.0007,3e-05,1e-05,0.01803,0.51784,0.46338,92.0,92.0,0.13248,0.779
corpus:044-user41254475475-blue-line@33.715,kick,corpus,33.715,5.1507,3680.53646,3680.53646,4.27077,0.49976,0.37912,0.05484,0.00898,0.03152,0.02578,68.0,68.0,0.26173,0.764
corpus:044-user41254475475-blue-line@42.597,kick,corpus,42.597,5.2164,3533.32941,3485.54868,0.55646,0.53526,0.37542,0.03616,0.00519,0.02823,0.01975,104.0,104.0,0.46602,0.758
corpus:044-user41254475475-blue-line@30.163,kick,corpus,30.163,5.53852,3447.003,3398.31542,0.76819,0.55504,0.34922,0.03989,0.00575,0.02957,0.02053,104.0,104.0,0.49589,0.754
corpus:044-user41254475475-blue-line@20.376,kick,corpus,20.376,5.11617,3457.89291,3421.4983,-2.28942,0.46045,0.43648,0.05354,0.00572,0.02513,0.01869,104.0,104.0,0.50238,0.748
corpus:044-user41254475475-blue-line@16.811,kick,corpus,16.811,5.19242,3348.14029,3388.3055,-2.97996,0.47457,0.43949,0.0405,0.00463,0.02369,0.01712,116.0,116.0,0.54362,0.747
corpus:044-user41254475475-blue-line@28.456,space,corpus,28.456,7.85303,4290.54718,3970.65687,16.43438,0.34283,0.27014,0.04657,0.03505,0.18886,0.11655,138.0,138.0,0.46766,0.726
corpus:044-user41254475475-blue-line@33.088,space,corpus,33.088,8.94484,5072.81149,5072.81149,29.37496,0.2229,0.23996,0.00985,0.04437,0.25031,0.2326,46.0,46.0,0.0,0.708
corpus:045-user08779333356-dooms-day@25.182,kick,corpus,25.182,9.92073,2210.02248,2635.02853,-9.30211,0.65797,0.30991,0.0069,0.00333,0.00805,0.01383,46.0,128.0,0.04692,0.958
corpus:045-user08779333356-dooms-day@5.759,kick,corpus,5.759,4.12948,1990.56312,1990.56312,-5.57769,0.63381,0.34383,0.01519,0.00543,0.00121,0.00053,68.0,68.0,0.26055,0.953
corpus:045-user08779333356-dooms-day@14.466,kick,corpus,14.466,4.39041,1955.71064,1955.71064,1.07142,0.65253,0.3301,0.01192,0.00396,0.00101,0.00048,58.0,58.0,0.11349,0.953
corpus:045-user08779333356-dooms-day@8.789,kick,corpus,8.789,4.32517,1438.50164,1438.50164,-5.23707,0.6456,0.34767,0.00503,0.00098,0.00044,0.00028,80.0,80.0,0.35696,0.952
corpus:045-user08779333356-dooms-day@21.397,kick,corpus,21.397,4.27852,1364.03691,1364.03691,-5.01826,0.65046,0.34323,0.00481,0.00087,0.0004,0.00023,80.0,80.0,0.37214,0.952
corpus:045-user08779333356-dooms-day@6.177,kick,corpus,6.177,4.26662,1381.2827,1381.2827,-8.76829,0.64824,0.3449,0.00504,0.00113,0.00044,0.00026,92.0,92.0,0.44457,0.951
corpus:045-user08779333356-dooms-day@25.623,kick,corpus,25.623,9.66797,2365.30355,2469.1258,-4.85314,0.62635,0.29686,0.03711,0.025,0.01196,0.00271,44.0,102.0,0.02639,0.945
corpus:045-user08779333356-dooms-day@14.002,kick,corpus,14.002,4.2446,1610.0088,1610.0088,-7.10956,0.62848,0.35851,0.00939,0.00258,0.00068,0.00035,92.0,92.0,0.43713,0.942
corpus:045-user08779333356-dooms-day@7.918,kick,corpus,7.918,4.25811,1113.78253,1113.78253,-0.41381,0.65488,0.34085,0.00348,0.00025,0.00032,0.00023,80.0,80.0,0.36808,0.939
corpus:045-user08779333356-dooms-day@23.139,kick,corpus,23.139,4.32516,1860.20357,1860.20357,-1.41234,0.59876,0.38836,0.00871,0.00295,0.00082,0.0004,68.0,68.0,0.24859,0.939
corpus:045-user08779333356-dooms-day@21.827,kick,corpus,21.827,4.61648,1720.89221,1720.89221,-6.1327,0.60997,0.37262,0.01251,0.00359,0.00086,0.00044,92.0,92.0,0.4384,0.934
corpus:045-user08779333356-dooms-day@18.994,kick,corpus,18.994,4.63299,1761.89737,1969.81479,-11.13802,0.61113,0.37867,0.00626,0.0018,0.00126,0.00087,104.0,104.0,0.55478,0.929
corpus:045-user08779333356-dooms-day@63.901,hook,corpus,63.901,16.23783,3861.0249,3861.0249,3.76014,0.00717,0.23544,0.1299,0.25698,0.25181,0.1187,98.0,98.0,0.23671,0.73
corpus:045-user08779333356-dooms-day@62.613,hook,corpus,62.613,15.41411,4083.52982,4311.55792,-5.91002,0.00974,0.5649,0.09913,0.04537,0.12667,0.15419,174.0,174.0,0.27742,0.686
corpus:045-user08779333356-dooms-day@26.053,space,corpus,26.053,9.71575,4425.20691,3005.30323,8.80301,0.4301,0.38774,0.04067,0.01414,0.05479,0.07256,400.0,400.0,0.89029,0.676
corpus:045-user08779333356-dooms-day@63.483,hook,corpus,63.483,16.7219,4756.57328,4965.66307,-5.86812,0.02539,0.3069,0.06091,0.0205,0.19803,0.38826,70.0,186.0,0.40056,0.667
corpus:045-user08779333356-dooms-day@61.742,hook,corpus,61.742,14.32015,4416.03235,4646.90614,-6.72931,0.01686,0.54333,0.0559,0.01457,0.1209,0.24844,86.0,196.0,0.40069,0.648
corpus:045-user08779333356-dooms-day@57.574,space,corpus,57.574,12.21937,4676.83302,3772.01089,14.33197,0.53566,0.2853,0.02297,0.00538,0.03858,0.11212,208.0,220.0,0.51804,0.647
corpus:045-user08779333356-dooms-day@47.137,space,corpus,47.137,12.15331,4638.94379,3781.29725,13.50629,0.53509,0.29123,0.02258,0.0063,0.03779,0.10701,6.0,220.0,0.54387,0.644
corpus:045-user08779333356-dooms-day@31.486,space,corpus,31.486,12.38367,4606.59354,3721.24117,14.17528,0.54501,0.28741,0.02151,0.00564,0.03679,0.10365,6.0,220.0,0.52656,0.639
corpus:045-user08779333356-dooms-day@62.16,hook,corpus,62.16,14.71601,3915.64774,3790.28635,4.21171,0.01548,0.217,0.18832,0.21505,0.22901,0.13513,178.0,220.0,0.41595,0.629
corpus:045-user08779333356-dooms-day@63.031,hook,corpus,63.031,16.36088,3948.94999,3958.03839,3.65772,0.01965,0.30689,0.07974,0.19862,0.24304,0.15206,96.0,196.0,0.42623,0.625
corpus:045-user08779333356-dooms-day@24.752,hook,corpus,24.752,15.38129,2511.57072,2503.74281,4.31843,0.04114,0.60381,0.04881,0.21016,0.07477,0.02132,36.0,104.0,0.35792,0.607
corpus:046-user04821460007-escape@12.132,space,corpus,12.132,10.57461,4964.71006,4964.71006,40.21331,0.38935,0.53753,0.01231,0.00757,0.01798,0.03527,32.0,80.0,0.0174,0.96
corpus:046-user04821460007-escape@12.585,space,corpus,12.585,12.03482,4983.4997,4983.4997,39.54308,0.47385,0.40374,0.02122,0.01509,0.03129,0.05481,26.0,68.0,0.0218,0.955
corpus:046-user04821460007-escape@14.373,space,corpus,14.373,11.20729,4932.35994,4932.35994,37.11716,0.28853,0.59184,0.0312,0.01888,0.02626,0.04329,32.0,68.0,0.01267,0.929
corpus:046-user04821460007-escape@3.344,space,corpus,3.344,8.89295,3904.24486,5449.1918,0.01521,0.26296,0.67029,0.04014,0.0035,0.01397,0.00914,46.0,400.0,0.99931,0.924
corpus:046-user04821460007-escape@18.855,kick,corpus,18.855,13.19342,3292.16321,3285.47217,-2.67174,0.56279,0.38114,0.01011,0.00781,0.02665,0.0115,16.0,104.0,0.01775,0.912
corpus:046-user04821460007-escape@11.134,kick,corpus,11.134,3.94873,1792.08537,1792.08537,-20.83898,0.37433,0.6014,0.01665,0.00405,0.00253,0.00104,92.0,92.0,0.45036,0.888
corpus:046-user04821460007-escape@19.191,kick,corpus,19.191,5.20895,1157.74043,1418.32516,-13.58221,0.40333,0.57953,0.01298,0.00205,0.00169,0.00041,104.0,104.0,0.53772,0.888
corpus:046-user04821460007-escape@12.922,kick,corpus,12.922,5.4951,1446.91512,1703.69486,-13.68812,0.40566,0.57826,0.01259,0.00144,0.00132,0.00073,104.0,104.0,0.54935,0.883
corpus:046-user04821460007-escape@25.461,kick,corpus,25.461,5.40183,1494.04901,1494.04901,-13.02159,0.38547,0.59599,0.01364,0.00248,0.00193,0.0005,92.0,92.0,0.4914,0.883
corpus:046-user04821460007-escape@15.72,kick,corpus,15.72,13.97017,3585.47747,3588.58768,2.20056,0.5445,0.39063,0.01759,0.00938,0.02501,0.01289,28.0,80.0,0.01419,0.878
corpus:046-user04821460007-escape@20.979,kick,corpus,20.979,4.65325,1632.93528,1738.63191,-21.759,0.35959,0.6118,0.02099,0.00405,0.00295,0.00062,104.0,104.0,0.53492,0.878
corpus:046-user04821460007-escape@20.085,kick,corpus,20.085,4.72565,1459.89376,1687.85024,-17.04391,0.38272,0.59782,0.01515,0.00193,0.00183,0.00054,116.0,116.0,0.57785,0.877
corpus:046-user04821460007-escape@21.873,kick,corpus,21.873,5.32279,1597.23153,1480.94308,-18.2813,0.34859,0.62522,0.01907,0.00436,0.0022,0.00057,104.0,104.0,0.51692,0.873
corpus:046-user04821460007-escape@30.836,kick,corpus,30.836,4.12489,1980.78009,1980.78009,-12.93535,0.37795,0.59652,0.01765,0.00332,0.00351,0.00104,92.0,92.0,0.45039,0.871
corpus:046-user04821460007-escape@5.759,kick,corpus,5.759,3.96828,1589.96646,1752.11087,-9.98514,0.40501,0.57806,0.01297,0.0014,0.00176,0.00081,104.0,104.0,0.54517,0.867
corpus:046-user04821460007-escape@15.604,kick,corpus,15.604,4.48636,1432.74201,1393.98139,-11.45952,0.37588,0.60591,0.01398,0.0025,0.00125,0.00048,116.0,116.0,0.56857,0.863
corpus:046-user04821460007-escape@27.028,hook,corpus,27.028,13.72992,5209.85853,5209.85853,-5.12733,6e-05,0.00026,0.01385,0.10531,0.53234,0.34818,68.0,68.0,0.02707,0.85
corpus:046-user04821460007-escape@15.824,hook,corpus,15.824,13.80236,4899.06548,4899.06548,-1.34796,0.00173,0.00295,0.05625,0.1085,0.52023,0.31035,68.0,68.0,0.05888,0.842
corpus:046-user04821460007-escape@23.441,hook,corpus,23.441,13.59294,4772.08789,4772.08789,-7.88577,0.00031,0.00077,0.04587,0.10691,0.55874,0.2874,52.0,92.0,0.06535,0.835
corpus:046-user04821460007-escape@0.163,hook,corpus,0.163,14.20188,5906.42549,5906.42549,-2.82222,3e-05,0.00011,0.00135,0.04756,0.39607,0.55489,44.0,58.0,0.00782,0.823
corpus:046-user04821460007-escape@25.217,hook,corpus,25.217,13.49701,5035.92975,5059.72277,-3.96488,0.00087,0.0026,0.09908,0.07188,0.49261,0.33296,104.0,104.0,0.17592,0.796
corpus:046-user04821460007-escape@16.266,hook,corpus,16.266,16.13011,4679.87716,4679.87716,3.08909,0.00423,0.00701,0.28553,0.12074,0.34846,0.23403,60.0,92.0,0.10492,0.794
corpus:046-user04821460007-escape@22.988,hook,corpus,22.988,14.14666,4616.9126,4616.9126,6.14363,0.00142,0.00793,0.18538,0.14028,0.4429,0.22209,64.0,80.0,0.06252,0.789
corpus:046-user04821460007-escape@10.89,hook,corpus,10.89,13.42939,5488.95787,5488.95787,-9.6919,0.00064,0.00086,0.06931,0.31191,0.21439,0.40288,80.0,80.0,0.30404,0.761
corpus:047-user02358844564-asche-zu-asche@63.959,hook,corpus,63.959,13.69085,4013.64905,4013.64905,-27.3632,0.02275,0.0165,0.01096,0.66544,0.19235,0.09201,40.0,40.0,0.0,0.912
corpus:047-user02358844564-asche-zu-asche@27.121,hook,corpus,27.121,12.53705,4899.88913,4899.88913,-9.57321,0.00297,0.05358,0.11882,0.19373,0.24199,0.38891,68.0,68.0,0.08525,0.849
corpus:047-user02358844564-asche-zu-asche@36.664,kick,corpus,36.664,4.04247,2625.79284,2625.79284,-43.87674,0.28861,0.65899,0.03646,0.00364,0.00513,0.00716,68.0,68.0,0.3018,0.837
corpus:047-user02358844564-asche-zu-asche@6.467,kick,corpus,6.467,4.09689,2538.14965,2538.14965,-32.80215,0.2878,0.64918,0.04206,0.00782,0.00571,0.00742,68.0,68.0,0.29961,0.831
corpus:047-user02358844564-asche-zu-asche@46.602,kick,corpus,46.602,4.10596,2471.25124,2471.25124,-24.25515,0.3005,0.64483,0.03263,0.01058,0.00459,0.00687,58.0,58.0,0.16548,0.831
corpus:047-user02358844564-asche-zu-asche@3.286,kick,corpus,3.286,3.90085,2395.67205,2395.67205,-26.44905,0.29478,0.64338,0.04332,0.00729,0.00452,0.0067,80.0,80.0,0.43657,0.829
corpus:047-user02358844564-asche-zu-asche@27.527,hook,corpus,27.527,14.63413,5203.65282,5203.65282,-6.20473,0.02086,0.08558,0.12807,0.11614,0.24278,0.40657,68.0,68.0,0.08473,0.828
corpus:047-user02358844564-asche-zu-asche@20.77,kick,corpus,20.77,4.33968,2851.16264,2851.16264,-38.81871,0.27774,0.66867,0.03119,0.00533,0.00671,0.01035,68.0,68.0,0.28597,0.819
corpus:047-user02358844564-asche-zu-asche@22.361,kick,corpus,22.361,4.69575,2908.70053,2908.70053,-29.38775,0.28417,0.66603,0.03126,0.00485,0.0051,0.00859,68.0,68.0,0.23068,0.817
corpus:047-user02358844564-asche-zu-asche@41.819,kick,corpus,41.819,4.76201,2318.07231,2318.07231,-26.08985,0.27898,0.6759,0.02167,0.0128,0.00416,0.0065,80.0,80.0,0.39369,0.815
corpus:047-user02358844564-asche-zu-asche@1.289,kick,corpus,1.289,4.85107,2463.0545,2463.0545,-29.83366,0.27252,0.66616,0.03782,0.01016,0.00515,0.00818,80.0,80.0,0.4273,0.81
corpus:047-user02358844564-asche-zu-asche@17.183,kick,corpus,17.183,4.18317,2710.35141,2710.35141,-26.43115,0.27682,0.6798,0.02465,0.00398,0.00562,0.00914,80.0,80.0,0.40621,0.809
corpus:047-user02358844564-asche-zu-asche@38.243,kick,corpus,38.243,4.58811,2555.89772,2555.89772,-19.20787,0.28595,0.6694,0.02633,0.00487,0.00511,0.00834,80.0,80.0,0.43034,0.808
corpus:047-user02358844564-asche-zu-asche@39.845,kick,corpus,39.845,4.30653,2666.37122,2666.37122,-24.10303,0.27327,0.6511,0.05422,0.00815,0.00553,0.00773,68.0,68.0,0.31498,0.805
corpus:047-user02358844564-asche-zu-asche@33.472,kick,corpus,33.472,3.99683,2411.9857,2411.9857,-26.26621,0.25914,0.69778,0.02883,0.00457,0.00369,0.006,92.0,92.0,0.46615,0.802
corpus:047-user02358844564-asche-zu-asche@26.703,hook,corpus,26.703,12.40485,5148.86201,5148.86201,0.39983,0.00897,0.16015,0.13851,0.06583,0.22144,0.4051,80.0,80.0,0.2972,0.745
corpus:047-user02358844564-asche-zu-asche@27.887,hook,corpus,27.887,16.24187,4702.05881,4702.05881,-3.81515,0.02383,0.11561,0.08515,0.2402,0.20682,0.32838,92.0,92.0,0.4305,0.744
corpus:047-user02358844564-asche-zu-asche@27.806,hook,corpus,27.806,14.54064,4229.41867,4229.41867,5.34416,0.00439,0.02089,0.10568,0.52133,0.21462,0.13309,80.0,80.0,0.09663,0.734
corpus:047-user02358844564-asche-zu-asche@5.956,hook,corpus,5.956,7.91685,3090.70841,3090.70841,-15.73246,0.01706,0.38769,0.34136,0.18429,0.04779,0.0218,68.0,68.0,0.41578,0.7
corpus:047-user02358844564-asche-zu-asche@59.803,hook,corpus,59.803,15.03262,4933.63516,4885.81476,1.69612,0.02587,0.08075,0.03221,0.19526,0.33853,0.32738,186.0,186.0,0.46602,0.675
corpus:048-user33886060077-country-boy@14.559,kick,corpus,14.559,4.88498,997.52339,997.52339,-10.06209,0.88468,0.07588,0.03437,0.00459,0.00041,6e-05,24.0,58.0,0.0815,0.991
corpus:048-user33886060077-country-boy@36.397,kick,corpus,36.397,7.08605,1068.61602,1068.61602,-23.14131,0.78197,0.16287,0.04479,0.00978,0.00049,0.0001,10.0,68.0,0.0192,0.987
corpus:048-user33886060077-country-boy@51.27,kick,corpus,51.27,8.42495,772.09911,772.09911,-2.28523,0.81593,0.11687,0.04939,0.01503,0.00254,0.00024,22.0,58.0,0.00522,0.985
corpus:048-user33886060077-country-boy@10.716,kick,corpus,10.716,11.66927,1011.06004,970.51938,-9.83988,0.77873,0.16223,0.0387,0.01663,0.00272,0.00098,22.0,104.0,0.15458,0.982
corpus:048-user33886060077-country-boy@58.201,kick,corpus,58.201,7.04097,1122.82807,1122.82807,-12.37343,0.79427,0.14605,0.04905,0.0092,0.00126,0.00018,12.0,92.0,0.27019,0.982
corpus:048-user33886060077-country-boy@20.515,kick,corpus,20.515,7.55309,913.67971,913.67971,-12.6508,0.7516,0.20377,0.04162,0.00273,0.00021,7e-05,12.0,80.0,0.27496,0.981
corpus:048-user33886060077-country-boy@35.991,kick,corpus,35.991,10.74315,852.73067,852.73067,-13.77808,0.71861,0.24561,0.03129,0.00421,0.00027,1e-05,20.0,80.0,0.12931,0.981
corpus:048-user33886060077-country-boy@40.507,kick,corpus,40.507,7.93235,1078.90952,1078.90952,-19.94735,0.6976,0.23604,0.05607,0.01003,0.0002,5e-05,12.0,68.0,0.08999,0.98
corpus:048-user33886060077-country-boy@45.952,kick,corpus,45.952,7.77401,1033.29093,1033.29093,-27.80446,0.68644,0.2542,0.05178,0.00719,0.00032,6e-05,12.0,68.0,0.15015,0.98
corpus:048-user33886060077-country-boy@33.251,kick,corpus,33.251,7.62889,951.55094,951.55094,-6.49628,0.72624,0.21668,0.05218,0.00484,4e-05,1e-05,12.0,68.0,0.05544,0.979
corpus:048-user33886060077-country-boy@4.18,kick,corpus,4.18,7.7122,1036.12678,1036.12678,-13.18591,0.69088,0.24975,0.05507,0.00415,0.00011,4e-05,12.0,68.0,0.08081,0.978
corpus:048-user33886060077-country-boy@25.507,kick,corpus,25.507,7.86116,1287.39606,1287.39606,-9.37379,0.7544,0.20701,0.02716,0.00908,0.00207,0.00028,22.0,92.0,0.21852,0.978
corpus:048-user33886060077-country-boy@0.36,rumble,corpus,0.36,8.75234,1055.15421,1055.15421,5.023,0.76849,0.18881,0.03701,0.00497,0.00063,8e-05,10.0,92.0,0.91661,0.697
corpus:048-user33886060077-country-boy@10.252,rumble,corpus,10.252,14.44949,690.48153,1060.65912,-0.58746,0.6614,0.20301,0.07623,0.05726,0.00187,0.00024,18.0,256.0,0.99377,0.666
corpus:048-user33886060077-country-boy@10.879,rumble,corpus,10.879,14.62481,436.92429,703.107,0.69312,0.74202,0.18333,0.05842,0.01523,0.00098,1e-05,30.0,336.0,0.95491,0.645
corpus:048-user33886060077-country-boy@7.256,rumble,corpus,7.256,7.85152,983.18388,1012.79188,-0.79674,0.8246,0.13861,0.03003,0.006,0.00068,8e-05,18.0,150.0,0.94578,0.619
corpus:048-user33886060077-country-boy@42.493,space,corpus,42.493,12.48965,2482.42579,2482.42579,35.37685,0.73423,0.14574,0.03673,0.05024,0.03047,0.00259,12.0,68.0,0.06928,0.614
corpus:049-user80254894876-newsline-of-the-agent-death@45.325,hook,corpus,45.325,21.53603,3426.90577,3937.42964,-11.1118,0.0001,0.00065,0.02152,0.43973,0.38208,0.15592,84.0,174.0,0.27896,0.859
corpus:049-user80254894876-newsline-of-the-agent-death@37.152,hook,corpus,37.152,12.35964,3429.87865,3429.87865,-23.40714,5e-05,0.00053,0.00655,0.72768,0.16924,0.09594,68.0,68.0,0.34874,0.834
corpus:049-user80254894876-newsline-of-the-agent-death@0.232,hook,corpus,0.232,22.519,3922.82427,3922.82427,2.6225,0.00079,0.01378,0.03564,0.29955,0.43518,0.21507,92.0,92.0,0.32375,0.761
corpus:049-user80254894876-newsline-of-the-agent-death@41.297,hook,corpus,41.297,13.6035,2983.57312,3026.7247,-5.9754,3e-05,0.00048,0.02215,0.60369,0.34307,0.03058,104.0,104.0,0.33883,0.74
corpus:049-user80254894876-newsline-of-the-agent-death@9.927,space,corpus,9.927,14.95457,4671.91633,5436.64114,-3.03815,0.0,2e-05,0.00021,0.09194,0.74287,0.16495,124.0,400.0,0.90902,0.682
corpus:049-user80254894876-newsline-of-the-agent-death@37.222,clap,corpus,37.222,13.43162,1863.86425,1674.55557,6.18987,0.0,2e-05,0.00139,0.95682,0.04068,0.00109,120.0,174.0,0.37229,0.666
corpus:049-user80254894876-newsline-of-the-agent-death@60.093,clap,corpus,60.093,12.8658,1745.86214,1784.73839,0.37986,0.0,5e-05,0.09339,0.81699,0.08676,0.00281,256.0,400.0,0.91314,0.657
corpus:049-user80254894876-newsline-of-the-agent-death@5.016,clap,corpus,5.016,12.65153,3175.25289,3175.25289,8.14976,6e-05,0.00092,0.00175,0.61371,0.33699,0.04657,68.0,68.0,0.48486,0.655
corpus:049-user80254894876-newsline-of-the-agent-death@52.883,clap,corpus,52.883,13.5765,2929.66462,3301.11854,-2.22895,1e-05,3e-05,0.0124,0.86799,0.04216,0.07741,400.0,400.0,0.99196,0.642
corpus:049-user80254894876-newsline-of-the-agent-death@0.766,hat,corpus,0.766,25.02906,4650.06297,5433.49555,-28.15228,0.00043,0.00491,0.01893,0.05024,0.08503,0.84046,26.0,150.0,0.09615,0.621
corpus:049-user80254894876-newsline-of-the-agent-death@0.464,hook,corpus,0.464,21.58404,3781.75683,4221.31726,-4.43698,0.0008,0.01158,0.07768,0.22528,0.38883,0.29584,50.0,302.0,0.6917,0.615
corpus:049-user80254894876-newsline-of-the-agent-death@45.5,hook,corpus,45.5,15.96703,3014.1928,3384.82849,-12.42456,1e-05,0.00042,0.00762,0.90084,0.02925,0.06187,34.0,162.0,0.56681,0.611
corpus:052-user84564100548-kirschblut@55.902,kick,corpus,55.902,9.97071,443.98788,432.79626,1.05039,0.47114,0.44239,0.07754,0.00817,0.00072,4e-05,44.0,166.0,0.23818,0.908
corpus:052-user84564100548-kirschblut@62.613,kick,corpus,62.613,9.95509,497.30887,775.64059,-4.18627,0.43616,0.45451,0.09949,0.00904,0.00076,4e-05,46.0,142.0,0.24974,0.904
corpus:052-user84564100548-kirschblut@32.183,kick,corpus,32.183,10.4982,317.83474,455.42352,0.30798,0.41797,0.48268,0.08797,0.01077,0.00059,3e-05,34.0,60.0,0.11605,0.902
corpus:052-user84564100548-kirschblut@63.065,kick,corpus,63.065,10.26762,399.83684,659.05908,-0.98712,0.44056,0.43481,0.11182,0.01191,0.00084,4e-05,34.0,150.0,0.18086,0.901
corpus:052-user84564100548-kirschblut@21.885,kick,corpus,21.885,9.50003,535.46815,592.90581,5.13574,0.43983,0.47201,0.08018,0.00725,0.0007,3e-05,66.0,78.0,0.10845,0.897
corpus:052-user84564100548-kirschblut@20.085,kick,corpus,20.085,10.03728,525.11281,504.82004,3.11442,0.44122,0.46852,0.08136,0.00817,0.0007,4e-05,60.0,154.0,0.19051,0.893
corpus:052-user84564100548-kirschblut@7.546,kick,corpus,7.546,9.5458,480.19561,594.6238,2.45175,0.43315,0.47714,0.08018,0.00877,0.00072,3e-05,44.0,158.0,0.1749,0.89
corpus:052-user84564100548-kirschblut@22.767,kick,corpus,22.767,10.5406,589.4115,767.33107,2.36282,0.41363,0.50138,0.07838,0.0058,0.00078,4e-05,32.0,60.0,0.16578,0.89
corpus:052-user84564100548-kirschblut@26.796,kick,corpus,26.796,9.15891,497.78889,671.11717,0.46688,0.40396,0.50604,0.08069,0.0085,0.00077,4e-05,54.0,72.0,0.16229,0.89
corpus:052-user84564100548-kirschblut@54.114,kick,corpus,54.114,11.20847,575.95026,511.60172,3.89406,0.42377,0.45821,0.10592,0.01097,0.00107,5e-05,22.0,126.0,0.12565,0.887
corpus:052-user84564100548-kirschblut@63.518,kick,corpus,63.518,10.09186,523.06248,534.79089,3.35728,0.42564,0.48182,0.08304,0.00876,0.00069,4e-05,42.0,146.0,0.16814,0.887
corpus:052-user84564100548-kirschblut@24.543,kick,corpus,24.543,10.72539,619.62751,857.79638,-4.69814,0.42024,0.49163,0.0817,0.00551,0.00087,4e-05,52.0,132.0,0.42336,0.885
corpus:052-user84564100548-kirschblut@25.228,hook,corpus,25.228,19.16486,3112.06616,3597.36125,-10.66376,0.0339,0.1853,0.28694,0.24291,0.01828,0.23266,36.0,60.0,0.04931,0.873
corpus:052-user84564100548-kirschblut@4.191,hat,corpus,4.191,19.06613,2965.77151,5123.9304,-40.62132,0.20491,0.24027,0.00276,0.00053,0.03837,0.51316,36.0,74.0,0.43452,0.72
corpus:052-user84564100548-kirschblut@62.822,hook,corpus,62.822,18.47584,1471.74567,2538.91816,-9.1521,0.04205,0.41635,0.20376,0.18384,0.01094,0.14306,10.0,38.0,0.50426,0.702
corpus:052-user84564100548-kirschblut@2.403,hat,corpus,2.403,19.79565,2613.12398,4996.73588,-38.61104,0.16919,0.26017,0.00307,0.00114,0.03903,0.52741,30.0,196.0,0.37121,0.683
corpus:052-user84564100548-kirschblut@3.297,hat,corpus,3.297,21.34074,3536.21927,5768.99211,-32.23114,0.00571,0.05502,0.00345,0.00248,0.06494,0.8684,30.0,60.0,0.0673,0.679
corpus:052-user84564100548-kirschblut@24.335,hat,corpus,24.335,19.77808,3219.93358,5656.19914,-34.62493,0.02304,0.15556,0.1024,0.01001,0.0511,0.65789,34.0,84.0,0.28603,0.673
corpus:052-user84564100548-kirschblut@26.97,clap,corpus,26.97,20.61377,878.18891,703.60738,3.04702,0.03253,0.26515,0.05328,0.64895,7e-05,2e-05,26.0,50.0,0.80091,0.669
corpus:052-user84564100548-kirschblut@23.893,hat,corpus,23.893,19.0491,2746.8108,4945.57218,-36.25713,0.11907,0.29912,0.00891,0.0024,0.04051,0.53,30.0,196.0,0.38739,0.654
corpus:052-user84564100548-kirschblut@14.454,hook,corpus,14.454,22.52773,3162.5981,4435.91981,-8.24669,0.02223,0.1529,0.00877,0.1454,0.04676,0.62395,32.0,58.0,0.35235,0.645
corpus:052-user84564100548-kirschblut@24.752,hat,corpus,24.752,21.47398,2971.64333,4753.48542,-15.39023,0.01332,0.08959,0.05872,0.00658,0.05812,0.77367,44.0,62.0,0.50595,0.639
corpus:052-user84564100548-kirschblut@55.414,rumble,corpus,55.414,11.50817,1115.31991,1311.39387,4.51605,0.42068,0.4815,0.08825,0.00798,0.00076,0.00082,46.0,162.0,0.99994,0.637
corpus:052-user84564100548-kirschblut@18.077,hat,corpus,18.077,20.97757,3757.04135,5526.53061,-29.98733,0.00577,0.01535,0.00654,0.00228,0.068,0.90206,30.0,58.0,0.00408,0.633
corpus:052-user84564100548-kirschblut@1.509,hat,corpus,1.509,20.07873,3288.50493,4747.44019,-36.12756,0.00511,0.04048,0.03778,0.00088,0.06337,0.85237,38.0,62.0,0.01252,0.63
corpus:052-user84564100548-kirschblut@15.813,hat,corpus,15.813,22.26164,3152.39974,5872.64437,-26.92428,0.00952,0.05907,0.00941,0.00109,0.06257,0.85834,34.0,60.0,0.08326,0.63
corpus:052-user84564100548-kirschblut@3.75,hook,corpus,3.75,15.07233,2724.96971,2924.90128,-11.85126,0.04441,0.26423,0.46349,0.00383,0.01588,0.20816,26.0,52.0,0.06616,0.627
corpus:052-user84564100548-kirschblut@22.988,hat,corpus,22.988,20.9188,4023.19873,5653.13019,-28.72687,0.00756,0.01491,0.0131,0.00068,0.06644,0.89731,32.0,60.0,0.01234,0.627
corpus:052-user84564100548-kirschblut@9.102,hook,corpus,9.102,16.13763,2352.13131,2573.84954,-5.3706,0.00716,0.30152,0.53496,0.06654,0.00644,0.08337,50.0,70.0,0.34817,0.623
corpus:052-user84564100548-kirschblut@5.979,hat,corpus,5.979,17.80107,2666.30097,4945.79936,-38.72988,0.25036,0.29581,0.00875,0.0012,0.03163,0.41224,32.0,62.0,0.49831,0.621
corpus:052-user84564100548-kirschblut@57.481,hat,corpus,57.481,21.19586,3889.80433,5757.69268,-26.63021,0.01587,0.01238,0.00389,0.00166,0.06766,0.89854,34.0,60.0,0.00162,0.607
corpus:052-user84564100548-kirschblut@37.047,rumble,corpus,37.047,13.21535,977.4386,1397.25081,1.35698,0.42815,0.48835,0.07458,0.00804,0.00084,4e-05,22.0,122.0,0.99995,0.603
corpus:053-user54466587890-untitled-1@5.898,clap,corpus,5.898,17.82098,2313.91982,2546.35288,1.8957,0.00055,0.00093,0.00283,0.9121,0.08298,0.00061,14.0,94.0,0.98465,0.896
corpus:053-user54466587890-untitled-1@14.036,hook,corpus,14.036,22.36342,3497.23921,3961.46763,-3.51529,0.06566,0.08106,0.17164,0.3295,0.26472,0.08741,6.0,400.0,0.35291,0.782
corpus:053-user54466587890-untitled-1@5.132,hook,corpus,5.132,17.75256,2717.42043,2747.55238,3.21175,0.0183,0.07061,0.32329,0.26583,0.30898,0.01298,12.0,128.0,0.07526,0.779
corpus:053-user54466587890-untitled-1@24.195,hook,corpus,24.195,18.39665,6020.61287,6020.61287,-3.12803,0.00401,0.0066,0.00544,0.0208,0.41618,0.54697,2.0,80.0,0.11991,0.77
corpus:053-user54466587890-untitled-1@21.537,hook,corpus,21.537,12.92806,3185.22615,3185.22615,-41.3303,0.03847,0.07165,0.39564,0.27258,0.1872,0.03446,34.0,34.0,0.0,0.761
corpus:053-user54466587890-untitled-1@53.267,hat,corpus,53.267,25.47656,6707.85023,6784.28835,0.03089,0.00076,0.00081,0.00067,0.00142,0.15061,0.84573,2.0,34.0,0.83921,0.746
corpus:053-user54466587890-untitled-1@27.852,hat,corpus,27.852,24.22277,6094.06517,6874.51481,-3.10743,0.00354,0.00561,0.00452,0.03458,0.19503,0.75672,6.0,400.0,0.89574,0.739
corpus:053-user54466587890-untitled-1@23.603,hook,corpus,23.603,16.2342,3058.76884,2965.93224,4.15159,0.13919,0.10972,0.1845,0.36167,0.1891,0.01583,26.0,138.0,0.19712,0.736
corpus:053-user54466587890-untitled-1@24.52,hook,corpus,24.52,20.60382,4417.09419,4192.09447,2.67776,0.07528,0.09814,0.26073,0.20163,0.19745,0.16678,12.0,244.0,0.27184,0.725
corpus:053-user54466587890-untitled-1@61.336,hat,corpus,61.336,21.91341,6839.37036,7037.82335,-1.61891,0.0009,0.00114,0.00229,0.00222,0.15062,0.84283,8.0,168.0,0.69132,0.723
corpus:053-user54466587890-untitled-1@62.497,hat,corpus,62.497,23.85926,6586.0091,6634.10418,1.73493,0.00616,0.00526,0.0054,0.0097,0.14511,0.82837,2.0,400.0,0.97914,0.722
corpus:053-user54466587890-untitled-1@24.276,hook,corpus,24.276,14.57924,5749.44811,5749.44811,-3.86379,0.03245,0.0466,0.09783,0.08584,0.16,0.57728,80.0,80.0,0.21836,0.718
corpus:053-user54466587890-untitled-1@59.966,hat,corpus,59.966,20.75532,7014.11035,7114.88664,-1.11687,0.00047,0.00107,0.00097,0.00426,0.09497,0.89826,2.0,314.0,0.5701,0.716
corpus:053-user54466587890-untitled-1@1.44,hook,corpus,1.44,20.11385,3128.7563,2734.84392,1.33021,0.0675,0.09954,0.22237,0.40402,0.16415,0.04242,12.0,400.0,0.46251,0.715
corpus:053-user54466587890-untitled-1@51.653,hat,corpus,51.653,22.45695,6710.32944,7001.82582,-5.87211,0.0002,0.0001,0.00025,0.00268,0.18188,0.81488,4.0,54.0,0.62129,0.714
corpus:053-user54466587890-untitled-1@48.425,hat,corpus,48.425,20.99523,6796.24288,6610.06436,0.38214,0.00017,0.00023,0.00028,0.00493,0.18635,0.80803,2.0,400.0,0.84896,0.706
corpus:053-user54466587890-untitled-1@6.85,clap,corpus,6.85,16.32733,2119.93186,2352.25802,-1.68305,0.00418,0.01352,0.04383,0.78352,0.15268,0.00228,4.0,102.0,0.78613,0.704
corpus:053-user54466587890-untitled-1@46.115,hat,corpus,46.115,21.42356,6518.01117,7175.48299,-10.94733,0.00019,0.00015,0.00056,0.00774,0.1711,0.82026,2.0,220.0,0.44981,0.704
corpus:053-user54466587890-untitled-1@57.202,hat,corpus,57.202,20.24292,6734.45308,6896.66042,-3.08638,0.00014,5e-05,0.00013,0.00275,0.1713,0.82564,2.0,24.0,0.64244,0.694
corpus:053-user54466587890-untitled-1@56.959,hat,corpus,56.959,23.31729,6882.91207,6887.76292,-0.11016,0.0005,0.00039,0.00053,0.00211,0.20474,0.79173,2.0,14.0,0.80911,0.69
corpus:053-user54466587890-untitled-1@53.51,hat,corpus,53.51,20.56279,6882.5942,7202.36548,-7.51305,0.00021,8e-05,0.00018,0.00168,0.12385,0.87399,4.0,4.0,0.42877,0.681
corpus:053-user54466587890-untitled-1@29.269,hat,corpus,29.269,24.55593,5254.51909,5863.59122,-9.97259,0.00359,0.0038,0.01511,0.14687,0.25451,0.57612,2.0,232.0,0.86258,0.672
corpus:053-user54466587890-untitled-1@24.764,space,corpus,24.764,18.11079,5756.37523,5756.37523,26.38408,0.03396,0.05995,0.08809,0.0929,0.16665,0.55845,14.0,80.0,0.47741,0.652
corpus:053-user54466587890-untitled-1@6.745,clap,corpus,6.745,15.37372,2625.64659,2490.56654,1.77311,0.01732,0.03029,0.13585,0.59714,0.20968,0.00973,104.0,104.0,0.78144,0.643
corpus:053-user54466587890-untitled-1@35.271,clap,corpus,35.271,10.30221,2527.79943,2371.94048,1.06143,8e-05,7e-05,0.00564,0.68974,0.28957,0.01491,400.0,400.0,0.9573,0.608
corpus:054-user85694743322-kurdish-violin-compressor@62.822,kick,corpus,62.822,12.21961,1671.28039,2235.36117,-18.314,0.41199,0.36896,0.19657,0.0082,0.00549,0.00878,34.0,150.0,0.48201,0.878
corpus:054-user85694743322-kurdish-violin-compressor@7.245,space,corpus,7.245,9.76901,3272.89135,3031.5745,9.49788,0.00105,0.54154,0.38767,0.01188,0.03722,0.02064,80.0,400.0,0.99921,0.837
corpus:054-user85694743322-kurdish-violin-compressor@45.047,hook,corpus,45.047,19.52011,2737.19903,3250.47649,-3.53937,0.00022,0.00479,0.23867,0.31545,0.41684,0.02404,76.0,176.0,0.18057,0.823
corpus:054-user85694743322-kurdish-violin-compressor@9.033,space,corpus,9.033,9.48348,3435.64622,2714.52265,11.08229,0.00108,0.54064,0.39785,0.01082,0.02823,0.02138,84.0,400.0,0.9698,0.819
corpus:054-user85694743322-kurdish-violin-compressor@10.809,space,corpus,10.809,9.51384,3149.78117,2992.42453,8.40532,0.00093,0.53105,0.38987,0.0151,0.04387,0.01918,80.0,400.0,0.97523,0.818
corpus:054-user85694743322-kurdish-violin-compressor@53.046,hook,corpus,53.046,28.2104,3340.27752,5050.19318,-7.31661,0.00187,0.00109,0.00572,0.01554,0.59046,0.38533,18.0,400.0,0.02757,0.818
corpus:054-user85694743322-kurdish-violin-compressor@41.482,hook,corpus,41.482,18.79144,2521.46093,3062.35012,-4.87967,0.0139,0.1083,0.51218,0.23582,0.10742,0.02238,78.0,182.0,0.17367,0.802
corpus:054-user85694743322-kurdish-violin-compressor@38.243,hook,corpus,38.243,14.59208,1648.95973,1647.94726,-0.72063,0.03729,0.30762,0.23172,0.39002,0.03021,0.00313,42.0,116.0,0.22135,0.801
corpus:054-user85694743322-kurdish-violin-compressor@3.692,space,corpus,3.692,8.95838,2979.5303,2437.06156,11.40235,0.00081,0.53191,0.40528,0.0083,0.03534,0.01836,78.0,400.0,0.99935,0.794
corpus:054-user85694743322-kurdish-violin-compressor@55.263,hook,corpus,55.263,27.63377,3452.15686,5615.04862,-9.02212,0.00767,0.00243,0.00131,0.00444,0.48949,0.49466,22.0,64.0,0.01992,0.787
corpus:054-user85694743322-kurdish-violin-compressor@44.582,hook,corpus,44.582,24.3476,1871.9057,2074.07656,-1.46694,0.02398,0.12808,0.42404,0.4144,0.00776,0.00174,8.0,48.0,0.21319,0.782
corpus:054-user85694743322-kurdish-violin-compressor@44.176,hook,corpus,44.176,23.99893,2716.57628,2609.81905,0.64708,0.05302,0.10546,0.36822,0.40101,0.05853,0.01375,4.0,400.0,0.37032,0.765
corpus:054-user85694743322-kurdish-violin-compressor@41.053,hook,corpus,41.053,20.82554,1582.48685,1975.92204,-1.65387,0.02353,0.09251,0.66457,0.20447,0.00904,0.00588,24.0,54.0,0.04652,0.759
corpus:054-user85694743322-kurdish-violin-compressor@57.481,kick,corpus,57.481,15.6383,1239.27078,2186.10062,-2.48101,0.36489,0.44332,0.16924,0.00888,0.00919,0.00448,6.0,254.0,0.44505,0.759
corpus:054-user85694743322-kurdish-violin-compressor@59.269,kick,corpus,59.269,13.19783,1450.18741,1885.03424,-10.68018,0.21014,0.75142,0.02579,0.00099,0.00438,0.00729,20.0,150.0,0.24156,0.738
corpus:054-user85694743322-kurdish-violin-compressor@54.787,hat,corpus,54.787,27.56851,3690.26624,5408.49832,-6.22661,0.0024,0.00169,0.00224,0.01987,0.344,0.6298,24.0,66.0,0.97216,0.663
corpus:054-user85694743322-kurdish-violin-compressor@60.14,kick,corpus,60.14,11.8795,948.21967,2088.31547,-4.05974,0.24295,0.5669,0.17819,0.00523,0.00419,0.00254,10.0,290.0,0.60936,0.613
corpus:055-user23564112514-untitled-5-1@16.451,kick,corpus,16.451,10.59815,2713.68697,2713.68697,-32.04602,0.49658,0.44105,0.03077,0.00364,0.00278,0.02518,92.0,92.0,0.34923,0.92
corpus:055-user23564112514-untitled-5-1@26.947,hook,corpus,26.947,13.52642,3275.74202,3275.74202,-9.45073,0.07356,0.09462,0.03196,0.58863,0.12958,0.08166,84.0,92.0,0.15487,0.882
corpus:055-user23564112514-untitled-5-1@56.355,kick,corpus,56.355,6.80693,1550.44602,1550.44602,-6.8648,0.43688,0.48679,0.04433,0.02853,0.00235,0.00111,80.0,80.0,0.38525,0.88
corpus:055-user23564112514-untitled-5-1@39.741,hook,corpus,39.741,13.43519,2302.65727,2302.65727,-5.30621,0.06334,0.15465,0.08084,0.6618,0.02074,0.01863,54.0,92.0,0.06906,0.871
corpus:055-user23564112514-untitled-5-1@22.848,kick,corpus,22.848,11.15596,2928.732,2928.732,-35.28765,0.41984,0.37913,0.10828,0.01711,0.02804,0.04761,36.0,92.0,0.32707,0.864
corpus:055-user23564112514-untitled-5-1@39.648,hook,corpus,39.648,11.16438,3312.60229,3312.60229,-8.10882,0.07291,0.09183,0.24555,0.35268,0.18899,0.04803,68.0,92.0,0.08866,0.863
corpus:055-user23564112514-untitled-5-1@37.547,kick,corpus,37.547,8.46752,1770.31678,1770.31678,-24.98303,0.39476,0.4315,0.08914,0.07565,0.00584,0.00312,80.0,80.0,0.3163,0.851
corpus:055-user23564112514-untitled-5-1@60.534,hook,corpus,60.534,12.35537,3316.77691,3316.77691,-9.65907,0.14402,0.19465,0.082,0.39605,0.08371,0.09957,80.0,92.0,0.18061,0.851
corpus:055-user23564112514-untitled-5-1@27.156,kick,corpus,27.156,11.12858,2483.10961,2483.10961,-22.77122,0.38975,0.42763,0.0523,0.04419,0.06986,0.01627,92.0,92.0,0.40981,0.843
corpus:055-user23564112514-untitled-5-1@33.948,kick,corpus,33.948,8.85307,2038.39737,2038.39737,-12.68078,0.39858,0.45518,0.07847,0.06045,0.00442,0.00289,80.0,80.0,0.33408,0.84
corpus:055-user23564112514-untitled-5-1@38.139,hook,corpus,38.139,12.28211,1956.89245,1956.89245,-7.85705,0.2171,0.27592,0.05753,0.43192,0.00988,0.00764,42.0,92.0,0.10257,0.831
corpus:055-user23564112514-untitled-5-1@14.849,kick,corpus,14.849,13.06335,3767.18309,3767.18309,-31.12699,0.41645,0.46004,0.03642,0.00777,0.01385,0.06547,52.0,92.0,0.38686,0.829
corpus:055-user23564112514-untitled-5-1@21.246,kick,corpus,21.246,12.57594,3372.13203,3372.13203,-25.28518,0.37517,0.47101,0.08134,0.01866,0.02028,0.03353,70.0,92.0,0.29639,0.828
corpus:055-user23564112514-untitled-5-1@63.634,hook,corpus,63.634,15.30314,2439.51812,3268.46998,-13.92664,0.09842,0.10365,0.20366,0.34173,0.20898,0.04358,70.0,196.0,0.25173,0.827
corpus:055-user23564112514-untitled-5-1@11.656,kick,corpus,11.656,11.86947,3505.19342,3505.19342,-48.86031,0.4053,0.46987,0.0419,0.01238,0.024,0.04655,88.0,92.0,0.3628,0.826
corpus:055-user23564112514-untitled-5-1@35.747,hook,corpus,35.747,12.1207,3818.70405,3818.70405,-0.5024,0.035,0.06564,0.08266,0.24797,0.47669,0.09205,62.0,80.0,0.06557,0.822
corpus:055-user23564112514-untitled-5-1@29.234,hook,corpus,29.234,8.9358,2063.87175,2249.96635,-14.3341,0.17151,0.20616,0.15735,0.43812,0.01797,0.0089,70.0,104.0,0.28687,0.82
corpus:055-user23564112514-untitled-5-1@23.545,kick,corpus,23.545,10.94295,2649.01764,2961.51975,-22.47062,0.36995,0.42541,0.0526,0.04328,0.09312,0.01563,104.0,104.0,0.47756,0.808
corpus:055-user23564112514-untitled-5-1@13.247,kick,corpus,13.247,13.29945,3497.93615,3497.93615,-16.98784,0.37424,0.46457,0.06218,0.02259,0.03295,0.04348,78.0,92.0,0.24936,0.803
corpus:055-user23564112514-untitled-5-1@29.942,kick,corpus,29.942,10.79082,2377.87735,2705.676,-19.97304,0.39681,0.43509,0.03993,0.07814,0.04142,0.00861,104.0,104.0,0.50149,0.798
corpus:055-user23564112514-untitled-5-1@52.303,space,corpus,52.303,14.8192,3715.21679,3479.92277,13.54981,0.00398,0.27618,0.05412,0.07648,0.48734,0.1019,62.0,128.0,0.86237,0.69
corpus:055-user23564112514-untitled-5-1@51.119,space,corpus,51.119,14.0706,3648.15946,3572.81613,24.04412,0.00739,0.27288,0.04485,0.03898,0.53142,0.10448,52.0,104.0,0.35771,0.649
corpus:055-user23564112514-untitled-5-1@17.043,space,corpus,17.043,13.17193,3435.00841,2483.8413,7.58216,0.20763,0.4432,0.1497,0.06674,0.10373,0.02901,24.0,384.0,0.76576,0.638
corpus:056-user08200140031-untitled-1-1@60.291,space,corpus,60.291,10.85263,4454.45056,4454.45056,35.92639,0.32386,0.35261,0.00666,0.01496,0.13586,0.16605,92.0,92.0,0.25865,0.937
corpus:056-user08200140031-untitled-1-1@61.858,space,corpus,61.858,9.26435,3801.43719,3361.66248,35.26258,0.3193,0.51603,0.01068,0.00772,0.06551,0.08075,128.0,128.0,0.34646,0.919
corpus:056-user08200140031-untitled-1-1@45.894,space,corpus,45.894,10.72197,4540.61366,4540.61366,30.82417,0.32943,0.33849,0.00762,0.01763,0.13431,0.17253,92.0,92.0,0.2893,0.908
corpus:056-user08200140031-untitled-1-1@44.28,space,corpus,44.28,10.5116,4152.27439,3967.01179,29.70718,0.32583,0.4351,0.00971,0.0162,0.09941,0.11375,116.0,116.0,0.33042,0.893
corpus:056-user08200140031-untitled-1-1@6.014,hook,corpus,6.014,16.73525,4522.49628,4522.49628,-4.02889,0.02469,0.25035,0.10725,0.20846,0.16633,0.24292,62.0,92.0,0.12255,0.85
corpus:056-user08200140031-untitled-1-1@18.808,hook,corpus,18.808,18.39236,4083.40139,4083.40139,-12.78561,0.01741,0.28727,0.12301,0.19228,0.17457,0.20545,28.0,92.0,0.1191,0.839
corpus:056-user08200140031-untitled-1-1@15.615,hook,corpus,15.615,17.39851,4061.11596,4061.11596,-11.25084,0.03261,0.26002,0.15555,0.18019,0.17204,0.19959,64.0,80.0,0.07125,0.836
corpus:056-user08200140031-untitled-1-1@34.807,hook,corpus,34.807,17.65405,3915.5934,3915.5934,-16.29759,0.02093,0.27461,0.15086,0.18731,0.1682,0.19809,46.0,92.0,0.071,0.834
corpus:056-user08200140031-untitled-1-1@22.013,hook,corpus,22.013,16.21487,4721.82305,4721.82305,1.60586,0.0471,0.23134,0.12412,0.1662,0.16182,0.26943,60.0,92.0,0.07696,0.831
corpus:056-user08200140031-untitled-1-1@25.205,hook,corpus,25.205,17.8578,4055.34585,4055.34585,-14.15774,0.02708,0.26538,0.16029,0.17834,0.16914,0.19977,68.0,92.0,0.08774,0.829
corpus:056-user08200140031-untitled-1-1@12.411,hook,corpus,12.411,18.0676,3974.62356,3974.62356,-13.59956,0.03989,0.29355,0.127,0.19022,0.15917,0.19018,54.0,92.0,0.1068,0.825
corpus:056-user08200140031-untitled-1-1@37.999,hook,corpus,37.999,17.77594,4120.43086,4260.6067,-10.91906,0.02699,0.3052,0.14685,0.17142,0.15172,0.19782,48.0,104.0,0.12882,0.824
corpus:056-user08200140031-untitled-1-1@47.903,kick,corpus,47.903,13.938,4092.19174,4092.19174,-16.18205,0.33411,0.33311,0.05622,0.01239,0.11121,0.15295,50.0,92.0,0.16573,0.673
corpus:056-user08200140031-untitled-1-1@27.109,kick,corpus,27.109,14.18667,4045.99251,4045.99251,-11.67274,0.31853,0.3504,0.05495,0.01328,0.11351,0.14934,54.0,92.0,0.18092,0.647
corpus:056-user08200140031-untitled-1-1@33.414,kick,corpus,33.414,10.38717,2543.45757,2543.45757,-35.29393,0.09309,0.58805,0.27825,0.00682,0.01546,0.01832,92.0,92.0,0.30844,0.64
corpus:056-user08200140031-untitled-1-1@61.092,kick,corpus,61.092,12.64762,4207.61802,4207.61802,-4.45854,0.32704,0.42395,0.01396,0.00784,0.09742,0.12979,66.0,92.0,0.18829,0.637
corpus:056-user08200140031-untitled-1-1@11.413,kick,corpus,11.413,9.04269,1841.95526,1841.95526,-24.79089,0.0711,0.59338,0.31492,0.00674,0.00651,0.00735,92.0,92.0,0.35106,0.633
corpus:056-user08200140031-untitled-1-1@27.4,kick,corpus,27.4,8.14566,1981.78764,1981.78764,-32.97035,0.06671,0.61229,0.29429,0.01063,0.00776,0.00832,92.0,92.0,0.42239,0.633
corpus:056-user08200140031-untitled-1-1@54.602,kick,corpus,54.602,7.59466,1938.77022,1938.77022,-26.47765,0.06686,0.61821,0.29061,0.00977,0.00626,0.0083,80.0,80.0,0.27919,0.623
corpus:056-user08200140031-untitled-1-1@3.111,kick,corpus,3.111,12.73051,4374.31599,4374.31599,-5.12629,0.31798,0.39538,0.03376,0.00705,0.10272,0.14312,50.0,92.0,0.15231,0.615
corpus:056-user08200140031-untitled-1-1@53.104,kick,corpus,53.104,13.9493,4221.86868,4221.86868,-20.89918,0.28146,0.40563,0.03031,0.02068,0.119,0.14293,80.0,80.0,0.15364,0.615
corpus:056-user08200140031-untitled-1-1@0.209,kick,corpus,0.209,9.11397,2156.12454,2156.12454,-26.10604,0.06872,0.63126,0.27346,0.01006,0.00786,0.00864,92.0,92.0,0.43376,0.612
corpus:056-user08200140031-untitled-1-1@7.906,kick,corpus,7.906,13.17562,3973.75771,4028.95453,0.62227,0.32839,0.36346,0.07627,0.00861,0.09655,0.12673,44.0,104.0,0.1746,0.608
corpus:056-user08200140031-untitled-1-1@14.315,kick,corpus,14.315,14.3577,4051.19201,4051.19201,-9.96457,0.29514,0.34924,0.08451,0.02322,0.10873,0.13915,48.0,92.0,0.10459,0.607
corpus:057-user34567443478-untitled-12-1@45.291,kick,corpus,45.291,7.74092,1999.14998,1999.14998,-53.62577,0.5099,0.35631,0.0779,0.03008,0.02102,0.0048,46.0,46.0,0.0,0.943
corpus:057-user34567443478-untitled-12-1@2.101,kick,corpus,2.101,7.25039,1764.54768,1764.54768,-23.93354,0.43236,0.47146,0.06982,0.01399,0.01025,0.00212,68.0,68.0,0.2958,0.916
corpus:057-user34567443478-untitled-12-1@9.288,kick,corpus,9.288,7.06127,1869.21646,1869.21646,-26.89162,0.42049,0.44487,0.09146,0.0163,0.02192,0.00496,80.0,80.0,0.38425,0.906
corpus:057-user34567443478-untitled-12-1@33.274,kick,corpus,33.274,7.60213,2407.73306,2407.73306,-31.58096,0.37688,0.42781,0.10238,0.04001,0.04393,0.009,68.0,68.0,0.27983,0.86
corpus:057-user34567443478-untitled-12-1@26.053,kick,corpus,26.053,6.40465,1473.92267,1473.92267,-6.67794,0.36924,0.49258,0.10806,0.02034,0.00804,0.00173,24.0,92.0,0.44361,0.843
corpus:057-user34567443478-untitled-12-1@21.281,kick,corpus,21.281,7.98921,2113.33669,2113.33669,-7.45036,0.36565,0.46218,0.11103,0.03025,0.02623,0.00465,80.0,80.0,0.42986,0.817
corpus:057-user34567443478-untitled-12-1@38.069,kick,corpus,38.069,8.80764,2127.24526,2127.24526,1.89634,0.39237,0.42351,0.11643,0.02533,0.03597,0.00638,52.0,92.0,0.43758,0.753
corpus:057-user34567443478-untitled-12-1@18.762,hook,corpus,18.762,11.1802,3002.24133,3626.43643,-9.49174,0.01258,0.01225,0.16555,0.22814,0.50047,0.08101,106.0,196.0,0.44492,0.749
corpus:057-user34567443478-untitled-12-1@19.958,hook,corpus,19.958,10.30297,3428.97212,3490.47879,-3.98231,0.01089,0.00593,0.11655,0.28798,0.51056,0.0681,116.0,116.0,0.38363,0.743
corpus:057-user34567443478-untitled-12-1@40.461,kick,corpus,40.461,7.65202,2436.7361,2403.62104,-7.583,0.33747,0.44349,0.11407,0.05469,0.04329,0.00699,104.0,104.0,0.53136,0.731
corpus:057-user34567443478-untitled-12-1@11.482,hook,corpus,11.482,12.68666,3993.82798,3993.82798,2.61348,0.01302,0.07125,0.09166,0.07186,0.59534,0.15688,80.0,80.0,0.13597,0.714
corpus:057-user34567443478-untitled-12-1@27.074,hook,corpus,27.074,11.24747,4246.97058,4246.97058,6.46021,0.01461,0.02251,0.08393,0.15083,0.6005,0.12763,80.0,80.0,0.10629,0.712
corpus:057-user34567443478-untitled-12-1@16.962,space,corpus,16.962,14.14049,3810.62319,3772.76084,7.50062,0.00548,0.04409,0.09448,0.05871,0.76083,0.03641,104.0,104.0,0.92347,0.692
corpus:057-user34567443478-untitled-12-1@15.755,space,corpus,15.755,13.11887,3762.39057,3644.99889,9.19301,0.00583,0.01265,0.04309,0.06438,0.78778,0.08628,128.0,128.0,0.92814,0.687
corpus:057-user34567443478-untitled-12-1@44.06,kick,corpus,44.06,6.34655,2161.74076,2161.74076,-7.43087,0.23916,0.43156,0.27253,0.04153,0.01116,0.00406,26.0,92.0,0.44219,0.687
corpus:057-user34567443478-untitled-12-1@42.469,kick,corpus,42.469,5.88029,2013.19133,2013.19133,-12.17798,0.2181,0.41364,0.2713,0.06844,0.02216,0.00637,80.0,80.0,0.42449,0.658
corpus:057-user34567443478-untitled-12-1@11.366,space,corpus,11.366,11.16432,3321.61466,3197.72669,22.23797,0.03089,0.09385,0.4419,0.06278,0.30948,0.06109,116.0,116.0,0.45401,0.657
corpus:057-user34567443478-untitled-12-1@39.277,kick,corpus,39.277,7.64547,1985.78765,1985.78765,-14.71689,0.19888,0.39994,0.30238,0.06686,0.02559,0.00635,80.0,80.0,0.36962,0.651
corpus:057-user34567443478-untitled-12-1@2.763,kick,corpus,2.763,8.16695,1848.00035,2559.21964,-15.01541,0.22734,0.54271,0.13936,0.0366,0.04414,0.00985,166.0,196.0,0.68993,0.638
corpus:057-user34567443478-untitled-12-1@13.955,hook,corpus,13.955,11.92663,2478.94283,2603.79731,-3.54379,0.05617,0.09946,0.42862,0.29593,0.11157,0.00825,138.0,138.0,0.56305,0.631
corpus:057-user34567443478-untitled-12-1@12.55,space,corpus,12.55,15.91062,3613.08212,3249.15018,6.32469,0.0114,0.02209,0.1425,0.07905,0.68367,0.06129,96.0,220.0,0.8845,0.63
corpus:058-user11000044425-segment-shuffler@32.461,kick,corpus,32.461,7.99962,2419.48964,2419.48964,-37.04332,0.45344,0.49541,0.02446,0.00038,0.00641,0.01991,18.0,68.0,0.04125,0.924
corpus:058-user11000044425-segment-shuffler@15.441,space,corpus,15.441,16.96111,3902.91729,3744.22251,41.32602,0.06744,0.31792,0.01991,0.00392,0.36878,0.22204,104.0,104.0,0.7164,0.922
corpus:058-user11000044425-segment-shuffler@25.507,space,corpus,25.507,15.89333,4149.47064,3898.44203,40.92788,0.08554,0.29002,0.04956,0.01008,0.32602,0.23877,104.0,104.0,0.89742,0.92
corpus:058-user11000044425-segment-shuffler@61.858,space,corpus,61.858,16.78375,4383.99001,4252.73271,32.29876,0.13365,0.16022,0.03807,0.01143,0.38506,0.27157,104.0,104.0,0.7977,0.915
corpus:058-user11000044425-segment-shuffler@43.41,kick,corpus,43.41,9.69519,2354.23673,2354.23673,-31.18427,0.43521,0.44113,0.0835,0.00179,0.01026,0.02811,66.0,80.0,0.22801,0.909
corpus:058-user11000044425-segment-shuffler@10.995,kick,corpus,10.995,10.22181,1981.34469,1981.34469,-32.89227,0.37987,0.5344,0.05439,0.00195,0.00885,0.02053,54.0,92.0,0.19069,0.896
corpus:058-user11000044425-segment-shuffler@28.584,space,corpus,28.584,16.4444,4605.50917,4605.50917,28.8989,0.07839,0.26387,0.01428,0.003,0.36832,0.27214,92.0,92.0,0.6089,0.893
corpus:058-user11000044425-segment-shuffler@32.891,kick,corpus,32.891,10.07428,2289.36895,2289.36895,-22.87416,0.39762,0.53862,0.03687,0.0013,0.0062,0.0194,60.0,80.0,0.11438,0.892
corpus:058-user11000044425-segment-shuffler@3.111,kick,corpus,3.111,10.05472,2157.85379,2157.85379,-26.38304,0.37086,0.57788,0.02952,0.00132,0.00579,0.01464,32.0,80.0,0.05585,0.886
corpus:058-user11000044425-segment-shuffler@32.009,kick,corpus,32.009,9.46251,2189.89956,2189.89956,-25.23651,0.37005,0.58414,0.02699,0.00149,0.00488,0.01245,12.0,80.0,0.12845,0.885
corpus:058-user11000044425-segment-shuffler@14.06,kick,corpus,14.06,9.40358,1937.15303,1937.15303,-15.5077,0.38358,0.55953,0.03471,0.00069,0.00646,0.01503,56.0,92.0,0.08005,0.884
corpus:058-user11000044425-segment-shuffler@9.242,kick,corpus,9.242,8.97683,2470.366,2470.366,-10.02482,0.4135,0.48175,0.07578,0.00156,0.0069,0.0205,36.0,68.0,0.1547,0.879
corpus:058-user11000044425-segment-shuffler@0.046,kick,corpus,0.046,8.74392,2296.90187,2296.90187,-32.73037,0.34495,0.57808,0.05373,0.00264,0.00563,0.01496,28.0,68.0,0.10873,0.876
corpus:058-user11000044425-segment-shuffler@35.956,kick,corpus,35.956,11.50632,2249.87124,2249.87124,-23.50372,0.36433,0.58106,0.02874,0.0023,0.00654,0.01703,34.0,92.0,0.11951,0.875
corpus:058-user11000044425-segment-shuffler@31.579,kick,corpus,31.579,7.63347,2554.67164,2554.67164,-19.183,0.37353,0.5676,0.03594,0.00186,0.00596,0.0151,60.0,68.0,0.08842,0.872
corpus:058-user11000044425-segment-shuffler@45.592,kick,corpus,45.592,10.29895,2038.85653,2038.85653,-16.7005,0.36192,0.57903,0.03517,0.00048,0.0058,0.0176,52.0,92.0,0.08315,0.87
corpus:058-user11000044425-segment-shuffler@25.995,hook,corpus,25.995,17.46462,5260.61304,5260.61304,-4.16526,0.041,0.13675,0.02025,0.00724,0.46921,0.32554,80.0,80.0,0.10323,0.746
corpus:058-user11000044425-segment-shuffler@26.97,hook,corpus,26.97,11.70573,2856.65166,2856.65166,-11.49503,0.04582,0.49317,0.22415,0.18775,0.03311,0.01601,58.0,58.0,0.12828,0.737
corpus:058-user11000044425-segment-shuffler@61.022,hook,corpus,61.022,15.99828,5021.53656,5021.53656,-4.09383,0.06725,0.1947,0.03269,0.02153,0.41135,0.27248,58.0,58.0,0.05354,0.729
corpus:058-user11000044425-segment-shuffler@46.568,hook,corpus,46.568,17.5622,4688.34536,4745.4708,-9.15338,0.05395,0.14396,0.09172,0.00905,0.41762,0.28369,66.0,116.0,0.20441,0.688
corpus:058-user11000044425-segment-shuffler@50.074,hook,corpus,50.074,18.74267,5285.01111,5248.39269,-0.68923,0.0801,0.04171,0.07697,0.00721,0.44548,0.34853,100.0,116.0,0.22459,0.68
corpus:058-user11000044425-segment-shuffler@60.581,hook,corpus,60.581,15.21779,4940.29178,4940.29178,-0.47705,0.06122,0.2969,0.0768,0.0064,0.3158,0.24288,80.0,80.0,0.17868,0.659
corpus:058-user11000044425-segment-shuffler@13.282,hook,corpus,13.282,17.17344,4942.24287,4974.35245,-4.95984,0.05142,0.16021,0.06517,0.00641,0.41787,0.29891,116.0,116.0,0.3133,0.658
corpus:058-user11000044425-segment-shuffler@29.489,hook,corpus,29.489,15.647,5049.828,5124.08314,-3.92002,0.08332,0.26839,0.02828,0.01087,0.36456,0.24459,104.0,104.0,0.17811,0.656
corpus:060-user55864367882-darkness@10.96,kick,corpus,10.96,8.83236,3030.54579,3763.58783,-12.24908,0.41491,0.50925,0.02183,0.00159,0.018,0.03441,94.0,208.0,0.51244,0.778
corpus:060-user55864367882-darkness@36.734,kick,corpus,36.734,8.32361,3147.61004,3849.87215,-12.97399,0.40224,0.51317,0.02949,0.00335,0.0177,0.03405,94.0,196.0,0.50498,0.772
corpus:060-user55864367882-darkness@3.402,kick,corpus,3.402,8.84413,3305.11731,3920.31683,-10.50747,0.41969,0.49682,0.02114,0.00419,0.02083,0.03734,128.0,208.0,0.48637,0.76
corpus:060-user55864367882-darkness@16.289,kick,corpus,16.289,8.95399,2955.20204,3856.2972,-12.3835,0.39792,0.52123,0.02596,0.00332,0.01853,0.03304,104.0,220.0,0.51111,0.757
corpus:060-user55864367882-darkness@39.404,kick,corpus,39.404,8.79717,3096.30194,3705.12137,-9.67447,0.41322,0.50762,0.02373,0.00308,0.01732,0.03502,94.0,208.0,0.50899,0.757
corpus:060-user55864367882-darkness@31.393,kick,corpus,31.393,8.3201,2925.11663,3566.81671,-9.72236,0.41871,0.50627,0.02218,0.00245,0.01811,0.03227,94.0,208.0,0.56002,0.756
corpus:060-user55864367882-darkness@45.174,kick,corpus,45.174,8.16973,3145.40372,3609.64167,-7.06574,0.43918,0.48869,0.01563,0.00234,0.02101,0.03314,94.0,186.0,0.52104,0.756
corpus:060-user55864367882-darkness@46.51,kick,corpus,46.51,8.59136,3219.66036,3871.02819,-10.63187,0.41064,0.51003,0.02438,0.00239,0.01892,0.03364,128.0,208.0,0.5215,0.751
corpus:060-user55864367882-darkness@48.298,kick,corpus,48.298,8.89143,3367.82097,4005.06147,-11.37263,0.3849,0.52416,0.02805,0.00309,0.02232,0.03748,132.0,196.0,0.44916,0.749
corpus:060-user55864367882-darkness@2.949,kick,corpus,2.949,8.15802,2980.88722,3591.42905,-9.07538,0.41757,0.50703,0.02361,0.0016,0.01813,0.03205,94.0,208.0,0.56376,0.745
corpus:060-user55864367882-darkness@15.848,kick,corpus,15.848,9.28566,3242.04048,3875.67659,-9.77659,0.41686,0.50343,0.01664,0.00256,0.02345,0.03706,94.0,220.0,0.50916,0.745
corpus:060-user55864367882-darkness@18.959,kick,corpus,18.959,8.8336,3333.917,3841.19157,-8.42604,0.41955,0.49451,0.02628,0.00224,0.02057,0.03685,126.0,196.0,0.49913,0.745
corpus:060-user55864367882-darkness@58.294,hook,corpus,58.294,13.19074,3208.33112,3662.1798,-8.32553,0.00318,0.05881,0.01539,0.5681,0.27943,0.07508,94.0,186.0,0.52149,0.711
corpus:060-user55864367882-darkness@57.4,hook,corpus,57.4,13.16882,3216.55945,3654.88918,-7.95345,0.00732,0.0925,0.01917,0.54777,0.25354,0.07969,94.0,186.0,0.53568,0.707
corpus:060-user55864367882-darkness@63.623,hook,corpus,63.623,13.35938,3240.30958,3791.31663,-8.96264,0.00355,0.05546,0.03427,0.55487,0.27537,0.07648,100.0,142.0,0.53235,0.698
corpus:060-user55864367882-darkness@56.506,hook,corpus,56.506,13.91248,3163.92163,3614.74398,-5.20129,0.00223,0.08736,0.03938,0.54706,0.23892,0.08506,68.0,208.0,0.61072,0.627
corpus:060-user55864367882-darkness@61.846,hook,corpus,61.846,12.77211,3431.0448,3642.56324,-2.49869,0.00287,0.07747,0.02285,0.56757,0.26058,0.06866,92.0,186.0,0.51113,0.617
corpus:061-user54875487546-expander@26.006,kick,corpus,26.006,4.78568,786.77481,1119.35888,-17.86714,0.57441,0.40731,0.01554,0.00233,0.00031,9e-05,104.0,104.0,0.51566,0.951
corpus:061-user54875487546-expander@23.382,kick,corpus,23.382,8.17574,1164.89409,1934.53517,-7.85602,0.58631,0.40648,0.00405,0.0008,0.00147,0.00089,134.0,244.0,0.50777,0.91
corpus:061-user54875487546-expander@20.236,kick,corpus,20.236,11.74165,630.29887,848.33885,-4.25046,0.59526,0.38249,0.00355,0.01472,0.00358,0.00041,164.0,208.0,0.53382,0.896
corpus:061-user54875487546-expander@30.604,kick,corpus,30.604,8.19302,1253.95323,1934.17717,-7.17195,0.58568,0.40646,0.00465,0.00047,0.00164,0.0011,74.0,208.0,0.55798,0.896
corpus:061-user54875487546-expander@22.489,kick,corpus,22.489,7.77275,1098.64638,1449.41203,-3.08229,0.59805,0.39386,0.00528,0.00188,0.00058,0.00034,56.0,196.0,0.50783,0.895
corpus:061-user54875487546-expander@31.974,kick,corpus,31.974,6.59944,876.6813,1032.22491,-2.75742,0.59052,0.40376,0.00447,0.00076,0.00032,0.00016,174.0,174.0,0.52926,0.891
corpus:061-user54875487546-expander@34.226,kick,corpus,34.226,7.57101,1429.58181,2108.89519,-6.98127,0.55657,0.42879,0.00957,0.00265,0.00152,0.0009,134.0,196.0,0.5349,0.889
corpus:061-user54875487546-expander@26.111,kick,corpus,26.111,8.21396,1219.81858,1243.83836,0.22944,0.60569,0.38772,0.0043,0.0005,0.00144,0.00034,104.0,208.0,0.47291,0.886
corpus:061-user54875487546-expander@27.016,kick,corpus,27.016,6.76037,1284.88757,1777.81801,-5.01313,0.56591,0.42298,0.00775,0.00172,0.00112,0.00052,174.0,196.0,0.53816,0.885
corpus:061-user54875487546-expander@25.658,kick,corpus,25.658,9.7623,1064.5645,1195.47619,-0.70475,0.57849,0.40596,0.00864,0.00355,0.00282,0.00054,104.0,232.0,0.47926,0.883
corpus:061-user54875487546-expander@9.183,hook,corpus,9.183,20.37028,1911.4177,2189.86002,-2.77312,0.0862,0.11967,0.19965,0.56489,0.01202,0.01757,28.0,186.0,0.11606,0.874
corpus:061-user54875487546-expander@5.573,hook,corpus,5.573,21.17084,1943.66343,2265.54732,-5.50323,0.03384,0.07734,0.19137,0.66149,0.01464,0.02133,18.0,104.0,0.06829,0.869
corpus:061-user54875487546-expander@29.269,kick,corpus,29.269,8.16829,1141.7228,1037.20037,-0.06962,0.58242,0.40394,0.00402,0.00569,0.0035,0.00044,124.0,232.0,0.50821,0.867
corpus:061-user54875487546-expander@28.363,kick,corpus,28.363,6.61245,1181.91754,1311.32043,0.43147,0.56728,0.42345,0.00639,0.00212,0.00049,0.00026,114.0,174.0,0.50139,0.863
corpus:061-user54875487546-expander@11.006,hook,corpus,11.006,21.444,1734.11771,2109.97871,-3.9546,0.01445,0.04896,0.22233,0.68698,0.00939,0.0179,18.0,140.0,0.05386,0.858
corpus:061-user54875487546-expander@6.478,hook,corpus,6.478,24.51117,1316.8314,2252.45773,-2.46922,0.01722,0.05596,0.21694,0.67689,0.01337,0.01962,18.0,124.0,0.08495,0.825
corpus:061-user54875487546-expander@11.889,hook,corpus,11.889,23.76625,1777.11793,2301.84911,-3.03092,0.01569,0.0554,0.21018,0.68524,0.01382,0.01967,18.0,126.0,0.09744,0.823
corpus:061-user54875487546-expander@5.143,hook,corpus,5.143,24.36007,1627.3382,1929.6111,0.15173,0.02212,0.07409,0.27997,0.59953,0.0112,0.01309,24.0,126.0,0.08066,0.822
corpus:061-user54875487546-expander@2.426,hook,corpus,2.426,24.08845,1520.71677,2074.88669,-0.26866,0.02913,0.06469,0.21745,0.65968,0.01046,0.01859,36.0,184.0,0.10737,0.82
corpus:061-user54875487546-expander@6.037,hook,corpus,6.037,24.25341,1634.53817,2050.53779,0.03624,0.02722,0.06499,0.22427,0.65465,0.01012,0.01877,18.0,184.0,0.10571,0.818
corpus:061-user54875487546-expander@8.684,clap,corpus,8.684,24.42373,2605.02479,2167.291,5.08316,0.00867,0.05336,0.21632,0.68809,0.01201,0.02154,24.0,124.0,0.99943,0.813
corpus:061-user54875487546-expander@17.705,clap,corpus,17.705,24.73539,2509.59361,2933.74548,0.66994,0.01487,0.04839,0.2657,0.6354,0.01221,0.02343,36.0,154.0,0.99988,0.711
corpus:061-user54875487546-expander@1.463,clap,corpus,1.463,24.26062,1931.06812,2654.72325,-3.15912,0.01232,0.05101,0.2115,0.69394,0.01147,0.01976,18.0,100.0,0.99988,0.71
corpus:061-user54875487546-expander@3.738,clap,corpus,3.738,24.26566,1752.79116,2382.21568,-1.82407,0.01695,0.05635,0.2079,0.68753,0.01155,0.01972,18.0,124.0,0.99303,0.703
corpus:061-user54875487546-expander@10.484,clap,corpus,10.484,24.73686,2415.55034,2559.09877,2.04962,0.01479,0.05974,0.25329,0.63658,0.01243,0.02317,18.0,198.0,0.9997,0.702
corpus:061-user54875487546-expander@8.243,clap,corpus,8.243,23.64853,1994.69398,2385.21724,-2.60939,0.01512,0.06109,0.20983,0.68161,0.01237,0.01999,24.0,116.0,0.99983,0.692
corpus:061-user54875487546-expander@1.927,clap,corpus,1.927,23.31913,2260.50351,2460.57318,-3.41219,0.01651,0.04446,0.20713,0.69556,0.01417,0.02217,24.0,104.0,0.99964,0.69
corpus:061-user54875487546-expander@0.128,clap,corpus,0.128,24.43723,1958.75954,2570.67882,-2.38956,0.01501,0.05519,0.22094,0.67705,0.01267,0.01914,18.0,142.0,0.99967,0.686
corpus:062-user88800903441-barada@19.447,kick,corpus,19.447,6.32229,927.18054,927.18054,-17.46023,0.77088,0.20647,0.01765,0.00459,0.00032,9e-05,80.0,80.0,0.31853,0.983
corpus:062-user88800903441-barada@15.952,kick,corpus,15.952,6.50618,1049.04426,1049.04426,-2.49466,0.76617,0.21293,0.0164,0.00413,0.00029,9e-05,92.0,92.0,0.43498,0.944
corpus:062-user88800903441-barada@52.071,kick,corpus,52.071,11.9734,2976.6756,3150.08394,-19.11983,0.71782,0.14964,0.05477,0.03231,0.0242,0.02125,60.0,116.0,0.50959,0.944
corpus:062-user88800903441-barada@22.953,kick,corpus,22.953,6.20758,1125.56254,1125.56254,5.49021,0.76746,0.21033,0.017,0.00469,0.0004,0.00012,92.0,92.0,0.38608,0.908
corpus:062-user88800903441-barada@4.644,space,corpus,4.644,9.93379,4634.02627,4650.99856,26.56304,0.55234,0.19033,0.01344,0.00157,0.05536,0.18696,104.0,104.0,0.5749,0.901
corpus:062-user88800903441-barada@50.991,kick,corpus,50.991,6.60886,692.32956,692.32956,5.36735,0.7846,0.20083,0.01197,0.00243,0.00015,3e-05,92.0,92.0,0.42508,0.894
corpus:062-user88800903441-barada@14.745,kick,corpus,14.745,12.72188,3493.67649,4590.92707,-18.27865,0.6278,0.19385,0.01146,0.00199,0.03918,0.12573,50.0,196.0,0.39409,0.867
corpus:062-user88800903441-barada@54.486,kick,corpus,54.486,6.646,1038.49891,800.94631,7.00958,0.75554,0.21638,0.02398,0.00365,0.00034,0.0001,104.0,104.0,0.43603,0.865
corpus:062-user88800903441-barada@62.485,kick,corpus,62.485,13.28392,3712.2846,4780.7588,-19.06645,0.61143,0.20954,0.00984,0.00289,0.04208,0.12422,68.0,208.0,0.37117,0.854
corpus:062-user88800903441-barada@13.433,kick,corpus,13.433,13.01839,3499.52813,4655.33155,-17.72968,0.61373,0.19878,0.01253,0.00178,0.04059,0.1326,60.0,208.0,0.38353,0.853
corpus:062-user88800903441-barada@7.732,kick,corpus,7.732,12.9186,3470.0902,4604.76125,-15.5684,0.62206,0.20593,0.01258,0.0026,0.03799,0.11885,62.0,208.0,0.46734,0.846
corpus:062-user88800903441-barada@16.939,kick,corpus,16.939,13.21825,3708.52638,4763.47236,-18.74496,0.60533,0.20479,0.01319,0.0029,0.0443,0.12949,72.0,208.0,0.38713,0.846
corpus:062-user88800903441-barada@20.445,kick,corpus,20.445,13.45036,3964.59563,4720.90721,-17.75769,0.5979,0.20822,0.01023,0.00161,0.04691,0.13515,68.0,196.0,0.36137,0.846
corpus:062-user88800903441-barada@51.943,space,corpus,51.943,11.22169,4128.59571,4209.14503,14.83168,0.59604,0.21573,0.00386,0.00071,0.04499,0.13867,72.0,128.0,0.68749,0.709
corpus:062-user88800903441-barada@3.773,space,corpus,3.773,10.80804,4318.67137,4444.81899,14.58423,0.5554,0.18965,0.00366,0.00163,0.05713,0.19254,116.0,116.0,0.53654,0.669
corpus:062-user88800903441-barada@53.824,hook,corpus,53.824,14.07791,4242.25916,4242.25916,-3.68555,0.22759,0.27551,0.08728,0.17772,0.13865,0.09325,68.0,68.0,0.06045,0.65
corpus:062-user88800903441-barada@18.889,space,corpus,18.889,11.91763,3176.1702,2129.25698,12.33353,0.37116,0.42746,0.10015,0.01377,0.02618,0.06129,108.0,400.0,0.78471,0.612
corpus:063-der-schwarze-adel-fuck-society@5.352,kick,corpus,5.352,10.40626,2158.12331,2158.12331,-33.75234,0.57728,0.36706,0.03602,0.00992,0.00629,0.00344,16.0,58.0,0.0099,0.96
corpus:063-der-schwarze-adel-fuck-society@9.787,kick,corpus,9.787,6.39902,836.46925,820.77406,-2.24386,0.53773,0.45236,0.00654,0.00291,0.00034,0.00012,62.0,162.0,0.48383,0.895
corpus:063-der-schwarze-adel-fuck-society@10.298,kick,corpus,10.298,8.30898,1897.17624,1897.17624,0.13156,0.4399,0.50663,0.02263,0.02734,0.00259,0.00092,58.0,58.0,0.14227,0.869
corpus:063-der-schwarze-adel-fuck-society@15.732,clap,corpus,15.732,16.76778,1415.03223,1530.4673,1.87036,0.00929,0.04849,0.01701,0.91676,0.00844,1e-05,74.0,220.0,0.99937,0.841
corpus:063-der-schwarze-adel-fuck-society@17.81,clap,corpus,17.81,17.62742,1187.5383,1551.25181,-0.10556,0.00727,0.04808,0.01964,0.90995,0.01498,8e-05,68.0,138.0,0.99906,0.841
corpus:063-der-schwarze-adel-fuck-society@17.38,clap,corpus,17.38,17.05851,1188.77454,1562.11923,-0.23555,0.00937,0.0496,0.0196,0.90749,0.01389,5e-05,52.0,150.0,0.99986,0.833
corpus:063-der-schwarze-adel-fuck-society@40.623,hook,corpus,40.623,18.75075,2822.0149,1724.00298,7.0572,0.01382,0.07798,0.44677,0.45152,0.00877,0.00114,44.0,400.0,0.08635,0.831
corpus:063-der-schwarze-adel-fuck-society@19.017,clap,corpus,19.017,17.70581,963.71092,1513.22046,-1.52738,0.00788,0.04127,0.01852,0.91753,0.01458,0.00021,64.0,140.0,0.99993,0.822
corpus:063-der-schwarze-adel-fuck-society@19.458,clap,corpus,19.458,17.26115,982.39156,1585.6612,-1.52438,0.00986,0.04782,0.0216,0.90618,0.01433,0.00021,58.0,134.0,0.99982,0.82
corpus:063-der-schwarze-adel-fuck-society@16.161,clap,corpus,16.161,17.32473,1353.36781,1509.91912,0.99816,0.0092,0.0495,0.02271,0.9079,0.01068,1e-05,56.0,146.0,0.88601,0.812
corpus:063-der-schwarze-adel-fuck-society@22.744,clap,corpus,22.744,17.8636,981.91861,1748.94077,-2.31081,0.00925,0.04633,0.03533,0.89389,0.01494,0.00026,70.0,132.0,0.99993,0.808
corpus:063-der-schwarze-adel-fuck-society@20.294,clap,corpus,20.294,17.81745,939.3651,1429.63748,-1.14292,0.00914,0.05458,0.04156,0.88048,0.01402,0.00021,66.0,156.0,0.99946,0.802
corpus:063-der-schwarze-adel-fuck-society@41.448,hook,corpus,41.448,18.19276,2095.48451,1223.28382,8.02242,0.01453,0.09186,0.45652,0.42932,0.00749,0.00028,38.0,270.0,0.08012,0.802
corpus:063-der-schwarze-adel-fuck-society@25.716,hook,corpus,25.716,17.54358,689.4025,1279.06757,-1.80586,0.02523,0.058,0.0285,0.87232,0.01565,0.0003,64.0,304.0,0.15987,0.801
corpus:063-der-schwarze-adel-fuck-society@27.376,hook,corpus,27.376,18.86479,740.09475,1099.50976,-0.83111,0.02165,0.05297,0.02491,0.88149,0.01861,0.00038,70.0,266.0,0.10175,0.801
corpus:063-der-schwarze-adel-fuck-society@27.794,hook,corpus,27.794,19.0957,687.14763,1257.23876,-0.7844,0.02114,0.05406,0.01497,0.8964,0.01311,0.00031,52.0,262.0,0.08166,0.797
corpus:063-der-schwarze-adel-fuck-society@24.067,hook,corpus,24.067,17.41693,711.45752,1182.42092,-0.60339,0.01789,0.0636,0.03219,0.87093,0.01513,0.00026,70.0,286.0,0.12134,0.794
corpus:063-der-schwarze-adel-fuck-society@24.485,hook,corpus,24.485,17.44789,698.25502,1243.15862,-1.04001,0.02232,0.06591,0.02739,0.87416,0.00994,0.00028,70.0,232.0,0.09805,0.792
corpus:063-der-schwarze-adel-fuck-society@42.272,hook,corpus,42.272,18.76101,1679.36228,973.74104,7.45314,0.01598,0.12327,0.4822,0.37234,0.00607,0.00014,40.0,172.0,0.07524,0.791
corpus:063-der-schwarze-adel-fuck-society@11.97,kick,corpus,11.97,11.58787,2380.33755,2380.33755,-15.7689,0.33541,0.52187,0.06576,0.06629,0.00754,0.00313,28.0,46.0,0.0,0.785
corpus:063-der-schwarze-adel-fuck-society@34.551,space,corpus,34.551,12.93094,4472.99459,3459.13904,12.63881,0.1803,0.16661,0.0142,0.03025,0.44424,0.1644,254.0,254.0,0.8788,0.77
corpus:063-der-schwarze-adel-fuck-society@8.649,kick,corpus,8.649,11.94244,2248.5628,2248.5628,-13.20008,0.32513,0.41865,0.0365,0.14024,0.07477,0.0047,38.0,80.0,0.02659,0.661
corpus:064-evade-nld25@39.242,space,corpus,39.242,9.37182,5728.73113,5728.73113,30.92056,0.33581,0.29725,0.0036,0.00171,0.02595,0.33569,80.0,80.0,0.28127,0.926
corpus:064-evade-nld25@42.423,space,corpus,42.423,10.03216,5678.08903,5678.08903,34.6383,0.30033,0.27824,0.00397,0.00113,0.02971,0.38662,80.0,80.0,0.23227,0.926
corpus:064-evade-nld25@35.654,space,corpus,35.654,11.88717,5694.28105,5667.10517,33.01469,0.29305,0.25883,0.0054,0.00163,0.02207,0.41902,104.0,104.0,0.297,0.921
corpus:064-evade-nld25@53.812,space,corpus,53.812,10.57492,3887.93179,5070.29124,2.53587,0.38333,0.5023,0.06513,0.00379,0.02454,0.02092,144.0,400.0,0.99831,0.903
corpus:064-evade-nld25@5.979,hat,corpus,5.979,16.41735,6903.4402,7448.91354,-6.55202,0.0,0.0,7e-05,0.00015,0.05791,0.94186,82.0,136.0,0.79804,0.874
corpus:064-evade-nld25@8.127,hat,corpus,8.127,12.99166,7557.33944,7663.4752,0.02537,1e-05,1e-05,1e-05,6e-05,0.04726,0.95265,90.0,400.0,0.88546,0.844
corpus:064-evade-nld25@12.33,hat,corpus,12.33,16.34435,7227.49605,7411.7758,-1.89596,0.0,1e-05,2e-05,0.00036,0.0612,0.93841,86.0,400.0,0.81024,0.842
corpus:064-evade-nld25@9.137,hat,corpus,9.137,15.67678,7297.7595,7316.27929,-0.49985,1e-05,1e-05,3e-05,0.00025,0.05684,0.94287,88.0,400.0,0.85291,0.838
corpus:064-evade-nld25@12.829,hat,corpus,12.829,15.66745,7209.66145,7410.15349,-2.27193,0.0,0.0,1e-05,0.00095,0.07718,0.92186,92.0,278.0,0.80214,0.833
corpus:064-evade-nld25@11.32,hat,corpus,11.32,13.75964,7502.71563,7613.94727,-0.01779,1e-05,1e-05,1e-05,0.00017,0.05346,0.94634,92.0,400.0,0.82906,0.831
corpus:064-evade-nld25@49.47,hat,corpus,49.47,13.95955,7488.43107,7604.67659,-0.01769,0.0,0.0,5e-05,0.00019,0.05162,0.94813,400.0,400.0,0.81773,0.83
corpus:064-evade-nld25@8.719,hat,corpus,8.719,18.11529,7309.36883,7390.20696,-0.40835,1e-05,0.0,2e-05,0.01211,0.04845,0.93941,96.0,340.0,0.81197,0.828
corpus:064-evade-nld25@46.196,hat,corpus,46.196,13.50403,7514.36208,7537.58286,0.10379,1e-05,1e-05,4e-05,6e-05,0.04903,0.95086,70.0,400.0,0.79172,0.825
corpus:064-evade-nld25@48.669,hat,corpus,48.669,14.12578,7427.1198,7530.60244,-0.32841,0.0,0.0,1e-05,0.00017,0.06195,0.93786,76.0,400.0,0.78763,0.82
corpus:064-evade-nld25@6.734,hat,corpus,6.734,15.65318,7310.5807,6881.2093,2.69638,0.0,0.0,2e-05,4e-05,0.04421,0.95573,174.0,324.0,0.92626,0.819
corpus:064-evade-nld25@7.349,hat,corpus,7.349,13.78407,7462.21015,7522.56594,-0.11973,1e-05,1e-05,2e-05,9e-05,0.0596,0.94027,78.0,400.0,0.78492,0.818
corpus:064-evade-nld25@24.834,kick,corpus,24.834,11.29278,3765.10472,4697.66581,-14.43649,0.49534,0.40282,0.00819,0.00064,0.00475,0.08826,110.0,186.0,0.35974,0.806
corpus:064-evade-nld25@28.026,kick,corpus,28.026,10.93464,3802.15591,4814.14434,-25.51299,0.48787,0.38873,0.00561,8e-05,0.00415,0.11356,90.0,162.0,0.32956,0.805
corpus:064-evade-nld25@21.653,kick,corpus,21.653,11.13422,3751.39773,4634.54434,-14.67405,0.47458,0.42422,0.01025,0.00204,0.00482,0.0841,110.0,196.0,0.36834,0.793
corpus:064-evade-nld25@19.865,kick,corpus,19.865,5.69211,1566.64065,2676.67187,-21.55885,0.37573,0.52193,0.09664,0.00306,0.00011,0.00254,208.0,208.0,0.83641,0.787
corpus:064-evade-nld25@43.909,kick,corpus,43.909,10.20371,4158.68726,4796.78624,-15.12073,0.46287,0.43206,0.00873,0.00302,0.00435,0.08897,100.0,162.0,0.33738,0.786
corpus:064-evade-nld25@62.984,kick,corpus,62.984,10.34306,3799.59074,4872.85531,-19.49532,0.46134,0.42415,0.01003,0.00339,0.00468,0.09641,90.0,186.0,0.31286,0.786
corpus:064-evade-nld25@18.483,kick,corpus,18.483,11.75638,3630.64639,4827.31893,-18.63516,0.4591,0.42482,0.00885,0.00218,0.00555,0.0995,92.0,196.0,0.33642,0.779
corpus:064-evade-nld25@3.982,kick,corpus,3.982,5.39591,1136.24789,2026.26887,-10.78132,0.38499,0.5225,0.08756,0.00229,0.0003,0.00235,130.0,208.0,0.73269,0.776
corpus:064-evade-nld25@47.09,kick,corpus,47.09,11.7226,3594.80242,4880.85561,-18.34585,0.46401,0.41265,0.00939,0.00301,0.00466,0.10629,110.0,208.0,0.32443,0.773
corpus:064-evade-nld25@31.196,kick,corpus,31.196,10.29072,4128.91249,4894.62492,-16.30029,0.4552,0.42614,0.00835,0.00249,0.00596,0.10186,100.0,162.0,0.3316,0.772
corpus:064-evade-nld25@32.578,kick,corpus,32.578,5.26398,1898.85502,2717.64804,-18.92273,0.3626,0.53357,0.09668,0.00346,0.00042,0.00327,174.0,174.0,0.83133,0.768
corpus:064-evade-nld25@26.215,kick,corpus,26.215,6.04418,1918.89882,3292.07872,-24.29365,0.3754,0.52709,0.09182,0.00238,0.00028,0.00304,196.0,196.0,0.85364,0.766
corpus:064-evade-nld25@0.174,clap,corpus,0.174,15.87418,3508.43246,3213.4244,8.08246,0.00693,0.00719,0.00521,0.5923,0.32746,0.06091,68.0,186.0,0.91974,0.725
corpus:064-evade-nld25@30.894,hook,corpus,30.894,13.8708,5335.17222,5335.17222,3.40362,2e-05,0.00036,0.28081,0.01981,0.43611,0.26289,62.0,92.0,0.13016,0.712
corpus:064-evade-nld25@40.124,hook,corpus,40.124,18.96238,5794.47221,5642.72639,-1.0225,0.00028,0.00092,0.27817,0.01918,0.42598,0.27547,56.0,136.0,0.25444,0.683
corpus:064-evade-nld25@5.283,hook,corpus,5.283,12.91777,5249.61965,5249.61965,11.59808,2e-05,0.0006,0.27548,0.02372,0.41714,0.28304,68.0,80.0,0.04812,0.669
corpus:064-evade-nld25@5.155,hook,corpus,5.155,15.34576,5538.56941,5540.43786,-7.22152,0.00018,0.00109,0.26636,0.01909,0.46632,0.24695,60.0,128.0,0.34726,0.664
corpus:064-evade-nld25@22.43,clap,corpus,22.43,16.73603,4628.49531,4281.93009,6.16442,0.00831,0.01123,0.01486,0.61658,0.25789,0.09112,114.0,220.0,0.8205,0.657
corpus:064-evade-nld25@33.89,hook,corpus,33.89,16.29048,5513.21715,5170.7772,11.01507,3e-05,0.00016,0.25931,0.02396,0.46348,0.25305,70.0,130.0,0.06644,0.642
corpus:064-evade-nld25@62.276,hook,corpus,62.276,19.99874,6413.47231,5506.52783,1.48434,0.00013,0.00264,0.25396,0.01627,0.45732,0.26968,56.0,210.0,0.2956,0.623
corpus:064-evade-nld25@8.661,hook,corpus,8.661,10.98869,7697.57218,7697.57218,6.07153,0.0,0.0,0.0,9e-05,0.03934,0.96056,58.0,58.0,0.02448,0.62
corpus:064-evade-nld25@28.317,hook,corpus,28.317,13.41635,5458.10912,5458.10912,7.97926,0.00071,0.001,0.28444,0.0167,0.46783,0.22932,92.0,92.0,0.111,0.619
corpus:067-user10000667856-the-heart-of-africa@32.264,kick,corpus,32.264,7.83967,2656.9674,2656.9674,-6.42375,0.76222,0.22397,0.00253,0.00193,0.00612,0.00323,32.0,92.0,0.51911,0.93
corpus:067-user10000667856-the-heart-of-africa@63.797,kick,corpus,63.797,7.89369,2755.8904,2755.8904,-6.55868,0.76059,0.22305,0.00334,0.00222,0.00736,0.00344,32.0,92.0,0.52217,0.928
corpus:067-user10000667856-the-heart-of-africa@14.745,kick,corpus,14.745,7.40272,2429.57109,2429.57109,-0.90308,0.74733,0.23908,0.00313,0.00221,0.00586,0.0024,18.0,92.0,0.45643,0.914
corpus:067-user10000667856-the-heart-of-africa@41.889,kick,corpus,41.889,7.80714,3047.70615,2997.17541,-7.01968,0.74298,0.23425,0.0054,0.00324,0.00836,0.00576,32.0,104.0,0.69482,0.846
corpus:067-user10000667856-the-heart-of-africa@1.707,hook,corpus,1.707,12.61362,4174.8236,4174.8236,-0.77806,0.00784,0.04033,0.02255,0.35006,0.42462,0.1546,68.0,68.0,0.12924,0.84
corpus:067-user10000667856-the-heart-of-africa@56.784,kick,corpus,56.784,7.55597,2599.72757,2599.72757,0.22783,0.74103,0.24424,0.00291,0.00229,0.00659,0.00294,18.0,92.0,0.61082,0.807
corpus:067-user10000667856-the-heart-of-africa@4.331,hook,corpus,4.331,14.08364,4207.32675,4186.42317,2.02632,0.00651,0.06617,0.0425,0.30044,0.43863,0.14575,104.0,104.0,0.23154,0.768
corpus:067-user10000667856-the-heart-of-africa@4.435,hook,corpus,4.435,12.47338,4092.36915,4092.36915,-7.6755,0.01157,0.14746,0.10017,0.1568,0.45144,0.13256,80.0,80.0,0.27402,0.766
corpus:067-user10000667856-the-heart-of-africa@0.824,hook,corpus,0.824,14.51447,4207.20592,4119.94424,4.27062,0.00578,0.06205,0.03673,0.32239,0.43615,0.13691,104.0,104.0,0.23298,0.732
corpus:067-user10000667856-the-heart-of-africa@0.929,hook,corpus,0.929,11.56268,4262.70366,4262.70366,-1.5301,0.00707,0.13488,0.10864,0.15891,0.45429,0.13619,80.0,80.0,0.28807,0.728
corpus:067-user10000667856-the-heart-of-africa@7.941,hook,corpus,7.941,12.18598,4212.77943,4247.76317,-5.98761,0.01391,0.1634,0.13607,0.13199,0.42148,0.13315,104.0,104.0,0.31557,0.728
corpus:067-user10000667856-the-heart-of-africa@3.448,hook,corpus,3.448,15.91975,4156.53696,4174.31784,4.52159,0.01005,0.05563,0.03878,0.31846,0.42378,0.1533,104.0,104.0,0.25163,0.727
corpus:067-user10000667856-the-heart-of-africa@32.148,kick,corpus,32.148,7.90612,2431.66391,2517.14404,-18.01177,0.23217,0.62506,0.11599,0.00722,0.01292,0.00665,12.0,116.0,0.67476,0.727
corpus:067-user10000667856-the-heart-of-africa@17.589,hook,corpus,17.589,12.02441,4059.05451,4059.05451,-1.14083,0.02319,0.15905,0.25787,0.10098,0.32882,0.13008,68.0,68.0,0.16139,0.726
corpus:067-user10000667856-the-heart-of-africa@39.265,kick,corpus,39.265,8.08566,2637.05287,2563.13689,1.95539,0.74795,0.23736,0.00253,0.00227,0.00658,0.0033,38.0,104.0,0.6595,0.724
corpus:067-user10000667856-the-heart-of-africa@63.681,kick,corpus,63.681,7.79867,2589.26638,2655.9978,-16.61102,0.22864,0.61549,0.12339,0.00863,0.01598,0.00787,12.0,116.0,0.66879,0.708
corpus:067-user10000667856-the-heart-of-africa@41.784,kick,corpus,41.784,7.6607,2988.22112,2989.67447,-15.86867,0.23203,0.63799,0.09579,0.00688,0.01629,0.01102,104.0,104.0,0.66164,0.693
corpus:067-user10000667856-the-heart-of-africa@38.383,kick,corpus,38.383,8.3264,2660.01978,2589.26171,-2.01357,0.74116,0.23826,0.00732,0.00342,0.00622,0.00362,30.0,116.0,0.7646,0.692
corpus:067-user10000667856-the-heart-of-africa@24.346,kick,corpus,24.346,7.28744,2234.24454,2122.0018,4.57067,0.64448,0.34008,0.00681,0.00248,0.00404,0.00211,14.0,128.0,0.62297,0.69
corpus:067-user10000667856-the-heart-of-africa@14.629,kick,corpus,14.629,7.72396,2390.72895,2472.37032,-14.67784,0.22732,0.65477,0.09273,0.00703,0.01226,0.00589,12.0,116.0,0.75726,0.683
corpus:068-user04374532748-acid-hell@34.075,kick,corpus,34.075,3.45909,1714.18717,1918.95331,-19.6781,0.42732,0.50822,0.05689,0.00166,0.00521,0.0007,104.0,104.0,0.6068,0.895
corpus:068-user04374532748-acid-hell@32.287,kick,corpus,32.287,4.21436,2002.6713,2259.42494,-24.55518,0.45252,0.47731,0.05875,0.00164,0.00888,0.0009,116.0,116.0,0.6877,0.894
corpus:068-user04374532748-acid-hell@29.605,kick,corpus,29.605,3.40016,2140.62757,2216.74947,-15.25507,0.4713,0.47665,0.04486,0.00244,0.00317,0.00157,104.0,104.0,0.63276,0.888
corpus:068-user04374532748-acid-hell@35.863,kick,corpus,35.863,3.68932,1395.0318,1718.2338,-16.09389,0.44437,0.48785,0.06243,0.00295,0.00211,0.00028,116.0,116.0,0.68962,0.878
corpus:068-user04374532748-acid-hell@28.7,kick,corpus,28.7,4.08321,2097.81325,2603.75706,-20.75504,0.41721,0.49863,0.06316,0.00346,0.01556,0.00198,116.0,116.0,0.62263,0.872
corpus:068-user04374532748-acid-hell@30.499,kick,corpus,30.499,4.21155,2548.95427,2610.80543,-14.40571,0.45164,0.47014,0.04585,0.00346,0.02676,0.00214,104.0,104.0,0.64561,0.862
corpus:068-user04374532748-acid-hell@26.912,kick,corpus,26.912,3.87318,2283.91052,2487.02654,-13.75363,0.42659,0.50143,0.05135,0.00478,0.01351,0.00234,116.0,116.0,0.62442,0.854
corpus:068-user04374532748-acid-hell@24.23,kick,corpus,24.23,3.16678,2032.71206,1996.10762,-9.35177,0.42919,0.5145,0.05047,0.00287,0.00149,0.00148,104.0,104.0,0.59974,0.853
corpus:068-user04374532748-acid-hell@26.018,kick,corpus,26.018,3.11993,1962.22272,1958.48004,-9.23603,0.40481,0.52574,0.06293,0.00298,0.00235,0.00119,104.0,104.0,0.57546,0.849
corpus:068-user04374532748-acid-hell@31.393,kick,corpus,31.393,3.98188,2105.24343,1978.32772,-10.7767,0.43722,0.49932,0.05425,0.00319,0.00509,0.00093,104.0,104.0,0.66067,0.847
corpus:068-user04374532748-acid-hell@43.027,kick,corpus,43.027,3.33039,1564.76499,1750.60853,-11.57356,0.41901,0.5074,0.06335,0.00462,0.00535,0.00027,116.0,116.0,0.66659,0.847
corpus:068-user04374532748-acid-hell@36.537,kick,corpus,36.537,5.32925,879.75534,1086.50134,-12.44638,0.39587,0.55625,0.04608,0.00136,0.00036,8e-05,104.0,104.0,0.70829,0.846
corpus:068-user04374532748-acid-hell@12.005,space,corpus,12.005,7.04922,3914.57255,3871.15439,2.28196,0.23001,0.52933,0.07602,0.02231,0.07933,0.06301,400.0,400.0,0.90927,0.776
corpus:068-user04374532748-acid-hell@4.841,space,corpus,4.841,7.72636,3916.92662,3927.57819,2.14488,0.22875,0.51762,0.07989,0.02383,0.08573,0.06418,400.0,400.0,0.88562,0.771
corpus:068-user04374532748-acid-hell@10.217,space,corpus,10.217,7.81503,3928.88743,3834.45111,2.18365,0.22805,0.52089,0.07853,0.0228,0.08615,0.06358,400.0,400.0,0.89571,0.764
corpus:068-user04374532748-acid-hell@0.813,space,corpus,0.813,6.9336,3976.21906,3592.37048,3.04854,0.2184,0.54695,0.08466,0.01607,0.07634,0.05759,400.0,400.0,0.90983,0.76
corpus:068-user04374532748-acid-hell@46.045,hook,corpus,46.045,11.80247,2128.00631,2409.08111,-5.75656,0.13565,0.27323,0.13176,0.3746,0.07846,0.0063,232.0,232.0,0.63618,0.653
corpus:068-user04374532748-acid-hell@47.833,hook,corpus,47.833,11.63194,1654.67276,1923.22481,-3.52621,0.13931,0.29614,0.13493,0.39199,0.03552,0.00212,56.0,232.0,0.64444,0.642
corpus:068-user04374532748-acid-hell@46.939,hook,corpus,46.939,11.7702,1897.01079,2188.83085,-4.57537,0.13901,0.28922,0.11861,0.39037,0.0588,0.00399,232.0,232.0,0.65253,0.641
corpus:068-user04374532748-acid-hell@63.959,hook,corpus,63.959,7.3808,3095.87694,3095.87694,-15.45274,0.1689,0.17713,0.27042,0.18003,0.17167,0.03184,40.0,40.0,0.0,0.623
corpus:068-user04374532748-acid-hell@46.44,hook,corpus,46.44,11.52039,2040.9016,2494.12992,-11.62478,0.09643,0.21718,0.14199,0.4955,0.04237,0.00654,174.0,174.0,0.8204,0.606
corpus:069-user77856934351-alante@23.313,kick,corpus,23.313,7.1132,959.56334,908.81676,-6.3996,0.59054,0.39427,0.01124,0.00189,0.002,5e-05,16.0,116.0,0.42292,0.941
corpus:069-user77856934351-alante@30.476,kick,corpus,30.476,7.23047,1161.63853,1065.42368,-2.68696,0.58594,0.39751,0.01232,0.00219,0.00196,8e-05,38.0,116.0,0.42157,0.925
corpus:069-user77856934351-alante@55.554,kick,corpus,55.554,7.22007,1022.45213,1147.53192,-1.37099,0.58976,0.39236,0.01149,0.00438,0.00196,6e-05,26.0,116.0,0.42675,0.916
corpus:069-user77856934351-alante@12.132,kick,corpus,12.132,12.25488,1640.98093,2226.72875,-7.93755,0.58639,0.34592,0.01957,0.02739,0.01507,0.00565,38.0,220.0,0.40172,0.912
corpus:069-user77856934351-alante@4.969,kick,corpus,4.969,12.40876,1673.2795,2241.11388,-7.22653,0.59455,0.34049,0.01458,0.02885,0.0156,0.00593,32.0,220.0,0.39882,0.911
corpus:069-user77856934351-alante@48.483,kick,corpus,48.483,7.37604,2017.46263,1961.88664,-8.86648,0.4846,0.47282,0.02232,0.00759,0.01166,0.00101,18.0,104.0,0.38098,0.909
corpus:069-user77856934351-alante@16.614,kick,corpus,16.614,11.26246,1540.97071,2080.08134,-7.68774,0.58854,0.355,0.01082,0.02542,0.01434,0.00588,98.0,220.0,0.46665,0.905
corpus:069-user77856934351-alante@15.72,kick,corpus,15.72,12.25277,1777.05838,2190.36636,-4.07395,0.59408,0.3367,0.01917,0.02814,0.01614,0.00577,98.0,208.0,0.36801,0.904
corpus:069-user77856934351-alante@13.026,kick,corpus,13.026,10.95959,1598.91873,2141.30888,-8.51533,0.55342,0.38119,0.02046,0.02622,0.01315,0.00555,60.0,220.0,0.45651,0.897
corpus:069-user77856934351-alante@23.429,kick,corpus,23.429,7.27584,2184.65458,2184.65458,-22.50694,0.40796,0.5468,0.01989,0.00603,0.01788,0.00145,80.0,80.0,0.48725,0.895
corpus:069-user77856934351-alante@8.545,kick,corpus,8.545,12.02168,1696.46357,2061.71773,-2.41313,0.59303,0.34729,0.01463,0.02554,0.01412,0.00539,32.0,220.0,0.38525,0.894
corpus:069-user77856934351-alante@9.451,kick,corpus,9.451,11.55103,1688.10189,2169.94866,-6.06156,0.58322,0.35739,0.01315,0.02591,0.01435,0.00598,62.0,208.0,0.46195,0.894
corpus:069-user77856934351-alante@58.468,hook,corpus,58.468,16.38911,1886.37222,2447.54731,-0.83136,0.07884,0.24934,0.17203,0.3424,0.14409,0.01329,68.0,400.0,0.4585,0.724
corpus:069-user77856934351-alante@60.267,hook,corpus,60.267,15.65807,1849.03338,2533.2637,-1.33801,0.09042,0.26681,0.17015,0.3259,0.13406,0.01266,134.0,400.0,0.48159,0.702
corpus:069-user77856934351-alante@61.15,hook,corpus,61.15,17.57779,2665.00552,3102.57928,-1.59097,0.07347,0.21772,0.1438,0.3582,0.17622,0.03059,112.0,400.0,0.50807,0.689
corpus:069-user77856934351-alante@63.82,hook,corpus,63.82,14.6228,2120.65365,2739.42974,-8.56027,0.04726,0.23788,0.14772,0.38536,0.16634,0.01543,120.0,180.0,0.63023,0.686
corpus:069-user77856934351-alante@59.35,hook,corpus,59.35,16.83767,1862.61039,2547.59919,-1.59343,0.0848,0.2647,0.16877,0.33191,0.13716,0.01266,102.0,400.0,0.60293,0.628
corpus:072-user55454557544-rolling-knarz@13.909,kick,corpus,13.909,3.84408,1468.42579,1468.42579,-15.18114,0.65819,0.31344,0.0202,0.00547,0.00241,0.0003,80.0,80.0,0.34091,0.968
corpus:072-user55454557544-rolling-knarz@48.832,space,corpus,48.832,7.45369,5070.95054,4510.44747,40.2591,0.55155,0.23061,0.01141,0.00517,0.0496,0.15166,128.0,128.0,0.28662,0.965
corpus:072-user55454557544-rolling-knarz@17.438,kick,corpus,17.438,3.92182,1568.18446,1568.18446,-10.0791,0.65729,0.31344,0.021,0.0054,0.00255,0.00031,80.0,80.0,0.34431,0.962
corpus:072-user55454557544-rolling-knarz@15.673,kick,corpus,15.673,3.85856,1863.73744,1863.73744,-9.12348,0.63312,0.33988,0.0165,0.00614,0.00359,0.00077,68.0,68.0,0.24733,0.959
corpus:072-user55454557544-rolling-knarz@19.168,kick,corpus,19.168,3.70159,1976.60186,2042.95711,-12.00162,0.65939,0.30839,0.02294,0.00315,0.00479,0.00134,104.0,104.0,0.48571,0.95
corpus:072-user55454557544-rolling-knarz@12.109,kick,corpus,12.109,3.89544,1939.71993,1994.67354,-10.95753,0.66102,0.30689,0.02298,0.00332,0.00451,0.00128,104.0,104.0,0.47083,0.949
corpus:072-user55454557544-rolling-knarz@20.968,kick,corpus,20.968,3.51347,1852.22863,1852.22863,-4.3699,0.65259,0.32073,0.01988,0.00354,0.00266,0.0006,80.0,80.0,0.33347,0.949
corpus:072-user55454557544-rolling-knarz@6.815,kick,corpus,6.815,2.68575,1272.69406,1403.3454,-8.06133,0.67203,0.30519,0.01976,0.00107,0.00156,0.00039,104.0,104.0,0.48662,0.946
corpus:072-user55454557544-rolling-knarz@10.344,kick,corpus,10.344,3.21162,1447.02986,1635.6334,-8.55848,0.68041,0.29368,0.02041,0.00171,0.00314,0.00065,116.0,116.0,0.51741,0.94
corpus:072-user55454557544-rolling-knarz@8.58,kick,corpus,8.58,3.94701,1769.59554,1793.80387,-6.36456,0.67481,0.29704,0.02135,0.0027,0.00313,0.00096,116.0,116.0,0.52097,0.927
corpus:072-user55454557544-rolling-knarz@50.585,space,corpus,50.585,7.2105,4279.25572,3532.05719,39.19622,0.61456,0.24217,0.00596,0.00583,0.04775,0.08374,138.0,138.0,0.31084,0.924
corpus:072-user55454557544-rolling-knarz@43.549,space,corpus,43.549,8.84921,4955.31499,4680.52233,26.69041,0.53518,0.22302,0.00746,0.01042,0.0875,0.13643,116.0,116.0,0.31188,0.88
corpus:072-user55454557544-rolling-knarz@41.784,space,corpus,41.784,7.74448,5005.77747,4821.06378,25.20026,0.5623,0.22902,0.00768,0.00932,0.06909,0.12259,116.0,116.0,0.27858,0.855
corpus:072-user55454557544-rolling-knarz@24.474,kick,corpus,24.474,11.84456,3142.73695,3151.52455,-8.25156,0.46548,0.33372,0.0472,0.04597,0.08706,0.02058,68.0,104.0,0.29545,0.838
corpus:072-user55454557544-rolling-knarz@22.686,kick,corpus,22.686,11.86086,3436.21756,3559.10896,-10.37209,0.47501,0.35265,0.02776,0.03172,0.08645,0.02641,90.0,116.0,0.43206,0.828
corpus:072-user55454557544-rolling-knarz@44.652,kick,corpus,44.652,4.33138,2079.20433,2672.14392,-15.54385,0.43695,0.47461,0.07424,0.00698,0.00364,0.00358,186.0,186.0,0.82477,0.777
corpus:072-user55454557544-rolling-knarz@14.106,hook,corpus,14.106,15.40293,2879.39255,2879.39255,-8.51243,0.11858,0.16629,0.12059,0.23772,0.31922,0.0376,28.0,80.0,0.03568,0.766
corpus:072-user55454557544-rolling-knarz@17.636,hook,corpus,17.636,15.6563,3143.95975,3143.95975,-1.96189,0.15504,0.15913,0.09274,0.21524,0.33874,0.03911,26.0,68.0,0.02309,0.719
corpus:072-user55454557544-rolling-knarz@43.665,hook,corpus,43.665,12.13067,4741.80091,4693.04695,0.87297,0.02195,0.02438,0.0122,0.22741,0.49592,0.21814,104.0,104.0,0.36449,0.717
corpus:072-user55454557544-rolling-knarz@50.724,hook,corpus,50.724,11.47268,4743.50406,4676.96008,1.50607,0.02399,0.02552,0.01721,0.23342,0.47943,0.22043,104.0,104.0,0.36159,0.715
corpus:072-user55454557544-rolling-knarz@41.9,hook,corpus,41.9,12.31841,4747.66451,4662.45022,1.12783,0.0278,0.02955,0.00948,0.24616,0.47551,0.2115,104.0,104.0,0.3835,0.704
corpus:072-user55454557544-rolling-knarz@7.059,hook,corpus,7.059,16.113,2891.6381,2891.6381,-13.69412,0.1196,0.27365,0.04899,0.19449,0.33,0.03328,28.0,68.0,0.02481,0.701
corpus:072-user55454557544-rolling-knarz@45.43,hook,corpus,45.43,12.56945,4794.85887,4699.37149,1.84622,0.02633,0.02657,0.00391,0.24349,0.48579,0.21391,116.0,116.0,0.41272,0.675
corpus:072-user55454557544-rolling-knarz@52.489,hook,corpus,52.489,12.43884,4848.02945,4690.59705,3.53521,0.02897,0.025,0.00383,0.25183,0.47787,0.2125,116.0,116.0,0.40886,0.651
corpus:073-p-b-r-death-row@45.128,hook,corpus,45.128,16.23865,2748.85013,4068.52308,-9.32883,0.00449,0.00508,0.02306,0.42111,0.41808,0.12819,180.0,372.0,0.32291,0.851
corpus:073-p-b-r-death-row@16.776,hook,corpus,16.776,16.78023,2512.85235,3926.85316,-8.4695,0.00421,0.01504,0.02313,0.49868,0.3526,0.10634,114.0,372.0,0.34079,0.845
corpus:073-p-b-r-death-row@44.304,hook,corpus,44.304,16.95924,3063.03149,4020.9474,-7.74811,0.00269,0.00249,0.00212,0.49369,0.39735,0.10166,106.0,384.0,0.34309,0.839
corpus:073-p-b-r-death-row@43.897,hook,corpus,43.897,16.76961,3020.53143,4090.93935,-5.65027,0.00259,0.00282,0.01038,0.42926,0.43187,0.12307,188.0,360.0,0.33797,0.83
corpus:073-p-b-r-death-row@16.358,hook,corpus,16.358,18.35068,3512.82313,3905.69624,-1.50777,0.05766,0.06003,0.03203,0.43529,0.27558,0.13941,126.0,400.0,0.31523,0.825
corpus:073-p-b-r-death-row@17.601,hook,corpus,17.601,16.42774,3303.40056,3943.58916,-5.70926,0.00406,0.00497,0.02564,0.44424,0.40821,0.11289,118.0,348.0,0.39162,0.809
corpus:073-p-b-r-death-row@56.204,space,corpus,56.204,8.91129,3872.87298,3482.69733,7.97985,0.30078,0.44037,0.1176,0.03923,0.03505,0.06698,400.0,400.0,0.86517,0.796
corpus:073-p-b-r-death-row@61.138,space,corpus,61.138,8.73134,4106.18921,3529.9768,7.5567,0.2949,0.39854,0.10761,0.04115,0.07084,0.08696,400.0,400.0,0.87942,0.788
corpus:073-p-b-r-death-row@62.764,space,corpus,62.764,9.22111,3916.02981,3562.99424,6.45018,0.30353,0.41977,0.10443,0.04391,0.05429,0.07408,400.0,400.0,0.92364,0.785
corpus:073-p-b-r-death-row@46.335,space,corpus,46.335,8.44694,3748.74624,3522.98803,7.00578,0.31562,0.42565,0.1015,0.03785,0.04866,0.07071,400.0,400.0,0.89093,0.783
corpus:073-p-b-r-death-row@20.062,hook,corpus,20.062,16.74531,3155.88918,3919.1458,-3.31829,0.00208,0.00426,0.00926,0.49759,0.39144,0.09538,64.0,200.0,0.36702,0.754
corpus:073-p-b-r-death-row@20.863,hook,corpus,20.863,18.56022,2923.7374,4135.09291,-7.27365,0.00187,0.00712,0.01506,0.35562,0.4864,0.13392,104.0,184.0,0.48795,0.748
corpus:074-mr-jason-mentalin@61.405,kick,corpus,61.405,7.20435,1509.44634,1509.44634,-19.15604,0.63769,0.29536,0.03367,0.02985,0.00292,0.00051,48.0,68.0,0.02466,0.966
corpus:074-mr-jason-mentalin@60.372,kick,corpus,60.372,9.07194,1359.51399,1359.51399,-1.44297,0.66345,0.24439,0.01641,0.07431,0.00119,0.00025,62.0,92.0,0.21708,0.938
corpus:074-mr-jason-mentalin@63.658,kick,corpus,63.658,6.93967,1287.01644,1287.01644,5.98888,0.7113,0.24444,0.00618,0.03723,0.00074,0.00011,74.0,92.0,0.19927,0.938
corpus:074-mr-jason-mentalin@23.139,hook,corpus,23.139,13.69619,2925.38652,2925.38652,-16.35586,0.00037,0.00532,0.01176,0.66142,0.25639,0.06474,66.0,92.0,0.04805,0.923
corpus:074-mr-jason-mentalin@18.181,hook,corpus,18.181,13.15568,2803.58042,2803.58042,-16.7031,0.00033,0.00255,0.0071,0.75729,0.17782,0.05492,50.0,80.0,0.02768,0.921
corpus:074-mr-jason-mentalin@19.83,hook,corpus,19.83,13.40675,3657.37454,3657.37454,-24.54378,0.00046,0.00171,0.00529,0.61388,0.25971,0.11894,68.0,68.0,0.02464,0.917
corpus:074-mr-jason-mentalin@28.096,hook,corpus,28.096,14.84854,1830.5203,1914.50571,-12.75365,0.00035,0.00256,0.00556,0.71605,0.27265,0.00283,60.0,104.0,0.06262,0.908
corpus:074-mr-jason-mentalin@14.454,kick,corpus,14.454,8.95783,2180.68798,2180.68798,-13.62824,0.46577,0.4568,0.00814,0.04086,0.0225,0.00593,80.0,80.0,0.22796,0.894
corpus:074-mr-jason-mentalin@60.883,kick,corpus,60.883,12.02924,871.72655,1135.36954,0.22701,0.6642,0.18913,0.00441,0.13908,0.00315,3e-05,74.0,220.0,0.26124,0.892
corpus:074-mr-jason-mentalin@26.424,hook,corpus,26.424,16.32722,3914.6037,3954.98746,-20.70836,0.00086,0.00222,0.00801,0.62905,0.22353,0.13634,52.0,104.0,0.20352,0.874
corpus:074-mr-jason-mentalin@47.554,kick,corpus,47.554,8.71593,2306.0644,2306.0644,-8.30077,0.45351,0.47049,0.01187,0.04113,0.01643,0.00657,36.0,92.0,0.3014,0.869
corpus:074-mr-jason-mentalin@16.498,hook,corpus,16.498,14.75302,3168.53614,3421.17863,-24.93822,0.00055,0.00545,0.0074,0.67744,0.22941,0.07975,116.0,116.0,0.26599,0.867
corpus:074-mr-jason-mentalin@21.769,hook,corpus,21.769,15.33247,4095.15036,4204.84988,-1.1278,0.01028,0.20004,0.06308,0.32646,0.05386,0.34627,98.0,104.0,0.18883,0.865
corpus:074-mr-jason-mentalin@37.616,kick,corpus,37.616,8.84759,2214.89401,2214.89401,-22.40638,0.41166,0.50668,0.00744,0.05315,0.01437,0.00671,92.0,92.0,0.31268,0.864
corpus:074-mr-jason-mentalin@34.307,kick,corpus,34.307,9.10682,2097.73921,2097.73921,-21.884,0.41104,0.49771,0.00914,0.0582,0.01632,0.00759,16.0,80.0,0.28226,0.863
corpus:074-mr-jason-mentalin@45.894,kick,corpus,45.894,8.30992,2136.89924,2136.89924,-28.49273,0.37989,0.52808,0.0126,0.05278,0.01927,0.00739,68.0,68.0,0.21694,0.857
corpus:074-mr-jason-mentalin@59.745,hook,corpus,59.745,13.90515,1103.3042,1050.80557,2.20024,0.26418,0.14222,0.02749,0.55891,0.00714,6e-05,44.0,104.0,0.07771,0.854
corpus:074-mr-jason-mentalin@12.794,kick,corpus,12.794,8.51897,2564.19831,2564.19831,-19.25656,0.40489,0.50302,0.00817,0.05747,0.01794,0.00852,36.0,68.0,0.20534,0.846
corpus:074-mr-jason-mentalin@8.649,kick,corpus,8.649,8.78537,2865.74201,2865.74201,-9.89228,0.39115,0.56262,0.01383,0.01505,0.00718,0.01017,14.0,80.0,0.26687,0.843
corpus:074-mr-jason-mentalin@15.279,kick,corpus,15.279,7.79498,3464.58813,3464.58813,-13.03004,0.37264,0.59151,0.01087,0.00487,0.0057,0.01442,16.0,58.0,0.07324,0.836
corpus:074-mr-jason-mentalin@2.508,space,corpus,2.508,12.19939,4154.97475,3980.86243,11.69936,0.01965,0.556,0.22751,0.02009,0.05519,0.12157,52.0,162.0,0.86466,0.784
corpus:074-mr-jason-mentalin@32.311,space,corpus,32.311,12.7949,4782.24201,4178.5928,7.89426,0.0536,0.49264,0.16412,0.02399,0.09999,0.16565,32.0,244.0,0.86724,0.767
corpus:074-mr-jason-mentalin@2.09,space,corpus,2.09,12.34144,3572.37406,3485.77218,11.99737,0.12426,0.53596,0.10221,0.0172,0.11358,0.1068,46.0,138.0,0.85434,0.746
corpus:074-mr-jason-mentalin@55.693,space,corpus,55.693,16.23418,4029.93412,4417.62589,-2.64809,0.1189,0.48763,0.26006,0.01925,0.05852,0.05564,100.0,312.0,0.87641,0.691
corpus:077-user22233300085-der-eiswagen@20.666,hook,corpus,20.666,17.47254,1567.68396,2126.99095,-8.61461,0.00101,0.03465,0.14215,0.61497,0.17639,0.03083,44.0,186.0,0.08414,0.907
corpus:077-user22233300085-der-eiswagen@23.011,hook,corpus,23.011,18.3634,1530.51479,2297.96651,-8.58193,0.00412,0.03368,0.14317,0.60409,0.18233,0.0326,38.0,232.0,0.1125,0.906
corpus:077-user22233300085-der-eiswagen@23.8,hook,corpus,23.8,17.921,1387.64675,1911.35135,-6.46034,0.04322,0.05096,0.15669,0.55172,0.16777,0.02964,42.0,232.0,0.15781,0.896
corpus:077-user22233300085-der-eiswagen@21.444,hook,corpus,21.444,18.37262,1628.41996,2140.71334,-4.75819,0.00096,0.03421,0.13993,0.6102,0.18279,0.03192,44.0,244.0,0.11341,0.885
corpus:077-user22233300085-der-eiswagen@18.309,hook,corpus,18.309,17.85024,1635.97815,2103.30643,-4.92332,0.00085,0.03277,0.14245,0.61891,0.17388,0.03116,44.0,220.0,0.09983,0.884
corpus:077-user22233300085-der-eiswagen@22.233,hook,corpus,22.233,18.588,1610.32673,1995.22787,-4.11842,0.00097,0.03432,0.1416,0.61344,0.17808,0.0316,36.0,232.0,0.09921,0.884
corpus:077-user22233300085-der-eiswagen@19.087,hook,corpus,19.087,18.44495,1741.06688,2218.26637,-4.68625,0.00112,0.03172,0.13906,0.61417,0.18216,0.03178,44.0,244.0,0.15781,0.868
corpus:077-user22233300085-der-eiswagen@19.876,hook,corpus,19.876,18.64903,1589.23426,2132.11128,-5.14522,0.00121,0.03228,0.14474,0.61127,0.17859,0.03192,36.0,122.0,0.11247,0.863
corpus:077-user22233300085-der-eiswagen@22.465,clap,corpus,22.465,18.17991,2434.46593,2277.34573,5.79151,0.0036,0.01669,0.11536,0.6227,0.22859,0.01305,90.0,162.0,0.96942,0.768
corpus:077-user22233300085-der-eiswagen@20.852,clap,corpus,20.852,16.01989,1977.04805,1780.92872,3.79579,0.00331,0.015,0.09968,0.6831,0.19552,0.00339,90.0,196.0,0.97645,0.764
corpus:077-user22233300085-der-eiswagen@23.243,clap,corpus,23.243,15.60303,2162.41483,2110.4548,3.80786,0.00918,0.01723,0.1293,0.63488,0.20612,0.00328,90.0,162.0,0.96056,0.747
corpus:077-user22233300085-der-eiswagen@18.53,clap,corpus,18.53,16.0826,2138.074,2116.99315,1.39211,0.0029,0.01844,0.1158,0.6667,0.1929,0.00326,90.0,174.0,0.96807,0.733
corpus:077-user22233300085-der-eiswagen@21.246,clap,corpus,21.246,16.21063,2148.26683,2127.09353,0.69376,0.00197,0.01141,0.10063,0.68522,0.19738,0.00339,90.0,196.0,0.97238,0.725
corpus:077-user22233300085-der-eiswagen@20.12,clap,corpus,20.12,15.46381,2197.00541,2227.339,2.72975,0.00192,0.01347,0.10222,0.67827,0.20061,0.00352,90.0,150.0,0.81456,0.719
corpus:077-user22233300085-der-eiswagen@19.714,clap,corpus,19.714,15.90818,2256.29995,2319.72326,-0.51105,0.00188,0.01202,0.11185,0.67842,0.19247,0.00336,90.0,162.0,0.95345,0.714
corpus:077-user22233300085-der-eiswagen@6.687,clap,corpus,6.687,12.10557,3692.44781,3692.44781,18.57488,0.00026,0.00078,0.00996,0.54746,0.38648,0.05505,58.0,58.0,0.26873,0.713
corpus:078-user11508366478-nightcrawler@21.049,kick,corpus,21.049,9.32937,2144.94688,2273.63015,-24.52129,0.70712,0.2481,0.01965,0.00894,0.00729,0.0089,8.0,104.0,0.12977,0.974
corpus:078-user11508366478-nightcrawler@10.762,kick,corpus,10.762,9.49538,2186.66031,2440.01065,-21.62259,0.6902,0.26574,0.01945,0.00758,0.00751,0.00952,8.0,104.0,0.11436,0.971
corpus:078-user11508366478-nightcrawler@11.18,kick,corpus,11.18,11.95192,1528.40422,2254.95771,-12.42556,0.68447,0.25445,0.04107,0.00625,0.00588,0.00788,34.0,76.0,0.13324,0.969
corpus:078-user11508366478-nightcrawler@21.467,kick,corpus,21.467,12.23305,1194.9206,2022.19167,-7.61213,0.69323,0.23661,0.05567,0.00416,0.00422,0.0061,60.0,152.0,0.17028,0.966
corpus:078-user11508366478-nightcrawler@7.744,kick,corpus,7.744,11.68171,1427.19134,2512.16243,-10.93762,0.72931,0.23124,0.02183,0.00339,0.00572,0.00851,24.0,174.0,0.31589,0.964
corpus:078-user11508366478-nightcrawler@2.194,kick,corpus,2.194,9.08254,2497.59495,2497.59495,-27.66228,0.62795,0.30853,0.03132,0.01164,0.00878,0.01177,8.0,92.0,0.13789,0.961
corpus:078-user11508366478-nightcrawler@16.324,kick,corpus,16.324,11.90863,1272.11807,2110.42568,-9.74651,0.64759,0.24571,0.09228,0.00358,0.00427,0.00656,56.0,208.0,0.1324,0.958
corpus:078-user11508366478-nightcrawler@18.042,kick,corpus,18.042,11.84588,1379.12501,2347.20573,-9.21042,0.65714,0.29391,0.03592,0.00262,0.00418,0.00624,36.0,180.0,0.14395,0.958
corpus:078-user11508366478-nightcrawler@19.772,kick,corpus,19.772,11.73068,1175.16517,2095.57893,-15.82156,0.69062,0.21996,0.06021,0.00917,0.0085,0.01155,56.0,208.0,0.43179,0.958
corpus:078-user11508366478-nightcrawler@24.811,kick,corpus,24.811,6.01226,1617.46583,1617.46583,-15.00517,0.5796,0.36908,0.04399,0.00416,0.00229,0.00088,64.0,92.0,0.26889,0.956
corpus:078-user11508366478-nightcrawler@20.097,kick,corpus,20.097,6.41159,1901.56991,1901.56991,-18.05558,0.57796,0.35245,0.05522,0.00918,0.00379,0.0014,6.0,80.0,0.23532,0.955
corpus:078-user11508366478-nightcrawler@2.612,kick,corpus,2.612,12.18378,1523.06044,2569.77239,-8.76109,0.66282,0.29327,0.01969,0.00637,0.00868,0.00916,56.0,192.0,0.16912,0.954
corpus:078-user11508366478-nightcrawler@34.76,space,corpus,34.76,8.20144,3368.6269,3368.6269,27.93539,0.66876,0.22404,0.04402,0.01326,0.02105,0.02886,72.0,92.0,0.14889,0.623
corpus:078-user11508366478-nightcrawler@63.658,rumble,corpus,63.658,9.59705,255.18477,729.22952,-0.9569,0.57301,0.36839,0.05708,0.00152,1e-05,0.0,52.0,248.0,0.98196,0.613
corpus:079-user22067782234-fluff-boyz-in-the-hood@4.4,space,corpus,4.4,13.00101,4407.62773,4896.82029,-0.07432,0.00386,0.34329,0.54042,0.04148,0.03139,0.03957,30.0,290.0,0.97123,0.816
corpus:079-user22067782234-fluff-boyz-in-the-hood@31.173,space,corpus,31.173,13.72485,3965.54128,4115.86959,3.7792,0.00339,0.26243,0.65261,0.04501,0.03005,0.00651,48.0,256.0,0.99878,0.808
corpus:079-user22067782234-fluff-boyz-in-the-hood@8.115,space,corpus,8.115,13.20073,4552.6483,3853.89072,5.50529,0.00276,0.30953,0.57358,0.04372,0.03547,0.03493,42.0,256.0,0.83367,0.73
corpus:079-user22067782234-fluff-boyz-in-the-hood@35.341,space,corpus,35.341,14.07665,3640.0715,3141.2665,6.92567,0.00267,0.25044,0.64892,0.05189,0.0391,0.00698,48.0,244.0,0.91803,0.709
corpus:079-user22067782234-fluff-boyz-in-the-hood@61.231,kick,corpus,61.231,6.57406,1726.65829,1726.65829,-14.51962,0.2432,0.50116,0.16674,0.07217,0.01231,0.00441,14.0,92.0,0.36127,0.703
corpus:079-user22067782234-fluff-boyz-in-the-hood@53.847,kick,corpus,53.847,6.16511,1709.29222,1709.29222,-15.70161,0.24178,0.52331,0.13744,0.07615,0.01706,0.00426,16.0,92.0,0.38069,0.7
corpus:079-user22067782234-fluff-boyz-in-the-hood@0.046,hat,corpus,0.046,16.16423,5929.85239,6537.9498,-8.6381,0.00014,0.0,0.00013,0.00901,0.31611,0.67461,92.0,256.0,0.74267,0.687
corpus:079-user22067782234-fluff-boyz-in-the-hood@50.155,kick,corpus,50.155,6.91653,1934.23043,1934.23043,-12.21609,0.23227,0.5147,0.148,0.0687,0.03053,0.0058,12.0,92.0,0.37945,0.677
corpus:079-user22067782234-fluff-boyz-in-the-hood@47.833,kick,corpus,47.833,8.29509,1942.22558,2251.57634,-19.03252,0.21645,0.56883,0.11509,0.05971,0.03449,0.00544,32.0,116.0,0.57852,0.668
corpus:079-user22067782234-fluff-boyz-in-the-hood@61.44,hat,corpus,61.44,14.83047,4482.66428,6021.80451,-18.21095,0.05144,0.01356,0.0324,0.02634,0.28489,0.59137,156.0,244.0,0.59888,0.668
corpus:079-user22067782234-fluff-boyz-in-the-hood@46.452,kick,corpus,46.452,8.35126,1881.92547,2122.06998,-15.78604,0.21494,0.56798,0.11792,0.06092,0.0333,0.00494,14.0,116.0,0.57799,0.658
corpus:079-user22067782234-fluff-boyz-in-the-hood@56.599,kick,corpus,56.599,6.38738,2558.97568,2587.50957,-14.8723,0.25338,0.54808,0.12151,0.05378,0.01065,0.0126,24.0,116.0,0.67808,0.656
corpus:079-user22067782234-fluff-boyz-in-the-hood@35.155,hook,corpus,35.155,15.75081,6532.7267,6575.37359,-0.34953,0.00022,2e-05,0.00024,0.00235,0.32599,0.67119,98.0,186.0,0.24158,0.651
corpus:079-user22067782234-fluff-boyz-in-the-hood@55.229,kick,corpus,55.229,6.85312,2012.84299,2012.84299,-4.03203,0.24914,0.51812,0.14893,0.06518,0.01431,0.00432,14.0,92.0,0.44021,0.645
corpus:079-user22067782234-fluff-boyz-in-the-hood@39.277,hat,corpus,39.277,16.83614,5462.86114,6388.27021,-9.81443,0.00033,4e-05,0.00134,0.00807,0.31165,0.67856,98.0,256.0,0.61063,0.636
corpus:079-user22067782234-fluff-boyz-in-the-hood@62.613,kick,corpus,62.613,7.3661,2033.3464,2033.3464,-3.27889,0.24784,0.50915,0.15326,0.07205,0.01276,0.00495,12.0,92.0,0.42146,0.629
corpus:079-user22067782234-fluff-boyz-in-the-hood@32.845,hook,corpus,32.845,16.62411,6192.12166,6512.34411,-4.61756,0.00029,3e-05,0.00058,0.00369,0.33338,0.66204,62.0,208.0,0.24001,0.625
corpus:079-user22067782234-fluff-boyz-in-the-hood@1.44,hat,corpus,1.44,17.26514,6358.21701,6637.16316,-3.42048,0.00028,0.0002,0.00074,0.02099,0.26832,0.70948,256.0,256.0,0.69607,0.624
corpus:079-user22067782234-fluff-boyz-in-the-hood@31.893,hat,corpus,31.893,16.8906,5912.57713,6524.06084,-7.35772,0.00029,4e-05,0.00064,0.00198,0.31485,0.6822,54.0,254.0,0.63745,0.624
corpus:079-user22067782234-fluff-boyz-in-the-hood@0.975,hat,corpus,0.975,16.62641,6537.28727,6651.92877,-0.05229,0.00021,0.00012,0.00078,0.00385,0.2362,0.75884,244.0,244.0,0.71508,0.621
corpus:079-user22067782234-fluff-boyz-in-the-hood@53.127,hat,corpus,53.127,14.16829,4453.45319,5775.33833,-15.57088,0.06289,0.06767,0.04111,0.05498,0.24916,0.5242,232.0,232.0,0.67905,0.62
corpus:079-user22067782234-fluff-boyz-in-the-hood@60.976,hat,corpus,60.976,15.85856,4964.34842,6045.33884,-12.26508,0.04804,0.01594,0.0971,0.02039,0.25648,0.56204,176.0,256.0,0.68784,0.616
corpus:079-user22067782234-fluff-boyz-in-the-hood@45.523,kick,corpus,45.523,8.75847,2126.55751,2339.25125,-19.77746,0.16996,0.57543,0.16582,0.04924,0.03457,0.00499,14.0,116.0,0.71,0.615
corpus:079-user22067782234-fluff-boyz-in-the-hood@51.537,kick,corpus,51.537,7.1092,2064.19133,2060.96725,-3.54006,0.23332,0.52356,0.14905,0.06604,0.02271,0.00532,22.0,104.0,0.44078,0.615
corpus:079-user22067782234-fluff-boyz-in-the-hood@34.435,hook,corpus,34.435,13.28756,3224.88582,3289.94948,-6.027,0.00176,0.17283,0.71021,0.07727,0.01831,0.01962,30.0,60.0,0.30805,0.609
corpus:079-user22067782234-fluff-boyz-in-the-hood@44.606,kick,corpus,44.606,8.88407,1929.52232,2117.74563,-9.12526,0.1811,0.63883,0.10233,0.03696,0.03643,0.00434,14.0,128.0,0.61209,0.607
corpus:079-user22067782234-fluff-boyz-in-the-hood@27.736,hat,corpus,27.736,16.25492,6521.06146,6541.82884,-0.34729,0.00019,2e-05,0.00081,0.00698,0.26291,0.72909,256.0,256.0,0.75073,0.606
corpus:079-user22067782234-fluff-boyz-in-the-hood@20.352,hat,corpus,20.352,16.32507,6514.53167,6532.17673,-0.20733,0.00022,4e-05,0.00158,0.00625,0.26366,0.72825,256.0,256.0,0.74428,0.6
corpus:079-user22067782234-fluff-boyz-in-the-hood@37.001,hook,corpus,37.001,17.55783,6307.18902,6593.24609,-5.42148,0.00029,3e-05,0.00106,0.00387,0.32844,0.6663,98.0,208.0,0.25775,0.6
corpus:079-user22067782234-fluff-boyz-in-the-hood@53.592,hat,corpus,53.592,15.9995,4705.98413,5926.83508,-13.03838,0.06074,0.04066,0.09187,0.0351,0.24562,0.52602,200.0,256.0,0.69579,0.6
corpus:080-user17883214582-5g@4.795,space,corpus,4.795,12.13468,4372.06392,4552.12472,1.04003,0.22295,0.52122,0.07495,0.02752,0.05107,0.10228,236.0,384.0,0.9462,0.815
corpus:080-user17883214582-5g@43.932,space,corpus,43.932,11.21322,3968.82866,4240.94784,1.55737,0.21333,0.54824,0.09147,0.0385,0.04089,0.06757,206.0,384.0,0.94551,0.809
corpus:080-user17883214582-5g@2.218,space,corpus,2.218,11.80092,4252.53899,4359.52096,1.209,0.19586,0.51405,0.09014,0.03373,0.05959,0.10663,400.0,400.0,0.96178,0.805
corpus:080-user17883214582-5g@0.395,space,corpus,0.395,12.16948,4177.90984,4345.46702,0.64324,0.20853,0.52027,0.08081,0.04006,0.05536,0.09498,394.0,394.0,0.96084,0.796
corpus:080-user17883214582-5g@5.724,hook,corpus,5.724,13.81521,6189.61705,6189.61705,1.16009,0.00104,0.0008,0.00347,0.01801,0.31058,0.6661,68.0,68.0,0.14907,0.739
corpus:080-user17883214582-5g@31.405,hook,corpus,31.405,9.61997,1811.08798,1811.08798,-5.79187,0.06635,0.2993,0.28116,0.31899,0.03219,0.00201,80.0,80.0,0.53679,0.683
corpus:080-user17883214582-5g@6.734,hook,corpus,6.734,10.83443,5147.04829,5147.04829,-9.06271,0.00222,0.45031,0.06382,0.04386,0.13091,0.30888,80.0,80.0,0.44496,0.661
corpus:080-user17883214582-5g@31.893,kick,corpus,31.893,10.07479,1142.49731,1221.9471,-0.42047,0.24894,0.51642,0.18817,0.03574,0.01038,0.00034,6.0,220.0,0.58276,0.621
corpus:080-user17883214582-5g@43.143,hook,corpus,43.143,15.9644,5077.07878,5077.07878,-3.97151,0.01152,0.22911,0.0937,0.0913,0.186,0.38837,92.0,92.0,0.55406,0.62
corpus:081-user89945677442-machine-music@2.74,kick,corpus,2.74,6.05002,3058.09409,3058.09409,-25.71126,0.61459,0.34333,0.01003,0.01152,0.0077,0.01284,46.0,46.0,0.0,0.956
corpus:081-user89945677442-machine-music@39.66,kick,corpus,39.66,6.84531,2603.75287,2721.34727,-21.49512,0.54404,0.43008,0.00864,0.00723,0.0039,0.0061,104.0,104.0,0.35126,0.935
corpus:081-user89945677442-machine-music@23.046,kick,corpus,23.046,6.82523,2658.82677,2658.82677,-22.41095,0.53354,0.43664,0.00981,0.00886,0.00468,0.00646,92.0,92.0,0.3182,0.934
corpus:081-user89945677442-machine-music@37.814,kick,corpus,37.814,6.64522,2701.28148,2701.28148,-18.66359,0.54324,0.42782,0.0096,0.00826,0.00463,0.00644,92.0,92.0,0.32298,0.934
corpus:081-user89945677442-machine-music@28.119,kick,corpus,28.119,6.82895,2518.91851,2684.88103,-13.08014,0.56599,0.41514,0.00392,0.00552,0.00386,0.00557,104.0,104.0,0.35459,0.933
corpus:081-user89945677442-machine-music@30.883,kick,corpus,30.883,6.65987,2794.40053,2794.40053,-15.43607,0.53706,0.4341,0.00907,0.00879,0.00472,0.00625,92.0,92.0,0.28078,0.929
corpus:081-user89945677442-machine-music@55.356,kick,corpus,55.356,7.1835,3164.62689,3164.62689,-15.37187,0.55161,0.42028,0.00562,0.0073,0.00623,0.00897,80.0,80.0,0.25561,0.929
corpus:081-user89945677442-machine-music@24.427,kick,corpus,24.427,5.93415,2970.58074,2970.58074,-5.55905,0.56403,0.40721,0.00666,0.00874,0.00566,0.00771,58.0,58.0,0.07151,0.927
corpus:081-user89945677442-machine-music@25.809,kick,corpus,25.809,6.30564,2958.46777,2958.46777,-5.09897,0.56889,0.40356,0.00619,0.00838,0.00545,0.00752,68.0,68.0,0.17214,0.924
corpus:081-user89945677442-machine-music@59.048,kick,corpus,59.048,7.14957,3063.16604,3063.16604,-11.8758,0.55007,0.42083,0.00587,0.0081,0.00592,0.00921,80.0,80.0,0.26567,0.924
corpus:081-user89945677442-machine-music@0.894,kick,corpus,0.894,7.03031,3046.14876,3046.14876,-12.382,0.54472,0.42449,0.00684,0.00847,0.00603,0.00944,80.0,80.0,0.26394,0.923
corpus:081-user89945677442-machine-music@29.501,kick,corpus,29.501,6.37546,2958.44691,2958.44691,-6.17375,0.55968,0.41127,0.00764,0.00862,0.00537,0.00742,68.0,68.0,0.16455,0.923
corpus:081-user89945677442-machine-music@0.975,space,corpus,0.975,9.70698,4755.41637,4627.54858,24.54349,0.38853,0.32305,0.01293,0.00763,0.07434,0.19352,116.0,116.0,0.48732,0.898
corpus:081-user89945677442-machine-music@12.051,space,corpus,12.051,9.93156,4788.76144,4678.53712,22.58115,0.38445,0.32473,0.01437,0.00793,0.07455,0.19398,116.0,116.0,0.49674,0.882
corpus:081-user89945677442-machine-music@25.879,space,corpus,25.879,8.15662,3909.70011,3598.28418,28.38015,0.47747,0.37443,0.00943,0.00876,0.04771,0.0822,128.0,128.0,0.44548,0.872
corpus:081-user89945677442-machine-music@3.715,space,corpus,3.715,10.20419,4276.77503,3820.08377,25.52632,0.45175,0.37247,0.00915,0.00592,0.04726,0.11345,138.0,138.0,0.48905,0.865
corpus:081-user89945677442-machine-music@14.977,hook,corpus,14.977,12.44701,5868.99752,5868.99752,-1.54415,0.04975,0.26772,0.01917,0.03921,0.17328,0.45088,80.0,80.0,0.22369,0.727
corpus:081-user89945677442-machine-music@14.245,hook,corpus,14.245,16.88529,5460.98307,5425.45098,0.54432,0.01748,0.15031,0.02238,0.21941,0.2303,0.36013,138.0,138.0,0.41345,0.707
corpus:081-user89945677442-machine-music@29.745,hook,corpus,29.745,14.23262,5295.50059,5366.70202,-2.58926,0.12927,0.36094,0.02736,0.05606,0.14039,0.28597,88.0,104.0,0.11875,0.702
corpus:081-user89945677442-machine-music@13.351,hook,corpus,13.351,15.50288,5207.63033,5207.63033,11.65901,0.04459,0.20836,0.02332,0.22013,0.19686,0.30674,80.0,80.0,0.19116,0.684
corpus:081-user89945677442-machine-music@13.677,hook,corpus,13.677,13.60314,5510.29877,5447.78873,-1.50685,0.02747,0.32332,0.01694,0.12862,0.15271,0.35094,116.0,116.0,0.43235,0.672
corpus:081-user89945677442-machine-music@18.669,hook,corpus,18.669,12.84341,5402.44486,5402.44486,5.00717,0.11311,0.37073,0.027,0.04136,0.15168,0.29612,80.0,80.0,0.10983,0.672
corpus:081-user89945677442-machine-music@32.508,hook,corpus,32.508,16.13858,5374.67857,5410.5427,-0.64961,0.13457,0.35859,0.02457,0.02,0.15393,0.30834,88.0,104.0,0.11902,0.668
corpus:081-user89945677442-machine-music@13.793,hook,corpus,13.793,15.94212,5447.93704,5338.62993,7.75588,0.02996,0.20928,0.01679,0.20469,0.20658,0.3327,104.0,104.0,0.33929,0.655
corpus:084-sascha-muller-city-rain@7.163,kick,corpus,7.163,3.60275,1716.69494,1716.69494,-22.50693,0.904,0.07335,0.01033,0.00927,0.0025,0.00056,22.0,22.0,0.0,0.992
corpus:084-sascha-muller-city-rain@36.85,kick,corpus,36.85,7.19149,1114.13353,1114.13353,-11.60327,0.8797,0.09733,0.0146,0.0068,0.00117,0.0004,62.0,92.0,0.2218,0.988
corpus:084-sascha-muller-city-rain@10.205,kick,corpus,10.205,5.71151,1810.77918,1810.77918,1.19904,0.89611,0.05999,0.03101,0.01082,0.00158,0.00049,20.0,46.0,0.0,0.985
corpus:084-sascha-muller-city-rain@59.304,kick,corpus,59.304,7.43031,1187.09866,1076.85879,0.13561,0.92675,0.04922,0.01557,0.0068,0.00124,0.00043,16.0,116.0,0.24495,0.976
corpus:084-sascha-muller-city-rain@40.391,kick,corpus,40.391,6.37594,1534.91105,1534.91105,3.75128,0.97521,0.00907,0.0042,0.00655,0.00415,0.00081,18.0,92.0,0.19434,0.975
corpus:084-sascha-muller-city-rain@44.815,kick,corpus,44.815,6.7727,2221.20923,2221.20923,3.86348,0.96596,0.02067,0.00519,0.00304,0.00369,0.00145,14.0,80.0,0.16895,0.974
corpus:084-sascha-muller-city-rain@52.686,kick,corpus,52.686,8.26736,1395.95675,1105.05937,2.45565,0.92221,0.05178,0.01521,0.00855,0.00171,0.00054,14.0,116.0,0.21792,0.974
corpus:084-sascha-muller-city-rain@34.714,kick,corpus,34.714,8.93564,1949.78658,1949.78658,-2.33237,0.71754,0.2512,0.0191,0.00955,0.00192,0.00069,10.0,46.0,0.0,0.971
corpus:084-sascha-muller-city-rain@6.792,kick,corpus,6.792,7.38738,1706.70848,1706.70848,-0.83487,0.82639,0.12005,0.03738,0.01306,0.00235,0.00077,26.0,68.0,0.26062,0.969
corpus:084-sascha-muller-city-rain@0.046,kick,corpus,0.046,8.55572,773.41386,909.8806,1.13525,0.96286,0.03053,0.00464,0.00163,0.00025,9e-05,38.0,174.0,0.32844,0.963
corpus:084-sascha-muller-city-rain@50.852,kick,corpus,50.852,9.36262,1199.59419,1020.64886,2.70912,0.96806,0.01607,0.01047,0.00425,0.00092,0.00022,34.0,174.0,0.30871,0.961
corpus:084-sascha-muller-city-rain@52.442,kick,corpus,52.442,7.05953,1366.71053,1089.33831,5.60518,0.9461,0.03561,0.01095,0.00564,0.0013,0.0004,20.0,116.0,0.25544,0.96
corpus:084-sascha-muller-city-rain@39.555,rumble,corpus,39.555,9.16143,1671.79683,1590.0947,3.67808,0.98108,0.0101,0.00276,0.0037,0.00195,0.00041,18.0,400.0,0.9552,0.675
corpus:084-sascha-muller-city-rain@5.341,rumble,corpus,5.341,9.27125,1045.95407,1189.58614,0.30034,0.9852,0.00996,0.0026,0.00161,0.0005,0.00014,20.0,400.0,0.97565,0.67
corpus:084-sascha-muller-city-rain@9.694,rumble,corpus,9.694,8.09377,1076.54253,1689.73857,0.01445,0.98726,0.00655,0.00166,0.00331,0.00106,0.00017,22.0,400.0,0.97188,0.622
corpus:084-sascha-muller-city-rain@13.607,rumble,corpus,13.607,7.62371,433.36793,825.36946,-0.36207,0.9653,0.03261,0.00133,0.00057,0.00019,1e-05,26.0,400.0,0.93327,0.607
corpus:085-user78654786842-3-a-m@52.198,hook,corpus,52.198,13.30218,2875.9675,2875.9675,-28.60758,0.0078,0.02501,0.03267,0.73343,0.12131,0.07979,68.0,68.0,0.06251,0.917
corpus:085-user78654786842-3-a-m@56.866,hook,corpus,56.866,13.47547,2788.06169,2788.06169,-29.32805,0.00108,0.02592,0.0244,0.77152,0.12086,0.05622,38.0,80.0,0.09369,0.915
corpus:085-user78654786842-3-a-m@53.754,hook,corpus,53.754,13.70858,2714.71814,2714.71814,-35.57476,0.00458,0.01907,0.0266,0.79099,0.0984,0.06036,24.0,68.0,0.05799,0.908
corpus:085-user78654786842-3-a-m@51.421,hook,corpus,51.421,12.7015,3906.99819,3906.99819,-20.15295,0.00693,0.02608,0.01705,0.65017,0.11526,0.18451,68.0,68.0,0.05003,0.906
corpus:085-user78654786842-3-a-m@59.211,hook,corpus,59.211,13.13602,4001.03088,4001.03088,-8.89016,0.0036,0.02037,0.01852,0.62664,0.16315,0.16771,68.0,68.0,0.0471,0.897
corpus:085-user78654786842-3-a-m@52.976,hook,corpus,52.976,12.95003,3984.33211,3984.33211,-10.64375,0.00538,0.02132,0.02376,0.69826,0.07888,0.17241,68.0,68.0,0.04863,0.896
corpus:085-user78654786842-3-a-m@56.088,hook,corpus,56.088,13.49658,4152.10569,4152.10569,-9.97696,0.00146,0.02626,0.01932,0.62851,0.12582,0.19863,80.0,80.0,0.09326,0.89
corpus:085-user78654786842-3-a-m@31.544,hook,corpus,31.544,15.39466,1647.87667,2098.12232,-15.25242,0.02516,0.1438,0.02158,0.69988,0.08245,0.02713,104.0,162.0,0.24873,0.888
corpus:085-user78654786842-3-a-m@11.482,space,corpus,11.482,11.27868,4660.75628,4480.32162,3.42052,0.08942,0.43807,0.07582,0.03185,0.16213,0.20271,400.0,400.0,0.84631,0.736
corpus:085-user78654786842-3-a-m@8.557,space,corpus,8.557,9.07049,4175.73493,4342.18119,-0.35391,0.12319,0.54423,0.07925,0.04046,0.09485,0.11803,394.0,394.0,0.8879,0.722
corpus:085-user78654786842-3-a-m@8.951,space,corpus,8.951,9.29848,4167.74857,4243.14354,0.44855,0.12844,0.55387,0.07078,0.04039,0.09704,0.10948,394.0,394.0,0.85333,0.718
corpus:085-user78654786842-3-a-m@59.966,space,corpus,59.966,9.87932,4207.40092,4656.52208,-3.53924,0.11527,0.53033,0.07909,0.05611,0.10935,0.10984,400.0,400.0,0.95412,0.718
corpus:085-user78654786842-3-a-m@30.534,clap,corpus,30.534,13.15311,2291.29841,2409.73137,-0.41653,0.01714,0.03039,0.01398,0.7912,0.12902,0.01827,196.0,196.0,0.81219,0.674
corpus:085-user78654786842-3-a-m@30.929,clap,corpus,30.929,14.44727,2359.24395,2336.28528,2.35144,0.02136,0.02908,0.01377,0.75723,0.15616,0.02241,72.0,220.0,0.76551,0.665
corpus:085-user78654786842-3-a-m@46.823,kick,corpus,46.823,6.06139,2818.56221,2818.56221,-11.3423,0.17676,0.76311,0.02998,0.01217,0.00817,0.0098,80.0,80.0,0.39147,0.654
corpus:085-user78654786842-3-a-m@33.263,clap,corpus,33.263,12.66396,2260.69334,2279.4688,0.34484,0.02736,0.0486,0.0117,0.76835,0.12959,0.01439,196.0,196.0,0.7822,0.65
corpus:085-user78654786842-3-a-m@39.021,kick,corpus,39.021,5.76118,2501.22925,2501.22925,-11.72791,0.14749,0.79602,0.0266,0.01255,0.00797,0.00937,80.0,80.0,0.3967,0.638
corpus:085-user78654786842-3-a-m@32.485,clap,corpus,32.485,13.89586,2255.19081,2373.57258,-1.7768,0.01907,0.03188,0.01345,0.76562,0.15335,0.01662,74.0,220.0,0.81055,0.61
corpus:085-user78654786842-3-a-m@31.707,clap,corpus,31.707,12.61943,2282.75938,2344.37292,0.13841,0.02924,0.04201,0.01009,0.75698,0.14083,0.02085,186.0,186.0,0.7217,0.601
corpus:087-user66866546841-acid-embargo-part-1@45.441,kick,corpus,45.441,6.41715,1159.93925,1310.22238,-4.03022,0.49109,0.43624,0.06577,0.00528,0.00148,0.00013,116.0,116.0,0.5458,0.868
corpus:087-user66866546841-acid-embargo-part-1@8.162,space,corpus,8.162,12.03053,4611.79709,4495.31362,4.36257,0.06191,0.44676,0.19001,0.07095,0.1024,0.12797,232.0,232.0,0.98105,0.776
corpus:087-user66866546841-acid-embargo-part-1@8.557,space,corpus,8.557,12.12137,5020.8148,4636.14441,4.5232,0.03614,0.24893,0.09809,0.05053,0.29616,0.27014,400.0,400.0,0.94527,0.746
corpus:087-user66866546841-acid-embargo-part-1@56.692,hook,corpus,56.692,14.54631,1926.42962,3047.53601,-7.11916,0.07923,0.26797,0.31076,0.22403,0.09608,0.02192,78.0,360.0,0.35938,0.732
corpus:087-user66866546841-acid-embargo-part-1@10.159,space,corpus,10.159,13.1375,5203.58765,4542.34877,5.70179,0.03888,0.25964,0.10938,0.04304,0.25224,0.29681,400.0,400.0,0.89122,0.715
corpus:087-user66866546841-acid-embargo-part-1@6.966,space,corpus,6.966,12.31482,4988.60028,4697.46814,3.7426,0.0134,0.20601,0.14169,0.07413,0.29209,0.27268,400.0,400.0,0.95584,0.712
corpus:087-user66866546841-acid-embargo-part-1@33.831,hook,corpus,33.831,11.68634,6221.37314,6221.37314,7.02328,3e-05,4e-05,0.00369,0.01441,0.36789,0.61394,68.0,68.0,0.25557,0.705
corpus:087-user66866546841-acid-embargo-part-1@1.858,hook,corpus,1.858,13.63149,4628.01907,4334.76362,2.84889,0.01073,0.25055,0.25052,0.11668,0.1478,0.22373,162.0,196.0,0.31448,0.702
corpus:087-user66866546841-acid-embargo-part-1@54.288,hook,corpus,54.288,15.21062,2122.41756,2835.45754,-3.53245,0.03289,0.29601,0.31874,0.23578,0.09404,0.02254,114.0,394.0,0.51359,0.672
corpus:087-user66866546841-acid-embargo-part-1@59.06,hook,corpus,59.06,13.01238,2027.79225,2857.29892,-7.53859,0.06442,0.34843,0.27642,0.19892,0.0925,0.01931,142.0,290.0,0.50092,0.661
corpus:087-user66866546841-acid-embargo-part-1@38.696,hook,corpus,38.696,11.86622,5709.50888,5664.29353,4.93895,0.01416,0.01123,0.32041,0.03959,0.18037,0.43423,104.0,104.0,0.33642,0.66
corpus:087-user66866546841-acid-embargo-part-1@55.089,hook,corpus,55.089,14.7753,1911.92039,2970.4778,-6.41598,0.07277,0.32444,0.28171,0.20447,0.09619,0.02042,82.0,384.0,0.52344,0.644
corpus:087-user66866546841-acid-embargo-part-1@2.647,hook,corpus,2.647,13.7728,4641.64328,4211.64406,5.15667,0.00634,0.20642,0.26321,0.12671,0.19265,0.20468,196.0,196.0,0.36758,0.632
corpus:088-user66788884902-the-face-of-destruction@41.715,space,corpus,41.715,13.20795,5245.2953,5135.45176,32.93217,0.52326,0.13047,0.00358,0.00183,0.11858,0.22228,104.0,104.0,0.22675,0.932
corpus:088-user66788884902-the-face-of-destruction@4.702,space,corpus,4.702,13.65498,4113.0654,3665.18829,33.74719,0.58209,0.13172,0.00546,0.0459,0.08557,0.14927,76.0,128.0,0.37563,0.885
corpus:088-user66788884902-the-face-of-destruction@29.71,space,corpus,29.71,12.72536,5079.12534,4878.96724,26.44242,0.54472,0.21892,0.00744,0.01298,0.06438,0.15157,116.0,116.0,0.29819,0.882
corpus:088-user66788884902-the-face-of-destruction@40.716,space,corpus,40.716,14.53672,5354.40415,5073.11539,29.52076,0.38304,0.10483,0.00472,0.00554,0.18188,0.32,116.0,116.0,0.25714,0.882
corpus:088-user66788884902-the-face-of-destruction@27.202,kick,corpus,27.202,15.81303,3144.51726,4129.30342,-11.33459,0.64488,0.16063,0.00528,0.00162,0.05994,0.12763,110.0,266.0,0.38923,0.865
corpus:088-user66788884902-the-face-of-destruction@26.204,kick,corpus,26.204,16.41667,3039.17551,4043.8109,-12.09645,0.63888,0.16163,0.00368,0.00164,0.05991,0.13426,88.0,266.0,0.40109,0.864
corpus:088-user66788884902-the-face-of-destruction@16.208,kick,corpus,16.208,14.36581,3435.18653,4540.36459,-13.02823,0.63687,0.19301,0.00781,0.00278,0.04882,0.11071,96.0,244.0,0.38322,0.861
corpus:088-user66788884902-the-face-of-destruction@14.199,kick,corpus,14.199,15.8732,3289.059,4138.21391,-11.65108,0.61513,0.18127,0.00574,0.01357,0.05744,0.12685,112.0,144.0,0.40206,0.86
corpus:088-user66788884902-the-face-of-destruction@3.193,kick,corpus,3.193,15.16429,3134.25782,3255.80912,-4.75778,0.66208,0.16293,0.00347,0.01563,0.05012,0.10578,122.0,266.0,0.47607,0.845
corpus:088-user66788884902-the-face-of-destruction@15.197,kick,corpus,15.197,16.24462,3299.0186,4062.41933,-10.13842,0.61736,0.18127,0.01049,0.00789,0.06336,0.11963,76.0,290.0,0.4015,0.841
corpus:088-user66788884902-the-face-of-destruction@18.216,kick,corpus,18.216,15.31353,3480.72445,4535.78281,-13.46615,0.60114,0.16239,0.00311,0.0071,0.07004,0.15623,94.0,232.0,0.29547,0.835
corpus:088-user66788884902-the-face-of-destruction@18.739,kick,corpus,18.739,12.5605,4622.89988,4803.52824,-15.59575,0.58762,0.15116,0.00297,0.01319,0.07903,0.16604,86.0,104.0,0.24851,0.835
corpus:088-user66788884902-the-face-of-destruction@8.208,kick,corpus,8.208,15.72171,3451.98424,4531.6466,-13.72234,0.59136,0.18779,0.01108,0.00548,0.06383,0.14045,70.0,244.0,0.3283,0.833
corpus:088-user66788884902-the-face-of-destruction@10.217,kick,corpus,10.217,16.16633,3775.42756,4816.06149,-15.30318,0.58214,0.16194,0.00714,0.01104,0.07267,0.16507,88.0,152.0,0.23376,0.828
corpus:088-user66788884902-the-face-of-destruction@2.868,hook,corpus,2.868,12.07853,2987.644,2987.644,0.44102,0.05737,0.03994,0.00713,0.48453,0.39119,0.01984,62.0,80.0,0.05859,0.824
corpus:088-user66788884902-the-face-of-destruction@22.198,kick,corpus,22.198,16.33968,3225.44261,4281.14258,-12.8427,0.59137,0.22763,0.00845,0.00252,0.0504,0.11963,74.0,266.0,0.48038,0.82
corpus:088-user66788884902-the-face-of-destruction@19.215,kick,corpus,19.215,15.54852,2854.55298,4385.66337,-15.99706,0.5868,0.15069,0.00919,0.02358,0.07566,0.15408,112.0,216.0,0.34947,0.818
corpus:088-user66788884902-the-face-of-destruction@16.858,hook,corpus,16.858,14.97626,2869.07252,2856.9776,-4.48473,0.11746,0.0408,0.00383,0.39719,0.42302,0.01771,58.0,104.0,0.23264,0.811
corpus:088-user66788884902-the-face-of-destruction@0.859,hook,corpus,0.859,14.61257,2845.08333,2796.40702,-0.9402,0.16226,0.065,0.0089,0.45824,0.28983,0.01578,40.0,104.0,0.20501,0.806
corpus:088-user66788884902-the-face-of-destruction@3.855,hook,corpus,3.855,14.74683,2719.66019,2917.97654,-5.76731,0.16456,0.06206,0.00328,0.40275,0.34775,0.01959,46.0,116.0,0.28789,0.794
corpus:088-user66788884902-the-face-of-destruction@5.851,hook,corpus,5.851,16.52398,2847.07131,2881.15683,-1.10188,0.11881,0.05399,0.00562,0.42392,0.38316,0.01449,56.0,116.0,0.27265,0.773
corpus:088-user66788884902-the-face-of-destruction@22.848,hook,corpus,22.848,13.5397,2773.98918,2887.21086,-3.58221,0.14153,0.06677,0.00907,0.41567,0.34949,0.01748,38.0,116.0,0.39203,0.745
corpus:088-user66788884902-the-face-of-destruction@6.861,hook,corpus,6.861,12.40332,2913.65609,2913.65609,-1.52247,0.1686,0.18281,0.01757,0.32774,0.28698,0.01629,92.0,92.0,0.27587,0.728
corpus:088-user66788884902-the-face-of-destruction@27.852,hook,corpus,27.852,14.25681,2844.28752,2880.27504,-4.63741,0.18493,0.12488,0.0061,0.37926,0.28632,0.01852,40.0,104.0,0.42724,0.714
corpus:089-user87742587412-border@6.293,space,corpus,6.293,6.1806,4005.66725,3665.17836,26.15066,0.19979,0.57288,0.0631,0.01792,0.05699,0.08932,116.0,116.0,0.56239,0.885
corpus:089-user87742587412-border@39.509,hook,corpus,39.509,18.81681,2280.85707,2305.62679,-13.5451,0.05249,0.00963,0.03454,0.34532,0.49973,0.05829,18.0,104.0,0.08887,0.874
corpus:089-user87742587412-border@39.416,hook,corpus,39.416,20.78342,2316.73519,2316.73519,-14.3812,0.02935,0.02021,0.03373,0.32548,0.55987,0.03136,18.0,92.0,0.04266,0.871
corpus:089-user87742587412-border@41.773,hook,corpus,41.773,17.85853,2959.909,3008.48406,-27.56806,0.00685,0.00922,0.0399,0.41423,0.42353,0.10627,52.0,104.0,0.19464,0.863
corpus:089-user87742587412-border@37.489,hook,corpus,37.489,20.43714,2838.58943,2908.11304,-17.58152,0.01061,0.00779,0.1,0.34431,0.51778,0.01951,40.0,104.0,0.19537,0.861
corpus:089-user87742587412-border@40.809,hook,corpus,40.809,17.55507,2413.26652,2413.26652,-18.10516,0.00923,0.00518,0.02977,0.31428,0.58668,0.05486,16.0,92.0,0.21359,0.851
corpus:089-user87742587412-border@40.902,hook,corpus,40.902,20.42087,2162.74914,2078.58354,-5.67533,0.0233,0.01299,0.12131,0.35344,0.47747,0.01149,20.0,116.0,0.14374,0.85
corpus:089-user87742587412-border@18.413,hook,corpus,18.413,14.91532,4947.24192,4947.24192,-2.83014,0.00168,0.0038,0.0422,0.11329,0.51967,0.31936,58.0,80.0,0.05342,0.848
corpus:089-user87742587412-border@39.195,hook,corpus,39.195,19.54348,2623.42307,2678.81835,-5.36277,0.01975,0.00737,0.03027,0.24948,0.63154,0.06159,14.0,104.0,0.03727,0.845
corpus:089-user87742587412-border@1.173,space,corpus,1.173,6.85653,3441.15768,3281.17931,31.12465,0.22696,0.63306,0.06261,0.01727,0.03599,0.02411,50.0,104.0,0.20237,0.828
corpus:089-user87742587412-border@4.598,space,corpus,4.598,4.88884,3332.04842,3121.71967,31.20829,0.22608,0.65848,0.06089,0.01463,0.02414,0.01578,104.0,104.0,0.22334,0.828
corpus:089-user87742587412-border@5.016,space,corpus,5.016,6.39743,3561.37615,3236.55757,24.13908,0.21839,0.62484,0.06468,0.01706,0.05401,0.02102,116.0,116.0,0.39801,0.803
corpus:089-user87742587412-border@36.734,kick,corpus,36.734,5.89183,1357.67116,1400.90884,-21.39055,0.22929,0.65885,0.06797,0.01996,0.01997,0.00396,36.0,104.0,0.30821,0.788
corpus:089-user87742587412-border@38.011,kick,corpus,38.011,7.27377,1366.75334,1430.61302,-20.495,0.22966,0.65437,0.06411,0.01783,0.03071,0.00332,34.0,116.0,0.42815,0.786
corpus:089-user87742587412-border@37.593,kick,corpus,37.593,6.63631,1157.66227,1314.32366,-13.95196,0.23446,0.65544,0.06515,0.01787,0.02384,0.00324,34.0,104.0,0.24435,0.781
corpus:089-user87742587412-border@41.018,kick,corpus,41.018,6.6302,1327.8575,1181.47043,-13.23391,0.23185,0.65065,0.06592,0.0215,0.02653,0.00356,32.0,104.0,0.33008,0.777
corpus:089-user87742587412-border@35.004,kick,corpus,35.004,7.76107,2003.20722,2042.35306,-25.3039,0.23038,0.64403,0.06889,0.01817,0.01938,0.01915,36.0,116.0,0.55193,0.756
corpus:089-user87742587412-border@40.159,kick,corpus,40.159,6.17886,1530.51022,1443.08943,-8.977,0.22609,0.65182,0.06927,0.02435,0.02531,0.00316,34.0,116.0,0.39189,0.739
corpus:089-user87742587412-border@40.588,kick,corpus,40.588,5.76619,1526.71274,1134.25142,-2.25296,0.23187,0.65591,0.06725,0.01984,0.02246,0.00268,34.0,104.0,0.33842,0.736
corpus:089-user87742587412-border@39.3,kick,corpus,39.3,7.14017,1531.25032,1479.10009,-6.7764,0.23483,0.64612,0.06707,0.02754,0.02205,0.00239,34.0,116.0,0.40256,0.731
corpus:089-user87742587412-border@37.152,kick,corpus,37.152,6.34653,1844.62054,1774.19898,-9.91492,0.22334,0.6527,0.07043,0.01837,0.03084,0.00431,34.0,116.0,0.48035,0.728
corpus:089-user87742587412-border@39.729,kick,corpus,39.729,6.27631,1675.50093,1390.4204,-2.45037,0.2286,0.65225,0.06674,0.02208,0.02689,0.00344,36.0,116.0,0.41335,0.707
corpus:089-user87742587412-border@41.436,kick,corpus,41.436,6.2953,1715.39604,1451.56824,-6.23687,0.22607,0.66072,0.06715,0.02612,0.01734,0.0026,34.0,116.0,0.51722,0.707
corpus:089-user87742587412-border@35.457,kick,corpus,35.457,3.55416,1729.38842,1729.38842,7.8068,0.23463,0.66928,0.07206,0.01674,0.00681,0.00047,34.0,92.0,0.17452,0.655
corpus:090-user04574546444-606-303-904@3.541,space,corpus,3.541,9.57025,4119.59728,4119.59728,48.81015,0.17464,0.44059,0.13251,0.01322,0.10163,0.13741,68.0,68.0,0.14957,0.942
corpus:090-user04574546444-606-303-904@31.916,space,corpus,31.916,9.4863,3962.29605,3963.64396,42.31672,0.21781,0.50259,0.11714,0.00151,0.05171,0.10923,8.0,104.0,0.18723,0.942
corpus:090-user04574546444-606-303-904@52.709,space,corpus,52.709,10.2233,3950.44163,3950.44163,37.6909,0.20917,0.49005,0.13582,0.00389,0.05133,0.10974,92.0,92.0,0.15566,0.903
corpus:090-user04574546444-606-303-904@22.314,space,corpus,22.314,9.14038,3952.22723,3989.29625,33.42831,0.24493,0.49202,0.12994,0.0058,0.04145,0.08585,94.0,104.0,0.21993,0.9
corpus:090-user04574546444-606-303-904@37.036,kick,corpus,37.036,6.7185,2195.16832,2195.16832,-25.06576,0.37275,0.43744,0.14076,0.01896,0.02452,0.00557,50.0,80.0,0.28327,0.875
corpus:090-user04574546444-606-303-904@56.227,kick,corpus,56.227,7.7355,1994.02684,2178.54455,-21.97396,0.3631,0.4457,0.14515,0.01363,0.02693,0.00548,36.0,104.0,0.3963,0.866
corpus:090-user04574546444-606-303-904@1.834,kick,corpus,1.834,6.92781,2357.78314,2357.78314,-24.09215,0.37426,0.4179,0.15171,0.02104,0.0291,0.006,92.0,92.0,0.42336,0.864
corpus:090-user04574546444-606-303-904@3.437,kick,corpus,3.437,7.89197,2153.67459,2368.76061,-27.05133,0.36851,0.43917,0.14736,0.01617,0.01983,0.00897,36.0,104.0,0.47577,0.861
corpus:090-user04574546444-606-303-904@29.037,kick,corpus,29.037,9.49162,2116.48181,2211.66983,-20.9588,0.36244,0.43597,0.15122,0.01804,0.02507,0.00725,70.0,104.0,0.40184,0.859
corpus:090-user04574546444-606-303-904@52.616,kick,corpus,52.616,7.68021,2748.8945,2748.8945,-26.19616,0.37747,0.43175,0.14853,0.01457,0.01285,0.01484,48.0,92.0,0.43414,0.857
corpus:090-user04574546444-606-303-904@3.042,kick,corpus,3.042,7.07181,2428.89151,2437.05729,-19.2107,0.36988,0.43933,0.15198,0.01636,0.01029,0.01216,46.0,104.0,0.40118,0.853
corpus:090-user04574546444-606-303-904@19.435,kick,corpus,19.435,8.03125,2272.68065,2374.8874,-23.39591,0.35964,0.42978,0.15493,0.02046,0.02563,0.00955,104.0,104.0,0.40316,0.852
corpus:090-user04574546444-606-303-904@31.823,kick,corpus,31.823,8.40915,2779.71641,2779.71641,-27.68885,0.37538,0.43114,0.14774,0.01774,0.01156,0.01644,46.0,92.0,0.4394,0.852
corpus:090-user04574546444-606-303-904@54.219,kick,corpus,54.219,7.56616,2425.41156,2603.64343,-21.71769,0.36985,0.44462,0.14815,0.01375,0.01006,0.01357,46.0,104.0,0.46036,0.851
corpus:090-user04574546444-606-303-904@53.023,kick,corpus,53.023,7.25946,2176.3317,2217.02077,-17.48853,0.36087,0.43043,0.15149,0.02129,0.02946,0.00646,104.0,104.0,0.40098,0.849
corpus:090-user04574546444-606-303-904@16.231,kick,corpus,16.231,8.19159,2461.23013,2626.76527,-21.19724,0.36365,0.44435,0.14329,0.01659,0.02242,0.0097,46.0,104.0,0.47024,0.844
corpus:090-user04574546444-606-303-904@50.538,hook,corpus,50.538,13.96169,5671.16605,5671.16605,5.20703,0.00296,0.00424,0.00351,0.0392,0.43594,0.51415,80.0,80.0,0.07366,0.821
corpus:090-user04574546444-606-303-904@2.554,hook,corpus,2.554,14.7955,5641.55758,5641.55758,1.65063,0.00072,0.00068,0.00477,0.03276,0.44474,0.51632,80.0,80.0,0.08735,0.815
corpus:090-user04574546444-606-303-904@13.746,hook,corpus,13.746,15.34149,5739.24047,5739.24047,6.58622,0.00211,0.00447,0.00556,0.02613,0.42921,0.53252,64.0,92.0,0.11813,0.796
corpus:090-user04574546444-606-303-904@10.542,hook,corpus,10.542,14.38436,5639.91982,5639.91982,4.34308,0.00059,0.00041,0.00651,0.02673,0.44104,0.52473,64.0,92.0,0.19795,0.768
corpus:090-user04574546444-606-303-904@29.733,hook,corpus,29.733,14.95986,5407.7416,5518.47087,-0.09132,0.00107,0.01662,0.01793,0.04107,0.42312,0.50019,70.0,104.0,0.22304,0.765
corpus:090-user04574546444-606-303-904@34.528,hook,corpus,34.528,14.35211,5523.39526,5523.39526,1.87682,0.00221,0.01552,0.02135,0.0362,0.41296,0.51175,92.0,92.0,0.25362,0.75
corpus:090-user04574546444-606-303-904@7.338,hook,corpus,7.338,14.00916,5618.23286,5565.10545,5.56445,0.00128,0.0012,0.00368,0.04043,0.40442,0.54899,64.0,104.0,0.26159,0.742
corpus:090-user04574546444-606-303-904@20.132,hook,corpus,20.132,15.03623,5689.11901,5689.11901,3.09919,0.00227,0.00906,0.0185,0.02096,0.42374,0.52547,92.0,92.0,0.2735,0.727
corpus:092-user99899889988-cavemen@17.786,space,corpus,17.786,10.63515,3900.70636,3900.70636,61.25069,0.49874,0.45671,0.00458,0.00887,0.01708,0.01403,22.0,92.0,0.02318,0.99
corpus:092-user99899889988-cavemen@5.155,space,corpus,5.155,11.06825,4194.99899,4194.99899,54.27385,0.51182,0.40805,0.00689,0.03453,0.01904,0.01967,24.0,92.0,0.02369,0.986
corpus:092-user99899889988-cavemen@14.187,space,corpus,14.187,10.99044,4437.72908,4437.72908,54.80928,0.42997,0.43137,0.01462,0.03306,0.04344,0.04754,32.0,80.0,0.04679,0.986
corpus:092-user99899889988-cavemen@59.281,space,corpus,59.281,10.95502,3827.75011,3592.92083,54.20639,0.48681,0.48801,0.00755,0.00189,0.00894,0.00681,32.0,104.0,0.01495,0.98
corpus:092-user99899889988-cavemen@16.231,hook,corpus,16.231,18.84075,3988.10453,4036.25591,-7.0844,0.019,0.21772,0.00527,0.40975,0.25303,0.09523,44.0,104.0,0.09246,0.881
corpus:092-user99899889988-cavemen@35.178,hook,corpus,35.178,17.59367,4026.44469,4026.44469,-14.00462,0.04325,0.12184,0.0051,0.44365,0.27514,0.11102,54.0,92.0,0.18622,0.874
corpus:092-user99899889988-cavemen@0.894,hook,corpus,0.894,17.78377,4045.57565,4045.57565,-8.93833,0.05317,0.20459,0.00891,0.38468,0.24982,0.09883,46.0,92.0,0.17373,0.861
corpus:092-user99899889988-cavemen@24.346,hook,corpus,24.346,18.12652,3920.87078,3920.87078,-6.67114,0.02569,0.17106,0.01065,0.41799,0.26749,0.10712,32.0,92.0,0.17558,0.859
corpus:092-user99899889988-cavemen@18.03,hook,corpus,18.03,17.81885,3931.48742,3931.48742,-5.98672,0.02641,0.28256,0.00982,0.36107,0.2283,0.09186,44.0,92.0,0.1697,0.849
corpus:092-user99899889988-cavemen@62.229,hook,corpus,62.229,18.77044,4149.48039,4321.52044,-4.35701,0.02818,0.14593,0.00859,0.41006,0.29016,0.11707,38.0,116.0,0.21927,0.827
corpus:092-user99899889988-cavemen@42.4,hook,corpus,42.4,16.49829,4491.9592,4491.9592,-0.82496,0.03738,0.10259,0.00801,0.42984,0.27556,0.14662,80.0,80.0,0.15226,0.824
corpus:092-user99899889988-cavemen@56.831,hook,corpus,56.831,17.07971,4646.37906,4646.37906,-2.76727,0.03724,0.11288,0.00576,0.40654,0.27996,0.15762,92.0,92.0,0.20388,0.823
corpus:092-user99899889988-cavemen@28.526,kick,corpus,28.526,4.67484,2086.91261,2187.65753,-30.7073,0.23173,0.73933,0.00734,0.0019,0.00792,0.01178,104.0,104.0,0.48989,0.789
corpus:092-user99899889988-cavemen@48.379,kick,corpus,48.379,4.44538,2314.82721,2314.82721,-33.19502,0.2278,0.74599,0.00795,0.00104,0.00682,0.0104,92.0,92.0,0.47912,0.788
corpus:092-user99899889988-cavemen@61.01,kick,corpus,61.01,5.13384,2102.318,2119.94024,-25.84234,0.22556,0.74861,0.00723,0.00104,0.00671,0.01085,104.0,104.0,0.46829,0.784
corpus:092-user99899889988-cavemen@30.314,kick,corpus,30.314,5.77858,2521.5479,2931.08413,-35.03505,0.23264,0.73471,0.00743,0.00245,0.00913,0.01364,116.0,116.0,0.68191,0.733
corpus:092-user99899889988-cavemen@22.639,kick,corpus,22.639,6.36126,2231.71695,2810.21796,-30.44418,0.22256,0.74951,0.00791,0.00024,0.00733,0.01246,86.0,138.0,0.73224,0.723
corpus:092-user99899889988-cavemen@0.987,kick,corpus,0.987,6.01846,2324.59515,2821.94706,-28.18363,0.2185,0.75507,0.00757,0.00039,0.00687,0.01161,128.0,128.0,0.7216,0.722
corpus:092-user99899889988-cavemen@32.113,kick,corpus,32.113,5.90127,2696.9391,2887.46262,-30.53995,0.21816,0.74809,0.00848,0.00116,0.00967,0.01444,116.0,116.0,0.70619,0.721
corpus:092-user99899889988-cavemen@26.703,kick,corpus,26.703,5.26541,2587.52495,2994.92316,-36.42035,0.21864,0.75066,0.00886,0.00126,0.0087,0.01188,116.0,116.0,0.69927,0.717
corpus:092-user99899889988-cavemen@29.861,kick,corpus,29.861,6.09267,2368.63082,2870.49483,-26.86466,0.21382,0.76163,0.00706,0.00042,0.00609,0.01099,40.0,128.0,0.70862,0.716
corpus:092-user99899889988-cavemen@59.188,kick,corpus,59.188,4.97257,2864.15478,2864.15478,-48.64628,0.2068,0.75562,0.00835,0.00315,0.01059,0.0155,92.0,92.0,0.5921,0.715
corpus:092-user99899889988-cavemen@44.745,kick,corpus,44.745,5.39736,2966.44441,3166.45428,-33.21544,0.22441,0.73989,0.00989,0.00281,0.00977,0.01324,116.0,116.0,0.71116,0.709
corpus:092-user99899889988-cavemen@57.377,kick,corpus,57.377,5.77984,2865.14227,3272.12024,-35.80174,0.23243,0.73805,0.00722,0.00146,0.00813,0.01271,128.0,128.0,0.72396,0.706
corpus:093-atheist-if-jesus-was-a-raver@60.14,space,corpus,60.14,7.18391,3588.63937,3474.28363,4.39862,0.11137,0.6398,0.09806,0.03141,0.08345,0.03591,400.0,400.0,0.95513,0.803
corpus:093-atheist-if-jesus-was-a-raver@53.998,space,corpus,53.998,7.34548,3598.69032,3199.95724,5.75571,0.11107,0.639,0.0985,0.03129,0.08344,0.0367,400.0,400.0,0.91662,0.782
corpus:093-atheist-if-jesus-was-a-raver@50.921,space,corpus,50.921,7.38375,3166.31312,3276.01554,2.8819,0.12547,0.71694,0.10207,0.01612,0.02966,0.00975,44.0,400.0,0.91627,0.76
corpus:093-atheist-if-jesus-was-a-raver@57.075,space,corpus,57.075,7.47233,3152.06461,3226.6385,2.75642,0.12538,0.71634,0.10193,0.0165,0.03,0.00985,32.0,400.0,0.9166,0.75
corpus:093-atheist-if-jesus-was-a-raver@33.483,hook,corpus,33.483,26.83464,3932.25153,5159.28343,-5.90566,0.08886,0.00909,0.00622,0.09305,0.37649,0.4263,74.0,400.0,0.3428,0.67
corpus:094-pakistan-techno-force-bouncer@0.221,space,corpus,0.221,14.00666,4146.43862,3707.03479,52.28056,0.27413,0.24845,0.03405,0.00944,0.12003,0.3139,126.0,126.0,0.61516,0.951
corpus:094-pakistan-techno-force-bouncer@2.914,space,corpus,2.914,14.81758,4258.37672,4059.72262,48.01165,0.16436,0.2516,0.03136,0.01196,0.15738,0.38334,104.0,104.0,0.79204,0.932
corpus:094-pakistan-techno-force-bouncer@44.942,kick,corpus,44.942,4.674,1442.5382,1442.5382,3.55225,0.54968,0.44164,0.00524,0.00278,0.00053,0.00012,58.0,58.0,0.09138,0.931
corpus:094-pakistan-techno-force-bouncer@37.779,kick,corpus,37.779,4.61894,1514.04292,1514.04292,3.47054,0.53369,0.45339,0.00809,0.0039,0.00072,0.0002,68.0,68.0,0.17602,0.917
corpus:094-pakistan-techno-force-bouncer@2.02,space,corpus,2.02,15.70398,4979.2451,4172.19917,28.56732,0.20182,0.30117,0.04322,0.01545,0.1158,0.32254,86.0,162.0,0.72839,0.897
corpus:094-pakistan-techno-force-bouncer@53.069,space,corpus,53.069,15.31068,4545.97759,4209.36491,31.19425,0.1483,0.28971,0.04587,0.01835,0.14452,0.35324,128.0,128.0,0.81794,0.892
corpus:094-pakistan-techno-force-bouncer@40.914,kick,corpus,40.914,12.18257,1510.01883,2140.71652,-6.69048,0.51008,0.41804,0.00673,0.05085,0.013,0.00131,76.0,196.0,0.28079,0.882
corpus:094-pakistan-techno-force-bouncer@37.338,kick,corpus,37.338,13.79418,1572.48335,1835.82136,1.28648,0.54371,0.38122,0.00233,0.05847,0.01271,0.00157,74.0,132.0,0.24887,0.878
corpus:094-pakistan-techno-force-bouncer@39.114,kick,corpus,39.114,12.15657,1639.27573,2188.91125,-4.94083,0.49393,0.43816,0.00764,0.04565,0.01278,0.00184,82.0,162.0,0.31686,0.87
corpus:094-pakistan-techno-force-bouncer@46.73,kick,corpus,46.73,10.92263,2186.63595,2006.54412,-2.6314,0.50093,0.40681,0.00396,0.06812,0.01615,0.00404,74.0,104.0,0.23974,0.866
corpus:094-pakistan-techno-force-bouncer@42.701,kick,corpus,42.701,11.16127,1115.16217,1908.3365,-10.40894,0.45315,0.47702,0.01643,0.04069,0.01146,0.00126,82.0,196.0,0.44154,0.864
corpus:094-pakistan-techno-force-bouncer@43.584,kick,corpus,43.584,12.21064,1224.73253,1837.46105,-7.55528,0.45549,0.47321,0.02133,0.04322,0.00607,0.00068,100.0,244.0,0.35275,0.858
corpus:094-pakistan-techno-force-bouncer@46.277,kick,corpus,46.277,11.16751,1340.25754,2198.59669,-11.58088,0.43707,0.49655,0.01685,0.03885,0.00888,0.0018,92.0,208.0,0.43751,0.851
corpus:094-pakistan-techno-force-bouncer@45.372,kick,corpus,45.372,10.27189,1104.22003,1559.68995,-2.55575,0.47131,0.46439,0.01634,0.04264,0.00471,0.00061,110.0,256.0,0.36922,0.848
corpus:094-pakistan-techno-force-bouncer@44.489,kick,corpus,44.489,11.01703,1378.99104,2078.91122,-8.7116,0.42724,0.50415,0.01894,0.04049,0.00778,0.0014,92.0,208.0,0.43054,0.837
corpus:094-pakistan-techno-force-bouncer@41.784,kick,corpus,41.784,10.87847,1222.64973,1870.55646,-6.18455,0.42933,0.5023,0.02286,0.03891,0.00561,0.00099,108.0,244.0,0.38047,0.836
corpus:094-pakistan-techno-force-bouncer@55.472,hook,corpus,55.472,14.22955,2228.33845,2213.90152,-11.74416,0.03824,0.5824,0.05697,0.26222,0.04847,0.0117,54.0,104.0,0.24936,0.787
corpus:094-pakistan-techno-force-bouncer@47.287,hook,corpus,47.287,15.25708,2285.16448,2434.9548,-8.89904,0.08136,0.51614,0.0507,0.26127,0.07821,0.01231,60.0,116.0,0.26251,0.758
corpus:094-pakistan-techno-force-bouncer@35.77,hook,corpus,35.77,17.22981,1518.39984,2224.21655,-8.25385,0.03977,0.58958,0.04889,0.2612,0.04676,0.0138,54.0,220.0,0.41776,0.754
corpus:094-pakistan-techno-force-bouncer@16.138,clap,corpus,16.138,17.99676,4057.94256,3242.74757,10.46087,0.00156,0.01758,0.29705,0.61844,0.04023,0.02513,44.0,122.0,0.60401,0.748
corpus:094-pakistan-techno-force-bouncer@62.624,hook,corpus,62.624,15.13895,2925.16845,2969.78284,-24.1527,0.05344,0.52492,0.05259,0.2498,0.09001,0.02924,54.0,104.0,0.3497,0.734
corpus:094-pakistan-techno-force-bouncer@46.835,hook,corpus,46.835,15.71804,3386.9381,3864.54856,-26.86183,0.0905,0.31702,0.04171,0.20265,0.14653,0.20158,48.0,128.0,0.16812,0.727
corpus:094-pakistan-techno-force-bouncer@35.538,hook,corpus,35.538,17.4738,1856.81608,2873.08317,-9.32884,0.02262,0.30369,0.04108,0.48702,0.12549,0.02009,54.0,232.0,0.58905,0.725
corpus:094-pakistan-techno-force-bouncer@7.117,hook,corpus,7.117,12.97063,1967.72752,1967.72752,-14.00548,0.04565,0.66107,0.05839,0.19537,0.03345,0.00608,60.0,92.0,0.23012,0.707
corpus:094-pakistan-techno-force-bouncer@48.309,hook,corpus,48.309,15.0075,2335.57371,2335.57371,-18.54609,0.04874,0.64816,0.05999,0.18838,0.04129,0.01344,80.0,80.0,0.17865,0.704
corpus:094-pakistan-techno-force-bouncer@19.702,clap,corpus,19.702,15.42139,3692.12183,3598.02064,-0.36855,0.01045,0.04518,0.31791,0.58001,0.02784,0.01861,30.0,122.0,0.98118,0.682
corpus:094-pakistan-techno-force-bouncer@23.301,clap,corpus,23.301,17.1307,3232.9343,2718.87896,8.23093,0.00484,0.03447,0.34043,0.59192,0.02258,0.00575,30.0,96.0,0.53624,0.673
corpus:094-pakistan-techno-force-bouncer@21.734,hat,corpus,21.734,17.87846,6744.06973,6588.54812,3.15241,0.0,1e-05,0.0011,0.01615,0.16548,0.81725,118.0,220.0,0.77487,0.647
corpus:094-pakistan-techno-force-bouncer@23.522,hat,corpus,23.522,18.93495,6732.99029,6470.78919,2.86622,5e-05,0.00075,0.00461,0.01704,0.18816,0.78939,124.0,180.0,0.86973,0.647
corpus:094-pakistan-techno-force-bouncer@16.846,hat,corpus,16.846,19.72824,5790.28282,6872.52123,-9.09896,5e-05,0.00044,0.00143,0.00126,0.21502,0.7818,116.0,174.0,0.42543,0.622
corpus:094-pakistan-techno-force-bouncer@19.946,hat,corpus,19.946,18.39592,6789.14191,6688.16182,1.48528,0.00015,0.00157,0.00212,0.0053,0.2142,0.77666,116.0,180.0,0.71995,0.614
corpus:095-user12121325544-seaside@38.557,kick,corpus,38.557,6.89099,1851.10626,1851.10626,-11.97905,0.58579,0.38032,0.02885,0.00176,0.00141,0.00187,38.0,92.0,0.26327,0.953
corpus:095-user12121325544-seaside@58.572,kick,corpus,58.572,8.90745,1988.41097,1988.41097,-16.43865,0.54722,0.4139,0.02647,0.00763,0.00194,0.00284,36.0,92.0,0.13991,0.946
corpus:095-user12121325544-seaside@26.575,kick,corpus,26.575,8.56886,2168.39298,2168.39298,-4.01048,0.59511,0.35297,0.04318,0.00365,0.00246,0.00263,26.0,92.0,0.14638,0.944
corpus:095-user12121325544-seaside@56.784,kick,corpus,56.784,7.98327,2248.74337,2407.82026,-12.80785,0.56875,0.36919,0.05011,0.00639,0.00233,0.00323,46.0,104.0,0.20987,0.943
corpus:095-user12121325544-seaside@31.904,kick,corpus,31.904,8.22459,2204.54536,2204.54536,-11.51271,0.54753,0.40294,0.03417,0.00946,0.00276,0.00313,34.0,92.0,0.1973,0.938
corpus:095-user12121325544-seaside@30.116,kick,corpus,30.116,7.66194,2114.57855,2319.8182,-8.29126,0.56203,0.38043,0.04685,0.00594,0.00224,0.00251,16.0,116.0,0.24908,0.934
corpus:095-user12121325544-seaside@17.67,kick,corpus,17.67,8.96368,1809.92246,2057.16822,-5.96483,0.57839,0.35004,0.05573,0.01163,0.00195,0.00225,36.0,116.0,0.29355,0.933
corpus:095-user12121325544-seaside@15.894,kick,corpus,15.894,8.57865,2219.5405,2394.84575,-8.78111,0.53097,0.39861,0.05694,0.00783,0.0027,0.00295,34.0,104.0,0.18038,0.927
corpus:095-user12121325544-seaside@60.337,kick,corpus,60.337,9.56233,1841.71621,2017.9098,-2.43444,0.58129,0.35127,0.05011,0.01346,0.00152,0.00235,66.0,116.0,0.27199,0.925
corpus:095-user12121325544-seaside@60.453,kick,corpus,60.453,11.64412,4158.48044,4158.48044,-10.59182,0.6748,0.16842,0.01637,0.02004,0.02653,0.09385,50.0,92.0,0.19119,0.918
corpus:095-user12121325544-seaside@33.669,kick,corpus,33.669,7.41228,1969.57997,2052.90316,0.52905,0.5961,0.37062,0.02595,0.00348,0.0016,0.00224,36.0,116.0,0.31885,0.913
corpus:095-user12121325544-seaside@62.113,kick,corpus,62.113,8.61794,1806.62924,1892.92549,1.86568,0.56572,0.38174,0.0397,0.00947,0.00118,0.00218,28.0,116.0,0.26181,0.908
corpus:095-user12121325544-seaside@3.994,space,corpus,3.994,12.24404,4424.73241,4059.85777,11.05203,0.01349,0.43733,0.37708,0.0007,0.05213,0.11927,156.0,244.0,0.99044,0.852
corpus:095-user12121325544-seaside@44.884,space,corpus,44.884,11.60532,4655.38081,4691.07174,6.19302,0.01784,0.39981,0.39869,0.00183,0.04836,0.13346,150.0,232.0,0.97195,0.841
corpus:095-user12121325544-seaside@49.331,space,corpus,49.331,14.71904,5263.42812,4925.58991,29.78405,0.0025,0.01478,0.02463,0.01584,0.30562,0.63663,128.0,128.0,0.94963,0.825
corpus:095-user12121325544-seaside@32.775,space,corpus,32.775,7.14096,3509.77159,3438.25277,28.01357,0.53175,0.39354,0.0106,0.0044,0.02317,0.03655,104.0,104.0,0.34647,0.817
corpus:095-user12121325544-seaside@41.575,hook,corpus,41.575,13.54388,5391.61796,5344.76642,4.37469,0.01204,0.24958,0.13189,0.03828,0.11432,0.45389,54.0,116.0,0.1603,0.784
corpus:095-user12121325544-seaside@39.787,hook,corpus,39.787,16.58143,5004.04834,4872.03267,2.87045,0.00555,0.22947,0.03279,0.31721,0.12792,0.28705,48.0,116.0,0.30098,0.77
corpus:095-user12121325544-seaside@0.685,hook,corpus,0.685,14.85556,6088.87903,5970.43543,2.6786,0.01249,0.25218,0.02963,0.00213,0.13603,0.56753,64.0,128.0,0.22835,0.724
corpus:095-user12121325544-seaside@43.352,hook,corpus,43.352,14.10659,5906.38839,5861.7473,-2.20736,0.01015,0.30658,0.05649,0.00762,0.09368,0.52549,58.0,104.0,0.23949,0.721
corpus:095-user12121325544-seaside@50.457,hook,corpus,50.457,15.77367,5461.31245,5391.28941,4.99727,0.00603,0.25206,0.07553,0.02154,0.15978,0.48506,78.0,116.0,0.28382,0.72
corpus:095-user12121325544-seaside@4.238,hook,corpus,4.238,15.25782,6105.3854,6105.3854,8.89585,0.01317,0.31943,0.04501,0.00158,0.05879,0.56203,80.0,80.0,0.20381,0.713
corpus:095-user12121325544-seaside@41.471,hook,corpus,41.471,13.09273,5106.45838,5285.89382,1.798,0.00522,0.17598,0.29465,0.01417,0.16928,0.34069,104.0,104.0,0.256,0.704
corpus:095-user12121325544-seaside@41.691,hook,corpus,41.691,14.24005,5886.64518,5886.64518,4.33912,0.0004,0.00767,0.00734,0.04244,0.34399,0.59816,92.0,92.0,0.34115,0.681
corpus:096-bitterfeld-death-is-coming@63.936,space,corpus,63.936,8.39096,4366.6586,4366.6586,46.51951,0.5614,0.20963,0.01291,0.01064,0.07437,0.13105,64.0,64.0,0.12626,0.969
corpus:096-bitterfeld-death-is-coming@61.649,kick,corpus,61.649,4.03386,2442.38204,2442.38204,-1.1533,0.54511,0.42294,0.02476,0.00345,0.00149,0.00224,80.0,80.0,0.30549,0.902
corpus:096-bitterfeld-death-is-coming@33.46,kick,corpus,33.46,7.9854,1979.65182,2267.96752,-4.91891,0.61358,0.29754,0.06999,0.00388,0.00939,0.00562,138.0,256.0,0.47822,0.895
corpus:096-bitterfeld-death-is-coming@45.848,kick,corpus,45.848,7.52937,1969.62875,3133.74633,-13.28939,0.52027,0.35643,0.10203,0.00496,0.01248,0.00383,112.0,220.0,0.51137,0.88
corpus:096-bitterfeld-death-is-coming@43.642,kick,corpus,43.642,7.83923,2094.09031,3143.96974,-12.83308,0.51819,0.35517,0.09946,0.00501,0.01699,0.00518,112.0,220.0,0.53042,0.873
corpus:096-bitterfeld-death-is-coming@62.52,kick,corpus,62.52,4.08471,2316.96825,2316.96825,-0.26022,0.47103,0.48777,0.03482,0.0031,0.00117,0.0021,92.0,92.0,0.39506,0.848
corpus:096-bitterfeld-death-is-coming@47.09,kick,corpus,47.09,7.0673,1488.7823,1698.02587,-3.72042,0.57028,0.36549,0.05743,0.00429,0.00183,0.00069,62.0,302.0,0.5795,0.845
corpus:096-bitterfeld-death-is-coming@41.796,kick,corpus,41.796,6.76274,944.95793,1170.5869,-1.55809,0.57727,0.36783,0.05121,0.00259,0.00101,9e-05,90.0,302.0,0.58724,0.832
corpus:096-bitterfeld-death-is-coming@48.042,kick,corpus,48.042,8.35982,2639.92853,3728.05475,-10.47173,0.53257,0.32486,0.09757,0.00861,0.01492,0.02147,18.0,244.0,0.5115,0.83
corpus:096-bitterfeld-death-is-coming@48.414,kick,corpus,48.414,7.80296,1608.13029,2220.05204,-4.31259,0.56896,0.36631,0.05518,0.00599,0.00175,0.0018,72.0,314.0,0.57969,0.828
corpus:096-bitterfeld-death-is-coming@44.002,kick,corpus,44.002,7.25955,1148.55738,1612.63108,-2.98711,0.56584,0.3743,0.05448,0.00325,0.00181,0.00032,82.0,324.0,0.59558,0.827
corpus:096-bitterfeld-death-is-coming@41.459,kick,corpus,41.459,8.7287,1696.08588,2749.17156,-16.94503,0.41648,0.40856,0.15465,0.00704,0.01111,0.00216,88.0,196.0,0.69257,0.826
corpus:096-bitterfeld-death-is-coming@46.73,kick,corpus,46.73,9.10928,2713.37729,3524.88576,-8.80676,0.51859,0.34752,0.09959,0.00585,0.01681,0.01164,112.0,220.0,0.53201,0.822
corpus:096-bitterfeld-death-is-coming@0.418,space,corpus,0.418,13.17221,4837.95043,5390.48533,-1.001,0.32491,0.31514,0.0804,0.01789,0.08416,0.1775,400.0,400.0,0.74146,0.71
corpus:096-bitterfeld-death-is-coming@50.945,space,corpus,50.945,7.2837,3520.00998,3028.78586,3.95197,0.32332,0.43377,0.17112,0.00877,0.02543,0.03759,400.0,400.0,0.85707,0.652
corpus:096-bitterfeld-death-is-coming@50.039,space,corpus,50.039,7.11015,3279.04742,2424.35722,7.05595,0.26766,0.43472,0.21937,0.02105,0.02353,0.03367,400.0,400.0,0.92363,0.646
corpus:097-user99457585343-death-of-an-agent@57.725,space,corpus,57.725,12.85259,4857.76025,4163.45155,5.4808,0.03516,0.5472,0.1262,0.0296,0.18112,0.08072,30.0,400.0,0.76414,0.783
corpus:097-user99457585343-death-of-an-agent@11.146,hat,corpus,11.146,18.65034,7124.32534,7018.05842,0.79783,6e-05,0.00127,0.01002,0.00889,0.06966,0.9101,290.0,400.0,0.77755,0.779
corpus:097-user99457585343-death-of-an-agent@39.509,space,corpus,39.509,9.58904,3838.46356,3867.15858,1.47018,0.06447,0.60065,0.09076,0.02289,0.16721,0.05403,400.0,400.0,0.91705,0.774
corpus:097-user99457585343-death-of-an-agent@48.251,space,corpus,48.251,10.82531,4047.45725,3848.89551,2.55866,0.03185,0.56861,0.10554,0.02409,0.20377,0.06613,400.0,400.0,0.89829,0.771
corpus:097-user99457585343-death-of-an-agent@36.339,space,corpus,36.339,10.10227,3644.50232,3836.45529,-0.74242,0.04992,0.5926,0.10912,0.02756,0.18105,0.03975,400.0,400.0,0.93586,0.738
corpus:098-user25244578642-606-303-903@5.851,hook,corpus,5.851,16.44381,2110.37315,2110.37315,-26.27976,0.03354,0.0164,0.25286,0.55106,0.1341,0.01204,20.0,68.0,0.01398,0.927
corpus:098-user25244578642-606-303-903@0.476,hook,corpus,0.476,11.75912,1662.06356,1662.06356,-24.79745,0.03386,0.02996,0.35203,0.52398,0.05905,0.00113,34.0,46.0,0.0,0.926
corpus:098-user25244578642-606-303-903@4.853,hook,corpus,4.853,16.01563,1834.70411,1834.70411,-26.69098,0.01866,0.04189,0.31837,0.50424,0.10541,0.01142,24.0,38.0,0.02022,0.921
corpus:098-user25244578642-606-303-903@0.046,hook,corpus,0.046,16.16622,2165.82795,2165.82795,-12.45205,0.0235,0.02186,0.28864,0.52284,0.129,0.01416,22.0,68.0,0.02011,0.919
corpus:098-user25244578642-606-303-903@2.055,hook,corpus,2.055,15.3831,1975.9355,1975.9355,-12.20049,0.03232,0.04177,0.29875,0.49732,0.12143,0.00841,16.0,68.0,0.02135,0.916
corpus:098-user25244578642-606-303-903@61.812,hook,corpus,61.812,17.45233,2509.6721,2509.6721,-24.85617,0.03493,0.01939,0.31615,0.50663,0.10629,0.01661,24.0,92.0,0.085,0.911
corpus:098-user25244578642-606-303-903@2.67,hook,corpus,2.67,14.17567,2115.6429,2115.6429,-9.6971,0.02877,0.01727,0.32596,0.48133,0.1313,0.01537,20.0,46.0,0.0,0.909
corpus:098-user25244578642-606-303-903@9.067,hook,corpus,9.067,13.45078,2057.20411,2057.20411,-8.77053,0.03239,0.01646,0.29993,0.50984,0.13027,0.0111,16.0,46.0,0.0,0.908
corpus:098-user25244578642-606-303-903@20.027,space,corpus,20.027,11.66952,3952.29517,3952.29517,59.53991,0.00823,0.28371,0.24563,0.06918,0.14915,0.24411,80.0,80.0,0.27749,0.88
corpus:098-user25244578642-606-303-903@38.406,space,corpus,38.406,15.54455,4287.50486,4121.008,40.45239,0.00568,0.03957,0.26328,0.0604,0.23475,0.39632,104.0,104.0,0.7412,0.866
corpus:098-user25244578642-606-303-903@24.927,kick,corpus,24.927,5.3423,1900.09977,2264.91041,-30.40308,0.35534,0.5815,0.03398,0.00613,0.01789,0.00515,104.0,104.0,0.55147,0.864
corpus:098-user25244578642-606-303-903@17.728,kick,corpus,17.728,4.78394,2035.95129,2354.48052,-30.08975,0.35223,0.59248,0.02733,0.00606,0.01636,0.00554,104.0,104.0,0.55525,0.859
corpus:098-user25244578642-606-303-903@44.025,space,corpus,44.025,12.21606,4398.20426,4398.20426,50.45325,0.01209,0.24169,0.2346,0.06356,0.15648,0.29158,80.0,80.0,0.23161,0.854
corpus:098-user25244578642-606-303-903@40.124,kick,corpus,40.124,5.55056,1656.33642,1975.17164,-18.7732,0.34758,0.60194,0.02953,0.0066,0.01152,0.00283,128.0,128.0,0.57532,0.85
corpus:098-user25244578642-606-303-903@47.462,kick,corpus,47.462,9.86402,1257.75728,1257.75728,-3.88921,0.39463,0.32055,0.18475,0.05573,0.04401,0.00033,34.0,34.0,0.0,0.85
corpus:098-user25244578642-606-303-903@53.719,kick,corpus,53.719,5.50932,1679.6798,1935.32179,-16.99708,0.34864,0.60354,0.02475,0.00682,0.01329,0.00296,92.0,128.0,0.57179,0.848
corpus:098-user25244578642-606-303-903@33.727,kick,corpus,33.727,5.69649,1700.65985,1902.43125,-16.18237,0.34809,0.60426,0.02365,0.00785,0.01322,0.00292,92.0,128.0,0.56939,0.845
corpus:098-user25244578642-606-303-903@54.509,kick,corpus,54.509,5.56366,2429.36297,2508.29928,-21.56918,0.34761,0.58713,0.03495,0.0076,0.01748,0.00522,104.0,104.0,0.61629,0.836
corpus:098-user25244578642-606-303-903@20.933,kick,corpus,20.933,4.95771,1778.46025,1909.43237,-11.93716,0.34004,0.61182,0.02717,0.00633,0.01179,0.00285,128.0,128.0,0.54202,0.829
corpus:098-user25244578642-606-303-903@39.311,kick,corpus,39.311,5.19493,2361.66595,2583.8204,-30.05148,0.34745,0.58206,0.03456,0.01426,0.01688,0.0048,104.0,104.0,0.67259,0.829
corpus:098-user25244578642-606-303-903@41.726,kick,corpus,41.726,4.57267,2170.63119,2170.63119,-10.16639,0.34082,0.60118,0.03273,0.0078,0.01409,0.00338,92.0,92.0,0.471,0.826
corpus:098-user25244578642-606-303-903@47.218,space,corpus,47.218,12.01731,4274.92277,4274.92277,43.0328,0.00751,0.28552,0.24402,0.06373,0.15082,0.2484,92.0,92.0,0.29128,0.826
corpus:098-user25244578642-606-303-903@0.929,kick,corpus,0.929,8.41316,1717.3521,2146.54031,-20.07399,0.33498,0.60186,0.03044,0.01425,0.01598,0.00248,138.0,138.0,0.64434,0.824
corpus:098-user25244578642-606-303-903@45.708,kick,corpus,45.708,5.42877,2451.79336,2807.57654,-28.66221,0.34869,0.5938,0.02693,0.00692,0.01712,0.00654,116.0,116.0,0.68849,0.824
corpus:099-user75468548102-no-big-deal@27.678,kick,corpus,27.678,7.25243,3139.3549,3139.3549,-19.34371,0.55401,0.36293,0.02517,0.00379,0.0416,0.01251,80.0,80.0,0.3847,0.93
corpus:099-user75468548102-no-big-deal@30.302,kick,corpus,30.302,7.35222,2998.7174,2998.7174,-18.13785,0.56019,0.34077,0.02598,0.00732,0.05254,0.0132,92.0,92.0,0.43955,0.927
corpus:099-user75468548102-no-big-deal@46.823,kick,corpus,46.823,5.00822,2196.45548,2196.45548,-14.92826,0.52973,0.39176,0.06516,0.00559,0.00429,0.00347,92.0,92.0,0.48485,0.926
corpus:099-user75468548102-no-big-deal@26.796,kick,corpus,26.796,7.47917,2583.96142,2834.74329,-20.62696,0.54466,0.39932,0.02559,0.0057,0.01545,0.00928,116.0,116.0,0.48773,0.924
corpus:099-user75468548102-no-big-deal@28.549,kick,corpus,28.549,8.01235,2992.86568,2992.86568,-23.71619,0.53968,0.34821,0.02,0.01229,0.06256,0.01727,92.0,92.0,0.4164,0.923
corpus:099-user75468548102-no-big-deal@24.149,kick,corpus,24.149,6.68588,2767.33195,2971.04154,-13.82216,0.54653,0.39772,0.02815,0.00525,0.01395,0.00842,54.0,104.0,0.38914,0.921
corpus:099-user75468548102-no-big-deal@32.926,kick,corpus,32.926,7.31057,3217.55865,3217.55865,-18.71379,0.53055,0.38233,0.02062,0.00593,0.04495,0.01562,92.0,92.0,0.43677,0.914
corpus:099-user75468548102-no-big-deal@33.808,kick,corpus,33.808,7.40193,3098.70108,3098.70108,-15.04662,0.54213,0.35469,0.03739,0.0074,0.04481,0.01358,92.0,92.0,0.45274,0.912
corpus:099-user75468548102-no-big-deal@23.29,kick,corpus,23.29,7.21157,2884.09862,3126.86395,-18.86451,0.53228,0.36575,0.03092,0.01203,0.04665,0.01236,104.0,104.0,0.48016,0.91
corpus:099-user75468548102-no-big-deal@32.032,kick,corpus,32.032,6.65167,2743.16636,2981.93322,-10.00371,0.55765,0.39484,0.0213,0.0051,0.01353,0.00758,116.0,116.0,0.43724,0.908
corpus:099-user75468548102-no-big-deal@15.418,kick,corpus,15.418,8.2528,2564.38406,2564.38406,-17.47576,0.51126,0.35821,0.03004,0.03505,0.05926,0.00618,92.0,92.0,0.41057,0.907
corpus:099-user75468548102-no-big-deal@22.407,kick,corpus,22.407,7.807,2982.80753,3057.60457,-14.31172,0.53801,0.34513,0.03016,0.01688,0.05728,0.01254,104.0,104.0,0.42098,0.907
corpus:099-user75468548102-no-big-deal@46.916,space,corpus,46.916,6.73624,3976.06465,3875.94263,26.70746,0.48387,0.35044,0.01791,0.00569,0.07829,0.0638,104.0,104.0,0.38072,0.858
corpus:099-user75468548102-no-big-deal@19.029,hook,corpus,19.029,13.81452,3714.12416,3714.12416,-19.73549,0.0025,0.15313,0.41825,0.22135,0.09888,0.10588,46.0,46.0,0.0,0.847
corpus:099-user75468548102-no-big-deal@39.033,space,corpus,39.033,7.88929,3792.05069,3723.5355,26.62721,0.48688,0.33211,0.01488,0.01344,0.09533,0.05736,104.0,104.0,0.35117,0.834
corpus:099-user75468548102-no-big-deal@17.148,hook,corpus,17.148,14.09341,3401.62456,3632.81428,-10.75663,0.00074,0.01474,0.07019,0.21318,0.63187,0.06929,128.0,128.0,0.32481,0.781
corpus:099-user75468548102-no-big-deal@19.783,hook,corpus,19.783,12.16875,3749.68413,3749.68413,-5.88516,0.00099,0.01286,0.07325,0.15329,0.67573,0.08387,92.0,92.0,0.18246,0.771
corpus:099-user75468548102-no-big-deal@57.423,space,corpus,57.423,8.15167,4295.22308,4142.94784,20.40444,0.4627,0.35146,0.02713,0.00946,0.07789,0.07136,116.0,116.0,0.35893,0.766
corpus:099-user75468548102-no-big-deal@17.392,hook,corpus,17.392,13.38484,2954.77266,3305.6954,-8.97497,0.00063,0.06399,0.39597,0.19697,0.28379,0.05864,142.0,174.0,0.34237,0.765
corpus:099-user75468548102-no-big-deal@17.81,hook,corpus,17.81,15.21309,2889.93236,3405.46734,-8.64063,0.00067,0.08173,0.4038,0.15938,0.30019,0.05423,122.0,208.0,0.46895,0.691
corpus:099-user75468548102-no-big-deal@18.262,hook,corpus,18.262,16.87421,2896.64553,3337.05973,-10.03328,0.00045,0.11632,0.59839,0.14013,0.07396,0.07076,128.0,186.0,0.49839,0.678
corpus:099-user75468548102-no-big-deal@18.146,hook,corpus,18.146,12.91793,3272.3598,3381.95247,-15.57299,0.00072,0.10786,0.61386,0.13123,0.07555,0.07078,116.0,116.0,0.47105,0.677
corpus:099-user75468548102-no-big-deal@36.409,space,corpus,36.409,7.80601,4022.45743,3980.10784,17.31117,0.47085,0.34724,0.0188,0.01153,0.09162,0.05997,104.0,104.0,0.37417,0.664
corpus:099-user75468548102-no-big-deal@19.876,hook,corpus,19.876,15.01933,3307.51027,3422.16903,-9.1186,0.00067,0.0628,0.62957,0.15905,0.0794,0.06851,116.0,116.0,0.55274,0.652
corpus:100-user11188078453-606-303-902@25.693,space,corpus,25.693,8.47025,3727.68266,3568.02258,50.63491,0.3607,0.53249,0.03158,0.00062,0.01998,0.05464,92.0,104.0,0.15572,0.973
corpus:100-user11188078453-606-303-902@16.498,space,corpus,16.498,8.15542,3080.6828,2916.91834,47.7569,0.33278,0.49105,0.09648,0.02061,0.02399,0.0351,82.0,104.0,0.17819,0.949
corpus:100-user11188078453-606-303-902@22.895,space,corpus,22.895,9.17933,3278.06221,3068.06553,46.21869,0.3265,0.49076,0.09802,0.01943,0.02805,0.03723,82.0,104.0,0.18363,0.948
corpus:100-user11188078453-606-303-902@27.295,space,corpus,27.295,8.71096,3944.34316,3860.92466,40.17177,0.3565,0.53431,0.03348,0.00252,0.0195,0.0537,82.0,104.0,0.13062,0.942
corpus:100-user11188078453-606-303-902@21.223,kick,corpus,21.223,2.75782,578.91137,578.91137,-14.29699,0.37329,0.57742,0.04517,0.00367,0.00037,8e-05,80.0,80.0,0.41373,0.903
corpus:100-user11188078453-606-303-902@58.015,kick,corpus,58.015,3.05528,771.76801,771.76801,-13.80395,0.38,0.58815,0.02937,0.00234,8e-05,5e-05,92.0,92.0,0.43305,0.901
corpus:100-user11188078453-606-303-902@11.633,kick,corpus,11.633,2.61754,1004.3291,1004.3291,-16.61296,0.36439,0.59505,0.0367,0.00358,0.0002,8e-05,80.0,80.0,0.39824,0.896
corpus:100-user11188078453-606-303-902@18.831,kick,corpus,18.831,4.20174,1310.92719,1310.92719,-18.17601,0.36979,0.59389,0.03167,0.00284,0.0013,0.00051,80.0,80.0,0.37213,0.896
corpus:100-user11188078453-606-303-902@53.209,kick,corpus,53.209,3.13852,750.70619,750.70619,-16.96987,0.36263,0.58003,0.05214,0.00456,0.00051,0.00014,92.0,92.0,0.49511,0.895
corpus:100-user11188078453-606-303-902@58.816,kick,corpus,58.816,4.11635,1409.54752,1409.54752,-11.68429,0.3673,0.59921,0.02876,0.00316,0.00114,0.00044,80.0,80.0,0.39136,0.881
corpus:100-user11188078453-606-303-902@53.812,hook,corpus,53.812,13.02996,4792.98988,4792.98988,-4.73791,0.00569,0.00705,0.00108,0.18639,0.44724,0.35254,70.0,80.0,0.04221,0.874
corpus:100-user11188078453-606-303-902@60.209,hook,corpus,60.209,13.86469,4827.83134,4827.83134,-3.63496,0.00203,0.00373,0.00086,0.17889,0.46347,0.35103,50.0,80.0,0.04349,0.874
corpus:100-user11188078453-606-303-902@61.208,kick,corpus,61.208,2.86431,986.98194,986.98194,-6.3473,0.37101,0.57688,0.04547,0.00592,0.00056,0.00016,80.0,80.0,0.40032,0.874
corpus:100-user11188078453-606-303-902@5.828,hook,corpus,5.828,14.97607,4852.78213,4852.78213,-4.62437,0.00187,0.0044,0.001,0.16855,0.46243,0.36174,62.0,92.0,0.04875,0.87
corpus:100-user11188078453-606-303-902@56.204,hook,corpus,56.204,14.62604,4709.04316,4709.04316,-2.34915,0.00463,0.0057,0.00539,0.20338,0.43448,0.34643,60.0,92.0,0.10117,0.867
corpus:100-user11188078453-606-303-902@14.826,kick,corpus,14.826,3.00314,747.87609,747.87609,-3.26099,0.37271,0.58157,0.04104,0.00421,0.0004,7e-05,80.0,80.0,0.41171,0.866
corpus:100-user11188078453-606-303-902@59.803,hook,corpus,59.803,15.86382,4672.94024,4662.17063,-2.84866,0.00572,0.00722,0.00606,0.18022,0.45631,0.34447,66.0,116.0,0.08872,0.866
corpus:100-user11188078453-606-303-902@3.425,hook,corpus,3.425,13.70006,4881.77391,4881.77391,-2.15867,0.00282,0.00533,0.00377,0.14645,0.43293,0.4087,62.0,80.0,0.06045,0.864
corpus:100-user11188078453-606-303-902@25.612,kick,corpus,25.612,3.95932,1222.61316,1222.61316,-22.68783,0.30787,0.58964,0.09056,0.01056,0.00104,0.00034,80.0,80.0,0.49567,0.863
corpus:100-user11188078453-606-303-902@8.22,hook,corpus,8.22,15.10536,4638.60139,4668.23754,-3.90436,0.005,0.00614,0.00367,0.20267,0.44698,0.33554,42.0,116.0,0.12511,0.861
corpus:100-user11188078453-606-303-902@28.224,hook,corpus,28.224,14.08077,5165.91377,5165.91377,-4.7986,0.00432,0.00638,0.00062,0.14464,0.43312,0.41092,62.0,80.0,0.03349,0.861
corpus:100-user11188078453-606-303-902@12.829,kick,corpus,12.829,3.52368,746.84549,1020.33737,-11.65715,0.32864,0.58852,0.07303,0.00929,0.00044,8e-05,104.0,104.0,0.4692,0.857
corpus:100-user11188078453-606-303-902@50.817,kick,corpus,50.817,5.94713,3203.53217,3203.53217,-19.48374,0.38168,0.5515,0.03628,0.00834,0.00737,0.01483,58.0,58.0,0.14002,0.857
corpus:100-user11188078453-606-303-902@28.433,kick,corpus,28.433,3.99671,1109.66942,1109.66942,-1.74878,0.37967,0.59288,0.02427,0.00184,0.00094,0.0004,92.0,92.0,0.39739,0.856
corpus:102-user88745774467-untitled-3-1@3.32,space,corpus,3.32,19.41816,5155.05544,4809.68842,34.4203,0.00632,0.01947,0.00219,0.00581,0.40343,0.56278,44.0,128.0,0.87024,0.882
corpus:102-user88745774467-untitled-3-1@41.703,space,corpus,41.703,12.20515,4485.98111,4345.11366,22.18223,0.30711,0.48603,0.00446,0.00371,0.08385,0.11483,102.0,116.0,0.35812,0.83
corpus:102-user88745774467-untitled-3-1@11.645,hook,corpus,11.645,18.24827,6159.9958,6159.9958,5.39135,0.0,0.0,0.00718,0.02144,0.46148,0.50989,38.0,92.0,0.01723,0.822
corpus:102-user88745774467-untitled-3-1@23.243,hook,corpus,23.243,16.54736,6246.30602,6246.30602,2.87269,0.0,1e-05,0.00026,0.02292,0.40339,0.57341,46.0,68.0,0.01823,0.821
corpus:102-user88745774467-untitled-3-1@8.557,hook,corpus,8.557,17.14768,6230.40836,6230.40836,2.32346,0.0004,0.00146,0.00801,0.00813,0.39738,0.58462,46.0,68.0,0.02128,0.814
corpus:102-user88745774467-untitled-3-1@14.838,hook,corpus,14.838,19.82826,6190.83058,6192.9412,2.73632,5e-05,5e-05,0.0008,0.0277,0.40415,0.56725,38.0,104.0,0.04321,0.814
corpus:102-user88745774467-untitled-3-1@8.44,hook,corpus,8.44,18.37443,6094.18372,6203.13517,-0.04491,0.0,5e-05,0.00132,0.04611,0.40207,0.55044,52.0,92.0,0.05525,0.81
corpus:102-user88745774467-untitled-3-1@12.04,hook,corpus,12.04,17.70423,6330.72545,6330.72545,7.89214,2e-05,9e-05,0.0004,0.03448,0.41224,0.55277,46.0,92.0,0.04026,0.81
corpus:102-user88745774467-untitled-3-1@6.153,hook,corpus,6.153,17.42717,6209.12254,6209.12254,1.08336,5e-05,0.00016,0.00355,0.00694,0.42461,0.56469,38.0,80.0,0.03253,0.809
corpus:102-user88745774467-untitled-3-1@21.745,hook,corpus,21.745,17.9733,6297.02817,6297.02817,5.71084,0.0,4e-05,0.00019,0.01335,0.39511,0.5913,52.0,80.0,0.04527,0.809
corpus:102-user88745774467-untitled-3-1@59.002,space,corpus,59.002,12.0326,4786.26975,4119.24008,14.36817,0.06216,0.51414,0.13258,0.0097,0.12599,0.15543,196.0,196.0,0.69318,0.796
corpus:102-user88745774467-untitled-3-1@41.401,space,corpus,41.401,13.9582,4881.17583,4141.69963,13.52034,0.0732,0.46867,0.1018,0.01811,0.14726,0.19096,208.0,208.0,0.75968,0.795
corpus:102-user88745774467-untitled-3-1@14.106,hat,corpus,14.106,18.63745,5953.06648,6360.5851,-15.53492,0.00112,0.02355,0.02749,0.01544,0.36895,0.56345,50.0,138.0,0.98009,0.769
corpus:102-user88745774467-untitled-3-1@63.344,kick,corpus,63.344,12.47261,4855.90609,4855.90609,-15.11308,0.36503,0.39003,0.00686,0.00374,0.09528,0.13906,58.0,58.0,0.06805,0.703
corpus:102-user88745774467-untitled-3-1@22.906,hat,corpus,22.906,18.7009,6606.68136,6641.2684,-8.86707,0.0,7e-05,0.00759,0.00635,0.4033,0.58268,48.0,116.0,0.98995,0.679
corpus:102-user88745774467-untitled-3-1@47.345,kick,corpus,47.345,12.67685,4680.87435,4680.87435,-6.69615,0.35865,0.41762,0.01825,0.00951,0.07692,0.11905,80.0,80.0,0.12834,0.672
corpus:102-user88745774467-untitled-3-1@52.14,kick,corpus,52.14,11.88585,4731.24454,4731.24454,0.29769,0.40454,0.40192,0.00492,0.0013,0.07166,0.11566,68.0,68.0,0.15299,0.671
corpus:102-user88745774467-untitled-3-1@42.551,kick,corpus,42.551,12.05188,4948.10939,4948.10939,-11.48813,0.35165,0.3881,0.0149,0.00619,0.09281,0.14635,58.0,58.0,0.07259,0.663
corpus:102-user88745774467-untitled-3-1@37.744,kick,corpus,37.744,12.36348,4801.3843,4801.3843,1.15076,0.37585,0.37752,0.00608,0.00167,0.12243,0.11644,80.0,80.0,0.16773,0.616
corpus:102-user88745774467-untitled-3-1@9.706,hat,corpus,9.706,19.09389,6651.09556,6664.00974,-4.62673,0.0,0.00012,0.00093,0.00204,0.39266,0.60424,48.0,128.0,0.99838,0.602
corpus:102-user88745774467-untitled-3-1@55.333,kick,corpus,55.333,10.01917,4447.15879,4447.15879,5.66864,0.3641,0.42284,0.0508,0.00527,0.0628,0.09419,68.0,68.0,0.09917,0.601
corpus:105-hanzzo-sascha-m-ller-nuke-vol-22@22.489,hook,corpus,22.489,9.35825,1741.80542,1741.80542,-36.20684,0.02095,0.11954,0.02833,0.82697,0.00269,0.00151,58.0,58.0,0.08279,0.923
corpus:105-hanzzo-sascha-m-ller-nuke-vol-22@29.733,hook,corpus,29.733,11.11211,1654.76711,1654.76711,-29.08878,0.03387,0.24766,0.12479,0.57944,0.00985,0.00439,58.0,58.0,0.11835,0.915
corpus:105-hanzzo-sascha-m-ller-nuke-vol-22@45.232,hook,corpus,45.232,14.30976,1943.73599,1943.73599,-16.71524,0.00231,0.00049,0.07012,0.90007,0.01843,0.00859,34.0,80.0,0.08519,0.897
corpus:105-hanzzo-sascha-m-ller-nuke-vol-22@33.808,hook,corpus,33.808,14.52511,1701.27392,1701.27392,-11.45876,0.04742,0.19464,0.283,0.46423,0.00772,0.00299,52.0,92.0,0.15982,0.886
corpus:105-hanzzo-sascha-m-ller-nuke-vol-22@35.445,hook,corpus,35.445,13.36388,1443.56688,1443.56688,-20.69507,0.06751,0.18851,0.27672,0.45749,0.00765,0.00212,54.0,92.0,0.19032,0.88
corpus:105-hanzzo-sascha-m-ller-nuke-vol-22@55.844,kick,corpus,55.844,10.13675,1002.14637,1024.52842,-11.0524,0.44339,0.48176,0.04147,0.03309,0.00021,8e-05,30.0,116.0,0.5874,0.872
corpus:105-hanzzo-sascha-m-ller-nuke-vol-22@31.974,hook,corpus,31.974,15.95385,1422.43959,1970.99914,-14.28817,0.08026,0.22344,0.13841,0.43868,0.10514,0.01408,52.0,174.0,0.24455,0.871
corpus:105-hanzzo-sascha-m-ller-nuke-vol-22@59.118,kick,corpus,59.118,8.97999,712.53238,907.25339,-17.42638,0.52277,0.32275,0.11329,0.04087,0.00028,5e-05,16.0,104.0,0.7671,0.871
corpus:105-hanzzo-sascha-m-ller-nuke-vol-22@44.826,hook,corpus,44.826,17.21587,1627.92657,1636.079,-16.27752,0.02694,0.14798,0.12533,0.66854,0.02308,0.00813,34.0,104.0,0.33208,0.869
corpus:105-hanzzo-sascha-m-ller-nuke-vol-22@29.524,hook,corpus,29.524,16.87052,1237.0762,2078.05741,-11.05819,0.09878,0.20396,0.11213,0.45904,0.11142,0.01467,36.0,208.0,0.26291,0.868
corpus:105-hanzzo-sascha-m-ller-nuke-vol-22@28.502,kick,corpus,28.502,7.1936,901.38973,901.38973,-9.95818,0.45736,0.31742,0.12133,0.10144,0.00185,0.00062,30.0,92.0,0.5366,0.839
corpus:105-hanzzo-sascha-m-ller-nuke-vol-22@52.593,kick,corpus,52.593,11.11546,1681.32569,1748.41253,-29.62472,0.30625,0.55586,0.08647,0.03218,0.01018,0.00905,46.0,104.0,0.59482,0.82
corpus:105-hanzzo-sascha-m-ller-nuke-vol-22@59.222,kick,corpus,59.222,14.03496,637.59559,728.15941,1.68997,0.51811,0.36082,0.08497,0.0348,0.00119,0.00012,58.0,394.0,0.49303,0.806
corpus:105-hanzzo-sascha-m-ller-nuke-vol-22@26.03,kick,corpus,26.03,10.06562,1458.40003,1573.68271,-8.69118,0.40211,0.42471,0.06841,0.10127,0.00253,0.00097,42.0,128.0,0.13636,0.801
corpus:105-hanzzo-sascha-m-ller-nuke-vol-22@48.82,kick,corpus,48.82,8.24277,1164.1309,1164.1309,-7.52363,0.34725,0.48077,0.10695,0.06421,0.00072,0.0001,68.0,68.0,0.495,0.797
corpus:105-hanzzo-sascha-m-ller-nuke-vol-22@1.347,space,corpus,1.347,12.00657,4243.09579,3827.02804,4.06322,0.16553,0.46826,0.24249,0.03035,0.02571,0.06766,234.0,400.0,0.85526,0.787
corpus:105-hanzzo-sascha-m-ller-nuke-vol-22@9.613,space,corpus,9.613,12.74386,4570.98007,3720.94409,12.8905,0.30537,0.34227,0.1269,0.00486,0.04329,0.1773,24.0,220.0,0.80382,0.759
corpus:105-hanzzo-sascha-m-ller-nuke-vol-22@62.497,kick,corpus,62.497,16.79006,601.18132,536.01013,1.41234,0.36489,0.31157,0.27676,0.0461,0.00063,5e-05,32.0,400.0,0.41029,0.751
corpus:105-hanzzo-sascha-m-ller-nuke-vol-22@27.26,kick,corpus,27.26,9.85168,1015.72825,1079.27713,-0.60869,0.40246,0.3416,0.1243,0.12833,0.00235,0.00096,22.0,128.0,0.34819,0.743
corpus:105-hanzzo-sascha-m-ller-nuke-vol-22@60.047,kick,corpus,60.047,13.19351,541.12483,773.34139,0.15414,0.30052,0.54258,0.10469,0.05157,0.00057,7e-05,28.0,68.0,0.4629,0.74
corpus:105-hanzzo-sascha-m-ller-nuke-vol-22@11.134,space,corpus,11.134,12.22102,2996.15093,2937.34171,4.09882,0.11278,0.57948,0.25446,0.02304,0.01679,0.01345,116.0,400.0,0.93475,0.739
corpus:105-hanzzo-sascha-m-ller-nuke-vol-22@42.376,space,corpus,42.376,12.3905,3699.17402,2947.98248,6.91935,0.05548,0.72961,0.11334,0.05706,0.01536,0.02914,50.0,400.0,0.84924,0.739
corpus:105-hanzzo-sascha-m-ller-nuke-vol-22@60.86,kick,corpus,60.86,13.93679,605.84386,844.34423,0.72598,0.36293,0.405,0.20557,0.02608,0.00035,7e-05,28.0,248.0,0.55111,0.734
corpus:105-hanzzo-sascha-m-ller-nuke-vol-22@28.897,kick,corpus,28.897,8.89397,1549.24377,1494.01344,-13.81932,0.33289,0.36022,0.17573,0.1272,0.00287,0.00109,104.0,104.0,0.2983,0.726
corpus:105-hanzzo-sascha-m-ller-nuke-vol-22@46.428,clap,corpus,46.428,18.99151,1635.55652,1756.73588,-8.09004,0.00995,0.01879,0.0527,0.88163,0.02692,0.01001,22.0,128.0,0.97947,0.668
corpus:105-hanzzo-sascha-m-ller-nuke-vol-22@22.361,clap,corpus,22.361,10.83305,1426.79167,1457.04332,3.12214,0.09641,0.07678,0.09419,0.72796,0.0039,0.00077,128.0,128.0,0.78219,0.637
corpus:108-duality-micro-sidewinder@25.902,space,corpus,25.902,13.26547,5250.35608,5250.35608,44.78918,0.14696,0.13235,0.02184,0.00995,0.08756,0.60134,80.0,80.0,0.33633,0.914
corpus:108-duality-micro-sidewinder@13.084,space,corpus,13.084,10.97062,4782.88228,4324.0502,8.25155,0.31525,0.54637,0.06199,0.007,0.02011,0.04927,106.0,400.0,0.99981,0.897
corpus:108-duality-micro-sidewinder@2.844,space,corpus,2.844,11.97388,5293.38028,4200.57136,9.62522,0.2837,0.50792,0.07501,0.01071,0.02886,0.0938,150.0,394.0,0.99998,0.887
corpus:108-duality-micro-sidewinder@19.261,space,corpus,19.261,7.3232,2969.1679,2969.1679,39.13091,0.40474,0.57007,0.00168,0.00039,0.00313,0.01998,74.0,92.0,0.11509,0.887
corpus:108-duality-micro-sidewinder@17.624,hat,corpus,17.624,16.7604,5678.7269,6121.96731,-23.56208,0.00205,0.00383,0.00305,0.13546,0.10553,0.75008,50.0,138.0,0.7827,0.871
corpus:108-duality-micro-sidewinder@30.325,kick,corpus,30.325,5.81064,1640.90256,1640.90256,-50.76665,0.32378,0.55372,0.11732,0.0041,0.00078,0.00029,80.0,80.0,0.58493,0.86
corpus:108-duality-micro-sidewinder@48.123,kick,corpus,48.123,7.68299,2831.99978,2831.99978,-16.21433,0.38495,0.57821,0.00588,0.00104,0.00292,0.027,56.0,92.0,0.106,0.86
corpus:108-duality-micro-sidewinder@32.311,kick,corpus,32.311,8.96232,3205.06944,3396.56701,-15.22651,0.40529,0.53451,0.00313,0.0003,0.00543,0.05134,56.0,104.0,0.09556,0.845
corpus:108-duality-micro-sidewinder@24.869,kick,corpus,24.869,9.18099,2932.45981,3151.95085,-19.33186,0.38323,0.5543,0.00571,0.0034,0.00871,0.04465,56.0,104.0,0.08411,0.844
corpus:108-duality-micro-sidewinder@19.156,kick,corpus,19.156,5.70581,1651.58374,1992.53182,-45.67355,0.33684,0.56634,0.09252,0.00348,0.00045,0.00037,104.0,104.0,0.73182,0.836
corpus:108-duality-micro-sidewinder@57.202,hook,corpus,57.202,16.0277,5547.33668,5547.33668,3.25541,0.0782,0.11968,0.02484,0.11186,0.0864,0.57902,28.0,92.0,0.00853,0.831
corpus:108-duality-micro-sidewinder@23.011,kick,corpus,23.011,8.69714,3105.79497,3105.79497,-30.75242,0.3439,0.57588,0.01568,0.00773,0.00739,0.04941,48.0,92.0,0.08462,0.827
corpus:108-duality-micro-sidewinder@25.786,kick,corpus,25.786,8.19549,2794.49014,3167.14756,-18.34187,0.33924,0.60917,0.0192,0.00569,0.00787,0.01882,64.0,116.0,0.14459,0.82
corpus:108-duality-micro-sidewinder@28.456,kick,corpus,28.456,6.0219,1852.37568,2115.05831,-29.38239,0.33563,0.577,0.0843,0.00227,0.00042,0.00036,128.0,128.0,0.8448,0.82
corpus:108-duality-micro-sidewinder@45.221,kick,corpus,45.221,6.16374,584.49425,830.89321,-7.1981,0.3314,0.56466,0.09716,0.00608,0.00064,6e-05,104.0,104.0,0.59873,0.82
corpus:108-duality-micro-sidewinder@21.014,kick,corpus,21.014,6.28008,1774.94362,2019.65084,-28.5196,0.33302,0.58047,0.08317,0.0027,0.00037,0.00028,128.0,128.0,0.85204,0.819
corpus:108-duality-micro-sidewinder@43.363,kick,corpus,43.363,6.63493,1001.33069,1001.33069,-1.2562,0.29594,0.53682,0.15526,0.01073,0.00109,0.00016,58.0,58.0,0.17982,0.819
corpus:108-duality-micro-sidewinder@9.985,kick,corpus,9.985,9.69457,3298.1059,3438.64102,-11.88997,0.38604,0.5362,0.00958,0.00181,0.00761,0.05876,56.0,104.0,0.08529,0.817
corpus:108-duality-micro-sidewinder@32.508,hat,corpus,32.508,16.52041,5322.49874,5756.9627,-23.98301,0.01734,0.02019,0.01785,0.17844,0.13346,0.63273,52.0,138.0,0.7848,0.817
corpus:108-duality-micro-sidewinder@45.987,hat,corpus,45.987,16.38882,4248.45768,5323.75199,-26.10815,0.10188,0.13657,0.03367,0.12101,0.08716,0.5197,46.0,150.0,0.865,0.816
corpus:108-duality-micro-sidewinder@30.209,hook,corpus,30.209,16.44723,5668.0362,5492.51643,-2.19785,0.01568,0.01769,0.00238,0.12315,0.26851,0.5726,58.0,116.0,0.09241,0.807
corpus:108-duality-micro-sidewinder@37.442,hook,corpus,37.442,21.36296,5699.9617,5117.63056,4.16746,0.05425,0.04824,0.02546,0.14587,0.42147,0.30471,50.0,324.0,0.09919,0.804
corpus:108-duality-micro-sidewinder@49.644,hook,corpus,49.644,15.42236,5845.81498,5845.81498,8.29206,0.04504,0.05835,0.01693,0.04597,0.14834,0.68538,56.0,92.0,0.06416,0.797
corpus:108-duality-micro-sidewinder@32.078,hook,corpus,32.078,15.45558,5817.28288,5817.28288,-1.91001,0.00442,0.00344,0.00073,0.07861,0.26279,0.65001,40.0,92.0,0.03377,0.795
corpus:108-duality-micro-sidewinder@25.983,hat,corpus,25.983,16.01733,6690.59358,6810.91771,-3.51241,0.00054,0.00019,0.00237,0.01053,0.10469,0.88168,50.0,138.0,0.7177,0.778
corpus:108-duality-micro-sidewinder@61.8,hat,corpus,61.8,16.02615,5849.71259,6092.60569,-13.75999,1e-05,3e-05,0.00045,0.14151,0.23149,0.62649,44.0,138.0,0.91155,0.778
corpus:108-duality-micro-sidewinder@18.123,hook,corpus,18.123,15.47844,6295.56005,6295.56005,5.48912,0.08357,0.12701,0.05393,0.01469,0.10477,0.61603,36.0,80.0,0.0307,0.775
corpus:108-duality-micro-sidewinder@28.781,hat,corpus,28.781,16.61668,5963.44903,6266.76104,-14.85605,0.00089,0.0018,0.00263,0.13334,0.1426,0.71875,52.0,150.0,0.7076,0.768
corpus:108-duality-micro-sidewinder@30.65,hat,corpus,30.65,14.77046,5613.19303,5824.78114,-23.35769,0.01893,0.02837,0.01542,0.16974,0.12955,0.63798,46.0,128.0,0.66811,0.768
corpus:108-duality-micro-sidewinder@59.873,hook,corpus,59.873,14.1776,6436.0818,6436.0818,10.8652,0.02561,0.04817,0.01215,0.01183,0.11514,0.78709,80.0,80.0,0.06862,0.76
corpus:108-duality-micro-sidewinder@35.573,hook,corpus,35.573,17.97457,4746.42138,4854.80612,-1.15085,0.11278,0.16785,0.01871,0.13501,0.35238,0.21327,52.0,102.0,0.10075,0.759
corpus:108-duality-micro-sidewinder@20.41,hat,corpus,20.41,15.7558,6534.38813,6491.39834,-3.05873,0.00018,8e-05,0.00066,0.01173,0.19061,0.79675,44.0,138.0,0.78132,0.726
corpus:108-duality-micro-sidewinder@59.954,hat,corpus,59.954,17.53532,5775.43324,5981.82508,-15.1189,2e-05,7e-05,0.00066,0.12909,0.25192,0.61824,32.0,138.0,0.77503,0.722
corpus:108-duality-micro-sidewinder@20.875,hat,corpus,20.875,17.57429,5765.2152,6006.82897,-14.50372,0.01389,0.03046,0.00785,0.15372,0.28001,0.51406,38.0,138.0,0.92964,0.714
corpus:108-duality-micro-sidewinder@38.835,hat,corpus,38.835,16.634,5751.15194,5751.15194,-34.78405,0.00094,0.00037,0.0045,0.00399,0.10136,0.88884,30.0,80.0,0.00193,0.683
corpus:108-duality-micro-sidewinder@41.239,hat,corpus,41.239,15.9097,6412.3226,6242.3788,2.25549,0.02779,0.02613,0.00602,0.00232,0.10248,0.83526,62.0,220.0,0.69389,0.655
corpus:108-duality-micro-sidewinder@36.235,clap,corpus,36.235,16.37737,3492.22131,3546.53893,-6.51613,0.01477,0.01621,0.01407,0.70083,0.19875,0.05536,26.0,54.0,0.99558,0.653
corpus:109-el-atalaya-sascha-m-ller-respect-my-ability-sascha-m-ller-hard-ac@42.167,kick,corpus,42.167,7.31818,2388.52913,2388.52913,-6.08566,0.45359,0.49072,0.02516,0.00944,0.01974,0.00137,80.0,80.0,0.16177,0.892
corpus:109-el-atalaya-sascha-m-ller-respect-my-ability-sascha-m-ller-hard-ac@47.264,kick,corpus,47.264,9.31319,1071.11294,1443.90555,-10.19726,0.42949,0.5131,0.02957,0.02026,0.00737,0.0002,64.0,162.0,0.51197,0.873
corpus:109-el-atalaya-sascha-m-ller-respect-my-ability-sascha-m-ller-hard-ac@44.571,kick,corpus,44.571,7.10789,2063.47604,2063.47604,-4.03813,0.41786,0.54638,0.027,0.00454,0.00274,0.00148,40.0,80.0,0.30053,0.871
corpus:109-el-atalaya-sascha-m-ller-respect-my-ability-sascha-m-ller-hard-ac@45.372,kick,corpus,45.372,7.31866,2475.95844,2475.95844,3.43331,0.48658,0.46283,0.03164,0.00463,0.01144,0.00287,62.0,80.0,0.18992,0.866
corpus:109-el-atalaya-sascha-m-ller-respect-my-ability-sascha-m-ller-hard-ac@42.458,kick,corpus,42.458,9.784,932.48727,1475.95458,-7.64663,0.43135,0.48433,0.04508,0.0321,0.00705,8e-05,62.0,162.0,0.51746,0.851
corpus:109-el-atalaya-sascha-m-ller-respect-my-ability-sascha-m-ller-hard-ac@47.763,kick,corpus,47.763,8.3848,2130.52758,2130.52758,1.28217,0.39948,0.53238,0.02711,0.00901,0.03026,0.00176,80.0,80.0,0.1755,0.842
corpus:109-el-atalaya-sascha-m-ller-respect-my-ability-sascha-m-ller-hard-ac@36.061,hook,corpus,36.061,21.34355,2051.05025,1516.82284,2.80576,0.00299,0.05213,0.25296,0.63728,0.05419,0.00045,46.0,400.0,0.11786,0.841
corpus:109-el-atalaya-sascha-m-ller-respect-my-ability-sascha-m-ller-hard-ac@58.166,kick,corpus,58.166,8.46856,2629.16926,2629.16926,-10.123,0.33518,0.55451,0.06003,0.01519,0.0315,0.00359,72.0,80.0,0.14644,0.818
corpus:109-el-atalaya-sascha-m-ller-respect-my-ability-sascha-m-ller-hard-ac@46.463,kick,corpus,46.463,9.58182,1121.65627,1356.98417,-2.1597,0.40722,0.5337,0.04185,0.01271,0.00434,0.00018,56.0,186.0,0.53803,0.804
corpus:109-el-atalaya-sascha-m-ller-respect-my-ability-sascha-m-ller-hard-ac@49.656,kick,corpus,49.656,8.69378,971.6174,1292.68733,-4.80983,0.41241,0.50848,0.06092,0.01417,0.00393,9e-05,16.0,186.0,0.63031,0.794
corpus:109-el-atalaya-sascha-m-ller-respect-my-ability-sascha-m-ller-hard-ac@44.861,kick,corpus,44.861,7.71279,854.66672,1107.15462,0.96336,0.44965,0.48983,0.04583,0.01221,0.0024,9e-05,62.0,196.0,0.54499,0.789
corpus:109-el-atalaya-sascha-m-ller-respect-my-ability-sascha-m-ller-hard-ac@48.565,kick,corpus,48.565,9.13901,2319.34721,2319.34721,4.48113,0.42714,0.43871,0.03188,0.02135,0.07908,0.00183,44.0,92.0,0.29364,0.789
corpus:109-el-atalaya-sascha-m-ller-respect-my-ability-sascha-m-ller-hard-ac@41.668,kick,corpus,41.668,7.56575,833.10191,1112.44527,1.28593,0.44983,0.48862,0.04134,0.01727,0.00288,6e-05,52.0,186.0,0.53685,0.787
corpus:109-el-atalaya-sascha-m-ller-respect-my-ability-sascha-m-ller-hard-ac@35.759,hook,corpus,35.759,19.11534,2305.53229,2985.7685,-4.68694,0.00011,0.00196,0.02915,0.30736,0.6478,0.01363,34.0,158.0,0.34733,0.763
corpus:109-el-atalaya-sascha-m-ller-respect-my-ability-sascha-m-ller-hard-ac@51.56,hook,corpus,51.56,14.96796,1575.44667,1542.55399,1.4486,0.0055,0.47603,0.05599,0.407,0.05498,0.00052,42.0,208.0,0.38759,0.717
corpus:109-el-atalaya-sascha-m-ller-respect-my-ability-sascha-m-ller-hard-ac@51.769,hook,corpus,51.769,13.42048,3532.91713,3532.91713,-0.1087,0.00711,0.54403,0.06942,0.06216,0.27652,0.04076,48.0,80.0,0.03869,0.665
corpus:109-el-atalaya-sascha-m-ller-respect-my-ability-sascha-m-ller-hard-ac@32.856,hook,corpus,32.856,20.46022,1962.74696,1475.13191,2.62923,0.00012,0.00496,0.07917,0.89111,0.02442,0.00022,30.0,68.0,0.06631,0.624
corpus:109-el-atalaya-sascha-m-ller-respect-my-ability-sascha-m-ller-hard-ac@37.86,hook,corpus,37.86,22.17831,2722.00612,3255.43798,2.3004,9e-05,0.00154,0.01479,0.53969,0.38716,0.05672,42.0,210.0,0.41912,0.609
corpus:109-el-atalaya-sascha-m-ller-respect-my-ability-sascha-m-ller-hard-ac@51.455,hook,corpus,51.455,11.81193,2593.64575,2655.46438,-3.42042,0.15731,0.38439,0.08305,0.16974,0.19508,0.01043,88.0,104.0,0.17824,0.601
corpus:111-el-atalaya-respect-my-ability-sascha-m-ller-hard-ac@42.167,kick,corpus,42.167,7.72785,2486.36828,2486.36828,-3.81381,0.45885,0.48072,0.02022,0.0116,0.02725,0.00136,72.0,80.0,0.16344,0.885
corpus:111-el-atalaya-respect-my-ability-sascha-m-ller-hard-ac@45.372,kick,corpus,45.372,6.97867,2478.13637,2478.13637,2.21888,0.46972,0.4707,0.04007,0.00487,0.01172,0.00292,62.0,80.0,0.18334,0.866
corpus:111-el-atalaya-respect-my-ability-sascha-m-ller-hard-ac@40.066,kick,corpus,40.066,6.01909,985.43362,1135.59146,-1.09598,0.46103,0.50684,0.02504,0.00609,0.00091,0.0001,42.0,138.0,0.4794,0.858
corpus:111-el-atalaya-respect-my-ability-sascha-m-ller-hard-ac@42.458,kick,corpus,42.458,9.84054,803.45169,1431.96936,-7.15228,0.44435,0.48526,0.03863,0.02611,0.0056,6e-05,62.0,186.0,0.54052,0.851
corpus:111-el-atalaya-respect-my-ability-sascha-m-ller-hard-ac@47.264,kick,corpus,47.264,9.69342,1137.25081,1478.40083,-6.51957,0.43704,0.49479,0.03319,0.02647,0.00831,0.0002,64.0,174.0,0.52391,0.848
corpus:111-el-atalaya-respect-my-ability-sascha-m-ller-hard-ac@46.463,kick,corpus,46.463,10.3464,1098.88962,1344.33061,-5.58457,0.3901,0.54008,0.04906,0.01539,0.00519,0.00018,74.0,162.0,0.49396,0.839
corpus:111-el-atalaya-respect-my-ability-sascha-m-ller-hard-ac@58.166,kick,corpus,58.166,8.51272,2378.71939,2378.71939,-15.42385,0.33468,0.55722,0.0579,0.01528,0.03173,0.0032,72.0,92.0,0.21331,0.836
corpus:111-el-atalaya-respect-my-ability-sascha-m-ller-hard-ac@47.763,kick,corpus,47.763,8.76823,2217.8144,2217.8144,3.08951,0.39476,0.5073,0.0372,0.01132,0.04776,0.00168,80.0,80.0,0.1493,0.825
corpus:111-el-atalaya-respect-my-ability-sascha-m-ller-hard-ac@48.866,kick,corpus,48.866,8.3121,971.45335,1042.06714,0.94852,0.44528,0.48748,0.04256,0.02148,0.00314,6e-05,120.0,150.0,0.51568,0.805
corpus:111-el-atalaya-respect-my-ability-sascha-m-ller-hard-ac@48.565,kick,corpus,48.565,9.09373,2250.09511,2250.09511,4.51776,0.43514,0.43751,0.03958,0.01758,0.06857,0.00162,34.0,92.0,0.28468,0.804
corpus:111-el-atalaya-respect-my-ability-sascha-m-ller-hard-ac@41.366,kick,corpus,41.366,7.24974,2388.31784,2388.31784,7.60241,0.44951,0.50287,0.0232,0.01101,0.0123,0.00111,30.0,80.0,0.20449,0.803
corpus:111-el-atalaya-respect-my-ability-sascha-m-ller-hard-ac@41.657,kick,corpus,41.657,8.07693,862.72527,1128.38808,-0.72257,0.45913,0.49207,0.03425,0.01282,0.00165,8e-05,62.0,196.0,0.57384,0.798
corpus:111-el-atalaya-respect-my-ability-sascha-m-ller-hard-ac@35.759,hook,corpus,35.759,18.8087,2386.34641,3062.31537,-4.55177,0.00011,0.00333,0.02991,0.27128,0.67735,0.01801,34.0,156.0,0.27181,0.782
corpus:111-el-atalaya-respect-my-ability-sascha-m-ller-hard-ac@51.455,hook,corpus,51.455,15.96419,2171.56838,2591.63897,-1.45783,0.115,0.21597,0.03886,0.44546,0.17738,0.00734,80.0,278.0,0.42324,0.748
corpus:111-el-atalaya-respect-my-ability-sascha-m-ller-hard-ac@38.452,hook,corpus,38.452,18.64932,2038.41904,2230.90129,-1.89237,0.00027,0.00735,0.1587,0.72969,0.09219,0.0118,64.0,136.0,0.27478,0.683
corpus:111-el-atalaya-respect-my-ability-sascha-m-ller-hard-ac@51.769,hook,corpus,51.769,13.7622,4074.55274,4074.55274,5.15047,0.00442,0.18207,0.02589,0.07916,0.62075,0.08771,50.0,68.0,0.05233,0.679
corpus:111-el-atalaya-respect-my-ability-sascha-m-ller-hard-ac@37.872,hook,corpus,37.872,21.14963,2637.5102,2973.74286,2.91645,4e-05,0.00088,0.01201,0.62648,0.32136,0.03922,30.0,224.0,0.2598,0.674
corpus:111-el-atalaya-respect-my-ability-sascha-m-ller-hard-ac@36.049,hook,corpus,36.049,21.29742,2226.13977,1927.32581,2.36705,0.00034,0.00618,0.15347,0.70326,0.13489,0.00187,36.0,154.0,0.21112,0.66
corpus:112-the-808-hillbillys-untitled-3@41.61,space,corpus,41.61,9.11699,3629.09161,3629.09161,45.60062,0.54899,0.23521,0.01747,0.02068,0.03908,0.13857,92.0,92.0,0.34034,0.951
corpus:112-the-808-hillbillys-untitled-3@54.996,kick,corpus,54.996,6.03831,1750.21808,1750.21808,-14.13321,0.60407,0.32551,0.01022,0.05453,0.00246,0.00321,92.0,92.0,0.33193,0.94
corpus:112-the-808-hillbillys-untitled-3@49.528,kick,corpus,49.528,6.12804,3374.5705,3374.5705,-11.8142,0.64549,0.30305,0.01841,0.00325,0.00788,0.02192,92.0,92.0,0.36218,0.938
corpus:112-the-808-hillbillys-untitled-3@36.084,kick,corpus,36.084,7.0263,3592.49163,3592.49163,-5.37501,0.61738,0.32783,0.02228,0.00453,0.00711,0.02087,92.0,92.0,0.37989,0.896
corpus:112-the-808-hillbillys-untitled-3@3.32,kick,corpus,3.32,4.87446,3452.21614,3452.21614,3.95251,0.55185,0.33972,0.07539,0.00786,0.00385,0.02132,46.0,46.0,0.0,0.882
corpus:112-the-808-hillbillys-untitled-3@1.962,kick,corpus,1.962,6.10139,1761.41146,2055.45671,-10.06213,0.50914,0.40908,0.06527,0.00756,0.00639,0.00256,150.0,150.0,0.63541,0.867
corpus:112-the-808-hillbillys-untitled-3@51.688,space,corpus,51.688,9.70572,3911.44064,3828.28095,28.68711,0.50131,0.26161,0.02596,0.03257,0.03123,0.14732,104.0,104.0,0.44058,0.864
corpus:112-the-808-hillbillys-untitled-3@1.115,kick,corpus,1.115,5.88189,1693.05465,2230.38283,-11.33254,0.50579,0.41243,0.06494,0.00766,0.0051,0.00407,174.0,174.0,0.66271,0.858
corpus:112-the-808-hillbillys-untitled-3@27.887,hook,corpus,27.887,13.99793,4230.34558,4230.34558,-7.40629,0.03117,0.07986,0.19876,0.28741,0.18814,0.21465,68.0,68.0,0.1695,0.858
corpus:112-the-808-hillbillys-untitled-3@43.294,space,corpus,43.294,10.18452,4082.10496,4082.10496,27.9555,0.50371,0.26448,0.01778,0.02994,0.03365,0.15043,92.0,92.0,0.35788,0.855
corpus:112-the-808-hillbillys-untitled-3@49.412,kick,corpus,49.412,6.3003,2445.87293,2802.96661,-15.85948,0.42629,0.44625,0.09399,0.0125,0.01206,0.00891,116.0,116.0,0.59681,0.85
corpus:112-the-808-hillbillys-untitled-3@2.798,kick,corpus,2.798,5.89127,2013.11656,2136.09515,-7.71227,0.50752,0.41409,0.05774,0.00739,0.00877,0.00449,150.0,150.0,0.63508,0.844
corpus:112-the-808-hillbillys-untitled-3@28.619,hook,corpus,28.619,15.71372,5377.14143,5377.14143,6.132,0.02028,0.08105,0.09713,0.10054,0.19757,0.50343,80.0,80.0,0.10093,0.829
corpus:112-the-808-hillbillys-untitled-3@33.622,space,corpus,33.622,10.39149,4054.15186,3949.85017,24.24073,0.49557,0.26495,0.01807,0.04105,0.05742,0.12294,104.0,104.0,0.42695,0.821
corpus:112-the-808-hillbillys-untitled-3@3.634,kick,corpus,3.634,4.38159,1695.42348,2127.30102,-7.10815,0.48764,0.42028,0.07389,0.01166,0.00388,0.00265,174.0,174.0,0.65828,0.813
corpus:112-the-808-hillbillys-untitled-3@29.884,hook,corpus,29.884,13.82794,5394.37043,5394.37043,-0.26161,0.0066,0.09502,0.1109,0.08511,0.14302,0.55935,80.0,80.0,0.11012,0.813
corpus:112-the-808-hillbillys-untitled-3@54.555,kick,corpus,54.555,6.16214,3308.62676,3318.64799,0.92207,0.60222,0.34353,0.02631,0.00512,0.00771,0.01511,104.0,104.0,0.46282,0.803
corpus:112-the-808-hillbillys-untitled-3@50.654,kick,corpus,50.654,6.92727,1988.62071,3020.06921,-17.64062,0.47294,0.40205,0.09903,0.0078,0.00996,0.00822,186.0,186.0,0.82667,0.796
corpus:112-the-808-hillbillys-untitled-3@53.185,kick,corpus,53.185,6.53467,2076.87092,3123.18037,-15.42354,0.50544,0.39374,0.0655,0.01094,0.01383,0.01056,196.0,196.0,0.79437,0.796
corpus:112-the-808-hillbillys-untitled-3@29.129,hook,corpus,29.129,11.92434,4713.47123,4713.47123,-1.64258,0.00924,0.02526,0.20844,0.22466,0.17405,0.35835,92.0,92.0,0.33631,0.788
corpus:112-the-808-hillbillys-untitled-3@45.952,hook,corpus,45.952,10.71665,4031.23351,4031.23351,-11.03528,0.21132,0.09353,0.09652,0.35923,0.09282,0.14658,80.0,80.0,0.27737,0.777
corpus:112-the-808-hillbillys-untitled-3@30.395,hook,corpus,30.395,12.84047,5047.12622,5047.12622,2.40181,0.05116,0.07197,0.21887,0.0963,0.15902,0.40268,80.0,80.0,0.24689,0.76
corpus:112-the-808-hillbillys-untitled-3@30.29,hook,corpus,30.29,16.16216,5453.80387,5456.53691,-0.27818,0.04211,0.10647,0.10015,0.03948,0.1548,0.55699,104.0,104.0,0.26059,0.718
corpus:112-the-808-hillbillys-untitled-3@30.708,hook,corpus,30.708,12.00112,4269.91229,4319.5678,-3.61841,0.00572,0.05064,0.62888,0.11804,0.06297,0.13375,104.0,104.0,0.40946,0.661
corpus:113-dize7-two-specifications@56.61,kick,corpus,56.61,11.64816,1459.01884,2084.09247,-2.36745,0.65329,0.30417,0.01412,0.01298,0.00705,0.0084,56.0,196.0,0.24867,0.938
corpus:113-dize7-two-specifications@44.002,kick,corpus,44.002,8.00996,1072.27456,1669.12142,-9.24119,0.64658,0.32534,0.0199,0.00204,0.00313,0.00301,28.0,174.0,0.56288,0.925
corpus:113-dize7-two-specifications@41.227,kick,corpus,41.227,15.20922,1978.68589,2423.11951,-9.98576,0.63457,0.17611,0.0794,0.0366,0.04715,0.02617,56.0,150.0,0.47752,0.915
corpus:113-dize7-two-specifications@62.949,hook,corpus,62.949,24.19666,1969.63102,2591.56019,-12.0219,0.0537,0.02323,0.0381,0.50531,0.19848,0.18118,34.0,186.0,0.14834,0.909
corpus:113-dize7-two-specifications@8.87,kick,corpus,8.87,7.67789,838.41526,998.73308,-5.68658,0.44766,0.5048,0.0398,0.00702,0.00053,0.00018,40.0,58.0,0.44051,0.899
corpus:113-dize7-two-specifications@46.324,kick,corpus,46.324,13.25456,1679.20923,2204.71913,0.356,0.57578,0.35065,0.03461,0.01288,0.01339,0.01268,4.0,220.0,0.24175,0.899
corpus:113-dize7-two-specifications@17.148,hook,corpus,17.148,18.45488,1692.5373,2042.21111,-6.99493,0.03638,0.04876,0.21619,0.5813,0.06806,0.04931,40.0,174.0,0.14686,0.894
corpus:113-dize7-two-specifications@16.753,hook,corpus,16.753,16.69749,1692.8903,2066.06269,-7.79267,0.02652,0.03279,0.14354,0.68603,0.06901,0.04211,70.0,174.0,0.1435,0.884
corpus:113-dize7-two-specifications@42.411,hook,corpus,42.411,15.57591,1558.862,1867.36935,-7.9604,0.02503,0.02214,0.18485,0.69616,0.02412,0.0477,88.0,162.0,0.1571,0.883
corpus:113-dize7-two-specifications@33.727,kick,corpus,33.727,8.87175,1016.02175,1755.4253,-10.29609,0.57186,0.35622,0.05543,0.00992,0.00381,0.00276,6.0,196.0,0.65697,0.88
corpus:113-dize7-two-specifications@37.28,hook,corpus,37.28,16.35484,1870.93735,2211.10814,-9.65448,0.02818,0.05211,0.12102,0.6843,0.05651,0.05787,70.0,162.0,0.20018,0.88
corpus:113-dize7-two-specifications@58.607,hook,corpus,58.607,22.31207,2868.31677,3354.73567,-17.06301,0.06387,0.05545,0.01942,0.31987,0.41628,0.12512,14.0,138.0,0.0737,0.869
corpus:113-dize7-two-specifications@48.332,hook,corpus,48.332,15.44943,1819.4384,2092.78012,-5.93114,0.02447,0.01907,0.14024,0.71935,0.05626,0.04061,62.0,174.0,0.14341,0.862
corpus:113-dize7-two-specifications@47.543,hook,corpus,47.543,22.98434,2887.99027,3513.1497,-9.72028,0.06707,0.04924,0.05332,0.26398,0.36858,0.19782,16.0,162.0,0.11805,0.86
corpus:113-dize7-two-specifications@18.727,kick,corpus,18.727,7.91515,1016.66491,1961.59865,-12.19101,0.62658,0.3094,0.04689,0.0092,0.00415,0.00377,46.0,196.0,0.75324,0.859
corpus:113-dize7-two-specifications@20.701,kick,corpus,20.701,14.34354,1412.52787,1959.37871,-5.66105,0.59613,0.21247,0.02963,0.11008,0.04025,0.01145,42.0,186.0,0.45851,0.853
corpus:113-dize7-two-specifications@21.095,kick,corpus,21.095,8.59883,1327.21494,1883.19292,-2.38823,0.68585,0.28443,0.0151,0.00819,0.00376,0.00268,58.0,88.0,0.63986,0.83
corpus:113-dize7-two-specifications@54.66,kick,corpus,54.66,8.19206,1070.08717,1594.12205,-8.99992,0.62806,0.29282,0.03553,0.03784,0.00383,0.00192,98.0,174.0,0.74371,0.817
corpus:113-dize7-two-specifications@59.385,kick,corpus,59.385,9.30226,1072.5352,1584.85312,-4.49565,0.54392,0.32726,0.06176,0.05962,0.00538,0.00207,196.0,196.0,0.66337,0.774
corpus:113-dize7-two-specifications@18.321,kick,corpus,18.321,9.14098,1018.76859,1572.68755,-4.20062,0.55155,0.33262,0.06374,0.04765,0.00323,0.00122,120.0,208.0,0.67837,0.769
corpus:114-the-d3vi7-jens-mueller-computer-stimulation-jens-mueller-remix@51.49,kick,corpus,51.49,7.06214,2290.0627,2290.0627,-13.35717,0.58294,0.35309,0.0467,0.00388,0.0076,0.00579,92.0,92.0,0.29827,0.947
corpus:114-the-d3vi7-jens-mueller-computer-stimulation-jens-mueller-remix@49.226,kick,corpus,49.226,6.14039,2483.2932,2483.2932,-37.32704,0.55775,0.40525,0.02535,0.00089,0.00411,0.00665,80.0,80.0,0.41613,0.944
corpus:114-the-d3vi7-jens-mueller-computer-stimulation-jens-mueller-remix@11.273,kick,corpus,11.273,5.88621,2576.98287,2576.98287,-19.76126,0.58206,0.35782,0.04988,0.00166,0.00331,0.00528,80.0,80.0,0.47699,0.943
corpus:114-the-d3vi7-jens-mueller-computer-stimulation-jens-mueller-remix@47.856,kick,corpus,47.856,7.35382,2427.15113,2427.15113,-17.17399,0.55236,0.3694,0.05974,0.00648,0.00564,0.00638,66.0,80.0,0.2211,0.943
corpus:114-the-d3vi7-jens-mueller-computer-stimulation-jens-mueller-remix@0.58,kick,corpus,0.58,6.40612,1860.46217,1860.46217,-9.64984,0.54558,0.37225,0.07436,0.00378,0.00252,0.0015,48.0,80.0,0.23555,0.942
corpus:114-the-d3vi7-jens-mueller-computer-stimulation-jens-mueller-remix@55.124,kick,corpus,55.124,6.87083,2234.23078,2234.23078,-17.67402,0.54592,0.38454,0.05606,0.00397,0.00436,0.00515,92.0,92.0,0.30617,0.942
corpus:114-the-d3vi7-jens-mueller-computer-stimulation-jens-mueller-remix@11.041,kick,corpus,11.041,5.91312,1921.36451,1921.36451,-22.36092,0.5319,0.4264,0.03663,0.00143,0.00197,0.00166,92.0,92.0,0.48804,0.941
corpus:114-the-d3vi7-jens-mueller-computer-stimulation-jens-mueller-remix@52.396,kick,corpus,52.396,7.99737,2195.88683,2195.88683,-18.31975,0.52772,0.42389,0.03656,0.00216,0.00437,0.0053,80.0,80.0,0.25581,0.941
corpus:114-the-d3vi7-jens-mueller-computer-stimulation-jens-mueller-remix@58.305,kick,corpus,58.305,5.21827,2370.62299,2370.62299,-33.37361,0.56892,0.38713,0.0319,0.00074,0.00435,0.00696,92.0,92.0,0.55383,0.941
corpus:114-the-d3vi7-jens-mueller-computer-stimulation-jens-mueller-remix@61.045,kick,corpus,61.045,6.89963,2430.90124,2430.90124,-15.86902,0.53505,0.41555,0.03751,0.00312,0.00398,0.00479,80.0,80.0,0.24282,0.938
corpus:114-the-d3vi7-jens-mueller-computer-stimulation-jens-mueller-remix@56.947,kick,corpus,56.947,6.74989,2597.41829,2597.41829,-22.78638,0.52948,0.38171,0.067,0.00618,0.00708,0.00856,68.0,68.0,0.32105,0.936
corpus:114-the-d3vi7-jens-mueller-computer-stimulation-jens-mueller-remix@59.675,kick,corpus,59.675,8.40849,2263.30171,2263.30171,-17.92665,0.52,0.40981,0.05321,0.00659,0.00488,0.0055,64.0,92.0,0.23454,0.935
corpus:114-the-d3vi7-jens-mueller-computer-stimulation-jens-mueller-remix@33.181,hook,corpus,33.181,18.31259,4246.82999,4373.25204,-13.09101,0.00028,0.01092,0.02474,0.25378,0.43508,0.2752,68.0,128.0,0.12265,0.863
corpus:114-the-d3vi7-jens-mueller-computer-stimulation-jens-mueller-remix@30.116,hook,corpus,30.116,17.2763,4815.24569,4782.42966,-8.59319,0.00093,0.01501,0.04344,0.13909,0.40887,0.39266,76.0,104.0,0.12392,0.831
corpus:114-the-d3vi7-jens-mueller-computer-stimulation-jens-mueller-remix@32.264,hook,corpus,32.264,17.42373,5127.99909,5123.51971,-9.4275,0.00028,0.00425,0.02894,0.13901,0.46888,0.35864,68.0,104.0,0.12443,0.827
corpus:114-the-d3vi7-jens-mueller-computer-stimulation-jens-mueller-remix@30.569,hook,corpus,30.569,16.94413,4472.06087,4430.00291,-7.03545,0.00221,0.02341,0.15234,0.1429,0.33746,0.34168,76.0,116.0,0.19445,0.825
corpus:114-the-d3vi7-jens-mueller-computer-stimulation-jens-mueller-remix@33.309,hook,corpus,33.309,16.89118,4870.66483,4870.66483,-14.43644,0.00034,0.0152,0.05239,0.09264,0.47214,0.3673,68.0,68.0,0.03999,0.815
corpus:114-the-d3vi7-jens-mueller-computer-stimulation-jens-mueller-remix@33.739,hook,corpus,33.739,19.99865,4629.51289,4573.04181,0.38578,0.00024,0.00965,0.01063,0.17861,0.41873,0.38215,62.0,138.0,0.28428,0.808
corpus:114-the-d3vi7-jens-mueller-computer-stimulation-jens-mueller-remix@30.0,hook,corpus,30.0,16.38291,4717.53654,4670.35639,-10.34759,0.00084,0.03332,0.05784,0.13063,0.40527,0.3721,82.0,116.0,0.18553,0.807
corpus:114-the-d3vi7-jens-mueller-computer-stimulation-jens-mueller-remix@31.033,hook,corpus,31.033,16.83357,4757.00972,4757.00972,-14.04537,0.00024,0.00888,0.02724,0.13484,0.41352,0.41528,64.0,92.0,0.109,0.805
corpus:114-the-d3vi7-jens-mueller-computer-stimulation-jens-mueller-remix@17.821,space,corpus,17.821,14.40463,4262.86957,4059.75044,9.93514,0.00323,0.1087,0.48893,0.03838,0.25364,0.10712,128.0,128.0,0.77325,0.694
corpus:114-the-d3vi7-jens-mueller-computer-stimulation-jens-mueller-remix@18.739,space,corpus,18.739,14.86781,4537.42604,4191.99701,15.61574,0.00326,0.12096,0.37979,0.04657,0.25344,0.19599,138.0,138.0,0.56985,0.64
corpus:115-user20684003752-euroman@55.449,space,corpus,55.449,7.82118,4243.48946,3903.45666,9.68013,0.23204,0.62511,0.0821,0.01956,0.01073,0.03047,116.0,400.0,0.9331,0.894
corpus:115-user20684003752-euroman@61.637,space,corpus,61.637,7.57428,3738.82245,3621.98324,11.54847,0.20305,0.6219,0.10435,0.02299,0.01215,0.03555,130.0,400.0,0.95753,0.888
corpus:115-user20684003752-euroman@59.002,space,corpus,59.002,8.06418,4328.54747,3548.90497,11.32285,0.2137,0.61818,0.09969,0.01992,0.01128,0.03723,126.0,400.0,0.89322,0.878
corpus:115-user20684003752-euroman@62.543,space,corpus,62.543,8.34149,4380.78038,3581.36373,10.93756,0.19689,0.61893,0.10297,0.02809,0.01279,0.04033,40.0,400.0,0.89274,0.877
corpus:115-user20684003752-euroman@4.435,kick,corpus,4.435,4.53979,643.02531,879.47952,-9.01778,0.22572,0.63023,0.11561,0.0279,0.00047,7e-05,104.0,104.0,0.55351,0.745
corpus:115-user20684003752-euroman@7.953,kick,corpus,7.953,4.87508,1068.32444,1168.32846,-6.2681,0.19151,0.66204,0.12283,0.02272,0.00071,0.0002,54.0,128.0,0.59215,0.674
corpus:115-user20684003752-euroman@36.432,kick,corpus,36.432,4.99001,1416.28516,2176.78782,-15.65012,0.21735,0.65598,0.10711,0.01498,0.00157,0.00302,174.0,174.0,0.77279,0.672
corpus:115-user20684003752-euroman@18.715,kick,corpus,18.715,5.2487,1007.26838,1794.72385,-11.42207,0.24212,0.64308,0.09672,0.01588,0.00107,0.00113,208.0,208.0,0.80472,0.648
corpus:115-user20684003752-euroman@41.958,hook,corpus,41.958,16.78644,6220.3346,6171.54963,2.20562,0.09078,0.14565,0.03819,0.01732,0.23085,0.47722,80.0,220.0,0.26113,0.644
corpus:115-user20684003752-euroman@42.632,kick,corpus,42.632,5.31128,1352.64655,1985.74685,-15.38109,0.19795,0.64482,0.12531,0.02742,0.00145,0.00304,174.0,174.0,0.80123,0.635
corpus:115-user20684003752-euroman@39.079,kick,corpus,39.079,5.51804,1457.30114,2395.46432,-17.51436,0.21288,0.64522,0.11749,0.01979,0.00144,0.00318,186.0,186.0,0.8482,0.633
corpus:115-user20684003752-euroman@39.973,kick,corpus,39.973,4.96333,1617.73394,2141.91161,-12.43259,0.19559,0.66877,0.11033,0.01986,0.00172,0.00373,162.0,162.0,0.75256,0.627
corpus:115-user20684003752-euroman@56.366,kick,corpus,56.366,5.62557,1501.86353,2369.37685,-13.8767,0.2264,0.65328,0.09831,0.01732,0.00134,0.00334,186.0,186.0,0.8169,0.627
corpus:115-user20684003752-euroman@58.12,kick,corpus,58.12,5.99078,1844.35681,2527.1264,-20.94558,0.17794,0.65391,0.1446,0.01731,0.00198,0.00425,162.0,162.0,0.84748,0.625
corpus:115-user20684003752-euroman@50.167,kick,corpus,50.167,5.34684,1639.93127,2217.88339,-15.7237,0.18906,0.65196,0.11865,0.03493,0.00155,0.00386,150.0,150.0,0.75672,0.624
corpus:115-user20684003752-euroman@59.675,hook,corpus,59.675,18.41237,6253.38872,6283.27169,0.82419,0.09649,0.09099,0.01983,0.0167,0.24534,0.53065,130.0,208.0,0.28956,0.624
corpus:115-user20684003752-euroman@36.873,kick,corpus,36.873,5.45391,1410.04454,2039.962,-11.96015,0.21495,0.6498,0.11498,0.01595,0.00153,0.0028,174.0,174.0,0.80822,0.623
corpus:115-user20684003752-euroman@63.216,hook,corpus,63.216,16.87136,6179.97433,6214.75113,0.36725,0.0799,0.09237,0.02537,0.01772,0.25927,0.52536,132.0,232.0,0.31231,0.623
corpus:115-user20684003752-euroman@44.617,hook,corpus,44.617,16.92691,6278.31464,6244.08512,2.32114,0.12494,0.18715,0.03054,0.01624,0.17936,0.46177,102.0,220.0,0.24352,0.622
corpus:115-user20684003752-euroman@4.296,kick,corpus,4.296,4.42244,1109.8797,1335.79273,-8.77774,0.17178,0.59949,0.18701,0.04024,0.00125,0.00022,138.0,138.0,0.66618,0.62
corpus:115-user20684003752-euroman@26.459,hook,corpus,26.459,14.41378,6283.9448,6241.39697,2.22665,0.17328,0.21049,0.03521,0.01912,0.10004,0.46186,200.0,220.0,0.22753,0.6
corpus:117-svecent-pro-opportunity-or-not@11.981,kick,corpus,11.981,8.29091,1525.26668,1525.26668,-7.58089,0.87736,0.04608,0.02192,0.04838,0.00473,0.00153,80.0,80.0,0.21479,0.981
corpus:117-svecent-pro-opportunity-or-not@8.557,kick,corpus,8.557,8.71556,875.07955,875.07955,-14.20655,0.62423,0.35852,0.00716,0.0092,0.00078,0.0001,44.0,92.0,0.225,0.968
corpus:117-svecent-pro-opportunity-or-not@17.891,kick,corpus,17.891,9.26544,1758.5243,1539.48817,0.34499,0.88551,0.05166,0.01803,0.03731,0.006,0.00149,66.0,104.0,0.26218,0.967
corpus:117-svecent-pro-opportunity-or-not@11.053,kick,corpus,11.053,8.7502,1843.16888,1929.96953,-12.60526,0.83778,0.04343,0.05747,0.04949,0.00828,0.00354,50.0,128.0,0.45656,0.965
corpus:117-svecent-pro-opportunity-or-not@16.277,kick,corpus,16.277,7.59046,923.09128,1027.71869,-18.05029,0.599,0.38289,0.0097,0.00724,0.001,0.00017,44.0,116.0,0.30618,0.964
corpus:117-svecent-pro-opportunity-or-not@10.368,kick,corpus,10.368,8.03802,955.88517,926.56388,-10.78551,0.61094,0.37111,0.00916,0.00773,0.0009,0.00016,58.0,116.0,0.26847,0.962
corpus:117-svecent-pro-opportunity-or-not@11.285,kick,corpus,11.285,9.73084,1117.7665,1117.7665,-12.23614,0.61161,0.36067,0.01071,0.01547,0.00135,0.0002,46.0,92.0,0.22085,0.962
corpus:117-svecent-pro-opportunity-or-not@22.198,kick,corpus,22.198,8.22522,2182.06338,2366.09235,-22.10524,0.62054,0.36172,0.00536,0.00301,0.00306,0.00632,58.0,104.0,0.23006,0.961
corpus:117-svecent-pro-opportunity-or-not@19.006,kick,corpus,19.006,7.68783,2059.13803,2002.42366,-15.82199,0.61867,0.36274,0.00916,0.00438,0.00183,0.00323,82.0,104.0,0.31193,0.959
corpus:117-svecent-pro-opportunity-or-not@13.549,kick,corpus,13.549,8.1277,998.05094,932.0344,-9.37483,0.60951,0.37444,0.00845,0.0067,0.00075,0.00015,90.0,116.0,0.3192,0.958
corpus:117-svecent-pro-opportunity-or-not@17.183,kick,corpus,17.183,7.82032,774.22214,960.47368,-5.04352,0.65078,0.34126,0.00331,0.00425,0.00037,3e-05,56.0,116.0,0.31983,0.958
corpus:117-svecent-pro-opportunity-or-not@20.376,kick,corpus,20.376,7.61836,2477.23081,2477.23081,-20.82372,0.61577,0.36257,0.00895,0.00338,0.00302,0.0063,44.0,92.0,0.24502,0.958
corpus:117-svecent-pro-opportunity-or-not@1.823,space,corpus,1.823,11.65144,4225.14355,3773.02974,33.54784,0.36418,0.21931,0.03115,0.09637,0.09996,0.18903,30.0,128.0,0.41971,0.903
corpus:117-svecent-pro-opportunity-or-not@2.276,space,corpus,2.276,13.17787,3946.77969,3543.07583,29.15687,0.45284,0.18788,0.02967,0.0709,0.08992,0.16878,26.0,138.0,0.50353,0.86
corpus:117-svecent-pro-opportunity-or-not@19.574,space,corpus,19.574,11.69866,4689.00259,4645.84371,26.0418,0.43605,0.12454,0.02001,0.06217,0.12366,0.23357,104.0,104.0,0.35002,0.855
corpus:117-svecent-pro-opportunity-or-not@8.649,space,corpus,8.649,12.5116,4039.33633,3801.71014,25.69794,0.40167,0.14448,0.03425,0.08385,0.1189,0.21686,128.0,128.0,0.60068,0.839
corpus:117-svecent-pro-opportunity-or-not@56.517,hook,corpus,56.517,15.57384,4056.58867,4160.31192,-3.02127,0.01094,0.00872,0.61651,0.12524,0.11911,0.11948,56.0,116.0,0.1713,0.757
corpus:117-svecent-pro-opportunity-or-not@60.151,hook,corpus,60.151,13.48947,3881.33278,3877.57385,6.47254,0.00052,0.00185,0.64639,0.18098,0.09386,0.07641,36.0,104.0,0.09317,0.712
corpus:117-svecent-pro-opportunity-or-not@55.832,hook,corpus,55.832,13.68814,3427.65991,3455.66259,7.82211,0.01263,0.00491,0.41357,0.4009,0.11245,0.05554,64.0,116.0,0.11774,0.697
corpus:117-svecent-pro-opportunity-or-not@60.836,hook,corpus,60.836,13.25018,4328.6766,4324.08903,9.67088,0.00047,0.00182,0.46133,0.17032,0.24058,0.12547,48.0,104.0,0.11321,0.662
corpus:117-svecent-pro-opportunity-or-not@58.329,hook,corpus,58.329,14.46591,3635.55613,3616.28854,8.13189,0.00183,0.00156,0.54928,0.30641,0.07963,0.0613,50.0,104.0,0.16639,0.66
corpus:117-svecent-pro-opportunity-or-not@58.224,hook,corpus,58.224,14.88937,3725.23253,3746.76987,9.15031,0.00507,0.00508,0.61616,0.12284,0.15641,0.09444,46.0,104.0,0.11137,0.65
corpus:117-svecent-pro-opportunity-or-not@54.695,hook,corpus,54.695,14.04419,3013.68249,3048.49779,1.83589,0.01515,0.0111,0.77079,0.09795,0.05949,0.04552,42.0,128.0,0.2281,0.638
corpus:117-svecent-pro-opportunity-or-not@59.014,hook,corpus,59.014,14.46379,3677.22235,3663.69447,4.60914,0.00248,0.0031,0.73298,0.09047,0.10433,0.06663,34.0,116.0,0.17833,0.635
corpus:119-pasquale-maassen-vs-peter-mummert-ho-em-ah@48.367,kick,corpus,48.367,8.20184,2873.3786,3692.41367,-27.48105,0.43178,0.3811,0.14649,0.0027,0.01064,0.02729,4.0,128.0,0.58227,0.843
corpus:119-pasquale-maassen-vs-peter-mummert-ho-em-ah@4.063,space,corpus,4.063,10.19839,2835.56004,3741.50252,1.70447,0.29098,0.40822,0.22481,0.00522,0.0226,0.04817,76.0,400.0,0.93124,0.749
corpus:119-pasquale-maassen-vs-peter-mummert-ho-em-ah@14.234,space,corpus,14.234,9.53628,2841.75577,3448.09859,3.02329,0.31367,0.39493,0.22722,0.0044,0.01853,0.04124,16.0,400.0,0.97475,0.732
corpus:119-pasquale-maassen-vs-peter-mummert-ho-em-ah@41.297,space,corpus,41.297,12.88368,4640.33405,4841.66889,18.53134,0.00143,0.00638,0.53026,0.00372,0.1328,0.32541,116.0,116.0,0.59905,0.73
corpus:119-pasquale-maassen-vs-peter-mummert-ho-em-ah@30.952,hook,corpus,30.952,19.19428,4168.66422,4371.19064,-15.64701,0.00032,0.00219,0.42928,0.0016,0.16643,0.40019,66.0,150.0,0.1709,0.726
corpus:119-pasquale-maassen-vs-peter-mummert-ho-em-ah@26.134,space,corpus,26.134,15.55401,4125.0993,3757.80693,11.75139,0.00098,0.0024,0.6102,0.01209,0.28453,0.08979,102.0,162.0,0.72987,0.721
corpus:119-pasquale-maassen-vs-peter-mummert-ho-em-ah@12.109,kick,corpus,12.109,8.5116,2440.29718,2819.58206,-2.36345,0.42219,0.40465,0.14501,0.00385,0.00699,0.01731,14.0,186.0,0.59911,0.697
corpus:119-pasquale-maassen-vs-peter-mummert-ho-em-ah@26.424,hook,corpus,26.424,16.98574,4134.36433,4207.66447,-12.93906,0.00055,0.00188,0.60853,0.00351,0.09666,0.28887,72.0,150.0,0.28491,0.696
corpus:119-pasquale-maassen-vs-peter-mummert-ho-em-ah@34.18,kick,corpus,34.18,9.33367,2698.1852,2539.74666,3.31533,0.37993,0.36509,0.12033,0.00371,0.07171,0.05921,24.0,174.0,0.41898,0.683
corpus:119-pasquale-maassen-vs-peter-mummert-ho-em-ah@27.55,hook,corpus,27.55,16.21045,4270.85733,4740.05197,-9.92336,0.00035,0.00129,0.35565,0.00106,0.17095,0.4707,94.0,162.0,0.33717,0.681
corpus:119-pasquale-maassen-vs-peter-mummert-ho-em-ah@41.146,hook,corpus,41.146,16.23441,4709.06795,5396.73382,-13.62793,0.00115,0.00322,0.46535,0.00058,0.17341,0.35629,64.0,150.0,0.30817,0.676
corpus:119-pasquale-maassen-vs-peter-mummert-ho-em-ah@13.851,kick,corpus,13.851,11.09714,2952.4554,3644.6229,-21.93533,0.24556,0.16974,0.49111,0.00146,0.02981,0.06232,52.0,128.0,0.54981,0.673
corpus:119-pasquale-maassen-vs-peter-mummert-ho-em-ah@9.311,kick,corpus,9.311,11.71853,2906.21752,3825.13303,-13.99791,0.25522,0.31153,0.34028,0.00437,0.04345,0.04515,4.0,150.0,0.43025,0.664
corpus:119-pasquale-maassen-vs-peter-mummert-ho-em-ah@15.128,hook,corpus,15.128,14.77344,4374.3181,5027.3987,-26.62518,0.00099,0.00319,0.50407,0.00213,0.15271,0.33691,102.0,138.0,0.15509,0.654
corpus:119-pasquale-maassen-vs-peter-mummert-ho-em-ah@33.088,kick,corpus,33.088,10.11439,3094.84795,3615.95679,-5.1716,0.28361,0.25756,0.38365,0.00435,0.02212,0.04871,110.0,116.0,0.39095,0.652
corpus:119-pasquale-maassen-vs-peter-mummert-ho-em-ah@19.644,hook,corpus,19.644,13.39754,4479.51589,4951.73134,-20.23046,0.00094,0.00551,0.59841,0.00079,0.12993,0.26442,116.0,116.0,0.28196,0.651
corpus:119-pasquale-maassen-vs-peter-mummert-ho-em-ah@29.814,hook,corpus,29.814,16.7685,3599.20168,4135.84638,-11.46359,0.00052,0.0024,0.63792,0.00206,0.0818,0.27529,98.0,162.0,0.43143,0.649
corpus:119-pasquale-maassen-vs-peter-mummert-ho-em-ah@45.082,kick,corpus,45.082,11.79721,2769.34536,3171.84469,0.25208,0.34683,0.31428,0.22007,0.00187,0.03385,0.08311,24.0,150.0,0.42496,0.647
corpus:119-pasquale-maassen-vs-peter-mummert-ho-em-ah@9.462,hook,corpus,9.462,14.02315,3551.56043,4441.01493,-20.22511,0.00155,0.00389,0.74989,0.00477,0.07005,0.16986,120.0,150.0,0.22773,0.644
corpus:119-pasquale-maassen-vs-peter-mummert-ho-em-ah@19.493,kick,corpus,19.493,9.74125,2610.48396,3274.27285,-3.52182,0.30029,0.27548,0.35858,0.00436,0.01724,0.04406,4.0,150.0,0.47347,0.643
corpus:119-pasquale-maassen-vs-peter-mummert-ho-em-ah@46.684,kick,corpus,46.684,10.56827,3374.61562,3803.55907,-5.76694,0.29984,0.2139,0.37421,0.0046,0.03377,0.07368,116.0,116.0,0.40691,0.642
corpus:119-pasquale-maassen-vs-peter-mummert-ho-em-ah@4.795,kick,corpus,4.795,11.25801,3203.77771,3826.47913,-17.35256,0.24649,0.17671,0.46164,0.00174,0.04057,0.07284,138.0,138.0,0.55129,0.636
corpus:119-pasquale-maassen-vs-peter-mummert-ho-em-ah@35.364,kick,corpus,35.364,10.72853,3421.30891,3643.06307,-3.11342,0.2723,0.22747,0.41406,0.00228,0.02646,0.05744,76.0,104.0,0.31095,0.636
corpus:119-pasquale-maassen-vs-peter-mummert-ho-em-ah@2.519,kick,corpus,2.519,10.7348,3339.74737,3966.86546,-9.4235,0.26758,0.31902,0.32178,0.00418,0.03028,0.05716,4.0,128.0,0.43548,0.632
corpus:120-dj-muthafukka-turkish-delight-the-d3vi7-psy-remix@21.246,space,corpus,21.246,6.97367,4694.85838,4694.85838,73.11549,0.6424,0.23145,0.0082,0.00323,0.02008,0.09465,64.0,92.0,0.07842,0.997
corpus:120-dj-muthafukka-turkish-delight-the-d3vi7-psy-remix@5.166,space,corpus,5.166,7.44068,5311.81092,5317.05597,59.53485,0.6263,0.21222,0.0139,0.00319,0.02404,0.12036,64.0,104.0,0.0627,0.995
corpus:120-dj-muthafukka-turkish-delight-the-d3vi7-psy-remix@34.296,space,corpus,34.296,7.65977,5569.07047,5569.07047,58.06002,0.57473,0.2351,0.01183,0.00323,0.02791,0.1472,82.0,92.0,0.0818,0.995
corpus:120-dj-muthafukka-turkish-delight-the-d3vi7-psy-remix@8.208,space,corpus,8.208,8.66813,5305.0074,5142.27256,56.77899,0.6661,0.19731,0.00601,0.00089,0.02092,0.10878,64.0,116.0,0.07078,0.994
corpus:120-dj-muthafukka-turkish-delight-the-d3vi7-psy-remix@0.325,kick,corpus,0.325,3.60101,2479.26992,2479.26992,-29.50642,0.79034,0.19097,0.00906,0.00332,0.00296,0.00335,58.0,58.0,0.1029,0.984
corpus:120-dj-muthafukka-turkish-delight-the-d3vi7-psy-remix@3.355,kick,corpus,3.355,3.8458,3165.84103,3165.84103,-1.38463,0.78785,0.19235,0.00526,0.00167,0.00371,0.00916,58.0,58.0,0.15365,0.963
corpus:120-dj-muthafukka-turkish-delight-the-d3vi7-psy-remix@6.397,kick,corpus,6.397,5.26066,3498.74404,3498.74404,-47.63494,0.76844,0.1903,0.00382,0.00153,0.01122,0.02469,68.0,68.0,0.33085,0.962
corpus:120-dj-muthafukka-turkish-delight-the-d3vi7-psy-remix@8.092,kick,corpus,8.092,5.48943,3332.0256,3623.15424,-8.56201,0.60003,0.36034,0.01056,0.00201,0.00893,0.01812,116.0,116.0,0.55661,0.863
corpus:120-dj-muthafukka-turkish-delight-the-d3vi7-psy-remix@21.339,hat,corpus,21.339,16.39604,6232.5063,6562.51323,-9.24055,0.03433,0.02262,0.00823,0.00325,0.16021,0.77136,64.0,138.0,0.93303,0.84
corpus:120-dj-muthafukka-turkish-delight-the-d3vi7-psy-remix@34.389,hat,corpus,34.389,16.68719,6785.80224,6897.68081,-2.73964,0.00876,0.00067,0.00024,0.00069,0.16598,0.82366,56.0,128.0,0.93157,0.797
corpus:120-dj-muthafukka-turkish-delight-the-d3vi7-psy-remix@37.442,hat,corpus,37.442,15.56883,6858.65205,7103.93984,-8.19353,0.02328,0.01014,0.00133,0.00169,0.08187,0.88169,116.0,116.0,0.61468,0.796
corpus:120-dj-muthafukka-turkish-delight-the-d3vi7-psy-remix@28.967,kick,corpus,28.967,4.68835,3355.96338,3379.59617,-0.17114,0.58841,0.3718,0.01051,0.00374,0.00689,0.01866,104.0,104.0,0.49935,0.79
corpus:120-dj-muthafukka-turkish-delight-the-d3vi7-psy-remix@15.267,hat,corpus,15.267,15.56813,6916.48828,7033.18766,-5.24536,0.01381,0.00967,0.00143,0.00059,0.10956,0.86494,116.0,116.0,0.68785,0.782
corpus:120-dj-muthafukka-turkish-delight-the-d3vi7-psy-remix@1.788,hat,corpus,1.788,15.95736,6833.50423,7018.16447,-4.14003,0.00982,0.00213,0.00136,0.00116,0.09943,0.88612,116.0,116.0,0.67309,0.777
corpus:120-dj-muthafukka-turkish-delight-the-d3vi7-psy-remix@50.828,kick,corpus,50.828,10.69945,4464.98458,4940.64163,0.48253,0.5652,0.25724,0.02505,0.00901,0.02797,0.11554,62.0,128.0,0.11462,0.776
corpus:120-dj-muthafukka-turkish-delight-the-d3vi7-psy-remix@22.663,hat,corpus,22.663,15.29197,6429.3488,6680.3849,-13.32833,0.05628,0.0676,0.00749,0.00091,0.0996,0.76812,60.0,116.0,0.55984,0.747
corpus:120-dj-muthafukka-turkish-delight-the-d3vi7-psy-remix@20.921,hat,corpus,20.921,15.23669,6345.83336,6587.0484,-11.43639,0.07924,0.09459,0.00893,0.00127,0.11101,0.70497,116.0,116.0,0.67539,0.743
corpus:120-dj-muthafukka-turkish-delight-the-d3vi7-psy-remix@61.266,kick,corpus,61.266,10.71737,4815.76497,5102.35333,6.55681,0.602,0.26433,0.01117,0.00345,0.02417,0.09488,52.0,116.0,0.0416,0.739
corpus:120-dj-muthafukka-turkish-delight-the-d3vi7-psy-remix@26.575,hat,corpus,26.575,15.84793,5859.30054,6510.42497,-16.52243,0.11605,0.06352,0.00578,0.00167,0.12551,0.68747,76.0,128.0,0.54589,0.733
corpus:120-dj-muthafukka-turkish-delight-the-d3vi7-psy-remix@23.533,hat,corpus,23.533,14.6882,6442.32403,6708.31559,-12.76676,0.07334,0.06712,0.00916,0.00111,0.08458,0.7647,74.0,116.0,0.5173,0.726
corpus:120-dj-muthafukka-turkish-delight-the-d3vi7-psy-remix@55.414,kick,corpus,55.414,5.34056,2621.21928,3279.92969,-13.06373,0.46121,0.40269,0.09312,0.01727,0.01589,0.00982,196.0,196.0,0.80661,0.721
corpus:120-dj-muthafukka-turkish-delight-the-d3vi7-psy-remix@21.792,hat,corpus,21.792,16.78659,6808.39994,7033.18662,-7.38782,0.00684,0.00729,0.00145,0.00089,0.31685,0.66667,138.0,138.0,0.87217,0.716
corpus:120-dj-muthafukka-turkish-delight-the-d3vi7-psy-remix@9.834,kick,corpus,9.834,5.88421,3240.37159,3363.26907,2.917,0.62518,0.34101,0.00718,0.0015,0.00621,0.01893,116.0,116.0,0.53816,0.714
corpus:120-dj-muthafukka-turkish-delight-the-d3vi7-psy-remix@26.146,hat,corpus,26.146,15.26519,5882.46833,6499.93844,-17.16689,0.11261,0.05822,0.0059,0.00268,0.1235,0.69709,128.0,128.0,0.47771,0.71
corpus:120-dj-muthafukka-turkish-delight-the-d3vi7-psy-remix@56.564,hat,corpus,56.564,14.13606,6409.7,6700.8764,-8.94197,0.05446,0.11301,0.00933,0.00154,0.22315,0.59852,150.0,150.0,0.93136,0.701
corpus:120-dj-muthafukka-turkish-delight-the-d3vi7-psy-remix@20.852,hook,corpus,20.852,13.93827,6998.34941,6998.34941,3.65308,0.05359,0.01318,0.00108,0.00126,0.13613,0.79475,68.0,68.0,0.02685,0.699
corpus:120-dj-muthafukka-turkish-delight-the-d3vi7-psy-remix@63.878,kick,corpus,63.878,12.17932,5055.21849,5509.02348,-3.96014,0.45413,0.32792,0.03212,0.01211,0.0376,0.13612,50.0,114.0,0.02696,0.692
corpus:120-dj-muthafukka-turkish-delight-the-d3vi7-psy-remix@52.698,hook,corpus,52.698,12.92323,5303.53568,5303.53568,-11.90094,0.00726,0.01345,0.39917,0.03906,0.15245,0.38861,92.0,92.0,0.34369,0.682
corpus:120-dj-muthafukka-turkish-delight-the-d3vi7-psy-remix@30.952,hook,corpus,30.952,12.47754,5814.25983,5838.5953,-6.34609,0.00864,0.05658,0.44986,0.00469,0.12094,0.35929,104.0,104.0,0.33711,0.672
corpus:120-dj-muthafukka-turkish-delight-the-d3vi7-psy-remix@6.606,hook,corpus,6.606,14.98065,6563.3355,6563.3355,-2.08338,0.01185,0.00487,0.00105,0.0069,0.18144,0.7939,58.0,80.0,0.08039,0.66
corpus:120-dj-muthafukka-turkish-delight-the-d3vi7-psy-remix@62.369,kick,corpus,62.369,4.91615,2720.28373,3290.16502,-9.93029,0.45395,0.40389,0.09353,0.01795,0.0206,0.01008,196.0,196.0,0.80889,0.658
corpus:120-dj-muthafukka-turkish-delight-the-d3vi7-psy-remix@48.623,kick,corpus,48.623,7.8547,4139.54911,3902.11055,15.70026,0.70152,0.21706,0.01228,0.00329,0.01172,0.05414,86.0,162.0,0.1371,0.655
corpus:120-dj-muthafukka-turkish-delight-the-d3vi7-psy-remix@33.994,hook,corpus,33.994,13.16333,7069.33023,7069.33023,2.19223,0.00412,0.0005,0.00022,0.0006,0.14336,0.8512,58.0,58.0,0.08076,0.648
corpus:120-dj-muthafukka-turkish-delight-the-d3vi7-psy-remix@32.589,hook,corpus,32.589,13.93418,6997.34264,6997.34264,-0.92477,0.04086,0.01527,0.00329,0.0024,0.1217,0.81648,66.0,80.0,0.04108,0.644
corpus:120-dj-muthafukka-turkish-delight-the-d3vi7-psy-remix@49.981,hook,corpus,49.981,13.42518,6554.83954,6554.83954,-6.92625,0.03947,0.01744,0.01048,0.01071,0.15656,0.76534,68.0,68.0,0.04363,0.636
corpus:120-dj-muthafukka-turkish-delight-the-d3vi7-psy-remix@10.96,hook,corpus,10.96,12.91393,6634.45775,6634.45775,3.09705,0.00456,0.00021,0.0096,0.01069,0.1856,0.78933,92.0,92.0,0.21507,0.632
corpus:123-rotura-xxl-inquieto-rotura-xxl-the-crow-inquieto-remix@46.15,kick,corpus,46.15,5.88147,1631.90054,1631.90054,-18.56152,0.61829,0.32927,0.03217,0.00985,0.00905,0.00137,92.0,92.0,0.48209,0.956
corpus:123-rotura-xxl-inquieto-rotura-xxl-the-crow-inquieto-remix@2.392,kick,corpus,2.392,6.45506,2569.58479,2569.58479,-38.68596,0.6769,0.25514,0.03785,0.00155,0.01843,0.01012,92.0,92.0,0.56625,0.954
corpus:123-rotura-xxl-inquieto-rotura-xxl-the-crow-inquieto-remix@32.392,hook,corpus,32.392,12.73641,4178.68915,4178.68915,-5.10959,0.00047,0.00084,0.00768,0.37999,0.44249,0.16854,68.0,92.0,0.08641,0.885
corpus:123-rotura-xxl-inquieto-rotura-xxl-the-crow-inquieto-remix@0.94,kick,corpus,0.94,7.60056,2467.73446,2467.73446,-26.45774,0.38029,0.57849,0.0289,0.00218,0.00573,0.00442,12.0,92.0,0.43015,0.881
corpus:123-rotura-xxl-inquieto-rotura-xxl-the-crow-inquieto-remix@39.509,hook,corpus,39.509,16.01166,4773.75366,4818.77247,-0.05843,0.00074,0.00014,0.01807,0.26988,0.39327,0.3179,54.0,116.0,0.06858,0.881
corpus:123-rotura-xxl-inquieto-rotura-xxl-the-crow-inquieto-remix@43.143,hook,corpus,43.143,14.65887,3450.9427,3450.9427,-9.17433,0.00024,0.00282,0.02293,0.50213,0.39353,0.07835,92.0,92.0,0.14399,0.879
corpus:123-rotura-xxl-inquieto-rotura-xxl-the-crow-inquieto-remix@32.694,hook,corpus,32.694,14.14166,3113.98785,3175.29964,-7.97969,0.00047,0.00369,0.43318,0.34241,0.18026,0.04,70.0,104.0,0.06398,0.878
corpus:123-rotura-xxl-inquieto-rotura-xxl-the-crow-inquieto-remix@39.706,hook,corpus,39.706,15.86685,3356.42681,3356.42681,-10.04331,9e-05,0.00304,0.54756,0.35255,0.07141,0.02535,36.0,92.0,0.08109,0.877
corpus:123-rotura-xxl-inquieto-rotura-xxl-the-crow-inquieto-remix@31.033,hook,corpus,31.033,16.75055,3164.06944,3251.93006,-4.17795,0.00016,0.00276,0.46886,0.3725,0.11085,0.04489,42.0,104.0,0.02844,0.876
corpus:123-rotura-xxl-inquieto-rotura-xxl-the-crow-inquieto-remix@39.01,hook,corpus,39.01,13.7255,4785.39707,4785.39707,2.2168,0.00036,0.00024,0.0049,0.29849,0.43912,0.25689,58.0,58.0,0.01928,0.873
corpus:123-rotura-xxl-inquieto-rotura-xxl-the-crow-inquieto-remix@28.967,hook,corpus,28.967,15.6077,3147.42236,3308.93942,-5.88849,8e-05,0.00209,0.35673,0.39476,0.2097,0.03665,70.0,104.0,0.07624,0.872
corpus:123-rotura-xxl-inquieto-rotura-xxl-the-crow-inquieto-remix@1.347,kick,corpus,1.347,7.5434,2523.5028,2608.4599,-16.86609,0.38239,0.57566,0.02743,0.00355,0.0061,0.00487,12.0,104.0,0.41713,0.865
corpus:123-rotura-xxl-inquieto-rotura-xxl-the-crow-inquieto-remix@3.425,kick,corpus,3.425,7.27763,2422.47007,2422.47007,-16.61129,0.37177,0.57902,0.03805,0.00357,0.00419,0.00339,16.0,92.0,0.42072,0.865
corpus:123-rotura-xxl-inquieto-rotura-xxl-the-crow-inquieto-remix@2.589,kick,corpus,2.589,7.46366,2887.69143,2887.69143,-9.61766,0.4204,0.52648,0.01436,0.00231,0.02841,0.00804,92.0,92.0,0.34074,0.864
corpus:123-rotura-xxl-inquieto-rotura-xxl-the-crow-inquieto-remix@3.518,kick,corpus,3.518,7.40634,3088.42955,3944.95635,-17.55652,0.6005,0.28346,0.02661,0.00575,0.05334,0.03033,14.0,208.0,0.83081,0.791
corpus:123-rotura-xxl-inquieto-rotura-xxl-the-crow-inquieto-remix@4.249,kick,corpus,4.249,8.29851,3061.9688,3061.9688,-4.72117,0.32511,0.63473,0.01435,0.00754,0.01023,0.00803,34.0,68.0,0.08429,0.785
corpus:123-rotura-xxl-inquieto-rotura-xxl-the-crow-inquieto-remix@45.627,kick,corpus,45.627,8.09459,1524.0541,1524.0541,-2.46781,0.28449,0.6492,0.04399,0.01565,0.00603,0.00064,20.0,92.0,0.25428,0.783
corpus:123-rotura-xxl-inquieto-rotura-xxl-the-crow-inquieto-remix@21.583,space,corpus,21.583,16.35329,5302.01712,5158.74234,14.24642,0.00065,0.00038,0.00283,0.02781,0.54391,0.42442,116.0,116.0,0.98645,0.768
corpus:123-rotura-xxl-inquieto-rotura-xxl-the-crow-inquieto-remix@40.739,space,corpus,40.739,14.3184,5067.18075,5067.18075,43.06473,0.00044,0.00365,0.25499,0.06432,0.3016,0.375,40.0,80.0,0.09377,0.765
corpus:123-rotura-xxl-inquieto-rotura-xxl-the-crow-inquieto-remix@2.252,kick,corpus,2.252,6.31198,3370.18233,3777.53876,-10.64504,0.5288,0.34206,0.02337,0.00772,0.06341,0.03464,138.0,138.0,0.72154,0.756
corpus:123-rotura-xxl-inquieto-rotura-xxl-the-crow-inquieto-remix@31.939,space,corpus,31.939,15.16373,4324.48112,4324.48112,31.05934,0.00045,0.00152,0.01691,0.11388,0.58472,0.28252,92.0,92.0,0.57616,0.749
corpus:123-rotura-xxl-inquieto-rotura-xxl-the-crow-inquieto-remix@3.111,kick,corpus,3.111,7.67638,3605.52007,3799.72881,-11.44182,0.56617,0.30239,0.03067,0.00642,0.05853,0.03582,162.0,162.0,0.77315,0.747
corpus:123-rotura-xxl-inquieto-rotura-xxl-the-crow-inquieto-remix@0.627,kick,corpus,0.627,6.7555,3439.04875,3741.90687,-11.37478,0.60913,0.26943,0.02675,0.00723,0.0567,0.03077,174.0,174.0,0.80273,0.745
corpus:123-rotura-xxl-inquieto-rotura-xxl-the-crow-inquieto-remix@3.808,space,corpus,3.808,7.67141,2672.78675,2672.78675,27.4382,0.31678,0.64495,0.01837,0.0065,0.00805,0.00535,18.0,92.0,0.26683,0.729
corpus:123-rotura-xxl-inquieto-rotura-xxl-the-crow-inquieto-remix@58.189,clap,corpus,58.189,15.17972,2357.85938,2426.37538,-0.25735,0.00014,0.00015,0.04078,0.58334,0.37362,0.00197,140.0,208.0,0.9835,0.64
corpus:123-rotura-xxl-inquieto-rotura-xxl-the-crow-inquieto-remix@54.892,clap,corpus,54.892,16.30482,2108.60712,2047.25191,0.46785,0.00123,0.00081,0.18204,0.72557,0.08951,0.00084,70.0,220.0,0.76529,0.633
corpus:123-rotura-xxl-inquieto-rotura-xxl-the-crow-inquieto-remix@40.821,hat,corpus,40.821,17.76543,5827.51071,5959.43267,-3.31649,0.00049,0.0018,0.00841,0.09902,0.27173,0.61855,128.0,128.0,0.92502,0.612
corpus:125-matias-jose-espejo-antognoli-svecent-sex-production@35.318,kick,corpus,35.318,4.43987,2276.06221,2276.06221,-17.86828,0.48936,0.49116,0.01302,0.00214,0.00193,0.0024,68.0,68.0,0.25669,0.93
corpus:125-matias-jose-espejo-antognoli-svecent-sex-production@39.753,kick,corpus,39.753,4.7698,2163.28252,2163.28252,-24.62962,0.48386,0.49471,0.01533,0.00164,0.0018,0.00266,80.0,80.0,0.44185,0.929
corpus:125-matias-jose-espejo-antognoli-svecent-sex-production@49.087,kick,corpus,49.087,4.74036,1965.51245,1965.51245,-14.49736,0.49152,0.49055,0.01337,0.00125,0.00136,0.00195,92.0,92.0,0.47544,0.92
corpus:125-matias-jose-espejo-antognoli-svecent-sex-production@45.976,kick,corpus,45.976,4.82323,1979.58683,1979.58683,-23.66513,0.43874,0.53906,0.01681,0.00148,0.00161,0.0023,80.0,80.0,0.35919,0.919
corpus:125-matias-jose-espejo-antognoli-svecent-sex-production@51.757,kick,corpus,51.757,4.58895,2421.70852,2421.70852,-13.16526,0.49175,0.47756,0.02131,0.00359,0.00267,0.00312,92.0,92.0,0.41718,0.913
corpus:125-matias-jose-espejo-antognoli-svecent-sex-production@39.311,kick,corpus,39.311,4.6489,2245.70632,2205.61874,-13.40297,0.49569,0.48139,0.01583,0.00222,0.00208,0.00278,104.0,104.0,0.53857,0.906
corpus:125-matias-jose-espejo-antognoli-svecent-sex-production@53.081,kick,corpus,53.081,5.10249,1689.44263,2003.94284,-15.72713,0.45399,0.53208,0.01036,0.00078,0.00118,0.00161,116.0,116.0,0.50192,0.906
corpus:125-matias-jose-espejo-antognoli-svecent-sex-production@38.417,kick,corpus,38.417,4.52206,2266.84603,2266.84603,-22.02065,0.38663,0.58886,0.01852,0.00221,0.00164,0.00214,80.0,80.0,0.3726,0.889
corpus:125-matias-jose-espejo-antognoli-svecent-sex-production@37.082,kick,corpus,37.082,4.46809,1915.49515,2002.43646,-7.50705,0.47152,0.51291,0.01171,0.001,0.00122,0.00164,104.0,104.0,0.48833,0.887
corpus:125-matias-jose-espejo-antognoli-svecent-sex-production@45.093,kick,corpus,45.093,5.47656,2643.66737,2643.66737,-8.98727,0.4261,0.54487,0.01949,0.00358,0.00237,0.0036,26.0,68.0,0.18977,0.884
corpus:125-matias-jose-espejo-antognoli-svecent-sex-production@36.2,kick,corpus,36.2,4.46494,2322.06583,2322.06583,-7.70107,0.4725,0.50166,0.01762,0.00343,0.00216,0.00265,92.0,92.0,0.46624,0.883
corpus:125-matias-jose-espejo-antognoli-svecent-sex-production@45.534,kick,corpus,45.534,4.35915,2516.09879,2516.09879,-20.65683,0.38209,0.59124,0.01869,0.00293,0.00215,0.00289,68.0,68.0,0.26443,0.883
corpus:125-matias-jose-espejo-antognoli-svecent-sex-production@3.587,space,corpus,3.587,13.92233,4177.66167,3806.20522,6.58313,0.01135,0.53296,0.25628,0.09569,0.07001,0.03372,68.0,400.0,0.9956,0.836
corpus:125-matias-jose-espejo-antognoli-svecent-sex-production@2.937,space,corpus,2.937,18.85155,4996.69147,3991.36491,15.72341,0.12093,0.16103,0.01131,0.01176,0.43335,0.26163,78.0,220.0,0.81686,0.807
corpus:125-matias-jose-espejo-antognoli-svecent-sex-production@2.844,space,corpus,2.844,10.41389,3328.87799,3328.87799,37.56691,0.05901,0.79318,0.09453,0.00082,0.01779,0.03468,46.0,92.0,0.09056,0.796
corpus:125-matias-jose-espejo-antognoli-svecent-sex-production@5.759,hook,corpus,5.759,14.42075,3429.04174,3429.04174,-6.8892,0.00914,0.06836,0.00276,0.19863,0.70361,0.0175,68.0,68.0,0.1085,0.782
corpus:125-matias-jose-espejo-antognoli-svecent-sex-production@32.74,space,corpus,32.74,12.8387,2826.36644,4131.44787,-3.31791,0.10503,0.71275,0.01922,0.01638,0.12924,0.01738,46.0,400.0,0.93374,0.74
corpus:125-matias-jose-espejo-antognoli-svecent-sex-production@2.078,hook,corpus,2.078,18.74428,5096.13447,5141.93166,1.34629,0.06477,0.11316,0.00788,0.0284,0.51025,0.27554,84.0,186.0,0.18689,0.683
corpus:125-matias-jose-espejo-antognoli-svecent-sex-production@35.654,hook,corpus,35.654,5.94219,903.8835,903.8835,-17.62932,0.03243,0.59093,0.24076,0.13111,0.00468,9e-05,46.0,46.0,0.0,0.601
corpus:126-p-t-b-s-b-t-m-knarz-maschine-remix@51.722,space,corpus,51.722,9.18639,4550.1509,4550.1509,80.33973,0.05763,0.86625,0.03319,0.01092,0.01902,0.01299,58.0,58.0,0.02069,0.966
corpus:126-p-t-b-s-b-t-m-knarz-maschine-remix@27.922,hook,corpus,27.922,16.99481,3290.26296,3645.88262,-8.26614,0.01732,0.09864,0.05316,0.3754,0.37777,0.07772,110.0,196.0,0.20017,0.867
corpus:126-p-t-b-s-b-t-m-knarz-maschine-remix@6.258,space,corpus,6.258,8.96112,3206.04243,3206.04243,49.98811,0.04407,0.92057,0.00597,0.00326,0.01502,0.01112,50.0,68.0,0.08392,0.863
corpus:126-p-t-b-s-b-t-m-knarz-maschine-remix@34.783,kick,corpus,34.783,13.83363,2812.42435,2988.47783,8.11446,0.5715,0.19262,0.13218,0.0207,0.05382,0.02918,18.0,162.0,0.2285,0.783
corpus:126-p-t-b-s-b-t-m-knarz-maschine-remix@2.682,hook,corpus,2.682,12.8,5118.32395,5181.66529,-5.1436,0.0198,0.05925,0.0186,0.10776,0.35479,0.43979,78.0,116.0,0.24073,0.771
corpus:126-p-t-b-s-b-t-m-knarz-maschine-remix@25.194,hook,corpus,25.194,16.16879,3716.54472,3432.58797,4.15002,0.06678,0.13327,0.08174,0.29942,0.3428,0.07599,82.0,186.0,0.19639,0.758
corpus:126-p-t-b-s-b-t-m-knarz-maschine-remix@23.371,hook,corpus,23.371,15.29975,3210.56722,3528.31048,-6.62548,0.02215,0.34599,0.04073,0.28265,0.25533,0.05316,124.0,186.0,0.42953,0.747
corpus:126-p-t-b-s-b-t-m-knarz-maschine-remix@53.139,space,corpus,53.139,9.67297,3940.71338,5906.06763,-9.75279,0.03484,0.65958,0.17331,0.01321,0.05785,0.06121,400.0,400.0,0.93701,0.745
corpus:126-p-t-b-s-b-t-m-knarz-maschine-remix@35.619,kick,corpus,35.619,12.53932,2175.26748,2429.89501,-2.72359,0.51864,0.28106,0.15237,0.01375,0.023,0.01119,36.0,162.0,0.66183,0.739
corpus:126-p-t-b-s-b-t-m-knarz-maschine-remix@58.317,space,corpus,58.317,9.45661,3750.78494,2683.41782,9.87678,0.05325,0.67898,0.1466,0.0107,0.04981,0.06066,192.0,400.0,0.77325,0.73
corpus:126-p-t-b-s-b-t-m-knarz-maschine-remix@35.515,hook,corpus,35.515,14.54827,4058.76645,4249.42422,-7.56803,0.0081,0.01947,0.38245,0.09936,0.31322,0.1774,104.0,104.0,0.3407,0.724
corpus:126-p-t-b-s-b-t-m-knarz-maschine-remix@25.704,kick,corpus,25.704,13.73768,2999.60673,3278.10851,3.21448,0.40073,0.41941,0.07789,0.02314,0.05069,0.02814,20.0,150.0,0.21846,0.714
corpus:126-p-t-b-s-b-t-m-knarz-maschine-remix@16.776,hook,corpus,16.776,12.81912,5928.55467,5928.55467,-7.64959,0.00288,0.03344,0.00389,0.01734,0.34766,0.59479,92.0,92.0,0.17391,0.701
corpus:126-p-t-b-s-b-t-m-knarz-maschine-remix@41.355,hook,corpus,41.355,14.2235,4117.12558,4117.12558,-8.71214,0.07028,0.38488,0.03291,0.08306,0.28546,0.14341,54.0,80.0,0.11197,0.701
corpus:126-p-t-b-s-b-t-m-knarz-maschine-remix@31.556,hook,corpus,31.556,14.3609,4388.77003,4356.6861,2.37804,0.00128,0.02028,0.06188,0.28587,0.43861,0.19209,122.0,196.0,0.40202,0.699
corpus:126-p-t-b-s-b-t-m-knarz-maschine-remix@48.309,kick,corpus,48.309,8.50436,2939.74487,2939.74487,-36.53591,0.10811,0.83555,0.02964,0.00477,0.01472,0.00722,58.0,58.0,0.38807,0.658
corpus:126-p-t-b-s-b-t-m-knarz-maschine-remix@54.428,kick,corpus,54.428,5.45014,2443.95172,2443.95172,-34.30919,0.06938,0.90088,0.01443,0.00344,0.00787,0.00401,68.0,68.0,0.27991,0.639
corpus:126-p-t-b-s-b-t-m-knarz-maschine-remix@34.238,kick,corpus,34.238,16.65194,3051.67667,3445.86445,-10.8922,0.23889,0.35604,0.25629,0.01904,0.0862,0.04355,54.0,138.0,0.47554,0.625
corpus:126-p-t-b-s-b-t-m-knarz-maschine-remix@39.277,kick,corpus,39.277,15.11577,2807.72531,3102.73295,-7.7414,0.31194,0.17016,0.1866,0.06588,0.23974,0.02568,134.0,220.0,0.49153,0.617
corpus:127-ohrchitekt-vollpfosten@33.46,kick,corpus,33.46,6.12916,2492.85698,2492.85698,-14.16694,0.74377,0.22574,0.0186,0.00543,0.00329,0.00317,68.0,68.0,0.25866,0.974
corpus:127-ohrchitekt-vollpfosten@40.147,kick,corpus,40.147,5.98231,2614.70806,2614.70806,-6.48723,0.77093,0.19706,0.02043,0.00431,0.00343,0.00383,58.0,58.0,0.16801,0.973
corpus:127-ohrchitekt-vollpfosten@35.132,kick,corpus,35.132,5.98378,3511.9091,3511.9091,-25.4588,0.76463,0.17881,0.01027,0.00772,0.02059,0.01798,68.0,68.0,0.28733,0.971
corpus:127-ohrchitekt-vollpfosten@30.116,kick,corpus,30.116,6.73686,2199.42422,2199.42422,-10.76903,0.76214,0.21103,0.01715,0.00427,0.00272,0.00268,92.0,92.0,0.36073,0.97
corpus:127-ohrchitekt-vollpfosten@36.804,kick,corpus,36.804,6.26309,2699.52529,2699.52529,-6.2593,0.74567,0.21881,0.02209,0.00577,0.00395,0.00371,58.0,58.0,0.13579,0.97
corpus:127-ohrchitekt-vollpfosten@28.444,kick,corpus,28.444,6.17231,3537.33489,3537.33489,-17.32509,0.72833,0.21038,0.01467,0.00842,0.02047,0.01773,68.0,68.0,0.24662,0.964
corpus:127-ohrchitekt-vollpfosten@31.788,kick,corpus,31.788,5.98326,3526.86938,3526.86938,-15.98488,0.73438,0.20536,0.01551,0.00831,0.0198,0.01663,68.0,68.0,0.25613,0.964
corpus:127-ohrchitekt-vollpfosten@38.464,kick,corpus,38.464,6.10578,3346.63789,3346.63789,-11.62168,0.73786,0.21184,0.00965,0.00719,0.0178,0.01565,80.0,80.0,0.46391,0.946
corpus:127-ohrchitekt-vollpfosten@4.389,kick,corpus,4.389,10.21196,2321.8301,2346.95416,-6.88755,0.59681,0.33489,0.02232,0.01803,0.02141,0.00653,84.0,104.0,0.25749,0.936
corpus:127-ohrchitekt-vollpfosten@10.17,kick,corpus,10.17,9.5705,4206.68619,4206.68619,-16.14885,0.57721,0.25774,0.02878,0.01092,0.05411,0.07124,68.0,68.0,0.0547,0.907
corpus:127-ohrchitekt-vollpfosten@1.045,kick,corpus,1.045,12.10689,2320.56427,2266.53077,3.02197,0.61993,0.32295,0.0147,0.01455,0.02075,0.00713,48.0,116.0,0.25672,0.906
corpus:127-ohrchitekt-vollpfosten@30.209,kick,corpus,30.209,11.0948,3803.1939,4144.16669,-21.41169,0.63319,0.17538,0.01797,0.01549,0.06648,0.0915,94.0,116.0,0.34745,0.905
corpus:127-ohrchitekt-vollpfosten@4.714,space,corpus,4.714,12.57465,4476.68812,4476.68812,38.92048,0.14015,0.24633,0.09681,0.07375,0.15624,0.28671,80.0,80.0,0.3961,0.894
corpus:127-ohrchitekt-vollpfosten@29.071,hook,corpus,29.071,13.31017,3753.12151,3753.12151,-1.14776,0.15633,0.11116,0.13317,0.33176,0.09458,0.173,48.0,80.0,0.06897,0.854
corpus:127-ohrchitekt-vollpfosten@32.415,hook,corpus,32.415,12.87203,3772.94892,3772.94892,-2.45792,0.16251,0.11809,0.14209,0.31752,0.0938,0.16599,46.0,80.0,0.07868,0.844
corpus:127-ohrchitekt-vollpfosten@57.771,space,corpus,57.771,8.73874,4216.13712,3654.66112,7.98383,0.22811,0.58994,0.04772,0.00454,0.05959,0.0701,220.0,220.0,0.8869,0.763
corpus:127-ohrchitekt-vollpfosten@59.443,space,corpus,59.443,11.63426,4467.79445,4175.48826,5.68583,0.3063,0.46555,0.04809,0.00848,0.07598,0.09559,208.0,208.0,0.89313,0.757
corpus:127-ohrchitekt-vollpfosten@54.439,space,corpus,54.439,8.02342,4332.37362,3764.80646,7.90264,0.2787,0.58758,0.02784,0.00324,0.04803,0.05461,208.0,208.0,0.81413,0.752
corpus:127-ohrchitekt-vollpfosten@24.485,hook,corpus,24.485,12.65922,2290.76556,2290.76556,-8.60778,0.32846,0.11301,0.0868,0.40262,0.0542,0.0149,80.0,80.0,0.15455,0.724
corpus:127-ohrchitekt-vollpfosten@3.042,hook,corpus,3.042,13.83265,4844.1501,5034.07817,1.69701,0.01894,0.1595,0.07888,0.03205,0.21851,0.49212,18.0,104.0,0.38822,0.688
corpus:127-ohrchitekt-vollpfosten@21.142,hook,corpus,21.142,11.85046,2673.80675,2673.80675,-10.44003,0.32108,0.17296,0.05929,0.36107,0.07192,0.01367,80.0,80.0,0.1447,0.686
corpus:127-ohrchitekt-vollpfosten@29.501,hook,corpus,29.501,13.27184,2344.4826,2344.4826,-3.54261,0.3841,0.12383,0.07542,0.3823,0.02453,0.00982,80.0,92.0,0.14373,0.656
corpus:127-ohrchitekt-vollpfosten@11.111,hook,corpus,11.111,13.51793,2302.8685,2302.8685,-13.38053,0.33808,0.16107,0.02826,0.36748,0.08805,0.01705,80.0,80.0,0.17717,0.655
corpus:127-ohrchitekt-vollpfosten@6.177,hook,corpus,6.177,13.2516,2448.58437,3136.05771,-11.49849,0.01772,0.26337,0.06843,0.2652,0.35725,0.02803,120.0,208.0,0.69272,0.647
corpus:128-widerwille-entasis@59.513,kick,corpus,59.513,6.81733,3928.42316,3928.42316,-28.54028,0.36576,0.52768,0.02965,0.00303,0.03821,0.03566,68.0,68.0,0.26653,0.826
corpus:128-widerwille-entasis@63.007,kick,corpus,63.007,6.39881,3778.23216,3778.23216,-21.06042,0.36441,0.52739,0.03187,0.00364,0.03395,0.03873,80.0,80.0,0.363,0.813
corpus:128-widerwille-entasis@54.253,kick,corpus,54.253,7.41665,3518.67688,3635.74025,-14.27325,0.37573,0.52165,0.02567,0.00285,0.04165,0.03246,104.0,104.0,0.49828,0.794
corpus:128-widerwille-entasis@61.254,kick,corpus,61.254,6.89158,3938.39133,3938.39133,-21.89356,0.32108,0.56141,0.03535,0.00418,0.03873,0.03924,68.0,68.0,0.30034,0.779
corpus:128-widerwille-entasis@12.074,space,corpus,12.074,6.91305,4282.90986,3939.18202,5.87221,0.23925,0.5741,0.04874,0.00895,0.06217,0.06679,244.0,244.0,0.79003,0.743
corpus:128-widerwille-entasis@52.5,kick,corpus,52.5,7.17079,3694.41613,3797.55842,-13.13651,0.35145,0.5015,0.04882,0.01277,0.04528,0.04018,116.0,116.0,0.51404,0.738
corpus:128-widerwille-entasis@39.01,space,corpus,39.01,7.22677,4403.6291,4253.90978,3.10412,0.23391,0.54118,0.05095,0.00928,0.08122,0.08346,244.0,244.0,0.83285,0.734
corpus:128-widerwille-entasis@40.101,space,corpus,40.101,7.1166,4101.82688,3829.79661,8.08086,0.21326,0.58853,0.06264,0.00946,0.06582,0.06029,196.0,196.0,0.73094,0.734
corpus:128-widerwille-entasis@55.995,kick,corpus,55.995,6.37637,3782.13348,3782.13348,-6.99415,0.34431,0.54014,0.03156,0.00408,0.05208,0.02782,80.0,80.0,0.42393,0.729
corpus:128-widerwille-entasis@40.739,space,corpus,40.739,7.51181,4444.18323,4292.70417,2.30505,0.2481,0.53781,0.04413,0.00883,0.07681,0.08432,256.0,256.0,0.83826,0.726
corpus:128-widerwille-entasis@57.748,kick,corpus,57.748,7.08968,3775.27875,3793.41694,-8.20863,0.355,0.54067,0.02766,0.00329,0.04131,0.03207,116.0,116.0,0.51771,0.712
corpus:128-widerwille-entasis@52.059,kick,corpus,52.059,5.74656,3136.88432,3166.21216,1.81079,0.40568,0.53317,0.02207,0.00504,0.02233,0.01172,116.0,116.0,0.49284,0.656
corpus:128-widerwille-entasis@57.435,kick,corpus,57.435,8.77053,4847.27774,4847.27774,-3.97415,0.40753,0.16689,0.00942,0.00888,0.26648,0.1408,80.0,80.0,0.31211,0.642
corpus:128-widerwille-entasis@51.63,kick,corpus,51.63,7.27603,4389.1026,4389.1026,-2.79701,0.34145,0.46131,0.01787,0.00425,0.10476,0.07036,80.0,80.0,0.32599,0.638
corpus:128-widerwille-entasis@3.135,kick,corpus,3.135,9.0621,4814.28776,4814.28776,-3.06656,0.41476,0.13767,0.00555,0.00866,0.2777,0.15566,80.0,80.0,0.30845,0.634
corpus:128-widerwille-entasis@60.383,kick,corpus,60.383,6.87501,4399.60771,4399.60771,-1.27856,0.32585,0.47956,0.02495,0.00447,0.10194,0.06324,68.0,68.0,0.24801,0.632
corpus:131-nitrogene-lost-transmission-planet-earth@32.403,kick,corpus,32.403,8.72969,1254.44979,1254.44979,-18.96417,0.4003,0.52017,0.05575,0.01645,0.00723,9e-05,32.0,68.0,0.29467,0.906
corpus:131-nitrogene-lost-transmission-planet-earth@26.924,kick,corpus,26.924,7.18933,840.66345,840.66345,-24.64795,0.34185,0.61602,0.03113,0.00285,0.00799,0.00016,36.0,92.0,0.35183,0.899
corpus:131-nitrogene-lost-transmission-planet-earth@36.769,kick,corpus,36.769,5.87724,2364.84291,2535.58794,-12.85233,0.48094,0.50176,0.00879,0.00235,0.00295,0.00322,32.0,104.0,0.496,0.897
corpus:131-nitrogene-lost-transmission-planet-earth@50.306,kick,corpus,50.306,7.52859,999.66058,999.66058,-20.44225,0.37063,0.58763,0.02908,0.01092,0.00161,0.00013,92.0,92.0,0.50176,0.895
corpus:131-nitrogene-lost-transmission-planet-earth@57.469,kick,corpus,57.469,6.33334,1316.59925,1316.59925,-21.50479,0.35512,0.6014,0.03389,0.00735,0.00202,0.00021,32.0,68.0,0.22014,0.893
corpus:131-nitrogene-lost-transmission-planet-earth@41.239,kick,corpus,41.239,7.86475,2354.33594,2354.33594,-16.30919,0.40646,0.49448,0.07369,0.007,0.01376,0.00461,58.0,58.0,0.09237,0.891
corpus:131-nitrogene-lost-transmission-planet-earth@9.903,kick,corpus,9.903,5.64519,2503.67343,2663.08459,-11.89364,0.48107,0.50098,0.00674,0.00236,0.00455,0.0043,104.0,104.0,0.51153,0.888
corpus:131-nitrogene-lost-transmission-planet-earth@9.578,kick,corpus,9.578,8.49538,2719.88864,2719.88864,-15.32112,0.43907,0.49898,0.00781,0.00502,0.04355,0.00558,92.0,92.0,0.43933,0.886
corpus:131-nitrogene-lost-transmission-planet-earth@16.161,kick,corpus,16.161,7.94092,1193.33983,1477.43716,-30.42021,0.34245,0.59655,0.04436,0.00484,0.01152,0.00028,36.0,104.0,0.44603,0.886
corpus:131-nitrogene-lost-transmission-planet-earth@34.969,kick,corpus,34.969,6.27123,2458.02222,2549.46527,-9.86572,0.473,0.51118,0.00737,0.00173,0.00286,0.00387,32.0,104.0,0.4814,0.884
corpus:131-nitrogene-lost-transmission-planet-earth@3.959,kick,corpus,3.959,5.52328,1488.75128,1488.75128,-16.51599,0.35322,0.62568,0.01568,0.00406,0.00095,0.00041,46.0,80.0,0.30135,0.883
corpus:131-nitrogene-lost-transmission-planet-earth@32.287,kick,corpus,32.287,8.13029,1163.71706,1257.78807,-18.14621,0.36042,0.59451,0.03139,0.00448,0.00897,0.00023,6.0,116.0,0.52443,0.882
corpus:131-nitrogene-lost-transmission-planet-earth@37.314,space,corpus,37.314,11.15183,3799.54223,3746.74058,17.35199,0.30511,0.4528,0.00968,0.018,0.14934,0.06506,104.0,104.0,0.48372,0.745
corpus:131-nitrogene-lost-transmission-planet-earth@58.805,space,corpus,58.805,11.43014,3626.03545,3533.12708,13.81371,0.32399,0.45917,0.01022,0.01345,0.13663,0.05655,16.0,138.0,0.60063,0.712
corpus:131-nitrogene-lost-transmission-planet-earth@44.478,space,corpus,44.478,12.21808,3764.92646,3681.65128,14.63054,0.32221,0.44592,0.02203,0.01697,0.13225,0.06063,116.0,116.0,0.51728,0.694
corpus:131-nitrogene-lost-transmission-planet-earth@10.449,space,corpus,10.449,10.93765,3798.60177,3787.63028,14.49882,0.30439,0.45885,0.01139,0.01691,0.13964,0.06883,104.0,104.0,0.49198,0.682
corpus:132-duality-micro-sascha-m-ller-press-start-edit02@32.636,kick,corpus,32.636,7.0134,1475.22158,1475.22158,-21.51677,0.78755,0.19514,0.00759,0.00591,0.00311,0.00071,56.0,92.0,0.34295,0.983
corpus:132-duality-micro-sascha-m-ller-press-start-edit02@62.624,kick,corpus,62.624,6.42186,1360.09384,1360.09384,-20.40993,0.73967,0.23879,0.00386,0.006,0.01023,0.00145,64.0,80.0,0.22535,0.982
corpus:132-duality-micro-sascha-m-ller-press-start-edit02@37.024,kick,corpus,37.024,5.65128,1711.00173,1711.00173,-23.61855,0.71324,0.26202,0.00732,0.00776,0.00841,0.00124,68.0,68.0,0.17592,0.979
corpus:132-duality-micro-sascha-m-ller-press-start-edit02@11.424,kick,corpus,11.424,7.21081,1954.62505,1954.62505,-28.8789,0.70677,0.26354,0.00934,0.00763,0.01081,0.00191,62.0,68.0,0.17869,0.978
corpus:132-duality-micro-sascha-m-ller-press-start-edit02@40.298,kick,corpus,40.298,7.69201,2228.40826,2228.40826,-12.32125,0.78949,0.11828,0.02852,0.03017,0.02867,0.00487,56.0,80.0,0.12197,0.978
corpus:132-duality-micro-sascha-m-ller-press-start-edit02@19.83,kick,corpus,19.83,6.18833,1556.86266,1556.86266,-17.57171,0.74789,0.22067,0.01222,0.00973,0.00819,0.00129,56.0,92.0,0.35306,0.977
corpus:132-duality-micro-sascha-m-ller-press-start-edit02@29.431,kick,corpus,29.431,5.44511,1911.23254,1911.23254,-18.04049,0.72749,0.23929,0.01223,0.00967,0.00975,0.00157,68.0,68.0,0.25037,0.977
corpus:132-duality-micro-sascha-m-ller-press-start-edit02@35.828,kick,corpus,35.828,7.74625,2035.79105,2035.79105,-32.62048,0.70369,0.25658,0.01174,0.01167,0.0141,0.00222,58.0,58.0,0.15111,0.977
corpus:132-duality-micro-sascha-m-ller-press-start-edit02@1.823,kick,corpus,1.823,5.58221,1698.70593,1698.70593,-34.05644,0.66458,0.30895,0.00791,0.0091,0.00822,0.00124,68.0,68.0,0.19967,0.974
corpus:132-duality-micro-sascha-m-ller-press-start-edit02@6.525,kick,corpus,6.525,6.28825,1854.58976,1854.58976,-11.52841,0.71239,0.25949,0.00646,0.00942,0.01056,0.00167,68.0,68.0,0.17348,0.974
corpus:132-duality-micro-sascha-m-ller-press-start-edit02@17.821,kick,corpus,17.821,7.63535,1949.68045,1949.68045,-17.20129,0.69715,0.27268,0.00912,0.00769,0.01146,0.00189,68.0,68.0,0.19172,0.974
corpus:132-duality-micro-sascha-m-ller-press-start-edit02@33.82,kick,corpus,33.82,7.49132,1792.9672,1792.9672,-41.24933,0.66631,0.30261,0.00888,0.00895,0.01132,0.00193,68.0,68.0,0.21703,0.973
corpus:132-duality-micro-sascha-m-ller-press-start-edit02@53.104,hook,corpus,53.104,20.52475,2877.32789,3268.88082,-5.72286,0.00022,0.00036,0.01767,0.39736,0.4824,0.10199,30.0,146.0,0.0471,0.902
corpus:132-duality-micro-sascha-m-ller-press-start-edit02@43.131,hook,corpus,43.131,17.29215,4818.04467,4818.04467,1.32778,2e-05,8e-05,0.00109,0.22787,0.41785,0.35308,12.0,68.0,0.00067,0.892
corpus:132-duality-micro-sascha-m-ller-press-start-edit02@46.904,hook,corpus,46.904,23.9521,4753.6943,4716.95717,-1.21942,3e-05,5e-05,0.00044,0.19885,0.44726,0.35337,16.0,46.0,0.0135,0.887
corpus:132-duality-micro-sascha-m-ller-press-start-edit02@56.204,hook,corpus,56.204,20.11757,3354.77348,3424.53072,-14.44734,0.00035,0.00336,0.05813,0.29944,0.56365,0.07509,30.0,62.0,0.03161,0.883
corpus:132-duality-micro-sascha-m-ller-press-start-edit02@44.501,hook,corpus,44.501,23.62347,3750.85093,4414.30034,-6.07481,0.0002,0.00047,0.00477,0.20904,0.5052,0.28031,26.0,56.0,0.04785,0.879
corpus:132-duality-micro-sascha-m-ller-press-start-edit02@47.218,hook,corpus,47.218,18.55511,4714.40217,4714.40217,4.09472,4e-05,6e-05,0.00093,0.21292,0.47896,0.3071,28.0,68.0,0.00153,0.875
corpus:132-duality-micro-sascha-m-ller-press-start-edit02@44.002,hook,corpus,44.002,19.68728,4636.4396,4636.4396,1.25085,3e-05,7e-05,0.00275,0.22948,0.49841,0.26926,16.0,92.0,0.03909,0.874
corpus:132-duality-micro-sascha-m-ller-press-start-edit02@49.296,hook,corpus,49.296,24.05148,2954.49905,3654.32505,-11.46837,3e-05,6e-05,0.00302,0.29358,0.62355,0.07975,22.0,50.0,0.07564,0.872
corpus:132-duality-micro-sascha-m-ller-press-start-edit02@25.182,space,corpus,25.182,17.53447,3694.11196,3354.41672,33.73987,0.08725,0.00499,0.59014,0.07745,0.13727,0.1029,54.0,116.0,0.73338,0.871
corpus:132-duality-micro-sascha-m-ller-press-start-edit02@15.581,space,corpus,15.581,17.94183,3675.40146,3183.95703,34.46997,0.07551,0.00396,0.60052,0.0803,0.13521,0.1045,60.0,128.0,0.93221,0.858
corpus:132-duality-micro-sascha-m-ller-press-start-edit02@31.579,space,corpus,31.579,18.15365,3557.47791,3069.86366,34.89371,0.09348,0.00492,0.58536,0.0772,0.1363,0.10273,56.0,128.0,0.91784,0.856
corpus:132-duality-micro-sascha-m-ller-press-start-edit02@9.183,space,corpus,9.183,17.5433,3708.34491,3448.17112,29.69369,0.06835,0.0047,0.60757,0.07955,0.13556,0.10427,58.0,116.0,0.79475,0.851
corpus:133-p-t-b-s-sascha-m-ller-out-of-control-sascha-m-ller-breakbeat-r@38.998,kick,corpus,38.998,4.2309,1599.89385,1886.17637,-27.96224,0.62593,0.36292,0.00663,0.00198,0.00053,0.00201,104.0,104.0,0.57916,0.956
corpus:133-p-t-b-s-sascha-m-ller-out-of-control-sascha-m-ller-breakbeat-r@17.403,kick,corpus,17.403,4.86061,2742.9042,2742.9042,-12.9839,0.6211,0.34075,0.01679,0.002,0.01446,0.0049,58.0,58.0,0.18811,0.955
corpus:133-p-t-b-s-sascha-m-ller-out-of-control-sascha-m-ller-breakbeat-r@45.72,kick,corpus,45.72,7.31593,2526.61798,2799.00482,-11.66671,0.61464,0.35423,0.01093,0.00814,0.00418,0.00787,104.0,104.0,0.33329,0.941
corpus:133-p-t-b-s-sascha-m-ller-out-of-control-sascha-m-ller-breakbeat-r@47.264,kick,corpus,47.264,5.84826,2570.37192,2844.82838,-17.92847,0.6205,0.35873,0.00972,0.00221,0.00376,0.00507,56.0,116.0,0.50417,0.941
corpus:133-p-t-b-s-sascha-m-ller-out-of-control-sascha-m-ller-breakbeat-r@45.616,kick,corpus,45.616,6.05935,2868.4226,2956.11724,-22.16281,0.59864,0.37306,0.01319,0.00391,0.0054,0.00579,56.0,104.0,0.5257,0.938
corpus:133-p-t-b-s-sascha-m-ller-out-of-control-sascha-m-ller-breakbeat-r@39.102,kick,corpus,39.102,5.28268,1925.32843,1925.32843,1.37588,0.65529,0.33607,0.00287,0.00045,0.00014,0.00518,80.0,80.0,0.29978,0.933
corpus:133-p-t-b-s-sascha-m-ller-out-of-control-sascha-m-ller-breakbeat-r@42.295,kick,corpus,42.295,6.88771,2597.6916,2926.25862,-16.46117,0.6003,0.37349,0.01369,0.00355,0.00445,0.00451,66.0,116.0,0.49916,0.933
corpus:133-p-t-b-s-sascha-m-ller-out-of-control-sascha-m-ller-breakbeat-r@1.022,kick,corpus,1.022,8.02989,2247.03216,2247.03216,-7.20178,0.56584,0.37484,0.01387,0.02176,0.01859,0.00509,46.0,92.0,0.20916,0.931
corpus:133-p-t-b-s-sascha-m-ller-out-of-control-sascha-m-ller-breakbeat-r@47.38,kick,corpus,47.38,7.8519,2945.27199,2945.27199,-2.15425,0.62542,0.34522,0.01263,0.00421,0.00258,0.00994,92.0,92.0,0.18929,0.93
corpus:133-p-t-b-s-sascha-m-ller-out-of-control-sascha-m-ller-breakbeat-r@42.411,kick,corpus,42.411,6.65239,2599.0888,2724.35088,-6.22744,0.62144,0.35492,0.00681,0.00329,0.00575,0.00779,104.0,104.0,0.45279,0.915
corpus:133-p-t-b-s-sascha-m-ller-out-of-control-sascha-m-ller-breakbeat-r@19.133,kick,corpus,19.133,9.10982,2123.28408,3056.09577,-20.23261,0.57719,0.3759,0.02948,0.00279,0.00419,0.01045,138.0,174.0,0.6524,0.906
corpus:133-p-t-b-s-sascha-m-ller-out-of-control-sascha-m-ller-breakbeat-r@15.801,kick,corpus,15.801,10.13666,1955.479,3007.01936,-14.133,0.535,0.39785,0.04608,0.00291,0.00612,0.01204,106.0,186.0,0.45532,0.904
corpus:133-p-t-b-s-sascha-m-ller-out-of-control-sascha-m-ller-breakbeat-r@34.528,space,corpus,34.528,12.76136,4150.32605,4156.56631,32.61513,0.0719,0.53957,0.03606,0.02282,0.05506,0.2746,90.0,116.0,0.37796,0.831
corpus:133-p-t-b-s-sascha-m-ller-out-of-control-sascha-m-ller-breakbeat-r@0.023,hook,corpus,0.023,13.23253,3769.89954,3769.89954,-8.22862,0.04457,0.16704,0.21718,0.20258,0.24628,0.12236,68.0,68.0,0.10581,0.817
corpus:133-p-t-b-s-sascha-m-ller-out-of-control-sascha-m-ller-breakbeat-r@54.637,hook,corpus,54.637,15.686,4241.80068,4241.80068,2.19414,0.0084,0.07673,0.2369,0.17586,0.34556,0.15653,80.0,80.0,0.04918,0.813
corpus:133-p-t-b-s-sascha-m-ller-out-of-control-sascha-m-ller-breakbeat-r@56.796,hook,corpus,56.796,17.26089,4805.867,4805.867,-6.47432,0.00628,0.03097,0.0279,0.07587,0.48756,0.37141,92.0,92.0,0.13979,0.809
corpus:133-p-t-b-s-sascha-m-ller-out-of-control-sascha-m-ller-breakbeat-r@38.394,hook,corpus,38.394,20.21322,2985.27306,3368.64645,-6.63756,0.09452,0.22957,0.15706,0.21732,0.21935,0.08217,48.0,210.0,0.11046,0.796
corpus:133-p-t-b-s-sascha-m-ller-out-of-control-sascha-m-ller-breakbeat-r@26.169,hook,corpus,26.169,16.49839,5031.4924,5031.4924,-0.72657,0.00545,0.00662,0.01485,0.04979,0.5687,0.35457,92.0,92.0,0.22855,0.765
corpus:133-p-t-b-s-sascha-m-ller-out-of-control-sascha-m-ller-breakbeat-r@54.509,hook,corpus,54.509,14.60779,4264.19051,4484.92467,-1.82,0.03433,0.22185,0.11008,0.137,0.24581,0.25093,56.0,128.0,0.28532,0.762
corpus:133-p-t-b-s-sascha-m-ller-out-of-control-sascha-m-ller-breakbeat-r@28.015,space,corpus,28.015,14.36927,4561.18567,3679.38938,11.37695,0.19531,0.7348,0.02083,0.00106,0.0023,0.0457,22.0,54.0,0.9498,0.757
corpus:133-p-t-b-s-sascha-m-ller-out-of-control-sascha-m-ller-breakbeat-r@4.76,hook,corpus,4.76,12.93531,3594.83848,3594.83848,2.39825,0.00981,0.0464,0.11775,0.36378,0.35278,0.10948,92.0,92.0,0.24826,0.751
corpus:133-p-t-b-s-sascha-m-ller-out-of-control-sascha-m-ller-breakbeat-r@9.625,hook,corpus,9.625,15.49503,4876.8809,4876.8809,-5.92262,0.04189,0.0577,0.0308,0.04826,0.5315,0.28984,92.0,92.0,0.16219,0.751
corpus:133-p-t-b-s-sascha-m-ller-out-of-control-sascha-m-ller-breakbeat-r@22.013,space,corpus,22.013,14.31113,4286.83342,4050.29532,20.59777,0.2007,0.52988,0.02586,0.00108,0.12133,0.12115,76.0,116.0,0.3216,0.731
corpus:133-p-t-b-s-sascha-m-ller-out-of-control-sascha-m-ller-breakbeat-r@47.88,space,corpus,47.88,12.70905,4353.92257,4377.15364,14.08411,0.13311,0.48095,0.02632,0.05006,0.14132,0.16823,104.0,104.0,0.61069,0.729
corpus:134-jerzz-sascha-m-ller-nuke-vol-21@42.028,space,corpus,42.028,16.65088,3956.8799,4099.01109,2.33698,0.0114,0.28098,0.12983,0.10152,0.41304,0.06323,158.0,394.0,0.99897,0.785
corpus:134-jerzz-sascha-m-ller-nuke-vol-21@63.948,hook,corpus,63.948,13.33139,5617.82518,5617.82518,2.44104,0.0,0.0,0.0,0.00171,0.66807,0.33021,52.0,52.0,0.00883,0.784
corpus:134-jerzz-sascha-m-ller-nuke-vol-21@63.704,hook,corpus,63.704,15.72028,5323.02919,5323.02919,-4.17194,0.0,0.0,1e-05,0.00081,0.71506,0.28412,8.0,68.0,0.00091,0.781
corpus:134-jerzz-sascha-m-ller-nuke-vol-21@46.974,space,corpus,46.974,16.56531,4019.92905,4148.05564,2.34589,0.01097,0.2716,0.12675,0.10788,0.41399,0.06881,124.0,394.0,0.98893,0.778
corpus:134-jerzz-sascha-m-ller-nuke-vol-21@44.849,space,corpus,44.849,16.64597,3926.96416,4044.95114,2.16112,0.00894,0.28101,0.13092,0.10311,0.41278,0.06324,112.0,394.0,0.99931,0.775
corpus:134-jerzz-sascha-m-ller-nuke-vol-21@44.153,space,corpus,44.153,16.54991,3960.96535,4048.28898,2.36122,0.01134,0.27854,0.12947,0.10867,0.4095,0.06248,110.0,384.0,0.97785,0.763
corpus:134-jerzz-sascha-m-ller-nuke-vol-21@60.302,clap,corpus,60.302,11.42477,2277.36057,1798.02872,8.8461,0.00084,0.00097,0.1889,0.65148,0.15329,0.00451,80.0,208.0,0.80632,0.762
corpus:134-jerzz-sascha-m-ller-nuke-vol-21@60.511,hook,corpus,60.511,13.96043,2557.61355,2417.91,2.62387,0.00115,0.00535,0.01399,0.49679,0.47715,0.00558,32.0,104.0,0.10886,0.761
corpus:134-jerzz-sascha-m-ller-nuke-vol-21@48.669,clap,corpus,48.669,15.33183,1981.20307,2331.02955,-2.42911,0.0043,0.02086,0.0076,0.95193,0.01474,0.00058,400.0,400.0,0.97538,0.725
corpus:134-jerzz-sascha-m-ller-nuke-vol-21@9.242,hook,corpus,9.242,15.62782,3080.10326,3335.21026,-2.88236,0.00667,0.02846,0.09757,0.60459,0.21742,0.0453,172.0,244.0,0.428,0.69
corpus:134-jerzz-sascha-m-ller-nuke-vol-21@60.616,clap,corpus,60.616,18.69088,2547.67122,2047.55913,12.77212,0.00204,0.00565,0.22125,0.43309,0.32143,0.01654,174.0,174.0,0.99034,0.622
corpus:134-jerzz-sascha-m-ller-nuke-vol-21@9.845,hook,corpus,9.845,10.89408,4113.2038,4021.43193,7.85904,0.00223,0.00762,0.30443,0.31236,0.25568,0.11769,108.0,116.0,0.28523,0.616
corpus:134-jerzz-sascha-m-ller-nuke-vol-21@33.948,hook,corpus,33.948,15.7186,3284.26499,4142.65726,-5.82425,0.00228,0.00215,0.00173,0.21918,0.64432,0.13034,154.0,294.0,0.65196,0.604
corpus:135-jens-mueller-p-t-b-s-marudi-p-t-b-s-remix@60.407,kick,corpus,60.407,10.13549,3060.08072,3409.01837,-6.24878,0.57614,0.35629,0.01203,0.00987,0.02802,0.01764,88.0,186.0,0.35696,0.882
corpus:135-jens-mueller-p-t-b-s-marudi-p-t-b-s-remix@59.966,kick,corpus,59.966,10.19415,3150.07907,3315.55007,-4.10973,0.58193,0.3461,0.02212,0.00648,0.02586,0.01751,90.0,196.0,0.37528,0.869
corpus:135-jens-mueller-p-t-b-s-marudi-p-t-b-s-remix@54.184,kick,corpus,54.184,9.60668,2775.73258,3141.52695,-5.36906,0.5708,0.37262,0.01931,0.00502,0.01932,0.01294,126.0,208.0,0.46274,0.859
corpus:135-jens-mueller-p-t-b-s-marudi-p-t-b-s-remix@59.06,kick,corpus,59.06,9.94832,3182.90857,3379.39479,-0.82987,0.59611,0.3312,0.02105,0.00617,0.02761,0.01786,88.0,196.0,0.42584,0.817
corpus:135-jens-mueller-p-t-b-s-marudi-p-t-b-s-remix@51.943,kick,corpus,51.943,10.85575,3116.26562,3360.83169,-2.85909,0.58304,0.34739,0.02237,0.00642,0.02528,0.01549,88.0,232.0,0.46137,0.816
corpus:135-jens-mueller-p-t-b-s-marudi-p-t-b-s-remix@58.189,kick,corpus,58.189,10.26246,3172.50126,3408.935,-3.34696,0.55027,0.36216,0.02637,0.01194,0.03102,0.01825,112.0,220.0,0.42538,0.816
corpus:135-jens-mueller-p-t-b-s-marudi-p-t-b-s-remix@53.719,kick,corpus,53.719,9.35692,2832.0077,3102.8089,-1.06652,0.60819,0.33957,0.01414,0.00718,0.01976,0.01116,78.0,220.0,0.48887,0.809
corpus:135-jens-mueller-p-t-b-s-marudi-p-t-b-s-remix@51.061,kick,corpus,51.061,9.21576,2924.89919,3067.59141,0.47073,0.61546,0.33631,0.01336,0.00396,0.01762,0.01329,90.0,196.0,0.4816,0.801
corpus:135-jens-mueller-p-t-b-s-marudi-p-t-b-s-remix@3.077,kick,corpus,3.077,10.83581,3821.54759,3982.85306,-3.26429,0.52176,0.35424,0.01553,0.01008,0.05986,0.03853,168.0,220.0,0.43976,0.742
corpus:135-jens-mueller-p-t-b-s-marudi-p-t-b-s-remix@1.3,kick,corpus,1.3,10.74117,4176.43592,4043.45129,1.5422,0.56671,0.32793,0.00999,0.00627,0.05006,0.03904,88.0,196.0,0.34764,0.737
corpus:135-jens-mueller-p-t-b-s-marudi-p-t-b-s-remix@40.67,hook,corpus,40.67,25.03875,2020.05573,1836.80483,1.13616,0.00083,0.00618,0.12068,0.74028,0.13181,0.00022,18.0,400.0,0.29098,0.737
corpus:135-jens-mueller-p-t-b-s-marudi-p-t-b-s-remix@1.73,kick,corpus,1.73,11.93605,3898.28829,3918.19508,-0.01137,0.55618,0.33731,0.0124,0.00571,0.05097,0.03742,124.0,232.0,0.3928,0.736
corpus:135-jens-mueller-p-t-b-s-marudi-p-t-b-s-remix@6.409,kick,corpus,6.409,7.60054,1021.18624,1774.46692,-11.70174,0.42502,0.50805,0.0414,0.01228,0.0115,0.00175,196.0,196.0,0.85021,0.73
corpus:135-jens-mueller-p-t-b-s-marudi-p-t-b-s-remix@11.064,hook,corpus,11.064,20.8022,5244.94989,5952.66275,-4.6127,0.00012,0.00052,0.00143,0.00736,0.46602,0.52454,100.0,400.0,0.246,0.696
corpus:135-jens-mueller-p-t-b-s-marudi-p-t-b-s-remix@11.505,hook,corpus,11.505,20.33755,5302.66998,5809.49538,-3.02414,6e-05,0.00029,0.00104,0.01241,0.46731,0.51889,92.0,348.0,0.30026,0.685
corpus:135-jens-mueller-p-t-b-s-marudi-p-t-b-s-remix@26.378,hook,corpus,26.378,23.52834,2144.75923,1709.46777,1.25977,0.04215,0.26859,0.22994,0.26926,0.18936,0.00071,6.0,72.0,0.39372,0.656
corpus:135-jens-mueller-p-t-b-s-marudi-p-t-b-s-remix@8.858,hook,corpus,8.858,17.6756,5301.97104,5762.0772,-3.56941,0.0127,0.01759,0.00416,0.0125,0.47809,0.47495,232.0,400.0,0.37302,0.638
corpus:135-jens-mueller-p-t-b-s-marudi-p-t-b-s-remix@33.564,hook,corpus,33.564,23.9757,1511.13608,1302.37682,1.99596,4e-05,0.00061,0.0645,0.90732,0.02752,2e-05,22.0,186.0,0.18783,0.618
corpus:136-jens-mueller-afflicted-marudi-afflicted-remix@1.927,kick,corpus,1.927,7.70156,1843.29129,1843.29129,-5.83089,0.48508,0.48336,0.02124,0.00695,0.0023,0.00106,24.0,92.0,0.29287,0.911
corpus:136-jens-mueller-afflicted-marudi-afflicted-remix@40.287,hook,corpus,40.287,15.91768,3383.11836,4123.50396,-9.12297,1e-05,2e-05,0.00294,0.44714,0.44027,0.10962,144.0,232.0,0.55225,0.727
corpus:136-jens-mueller-afflicted-marudi-afflicted-remix@28.607,hook,corpus,28.607,15.58905,5371.78549,5313.08634,2.56781,0.0685,0.05968,0.03068,0.09091,0.34756,0.40266,208.0,208.0,0.30842,0.7
corpus:136-jens-mueller-afflicted-marudi-afflicted-remix@9.369,hook,corpus,9.369,15.0001,4712.97688,5075.07261,-3.60385,0.09978,0.11811,0.03414,0.11268,0.31325,0.32204,206.0,232.0,0.32646,0.699
corpus:136-jens-mueller-afflicted-marudi-afflicted-remix@26.32,hook,corpus,26.32,15.85034,5221.5415,5253.7747,0.11142,0.06579,0.06243,0.01522,0.0824,0.35767,0.41649,208.0,208.0,0.3348,0.698
corpus:136-jens-mueller-afflicted-marudi-afflicted-remix@24.95,hook,corpus,24.95,16.20825,5298.07221,5194.48509,2.93032,0.07427,0.08134,0.02778,0.10642,0.31891,0.39128,208.0,208.0,0.32356,0.697
corpus:136-jens-mueller-afflicted-marudi-afflicted-remix@29.269,space,corpus,29.269,9.80162,3191.51373,2595.36207,9.21339,0.31956,0.54152,0.03647,0.025,0.03762,0.03983,26.0,400.0,0.9446,0.683
corpus:136-jens-mueller-afflicted-marudi-afflicted-remix@21.281,hook,corpus,21.281,16.08715,5296.31306,5418.54672,0.13911,0.08794,0.06669,0.02357,0.07686,0.3485,0.39646,208.0,208.0,0.317,0.681
corpus:136-jens-mueller-afflicted-marudi-afflicted-remix@20.364,hook,corpus,20.364,14.71655,5071.23494,5254.5276,-3.70152,0.06932,0.08197,0.0416,0.11465,0.31652,0.37593,232.0,232.0,0.39485,0.678
corpus:136-jens-mueller-afflicted-marudi-afflicted-remix@18.077,hook,corpus,18.077,15.87702,5140.52312,5238.91497,-1.24829,0.08788,0.09598,0.01692,0.09023,0.34755,0.36144,196.0,196.0,0.35371,0.674
corpus:136-jens-mueller-afflicted-marudi-afflicted-remix@10.519,kick,corpus,10.519,7.47003,1086.59956,1455.56936,-3.75307,0.34154,0.60368,0.03982,0.01113,0.00321,0.00063,64.0,220.0,0.77366,0.622
corpus:136-jens-mueller-afflicted-marudi-afflicted-remix@1.788,kick,corpus,1.788,6.9172,1866.40186,2145.68786,-15.14357,0.25654,0.64401,0.06216,0.02802,0.00784,0.00143,26.0,138.0,0.91212,0.621
corpus:136-jens-mueller-afflicted-marudi-afflicted-remix@1.358,kick,corpus,1.358,6.94299,1285.81008,1511.43313,-2.58566,0.34365,0.59405,0.04302,0.01511,0.00355,0.00061,62.0,186.0,0.75823,0.612
corpus:136-jens-mueller-afflicted-marudi-afflicted-remix@61.544,space,corpus,61.544,14.95206,4865.05448,4134.3642,8.99862,0.21357,0.17636,0.03398,0.03528,0.26962,0.2712,110.0,256.0,0.6562,0.606
corpus:137-sans-fin-zeit-rmx-sans-fin@55.658,kick,corpus,55.658,4.10974,1884.90039,1884.90039,-5.99704,0.5313,0.44218,0.02082,0.00411,0.0011,0.00049,58.0,58.0,0.10268,0.937
corpus:137-sans-fin-zeit-rmx-sans-fin@51.804,kick,corpus,51.804,4.18529,2085.82214,2085.82214,4.04182,0.51436,0.46249,0.01728,0.00424,0.00092,0.0007,58.0,58.0,0.08387,0.904
corpus:137-sans-fin-zeit-rmx-sans-fin@60.465,kick,corpus,60.465,16.5647,3619.27327,4800.56463,-8.90401,0.53413,0.29005,0.00716,0.01438,0.05444,0.09984,66.0,208.0,0.26854,0.79
corpus:137-sans-fin-zeit-rmx-sans-fin@46.556,kick,corpus,46.556,11.21411,704.86296,1022.29529,-7.90204,0.30061,0.42915,0.24094,0.01703,0.01073,0.00154,54.0,186.0,0.61558,0.774
corpus:137-sans-fin-zeit-rmx-sans-fin@37.988,kick,corpus,37.988,11.44165,785.25757,1215.48604,-6.75463,0.28806,0.42695,0.26262,0.01701,0.00443,0.00094,174.0,174.0,0.57857,0.762
corpus:137-sans-fin-zeit-rmx-sans-fin@43.108,kick,corpus,43.108,11.7817,1074.92717,1929.73623,-14.46471,0.30368,0.40597,0.25111,0.02319,0.01418,0.00188,50.0,196.0,0.70685,0.754
corpus:137-sans-fin-zeit-rmx-sans-fin@48.704,kick,corpus,48.704,8.72042,1101.07295,1364.33835,-5.77041,0.30303,0.4388,0.24003,0.01396,0.00326,0.00091,150.0,150.0,0.60943,0.754
corpus:137-sans-fin-zeit-rmx-sans-fin@59.408,kick,corpus,59.408,9.33932,964.85463,1555.51415,-12.36046,0.25973,0.4124,0.28212,0.0294,0.01394,0.00241,46.0,162.0,0.54772,0.754
corpus:137-sans-fin-zeit-rmx-sans-fin@38.824,kick,corpus,38.824,10.00284,1162.04446,1746.678,-14.08592,0.2888,0.43535,0.24308,0.02053,0.0096,0.00264,80.0,186.0,0.70738,0.752
corpus:137-sans-fin-zeit-rmx-sans-fin@49.133,kick,corpus,49.133,9.95428,1144.31935,1386.15878,-6.77796,0.28779,0.44898,0.23701,0.02203,0.00335,0.00084,150.0,150.0,0.58654,0.751
corpus:137-sans-fin-zeit-rmx-sans-fin@52.965,kick,corpus,52.965,11.1199,1129.83651,2016.82092,-15.46705,0.30862,0.42197,0.22777,0.02466,0.015,0.00198,196.0,196.0,0.73211,0.751
corpus:137-sans-fin-zeit-rmx-sans-fin@33.251,kick,corpus,33.251,9.63701,1587.86156,2187.94818,-18.38869,0.298,0.44053,0.21845,0.02592,0.01411,0.00299,174.0,174.0,0.74726,0.75
corpus:137-sans-fin-zeit-rmx-sans-fin@0.917,hook,corpus,0.917,15.44404,4822.64996,4989.77301,-2.55074,0.00219,0.00197,0.00785,0.11911,0.61402,0.25486,196.0,196.0,0.41951,0.686
corpus:137-sans-fin-zeit-rmx-sans-fin@1.962,space,corpus,1.962,14.73217,4160.42574,3820.40077,3.1871,0.18639,0.28317,0.1842,0.08429,0.18084,0.08111,342.0,400.0,0.7442,0.676
corpus:137-sans-fin-zeit-rmx-sans-fin@42.434,space,corpus,42.434,11.98177,4571.3147,3723.1322,16.8252,0.54226,0.32214,0.00653,0.00313,0.04845,0.07749,140.0,208.0,0.45136,0.676
corpus:137-sans-fin-zeit-rmx-sans-fin@5.19,hook,corpus,5.19,16.28477,4933.17094,4805.39596,1.20394,0.01027,0.00823,0.00648,0.147,0.54968,0.27834,208.0,208.0,0.44837,0.66
corpus:137-sans-fin-zeit-rmx-sans-fin@45.871,space,corpus,45.871,12.66706,4949.54763,4047.30975,15.64156,0.52931,0.31493,0.00689,0.00251,0.05892,0.08743,100.0,232.0,0.38562,0.66
corpus:137-sans-fin-zeit-rmx-sans-fin@5.399,space,corpus,5.399,14.30169,4262.58139,3814.22951,4.11198,0.18426,0.28443,0.19074,0.07903,0.1769,0.08465,330.0,400.0,0.68519,0.657
corpus:137-sans-fin-zeit-rmx-sans-fin@3.913,hook,corpus,3.913,15.65391,4439.85736,4756.4517,-4.27087,0.00216,0.00459,0.0437,0.25853,0.49617,0.19485,220.0,220.0,0.57013,0.649
corpus:137-sans-fin-zeit-rmx-sans-fin@3.471,hook,corpus,3.471,14.98237,4647.95934,4595.21788,0.39408,0.05173,0.03378,0.01134,0.17916,0.48335,0.24063,208.0,208.0,0.48574,0.636
corpus:137-sans-fin-zeit-rmx-sans-fin@2.624,hook,corpus,2.624,16.15892,4500.72506,4732.885,-3.01466,0.02651,0.01726,0.01663,0.2497,0.47445,0.21544,220.0,220.0,0.58663,0.624
corpus:137-sans-fin-zeit-rmx-sans-fin@1.753,hook,corpus,1.753,15.5711,4763.63594,4782.1272,-0.15956,0.00386,0.00369,0.00422,0.18903,0.53443,0.26477,208.0,208.0,0.54925,0.62
corpus:138-stahlschlag-zeit-rmx-stahlschlag@24.915,kick,corpus,24.915,8.44221,2004.19968,2037.00448,-0.50477,0.65516,0.29769,0.03022,0.01056,0.00411,0.00227,114.0,154.0,0.57083,0.836
corpus:138-stahlschlag-zeit-rmx-stahlschlag@24.067,kick,corpus,24.067,9.60158,2295.16495,2566.65457,-4.92799,0.61259,0.2896,0.03326,0.0389,0.01877,0.00688,120.0,196.0,0.58027,0.834
corpus:138-stahlschlag-zeit-rmx-stahlschlag@25.774,kick,corpus,25.774,6.88488,1872.02608,2232.53605,-1.74266,0.6715,0.28688,0.02875,0.00754,0.00272,0.00262,134.0,208.0,0.60748,0.822
corpus:138-stahlschlag-zeit-rmx-stahlschlag@9.497,kick,corpus,9.497,8.42605,2496.86294,2591.94565,-3.36185,0.60765,0.2765,0.03566,0.05172,0.02082,0.00766,142.0,174.0,0.55134,0.821
corpus:138-stahlschlag-zeit-rmx-stahlschlag@19.783,kick,corpus,19.783,8.99402,2568.73056,2638.66717,-3.13172,0.61999,0.27652,0.0347,0.04347,0.0168,0.00853,126.0,186.0,0.561,0.819
corpus:138-stahlschlag-zeit-rmx-stahlschlag@18.065,kick,corpus,18.065,8.13915,2407.58863,2628.79151,-4.15347,0.62046,0.28946,0.02808,0.0414,0.01301,0.00759,156.0,196.0,0.58805,0.818
corpus:138-stahlschlag-zeit-rmx-stahlschlag@12.922,kick,corpus,12.922,7.50536,2491.43147,2566.82737,-1.18244,0.63495,0.29545,0.02915,0.02564,0.00864,0.00616,104.0,186.0,0.5545,0.814
corpus:138-stahlschlag-zeit-rmx-stahlschlag@14.629,kick,corpus,14.629,8.52757,2387.21797,2552.31317,-3.27281,0.61875,0.2906,0.02827,0.03894,0.0175,0.00594,124.0,208.0,0.59053,0.807
corpus:138-stahlschlag-zeit-rmx-stahlschlag@11.204,kick,corpus,11.204,8.9692,2335.69664,2487.25981,-1.51916,0.62789,0.26875,0.03658,0.04345,0.01709,0.00624,134.0,196.0,0.55703,0.806
corpus:138-stahlschlag-zeit-rmx-stahlschlag@8.638,kick,corpus,8.638,9.24153,2233.68351,2635.00549,-5.84378,0.56909,0.27043,0.03769,0.08379,0.03024,0.00876,140.0,196.0,0.57942,0.79
corpus:138-stahlschlag-zeit-rmx-stahlschlag@27.91,hook,corpus,27.91,16.12774,3814.28082,4414.90381,-12.22229,0.00096,0.00296,0.01332,0.4508,0.28608,0.24589,186.0,186.0,0.41399,0.788
corpus:138-stahlschlag-zeit-rmx-stahlschlag@20.631,kick,corpus,20.631,10.65251,2379.53953,2680.85646,-4.46895,0.57939,0.2614,0.04392,0.07662,0.02818,0.01048,146.0,186.0,0.57172,0.787
corpus:138-stahlschlag-zeit-rmx-stahlschlag@22.349,kick,corpus,22.349,9.83754,2287.1938,2682.55675,-4.29484,0.58812,0.26277,0.04753,0.06935,0.02293,0.00931,146.0,208.0,0.59187,0.778
corpus:138-stahlschlag-zeit-rmx-stahlschlag@55.101,space,corpus,55.101,9.67773,3299.93071,3871.17421,-2.01921,0.31581,0.34318,0.09961,0.12687,0.08066,0.03387,400.0,400.0,0.97654,0.689
corpus:138-stahlschlag-zeit-rmx-stahlschlag@61.115,space,corpus,61.115,9.66602,3246.30287,3784.15199,-1.76733,0.32583,0.36833,0.09846,0.11289,0.06578,0.02871,400.0,400.0,0.9415,0.673
corpus:138-stahlschlag-zeit-rmx-stahlschlag@19.969,space,corpus,19.969,8.87647,3251.11013,3620.18347,-0.52788,0.37376,0.38681,0.09003,0.08025,0.04218,0.02697,400.0,400.0,0.95607,0.668
corpus:138-stahlschlag-zeit-rmx-stahlschlag@54.265,space,corpus,54.265,10.41005,3235.85313,3755.61445,-1.49991,0.32827,0.35777,0.09483,0.11586,0.07238,0.0309,400.0,400.0,0.92366,0.665
corpus:139-maschienekrieger-kr52-zeit-rmx-maschinenkrieger-kr52@26.215,space,corpus,26.215,7.34371,3074.11259,3068.41588,2.51728,0.34229,0.43876,0.09082,0.04836,0.05389,0.02587,400.0,400.0,0.88888,0.636
corpus:139-maschienekrieger-kr52-zeit-rmx-maschinenkrieger-kr52@27.098,space,corpus,27.098,7.56549,3219.6193,3837.45916,-3.19529,0.35537,0.46236,0.04243,0.03469,0.07989,0.02527,400.0,400.0,0.90757,0.626
corpus:139-maschienekrieger-kr52-zeit-rmx-maschinenkrieger-kr52@39.729,space,corpus,39.729,6.63529,2813.63082,3312.42974,-1.46163,0.36591,0.5061,0.04023,0.05125,0.02478,0.01172,400.0,400.0,0.98779,0.611
corpus:142-valovoima-x@40.809,kick,corpus,40.809,7.21325,1294.72247,1294.72247,-14.24984,0.81902,0.1099,0.04046,0.02839,0.00178,0.00044,54.0,92.0,0.15282,0.984
corpus:142-valovoima-x@54.358,kick,corpus,54.358,7.74997,1188.3155,1188.3155,-7.07875,0.83003,0.07746,0.05072,0.03925,0.0021,0.00043,92.0,92.0,0.15317,0.981
corpus:142-valovoima-x@11.006,kick,corpus,11.006,8.02218,1333.15764,1333.15764,-3.07692,0.85342,0.06307,0.04428,0.03653,0.00219,0.00051,92.0,92.0,0.12985,0.98
corpus:142-valovoima-x@45.07,kick,corpus,45.07,7.2688,998.82367,998.82367,-21.50699,0.73766,0.18764,0.04231,0.03025,0.00169,0.00045,32.0,92.0,0.22069,0.98
corpus:142-valovoima-x@57.458,kick,corpus,57.458,7.23638,1186.86354,1186.86354,-25.09591,0.7376,0.17611,0.05122,0.03231,0.00214,0.00061,34.0,92.0,0.18714,0.98
corpus:142-valovoima-x@41.97,kick,corpus,41.97,8.45154,1261.22246,1206.88644,-2.68379,0.83298,0.07966,0.05083,0.03403,0.00205,0.00046,72.0,104.0,0.17589,0.977
corpus:142-valovoima-x@53.197,kick,corpus,53.197,7.05482,1499.49058,1499.49058,3.59519,0.80644,0.12102,0.04225,0.02804,0.0018,0.00045,22.0,92.0,0.18109,0.962
corpus:142-valovoima-x@7.906,kick,corpus,7.906,7.35712,1459.44715,1459.44715,-2.10479,0.7456,0.16634,0.04956,0.03573,0.00225,0.00052,92.0,92.0,0.25732,0.96
corpus:142-valovoima-x@9.845,kick,corpus,9.845,7.03099,1321.65199,1321.65199,12.44468,0.81772,0.11795,0.03697,0.02513,0.0018,0.00044,54.0,92.0,0.21087,0.916
corpus:142-valovoima-x@10.228,kick,corpus,10.228,4.90886,843.72232,843.72232,-5.10439,0.88564,0.09683,0.01157,0.00537,0.00036,0.00023,20.0,92.0,0.7165,0.804
corpus:142-valovoima-x@59.78,kick,corpus,59.78,4.73302,984.16183,984.16183,-3.4621,0.8568,0.12593,0.01122,0.00548,0.00045,0.00012,18.0,92.0,0.70618,0.79
corpus:142-valovoima-x@19.818,kick,corpus,19.818,3.86258,1067.64627,1404.75456,-5.74855,0.46892,0.43244,0.08099,0.01585,0.00143,0.00037,196.0,196.0,0.74965,0.739
corpus:143-pagna-nuke-vol-07@41.587,kick,corpus,41.587,6.04995,1811.56421,1811.56421,-22.85436,0.77938,0.18207,0.01313,0.01585,0.0092,0.00037,80.0,80.0,0.398,0.979
corpus:143-pagna-nuke-vol-07@9.485,kick,corpus,9.485,4.04606,1810.27358,1810.27358,-20.15033,0.43876,0.46756,0.06739,0.01271,0.01117,0.0024,68.0,68.0,0.29803,0.915
corpus:143-pagna-nuke-vol-07@5.48,kick,corpus,5.48,4.68649,2877.04396,2877.04396,-13.2324,0.5654,0.16606,0.15618,0.04768,0.04755,0.01713,92.0,92.0,0.44003,0.9
corpus:143-pagna-nuke-vol-07@46.498,kick,corpus,46.498,5.89907,1218.16687,1218.16687,-4.25797,0.7865,0.19586,0.00538,0.00876,0.00341,9e-05,92.0,92.0,0.65236,0.855
corpus:143-pagna-nuke-vol-07@58.712,kick,corpus,58.712,5.21086,1529.78938,1529.78938,-12.13212,0.30459,0.56475,0.10962,0.01896,0.00141,0.00067,36.0,58.0,0.04593,0.831
corpus:143-pagna-nuke-vol-07@7.837,kick,corpus,7.837,4.38655,2502.54309,2502.54309,-5.49121,0.39511,0.45108,0.07635,0.03042,0.0432,0.00384,68.0,68.0,0.37644,0.821
corpus:143-pagna-nuke-vol-07@11.111,kick,corpus,11.111,4.02728,2367.94787,2367.94787,-8.95753,0.41401,0.44689,0.07675,0.02484,0.03405,0.00345,92.0,92.0,0.57303,0.821
corpus:143-pagna-nuke-vol-07@7.117,kick,corpus,7.117,5.58344,2777.65274,2924.34236,-11.00232,0.42902,0.24425,0.21937,0.03705,0.0524,0.01791,104.0,104.0,0.49525,0.819
corpus:143-pagna-nuke-vol-07@36.664,kick,corpus,36.664,6.74308,1929.89546,1929.89546,0.91605,0.50157,0.35645,0.02193,0.09592,0.02349,0.00064,80.0,80.0,0.36882,0.808
corpus:143-pagna-nuke-vol-07@46.347,kick,corpus,46.347,5.70633,978.15527,1265.76944,-4.76083,0.8227,0.14155,0.02918,0.00532,0.00113,0.00011,36.0,150.0,0.71934,0.805
corpus:143-pagna-nuke-vol-07@2.194,kick,corpus,2.194,4.78056,2759.14163,2802.99191,-9.64611,0.42972,0.25338,0.19687,0.05902,0.04679,0.01422,104.0,104.0,0.48953,0.799
corpus:143-pagna-nuke-vol-07@30.093,kick,corpus,30.093,6.54066,2187.95214,2187.95214,0.37882,0.64842,0.28311,0.00674,0.02831,0.03132,0.0021,92.0,92.0,0.60048,0.79
corpus:143-pagna-nuke-vol-07@63.309,clap,corpus,63.309,11.34375,3463.11809,3301.35727,6.80576,0.0209,0.03333,0.12302,0.75322,0.03301,0.03651,230.0,302.0,0.70975,0.697
corpus:143-pagna-nuke-vol-07@56.343,hook,corpus,56.343,13.43664,2764.5202,2764.5202,0.25372,0.03628,0.01799,0.0718,0.5062,0.34365,0.02408,92.0,92.0,0.32844,0.691
corpus:143-pagna-nuke-vol-07@59.582,space,corpus,59.582,8.94793,3558.2499,3619.98047,-0.16415,0.34034,0.21201,0.27741,0.05926,0.05435,0.05663,400.0,400.0,0.89589,0.648
corpus:143-pagna-nuke-vol-07@15.279,space,corpus,15.279,8.19883,3155.47694,2987.39469,1.03936,0.20098,0.26354,0.31251,0.09567,0.0866,0.04071,400.0,400.0,0.95199,0.632
corpus:143-pagna-nuke-vol-07@56.436,hook,corpus,56.436,13.87348,1380.63919,2201.94355,-4.31752,0.02937,0.34059,0.27173,0.23107,0.11751,0.00973,32.0,302.0,0.64448,0.61
corpus:143-pagna-nuke-vol-07@13.781,space,corpus,13.781,8.53472,3496.52806,3595.73693,1.54552,0.24169,0.21485,0.30057,0.09975,0.09064,0.05249,154.0,314.0,0.78702,0.601
corpus:145-acin-nuke-vol-04@63.785,hook,corpus,63.785,14.86766,2309.05307,2309.05307,-28.71849,0.00068,0.00149,0.00088,0.77251,0.21646,0.00798,32.0,46.0,0.0,0.941
corpus:145-acin-nuke-vol-04@6.641,hook,corpus,6.641,13.70139,2652.57663,2652.57663,-9.26238,0.02434,0.19307,0.16409,0.40298,0.20672,0.0088,58.0,58.0,0.03267,0.887
corpus:145-acin-nuke-vol-04@7.094,hook,corpus,7.094,8.73738,2194.10971,2194.10971,-16.75224,0.01526,0.38305,0.08054,0.39215,0.12056,0.00844,58.0,58.0,0.12621,0.883
corpus:145-acin-nuke-vol-04@5.329,hook,corpus,5.329,8.85516,2215.28361,2215.28361,-19.65719,0.02738,0.40242,0.06471,0.37782,0.11813,0.00955,58.0,58.0,0.13406,0.872
corpus:145-acin-nuke-vol-04@6.873,hook,corpus,6.873,10.84653,2103.25876,2103.25876,-6.8753,0.01267,0.4337,0.15632,0.31188,0.08164,0.00378,46.0,46.0,0.0,0.855
corpus:145-acin-nuke-vol-04@47.682,hook,corpus,47.682,8.11198,2385.78329,2385.78329,-11.05844,0.0454,0.41291,0.07831,0.34631,0.10634,0.01074,58.0,58.0,0.15081,0.847
corpus:145-acin-nuke-vol-04@35.329,hook,corpus,35.329,8.11653,2522.9392,2522.9392,-3.99472,0.05487,0.38257,0.08104,0.35946,0.11196,0.01009,58.0,58.0,0.11109,0.834
corpus:145-acin-nuke-vol-04@5.55,hook,corpus,5.55,12.44634,2554.57851,2554.57851,-3.39603,0.0314,0.28375,0.15574,0.32367,0.19533,0.01011,58.0,58.0,0.07259,0.832
corpus:145-acin-nuke-vol-04@62.404,clap,corpus,62.404,15.57568,1592.36434,1634.08141,-1.21165,0.00053,0.00032,0.00075,0.95804,0.0403,6e-05,16.0,220.0,0.87368,0.77
corpus:145-acin-nuke-vol-04@58.549,kick,corpus,58.549,7.92576,2156.26845,2156.26845,-7.81391,0.33302,0.50452,0.02599,0.07855,0.0549,0.00302,92.0,92.0,0.48277,0.726
corpus:145-acin-nuke-vol-04@59.095,kick,corpus,59.095,6.00339,1340.96836,1126.28515,0.06858,0.37307,0.57697,0.01179,0.03563,0.00243,0.00011,104.0,104.0,0.60634,0.718
corpus:145-acin-nuke-vol-04@17.067,space,corpus,17.067,14.44295,4366.19781,4049.57914,3.81507,0.08232,0.28319,0.06295,0.02478,0.44499,0.10176,336.0,336.0,0.76175,0.701
corpus:145-acin-nuke-vol-04@58.781,kick,corpus,58.781,11.28534,1069.28586,1244.24835,-2.36257,0.40497,0.32561,0.1036,0.14748,0.01827,8e-05,186.0,196.0,0.49375,0.68
corpus:145-acin-nuke-vol-04@7.326,clap,corpus,7.326,12.76193,2800.92713,2800.92713,38.62458,0.03372,0.31455,0.21266,0.3335,0.08387,0.0217,6.0,46.0,0.0,0.66
corpus:145-acin-nuke-vol-04@63.623,clap,corpus,63.623,12.70954,1642.44136,1566.48042,2.03238,0.00173,0.0027,0.00223,0.94126,0.05177,0.0003,162.0,162.0,0.50655,0.648
corpus:145-acin-nuke-vol-04@61.846,clap,corpus,61.846,13.58367,2078.298,1866.87079,3.00777,0.00236,0.00332,0.00211,0.88044,0.11122,0.00054,36.0,104.0,0.44245,0.639
corpus:145-acin-nuke-vol-04@17.508,space,corpus,17.508,15.83924,4149.68332,4196.10943,-0.26822,0.062,0.33064,0.06996,0.04016,0.39659,0.10066,206.0,394.0,0.77922,0.634
corpus:145-acin-nuke-vol-04@10.623,space,corpus,10.623,12.93572,3551.70558,3663.16836,-0.97923,0.163,0.4066,0.02893,0.19286,0.1463,0.06232,200.0,400.0,0.97227,0.63
corpus:145-acin-nuke-vol-04@1.73,space,corpus,1.73,14.37417,3989.12488,4346.07332,-2.91545,0.08256,0.46008,0.07198,0.03001,0.28217,0.0732,336.0,336.0,0.83406,0.628
corpus:146-rabbits-on-speed-nuke-vol-12@52.245,kick,corpus,52.245,10.7961,2301.52586,2296.32952,1.05099,0.56076,0.18227,0.15575,0.05523,0.03693,0.00907,100.0,116.0,0.38535,0.841
corpus:146-rabbits-on-speed-nuke-vol-12@12.26,kick,corpus,12.26,11.37144,2413.40565,2413.40565,6.43951,0.53778,0.20381,0.1157,0.08777,0.04731,0.00762,56.0,92.0,0.20251,0.802
corpus:146-rabbits-on-speed-nuke-vol-12@28.595,kick,corpus,28.595,11.58279,2517.66685,2539.88729,-2.7815,0.54906,0.18559,0.12096,0.06552,0.06858,0.01029,116.0,116.0,0.57387,0.777
corpus:146-rabbits-on-speed-nuke-vol-12@50.202,kick,corpus,50.202,9.76934,2468.06875,2468.06875,-1.73366,0.5929,0.11273,0.20749,0.04583,0.03126,0.00979,92.0,92.0,0.61465,0.775
corpus:146-rabbits-on-speed-nuke-vol-12@36.897,kick,corpus,36.897,9.10008,2520.4551,2520.4551,-6.4156,0.43094,0.14372,0.19469,0.11153,0.1047,0.01443,92.0,92.0,0.56058,0.712
corpus:146-rabbits-on-speed-nuke-vol-12@26.958,kick,corpus,26.958,9.61134,2392.00774,2443.19878,-5.04106,0.61191,0.1833,0.10998,0.04554,0.04119,0.00808,138.0,138.0,0.77455,0.693
corpus:146-rabbits-on-speed-nuke-vol-12@23.081,hook,corpus,23.081,15.26333,3086.72655,3086.72655,-0.49363,0.0864,0.21839,0.34108,0.18131,0.13652,0.0363,80.0,80.0,0.28563,0.653
corpus:146-rabbits-on-speed-nuke-vol-12@40.24,kick,corpus,40.24,10.10899,2587.17377,2486.03484,3.01874,0.44359,0.19873,0.18353,0.0946,0.06337,0.01617,128.0,128.0,0.46492,0.645
corpus:146-rabbits-on-speed-nuke-vol-12@12.643,hook,corpus,12.643,10.57341,3172.09587,3172.09587,3.27723,0.10999,0.28478,0.29428,0.14147,0.13377,0.03571,58.0,58.0,0.07025,0.641
corpus:146-rabbits-on-speed-nuke-vol-12@31.463,kick,corpus,31.463,10.02227,2869.39489,2869.39489,-6.10223,0.3213,0.26084,0.19431,0.11402,0.09317,0.01636,58.0,58.0,0.08222,0.641
corpus:146-rabbits-on-speed-nuke-vol-12@0.046,kick,corpus,0.046,11.98635,2664.84688,2557.16069,2.88626,0.51762,0.16488,0.1711,0.07682,0.05288,0.01669,32.0,150.0,0.56588,0.634
corpus:146-rabbits-on-speed-nuke-vol-12@47.438,space,corpus,47.438,12.05857,2577.3818,2921.60947,0.01215,0.25202,0.35851,0.25269,0.06986,0.05503,0.01189,4.0,400.0,0.95524,0.613
corpus:146-rabbits-on-speed-nuke-vol-12@16.01,space,corpus,16.01,12.29952,2987.69984,3235.48612,-0.48789,0.29788,0.1786,0.26407,0.11758,0.11172,0.03015,400.0,400.0,0.92299,0.61
corpus:146-rabbits-on-speed-nuke-vol-12@11.076,space,corpus,11.076,11.4653,2976.26492,3108.29685,0.20603,0.22779,0.24059,0.26736,0.12756,0.10396,0.03273,400.0,400.0,0.90573,0.606
corpus:146-rabbits-on-speed-nuke-vol-12@59.919,kick,corpus,59.919,11.06214,2493.50584,2516.24142,-1.60759,0.36827,0.21882,0.25727,0.08548,0.05642,0.01374,104.0,104.0,0.59456,0.606
corpus:147-ego-drums-nuke-vol-09@21.188,hook,corpus,21.188,10.11078,3078.08544,3078.08544,-14.13567,0.04118,0.01545,0.20429,0.51736,0.197,0.02472,58.0,58.0,0.10771,0.899
corpus:147-ego-drums-nuke-vol-09@42.794,clap,corpus,42.794,17.28851,2745.72635,2461.41976,12.69784,0.00325,0.00622,0.07513,0.66779,0.21364,0.03397,4.0,128.0,0.72437,0.824
corpus:147-ego-drums-nuke-vol-09@63.727,hook,corpus,63.727,13.2541,1246.54047,1069.3354,1.81096,0.01406,0.22725,0.39117,0.35286,0.0146,5e-05,40.0,114.0,0.11567,0.814
corpus:147-ego-drums-nuke-vol-09@10.356,clap,corpus,10.356,11.79026,1927.63963,1836.21488,12.11061,0.00145,0.01007,0.15366,0.75815,0.07579,0.00088,34.0,104.0,0.52511,0.805
corpus:147-ego-drums-nuke-vol-09@23.789,clap,corpus,23.789,11.72561,1576.74399,1271.35291,5.34511,0.00022,0.0003,0.13273,0.81384,0.0528,0.00012,66.0,186.0,0.83062,0.802
corpus:147-ego-drums-nuke-vol-09@22.756,hook,corpus,22.756,16.01777,1381.22168,942.74482,1.91166,0.0178,0.07455,0.5734,0.32846,0.00571,8e-05,20.0,68.0,0.12913,0.792
corpus:147-ego-drums-nuke-vol-09@40.287,clap,corpus,40.287,13.76551,2465.91004,2465.91004,11.62815,0.00597,0.03076,0.19589,0.63518,0.12574,0.00645,80.0,80.0,0.60913,0.791
corpus:147-ego-drums-nuke-vol-09@22.152,hook,corpus,22.152,11.19736,1906.19021,1906.19021,3.00746,0.00726,0.16521,0.56047,0.253,0.01325,0.00082,24.0,68.0,0.0095,0.786
corpus:147-ego-drums-nuke-vol-09@11.459,clap,corpus,11.459,15.13119,1912.85468,1852.40545,0.64088,0.00071,0.00022,0.05793,0.8036,0.13656,0.00097,4.0,162.0,0.90853,0.777
corpus:147-ego-drums-nuke-vol-09@4.447,hook,corpus,4.447,12.80572,1474.3981,1094.51435,5.97571,0.0427,0.19057,0.36705,0.38487,0.01462,0.00019,28.0,220.0,0.20323,0.771
corpus:147-ego-drums-nuke-vol-09@10.577,hook,corpus,10.577,5.04068,1290.0741,1290.0741,4.87426,0.01285,0.2809,0.44784,0.25089,0.00739,0.00013,32.0,58.0,0.00798,0.771
corpus:147-ego-drums-nuke-vol-09@8.882,hook,corpus,8.882,11.17095,1253.80985,1339.10564,-0.19214,0.00492,0.24148,0.49347,0.25159,0.00825,0.00028,24.0,220.0,0.28386,0.76
corpus:147-ego-drums-nuke-vol-09@26.134,clap,corpus,26.134,20.9097,2360.49752,1525.0703,9.11379,0.0007,0.00124,0.09667,0.68312,0.21733,0.00094,232.0,232.0,0.77727,0.759
corpus:147-ego-drums-nuke-vol-09@9.102,hook,corpus,9.102,14.80938,1260.82488,1139.63454,2.324,0.00154,0.01769,0.36655,0.59492,0.01923,8e-05,34.0,128.0,0.17759,0.749
corpus:147-ego-drums-nuke-vol-09@57.086,clap,corpus,57.086,15.70604,1892.10682,1716.20841,4.64178,0.00152,0.00355,0.08375,0.68891,0.22118,0.00108,4.0,174.0,0.83977,0.746
corpus:147-ego-drums-nuke-vol-09@8.789,clap,corpus,8.789,11.03539,1767.1029,1767.1029,12.88107,0.00236,0.10941,0.30507,0.56819,0.01416,0.00081,92.0,92.0,0.53774,0.726
corpus:148-sascha-m-ller-punkt-1-02-sascha-muller-1-02@18.1,kick,corpus,18.1,15.52942,1965.87258,2006.4453,-22.03952,0.48899,0.46687,0.02223,0.00686,0.00568,0.00937,6.0,50.0,0.02142,0.934
corpus:148-sascha-m-ller-punkt-1-02-sascha-muller-1-02@10.379,kick,corpus,10.379,12.98361,1882.96133,2115.83302,-27.94717,0.47638,0.45518,0.0499,0.01219,0.00308,0.00327,16.0,50.0,0.0401,0.932
corpus:148-sascha-m-ller-punkt-1-02-sascha-muller-1-02@12.957,kick,corpus,12.957,13.84198,2578.57365,2578.57365,-22.38932,0.49656,0.45717,0.02257,0.0063,0.00669,0.01071,8.0,50.0,0.00626,0.93
corpus:148-sascha-m-ller-punkt-1-02-sascha-muller-1-02@46.452,space,corpus,46.452,12.29023,3979.28561,3681.9432,36.87767,0.09869,0.29708,0.11401,0.01722,0.18846,0.28454,128.0,128.0,0.69285,0.9
corpus:148-sascha-m-ller-punkt-1-02-sascha-muller-1-02@11.238,kick,corpus,11.238,14.21637,2198.30525,2163.39888,-21.60165,0.40985,0.48164,0.07397,0.02436,0.00558,0.0046,14.0,58.0,0.00671,0.89
corpus:148-sascha-m-ller-punkt-1-02-sascha-muller-1-02@16.382,kick,corpus,16.382,13.24614,2383.92275,2383.92275,-24.67474,0.40401,0.4805,0.07996,0.025,0.0058,0.00472,14.0,56.0,0.00251,0.886
corpus:148-sascha-m-ller-punkt-1-02-sascha-muller-1-02@16.8,kick,corpus,16.8,11.04635,2444.89523,2444.89523,-0.56057,0.43291,0.54273,0.01739,0.00455,0.00125,0.00116,22.0,40.0,0.00303,0.877
corpus:148-sascha-m-ller-punkt-1-02-sascha-muller-1-02@13.804,kick,corpus,13.804,13.19993,2020.6792,2075.07982,-17.26916,0.36235,0.54266,0.07128,0.01707,0.00381,0.00283,14.0,32.0,0.06281,0.869
corpus:148-sascha-m-ller-punkt-1-02-sascha-muller-1-02@15.755,hook,corpus,15.755,11.0357,1067.5534,1067.5534,-4.12377,0.01422,0.20983,0.36513,0.40453,0.00586,0.00045,54.0,92.0,0.12535,0.858
corpus:148-sascha-m-ller-punkt-1-02-sascha-muller-1-02@12.098,kick,corpus,12.098,13.04799,2078.51191,1731.76841,-15.34063,0.29506,0.56762,0.099,0.02329,0.00697,0.00806,6.0,48.0,0.22013,0.82
corpus:148-sascha-m-ller-punkt-1-02-sascha-muller-1-02@17.229,kick,corpus,17.229,11.6794,2636.94042,2636.94042,-3.47343,0.354,0.58527,0.03991,0.01576,0.00308,0.00198,22.0,34.0,0.0075,0.819
corpus:148-sascha-m-ller-punkt-1-02-sascha-muller-1-02@31.173,space,corpus,31.173,11.61904,3494.47086,3428.41004,4.0446,0.12793,0.61316,0.21272,0.01154,0.01564,0.01901,64.0,400.0,0.97234,0.809
corpus:148-sascha-m-ller-punkt-1-02-sascha-muller-1-02@14.013,hook,corpus,14.013,13.33287,2005.69889,2116.91609,-23.25786,0.01066,0.18633,0.35576,0.43556,0.00785,0.00385,54.0,116.0,0.5456,0.799
corpus:148-sascha-m-ller-punkt-1-02-sascha-muller-1-02@19.006,space,corpus,19.006,12.27196,3586.02461,2884.75564,23.61217,0.08237,0.48263,0.16272,0.02405,0.10107,0.14715,174.0,174.0,0.89229,0.795
corpus:148-sascha-m-ller-punkt-1-02-sascha-muller-1-02@11.668,kick,corpus,11.668,15.46695,2352.28127,1955.02526,-6.71474,0.30833,0.55661,0.0848,0.03036,0.0092,0.01071,12.0,54.0,0.12965,0.791
corpus:148-sascha-m-ller-punkt-1-02-sascha-muller-1-02@15.534,kick,corpus,15.534,15.00685,1691.27572,1691.27572,-41.53864,0.22678,0.57799,0.14317,0.02846,0.01029,0.01331,10.0,92.0,0.25414,0.791
corpus:148-sascha-m-ller-punkt-1-02-sascha-muller-1-02@38.011,space,corpus,38.011,11.37313,3340.07669,3305.73817,3.17505,0.12877,0.62289,0.21385,0.00807,0.01149,0.01493,64.0,400.0,0.98726,0.786
corpus:148-sascha-m-ller-punkt-1-02-sascha-muller-1-02@19.18,hook,corpus,19.18,10.52471,1282.43901,1282.43901,-6.25807,0.01343,0.29913,0.44093,0.24221,0.00368,0.00061,92.0,92.0,0.2478,0.762
corpus:148-sascha-m-ller-punkt-1-02-sascha-muller-1-02@17.461,hook,corpus,17.461,11.17135,1547.39315,1295.54833,-2.5,0.01592,0.32355,0.37516,0.27895,0.00495,0.00147,58.0,104.0,0.3203,0.751
corpus:148-sascha-m-ller-punkt-1-02-sascha-muller-1-02@44.873,hook,corpus,44.873,11.07936,2126.86258,2185.94046,-16.62034,0.01198,0.27902,0.46425,0.23242,0.00709,0.00524,104.0,104.0,0.42747,0.736
corpus:148-sascha-m-ller-punkt-1-02-sascha-muller-1-02@9.079,kick,corpus,9.079,16.09016,3422.33672,1521.61831,6.73243,0.32348,0.56184,0.08327,0.01163,0.0071,0.01269,22.0,296.0,0.09372,0.734
corpus:148-sascha-m-ller-punkt-1-02-sascha-muller-1-02@12.295,hook,corpus,12.295,11.39469,1927.11088,2027.95971,-16.88159,0.01803,0.30684,0.40628,0.25971,0.00613,0.003,54.0,128.0,0.65647,0.684
corpus:148-sascha-m-ller-punkt-1-02-sascha-muller-1-02@29.35,hook,corpus,29.35,11.27354,5585.98685,5585.98685,-6.19623,0.04988,0.16275,0.19081,0.01957,0.16152,0.41546,92.0,92.0,0.29494,0.683
corpus:148-sascha-m-ller-punkt-1-02-sascha-muller-1-02@10.588,hook,corpus,10.588,11.24551,1835.03376,1932.65677,-26.45431,0.02206,0.32524,0.40479,0.23947,0.00561,0.00284,116.0,116.0,0.5256,0.682
corpus:149-inquieto-inquieto-baila-milodon@32.09,hook,corpus,32.09,20.51956,4030.88012,4980.64553,-4.96185,2e-05,5e-05,0.08959,0.19655,0.38122,0.33257,102.0,166.0,0.34507,0.777
corpus:149-inquieto-inquieto-baila-milodon@35.085,hook,corpus,35.085,20.40535,4066.00509,5004.50164,-5.40694,3e-05,7e-05,0.09021,0.1929,0.38271,0.33407,102.0,166.0,0.40273,0.748
corpus:149-inquieto-inquieto-baila-milodon@44.28,hook,corpus,44.28,17.06844,4310.46662,4531.89016,-3.91636,0.00019,0.02156,0.28417,0.13328,0.33868,0.22211,174.0,174.0,0.35594,0.745
corpus:149-inquieto-inquieto-baila-milodon@49.911,hook,corpus,49.911,14.59377,4053.94958,4258.37469,-6.58634,0.00011,0.00397,0.37949,0.14402,0.29303,0.17939,150.0,150.0,0.39222,0.738
corpus:149-inquieto-inquieto-baila-milodon@51.026,hook,corpus,51.026,15.15836,3970.47429,4270.285,-4.78081,5e-05,7e-05,0.17999,0.26939,0.34151,0.209,196.0,196.0,0.51309,0.723
corpus:149-inquieto-inquieto-baila-milodon@48.785,hook,corpus,48.785,15.17377,3859.85899,4188.76278,-6.78184,0.00053,0.02181,0.39632,0.16332,0.24944,0.16858,186.0,186.0,0.45174,0.722
corpus:149-inquieto-inquieto-baila-milodon@42.783,hook,corpus,42.783,15.95847,4488.30847,4654.05175,-0.95419,0.00021,0.02291,0.27461,0.11114,0.34419,0.24695,174.0,174.0,0.35413,0.72
corpus:149-inquieto-inquieto-baila-milodon@45.778,hook,corpus,45.778,16.22819,4139.39053,4347.40441,-1.9375,0.00021,0.02615,0.30063,0.18331,0.29475,0.19496,186.0,186.0,0.42664,0.713
corpus:149-inquieto-inquieto-baila-milodon@42.562,space,corpus,42.562,15.16006,3501.72065,3331.85447,4.64404,0.00161,0.5558,0.23023,0.05834,0.13164,0.02239,106.0,220.0,0.88083,0.645
corpus:151-the-d3vi7-all-time@8.359,kick,corpus,8.359,5.57626,2632.40149,2632.40149,-39.25995,0.69615,0.21337,0.02991,0.02042,0.03229,0.00786,58.0,58.0,0.19463,0.969
corpus:151-the-d3vi7-all-time@33.576,kick,corpus,33.576,5.31042,1882.13523,1882.13523,-24.82996,0.61674,0.34667,0.01799,0.00493,0.01108,0.00259,58.0,58.0,0.18319,0.967
corpus:151-the-d3vi7-all-time@40.856,kick,corpus,40.856,5.97761,1687.75121,1687.75121,-33.0854,0.57376,0.37302,0.03371,0.00851,0.00926,0.00174,68.0,68.0,0.23249,0.961
corpus:151-the-d3vi7-all-time@4.725,kick,corpus,4.725,5.79823,2837.92187,2837.92187,-15.7856,0.6598,0.23658,0.0318,0.02557,0.03638,0.00987,46.0,46.0,0.0,0.959
corpus:151-the-d3vi7-all-time@59.037,kick,corpus,59.037,5.31005,1728.37255,1728.37255,-38.70595,0.54717,0.41029,0.02805,0.00542,0.0075,0.00157,68.0,68.0,0.26289,0.956
corpus:151-the-d3vi7-all-time@0.836,kick,corpus,0.836,5.16803,1986.83929,1986.83929,-23.89172,0.59797,0.33165,0.0499,0.00841,0.01031,0.00175,68.0,68.0,0.46209,0.955
corpus:151-the-d3vi7-all-time@44.489,kick,corpus,44.489,5.41916,1894.39087,1894.39087,-20.77291,0.54141,0.39654,0.04742,0.00571,0.00746,0.00146,16.0,68.0,0.26353,0.949
corpus:151-the-d3vi7-all-time@11.761,kick,corpus,11.761,6.20426,1899.2737,1899.2737,-13.51018,0.57244,0.37375,0.03521,0.00718,0.00967,0.00175,26.0,92.0,0.36117,0.946
corpus:151-the-d3vi7-all-time@48.135,kick,corpus,48.135,5.85121,2196.58066,2196.58066,-8.24354,0.55321,0.40179,0.02853,0.00883,0.00651,0.00112,58.0,58.0,0.07416,0.94
corpus:151-the-d3vi7-all-time@22.674,kick,corpus,22.674,4.92964,2629.71651,2629.71651,-32.59613,0.49807,0.44011,0.03627,0.0103,0.01235,0.00289,46.0,46.0,0.0,0.936
corpus:151-the-d3vi7-all-time@8.115,kick,corpus,8.115,4.93981,2448.37226,2448.37226,-0.63663,0.53396,0.4014,0.04126,0.01058,0.01072,0.00209,58.0,58.0,0.19303,0.908
corpus:151-the-d3vi7-all-time@26.308,kick,corpus,26.308,5.66258,2781.74048,2781.74048,-11.43853,0.44658,0.48234,0.03984,0.01464,0.01347,0.00313,46.0,46.0,0.0,0.892
corpus:151-the-d3vi7-all-time@0.906,space,corpus,0.906,11.77611,3387.96468,3344.45884,22.37476,0.18186,0.41826,0.16135,0.04655,0.07947,0.11251,116.0,116.0,0.66025,0.816
corpus:152-va-behlial-cocaina@51.583,hook,corpus,51.583,17.82939,4470.86799,5077.11546,-12.22589,0.00099,0.00032,0.00777,0.11351,0.4466,0.4308,98.0,186.0,0.13722,0.79
corpus:152-va-behlial-cocaina@63.959,hook,corpus,63.959,9.04237,4084.46835,4084.46835,-4.94749,0.14578,0.10819,0.10777,0.20013,0.27753,0.16061,40.0,40.0,0.0,0.789
corpus:152-va-behlial-cocaina@5.19,hook,corpus,5.19,12.83298,4871.62131,4871.62131,0.35962,0.00628,0.01501,0.16196,0.17112,0.31506,0.33059,92.0,92.0,0.28289,0.786
corpus:152-va-behlial-cocaina@6.026,hook,corpus,6.026,13.39208,4870.02899,4995.83957,-0.54943,0.00027,0.00101,0.1203,0.30157,0.26303,0.31382,186.0,186.0,0.3618,0.773
corpus:152-va-behlial-cocaina@12.388,space,corpus,12.388,10.40653,4459.52009,5963.13836,-7.02788,0.05499,0.50613,0.26439,0.00846,0.04963,0.11641,84.0,400.0,0.93025,0.772
corpus:152-va-behlial-cocaina@6.211,hook,corpus,6.211,11.93793,3655.95877,3703.68903,-3.65879,0.0023,0.14925,0.29904,0.22423,0.22609,0.09909,186.0,186.0,0.34306,0.762
corpus:152-va-behlial-cocaina@5.085,hook,corpus,5.085,9.7412,3850.16517,3850.48927,-7.76679,0.00084,0.17288,0.37628,0.18737,0.15378,0.10885,104.0,104.0,0.34529,0.761
corpus:152-va-behlial-cocaina@11.656,space,corpus,11.656,10.72415,4593.95491,6202.57384,-6.929,0.05856,0.52449,0.198,0.00913,0.05034,0.15948,94.0,400.0,0.91529,0.749
corpus:152-va-behlial-cocaina@46.428,kick,corpus,46.428,8.54358,3262.69021,3262.69021,-12.44635,0.33218,0.55879,0.01989,0.02685,0.03352,0.02878,92.0,92.0,0.47813,0.748
corpus:152-va-behlial-cocaina@52.709,hook,corpus,52.709,20.02199,4133.16988,4668.15598,-4.00924,0.00046,0.00035,0.1515,0.18154,0.38636,0.2798,152.0,400.0,0.40822,0.748
corpus:152-va-behlial-cocaina@2.276,hook,corpus,2.276,14.6574,4789.44005,5004.76904,-4.52387,0.00644,0.0115,0.10232,0.26847,0.23249,0.37879,186.0,186.0,0.41171,0.747
corpus:152-va-behlial-cocaina@30.557,space,corpus,30.557,9.77356,3989.29085,4194.63415,1.03372,0.20162,0.42101,0.11028,0.08025,0.0957,0.09114,394.0,394.0,0.8854,0.747
corpus:152-va-behlial-cocaina@41.181,kick,corpus,41.181,8.85023,3575.14642,3575.14642,-26.37853,0.31316,0.50849,0.03238,0.02947,0.06797,0.04854,92.0,92.0,0.42937,0.74
corpus:152-va-behlial-cocaina@15.383,space,corpus,15.383,10.61586,3979.54389,5806.22747,-10.4211,0.05086,0.5604,0.28875,0.00546,0.03618,0.05836,116.0,394.0,0.95969,0.738
corpus:152-va-behlial-cocaina@56.192,kick,corpus,56.192,8.70946,3458.10593,3458.10593,-38.46506,0.32037,0.45915,0.05597,0.04278,0.069,0.05274,80.0,80.0,0.37663,0.738
corpus:152-va-behlial-cocaina@50.19,kick,corpus,50.19,9.28328,3657.90042,3657.90042,-30.34925,0.30754,0.49852,0.03349,0.03648,0.07142,0.05255,80.0,80.0,0.40369,0.724
corpus:152-va-behlial-cocaina@22.86,kick,corpus,22.86,9.96894,2094.28564,2464.65657,-3.15665,0.4156,0.51602,0.02751,0.00275,0.03649,0.00163,28.0,232.0,0.61161,0.72
corpus:152-va-behlial-cocaina@44.188,kick,corpus,44.188,9.17113,3802.643,3802.643,-17.31275,0.30373,0.48387,0.04648,0.03306,0.07716,0.05572,80.0,80.0,0.35151,0.701
corpus:152-va-behlial-cocaina@22.512,kick,corpus,22.512,10.88503,2580.34427,3155.48012,-5.99973,0.41444,0.47725,0.03136,0.00275,0.06912,0.00508,208.0,208.0,0.67656,0.677
corpus:152-va-behlial-cocaina@59.188,kick,corpus,59.188,8.79192,3759.63993,3759.63993,-17.49725,0.29464,0.46506,0.06403,0.04925,0.07262,0.0544,80.0,80.0,0.35834,0.67
corpus:152-va-behlial-cocaina@21.374,kick,corpus,21.374,9.75544,2159.30273,2570.90672,-4.99417,0.37291,0.54935,0.02857,0.00192,0.04378,0.00349,28.0,220.0,0.69173,0.668
corpus:152-va-behlial-cocaina@20.236,kick,corpus,20.236,10.92033,3167.15787,3227.24638,-1.93547,0.38718,0.44468,0.02614,0.01467,0.10718,0.02015,232.0,232.0,0.57882,0.605
corpus:153-sansetatcivil-02-2021-stalker-79-pt1-flac@32.473,kick,corpus,32.473,10.17665,1304.31345,1328.6587,-18.79471,0.93188,0.04288,0.00496,0.00223,0.01593,0.00212,28.0,116.0,0.22454,0.992
corpus:153-sansetatcivil-02-2021-stalker-79-pt1-flac@9.172,kick,corpus,9.172,6.03142,781.26941,914.67085,-16.97701,0.92085,0.07017,0.00057,0.00019,0.00748,0.00074,48.0,116.0,0.30632,0.99
corpus:153-sansetatcivil-02-2021-stalker-79-pt1-flac@29.153,kick,corpus,29.153,5.3691,1681.03037,1681.03037,-16.78262,0.93279,0.04916,0.00784,0.0032,0.00567,0.00134,44.0,92.0,0.30963,0.989
corpus:153-sansetatcivil-02-2021-stalker-79-pt1-flac@15.023,kick,corpus,15.023,12.451,1382.96627,1687.09827,-17.28395,0.88129,0.05859,0.00668,0.00305,0.04827,0.00211,46.0,128.0,0.31532,0.987
corpus:153-sansetatcivil-02-2021-stalker-79-pt1-flac@23.046,kick,corpus,23.046,8.96241,1516.26309,1633.0746,-22.61024,0.85956,0.07988,0.00805,0.00738,0.04124,0.00389,50.0,104.0,0.30064,0.987
corpus:153-sansetatcivil-02-2021-stalker-79-pt1-flac@34.76,kick,corpus,34.76,8.62757,1077.70453,1217.0103,-19.70586,0.92759,0.05531,0.00081,0.00041,0.01495,0.00094,36.0,116.0,0.42624,0.987
corpus:153-sansetatcivil-02-2021-stalker-79-pt1-flac@8.777,kick,corpus,8.777,6.24067,825.03554,1180.13441,-13.06691,0.98155,0.01397,0.00112,0.00039,0.00265,0.00032,28.0,128.0,0.40001,0.985
corpus:153-sansetatcivil-02-2021-stalker-79-pt1-flac@37.059,kick,corpus,37.059,4.86335,1402.15034,1402.15034,-8.2667,0.96226,0.02494,0.00386,0.00156,0.00654,0.00085,32.0,92.0,0.31023,0.985
corpus:153-sansetatcivil-02-2021-stalker-79-pt1-flac@9.288,kick,corpus,9.288,11.73033,1429.03976,1543.1711,-7.97897,0.90882,0.05429,0.00104,0.00218,0.02875,0.00493,52.0,116.0,0.27281,0.984
corpus:153-sansetatcivil-02-2021-stalker-79-pt1-flac@46.103,kick,corpus,46.103,5.71351,1121.90291,1066.34,-5.36076,0.95563,0.0388,0.00258,0.00109,0.00165,0.00026,22.0,104.0,0.27915,0.984
corpus:153-sansetatcivil-02-2021-stalker-79-pt1-flac@17.31,kick,corpus,17.31,6.5471,1926.21483,1719.03194,-13.88478,0.87298,0.09037,0.01207,0.00596,0.01458,0.00404,50.0,104.0,0.40342,0.981
corpus:153-sansetatcivil-02-2021-stalker-79-pt1-flac@28.886,kick,corpus,28.886,13.23526,1747.35923,2031.82663,-16.01135,0.83505,0.06586,0.00462,0.0031,0.08595,0.00541,38.0,116.0,0.35557,0.981
corpus:153-sansetatcivil-02-2021-stalker-79-pt1-flac@1.509,hook,corpus,1.509,25.02962,2727.68751,3105.83935,-12.13827,0.02426,0.00058,0.0006,0.49261,0.34292,0.13903,6.0,138.0,0.05027,0.922
corpus:153-sansetatcivil-02-2021-stalker-79-pt1-flac@19.609,hook,corpus,19.609,23.15777,2483.01498,2729.55797,-15.36901,0.0269,0.0023,0.0048,0.44986,0.46763,0.0485,2.0,128.0,0.04452,0.916
corpus:153-sansetatcivil-02-2021-stalker-79-pt1-flac@0.36,hook,corpus,0.36,23.91565,2530.03156,2947.77993,-9.49269,0.02717,0.00061,0.00034,0.5502,0.37985,0.04182,4.0,150.0,0.05599,0.91
corpus:153-sansetatcivil-02-2021-stalker-79-pt1-flac@20.735,hook,corpus,20.735,19.7264,3609.90479,3609.90479,-16.72557,0.11618,0.03845,0.00665,0.60336,0.15096,0.08441,18.0,80.0,0.04786,0.91
corpus:153-sansetatcivil-02-2021-stalker-79-pt1-flac@19.865,hook,corpus,19.865,23.63381,3665.74981,3930.12458,-9.2361,0.03196,0.00523,0.00869,0.44173,0.42827,0.08413,4.0,128.0,0.03409,0.904
corpus:153-sansetatcivil-02-2021-stalker-79-pt1-flac@1.01,hook,corpus,1.01,21.58667,2961.52478,3191.52405,-12.30408,0.01393,0.00039,0.00026,0.36249,0.57896,0.04398,4.0,128.0,0.02244,0.9
corpus:153-sansetatcivil-02-2021-stalker-79-pt1-flac@20.979,hook,corpus,20.979,26.82242,2316.9321,3313.06285,-10.64101,0.06613,0.00233,0.0065,0.45553,0.41218,0.05733,6.0,244.0,0.15263,0.894
corpus:153-sansetatcivil-02-2021-stalker-79-pt1-flac@1.138,hook,corpus,1.138,19.88188,3498.46671,3498.46671,-5.78232,0.00612,0.00029,0.00156,0.41423,0.51575,0.06205,4.0,68.0,0.00501,0.89
corpus:153-sansetatcivil-02-2021-stalker-79-pt1-flac@0.836,clap,corpus,0.836,24.16984,3762.95243,3052.25206,15.32235,0.01339,0.00027,0.00025,0.68506,0.225,0.07602,4.0,174.0,0.98915,0.845
corpus:153-sansetatcivil-02-2021-stalker-79-pt1-flac@27.086,space,corpus,27.086,23.76566,4169.76229,3708.93654,12.18123,0.0635,0.00265,0.00124,0.02491,0.77657,0.13113,4.0,174.0,0.9232,0.783
corpus:153-sansetatcivil-02-2021-stalker-79-pt1-flac@20.817,clap,corpus,20.817,22.94007,2733.89818,2404.20339,10.91562,0.02811,0.01028,0.00487,0.54461,0.37715,0.03498,10.0,162.0,0.97664,0.711
corpus:153-sansetatcivil-02-2021-stalker-79-pt1-flac@49.749,space,corpus,49.749,19.77527,2970.09165,2970.09165,9.68933,0.01601,0.00071,0.00074,0.00923,0.96065,0.01266,6.0,92.0,0.97465,0.672
corpus:153-sansetatcivil-02-2021-stalker-79-pt1-flac@13.816,space,corpus,13.816,25.30702,2882.49381,2948.34199,7.66896,0.01565,0.0006,0.00058,0.02011,0.89209,0.07097,2.0,138.0,0.98274,0.626
corpus:153-sansetatcivil-02-2021-stalker-79-pt1-flac@8.243,space,corpus,8.243,22.3474,3345.23549,3179.93301,5.88014,0.02195,0.00068,0.0005,0.07799,0.88038,0.01851,4.0,138.0,0.9702,0.625
corpus:153-sansetatcivil-02-2021-stalker-79-pt1-flac@1.207,clap,corpus,1.207,22.80384,3632.37392,3298.30872,8.35439,0.01354,0.00022,0.01018,0.49284,0.43214,0.05109,20.0,186.0,0.98729,0.621
corpus:154-psy-shepherd-x-ethnomite-pux-x-invisible-electronic-quicksands-ii-ethnomite-pux-t@48.832,clap,corpus,48.832,16.40853,3174.52281,2404.01517,9.69338,0.00014,0.00082,0.02249,0.91471,0.04682,0.01502,68.0,172.0,0.92311,0.922
corpus:154-psy-shepherd-x-ethnomite-pux-x-invisible-electronic-quicksands-ii-ethnomite-pux-t@9.009,hook,corpus,9.009,12.74849,2624.39205,2624.39205,-19.79686,0.00046,0.00735,0.00745,0.85787,0.11743,0.00943,50.0,58.0,0.01557,0.919
corpus:154-psy-shepherd-x-ethnomite-pux-x-invisible-electronic-quicksands-ii-ethnomite-pux-t@29.42,hook,corpus,29.42,14.8851,2786.21832,2786.21832,-21.52259,0.00044,0.00116,0.36588,0.4759,0.1387,0.01793,58.0,58.0,0.0543,0.917
corpus:154-psy-shepherd-x-ethnomite-pux-x-invisible-electronic-quicksands-ii-ethnomite-pux-t@36.606,hook,corpus,36.606,20.74824,3759.76424,3759.76424,-11.76367,0.00014,0.00081,0.03837,0.52313,0.367,0.07057,22.0,80.0,0.02253,0.911
corpus:154-psy-shepherd-x-ethnomite-pux-x-invisible-electronic-quicksands-ii-ethnomite-pux-t@53.696,hook,corpus,53.696,15.34383,3491.72896,3491.72896,-21.92277,0.00038,0.00213,0.0531,0.74405,0.15915,0.04118,56.0,80.0,0.0887,0.91
corpus:154-psy-shepherd-x-ethnomite-pux-x-invisible-electronic-quicksands-ii-ethnomite-pux-t@54.486,space,corpus,54.486,11.5366,3143.15339,2782.23312,72.24304,0.01965,0.37338,0.52933,0.05492,0.00393,0.01879,26.0,104.0,0.21228,0.908
corpus:154-psy-shepherd-x-ethnomite-pux-x-invisible-electronic-quicksands-ii-ethnomite-pux-t@45.023,hook,corpus,45.023,19.09302,3903.67724,3901.58273,-15.24617,0.00105,0.00991,0.03463,0.41978,0.43872,0.09591,40.0,116.0,0.07166,0.906
corpus:154-psy-shepherd-x-ethnomite-pux-x-invisible-electronic-quicksands-ii-ethnomite-pux-t@25.577,hook,corpus,25.577,16.66345,2832.04058,2832.04058,-14.6057,0.00016,0.00557,0.34015,0.50329,0.13343,0.0174,48.0,80.0,0.10382,0.905
corpus:154-psy-shepherd-x-ethnomite-pux-x-invisible-electronic-quicksands-ii-ethnomite-pux-t@26.68,hook,corpus,26.68,17.36048,2824.28432,2824.28432,-13.30569,6e-05,0.00168,0.23272,0.59668,0.14914,0.01973,40.0,92.0,0.0906,0.904
corpus:154-psy-shepherd-x-ethnomite-pux-x-invisible-electronic-quicksands-ii-ethnomite-pux-t@7.837,hook,corpus,7.837,14.36834,3083.70317,3083.70317,-10.51098,0.02287,0.03623,0.42429,0.42381,0.0607,0.0321,46.0,46.0,0.0,0.902
corpus:154-psy-shepherd-x-ethnomite-pux-x-invisible-electronic-quicksands-ii-ethnomite-pux-t@43.642,space,corpus,43.642,13.6337,3945.46209,3178.36664,49.16276,0.01788,0.31226,0.58656,0.01647,0.01693,0.04991,26.0,128.0,0.23454,0.88
corpus:154-psy-shepherd-x-ethnomite-pux-x-invisible-electronic-quicksands-ii-ethnomite-pux-t@47.752,clap,corpus,47.752,18.77523,3330.16984,2801.00368,10.8313,3e-05,0.00066,0.01806,0.84682,0.09457,0.03986,56.0,134.0,0.71554,0.876
corpus:154-psy-shepherd-x-ethnomite-pux-x-invisible-electronic-quicksands-ii-ethnomite-pux-t@57.736,space,corpus,57.736,11.32187,3090.20444,2552.28793,56.00637,0.02334,0.36342,0.53339,0.05626,0.0057,0.0179,46.0,116.0,0.24739,0.854
corpus:154-psy-shepherd-x-ethnomite-pux-x-invisible-electronic-quicksands-ii-ethnomite-pux-t@62.926,clap,corpus,62.926,16.54406,3466.96439,2563.72547,9.90961,4e-05,0.00425,0.03143,0.87968,0.05835,0.02625,98.0,384.0,0.81589,0.827
corpus:154-psy-shepherd-x-ethnomite-pux-x-invisible-electronic-quicksands-ii-ethnomite-pux-t@16.393,clap,corpus,16.393,19.32606,3919.20718,3420.40087,18.01468,0.002,0.02837,0.17202,0.61828,0.11336,0.06596,32.0,128.0,0.6161,0.815
corpus:154-psy-shepherd-x-ethnomite-pux-x-invisible-electronic-quicksands-ii-ethnomite-pux-t@56.645,space,corpus,56.645,12.44918,3247.5236,2269.02914,37.58103,0.02255,0.35515,0.55871,0.0421,0.00473,0.01676,46.0,150.0,0.42568,0.796
corpus:154-psy-shepherd-x-ethnomite-pux-x-invisible-electronic-quicksands-ii-ethnomite-pux-t@29.478,clap,corpus,29.478,16.74857,3524.74215,2923.18553,14.66465,8e-05,0.00042,0.0574,0.64098,0.24135,0.05977,118.0,174.0,0.56905,0.757
corpus:154-psy-shepherd-x-ethnomite-pux-x-invisible-electronic-quicksands-ii-ethnomite-pux-t@14.756,clap,corpus,14.756,18.2569,3445.53173,3204.41369,3.13813,0.00543,0.04166,0.17451,0.65091,0.08461,0.04288,34.0,150.0,0.88194,0.726
corpus:154-psy-shepherd-x-ethnomite-pux-x-invisible-electronic-quicksands-ii-ethnomite-pux-t@1.927,clap,corpus,1.927,18.10456,2461.71083,2627.18649,1.22666,0.00738,0.0163,0.04272,0.61712,0.27095,0.04553,44.0,162.0,0.98131,0.68
corpus:154-psy-shepherd-x-ethnomite-pux-x-invisible-electronic-quicksands-ii-ethnomite-pux-t@29.652,clap,corpus,29.652,19.88565,4066.55449,3875.53095,16.8473,0.0002,0.00053,0.11946,0.73543,0.10208,0.0423,32.0,108.0,0.03827,0.658
corpus:154-psy-shepherd-x-ethnomite-pux-x-invisible-electronic-quicksands-ii-ethnomite-pux-t@3.344,kick,corpus,3.344,5.11867,1410.81546,1410.81546,-36.68282,0.02098,0.92565,0.04604,0.00397,0.00227,0.0011,68.0,68.0,0.11889,0.633
corpus:155-x-d-d-dark-elements@0.023,hook,corpus,0.023,10.97659,4870.34602,4870.34602,-4.17937,0.0155,0.03164,0.21617,0.17766,0.24828,0.31074,34.0,34.0,0.0,0.874
corpus:155-x-d-d-dark-elements@6.792,kick,corpus,6.792,9.40357,3255.7269,3255.7269,-19.19005,0.42748,0.49038,0.04494,0.00851,0.00891,0.01978,44.0,80.0,0.33541,0.873
corpus:155-x-d-d-dark-elements@1.521,space,corpus,1.521,9.833,3457.46344,3457.46344,25.98837,0.46449,0.44212,0.03729,0.00731,0.01451,0.03428,92.0,92.0,0.49755,0.844
corpus:155-x-d-d-dark-elements@8.115,kick,corpus,8.115,9.49606,3376.93315,3376.93315,-12.23156,0.40328,0.48655,0.0652,0.01228,0.01184,0.02084,92.0,92.0,0.38763,0.829
corpus:155-x-d-d-dark-elements@8.557,kick,corpus,8.557,9.16315,3166.20487,3106.13421,-7.81729,0.36807,0.52841,0.06467,0.00932,0.01106,0.01847,104.0,104.0,0.45545,0.783
corpus:155-x-d-d-dark-elements@2.821,kick,corpus,2.821,9.04478,3129.61295,3096.53351,-6.72005,0.3702,0.52071,0.06275,0.0131,0.01339,0.01984,104.0,104.0,0.4588,0.771
corpus:155-x-d-d-dark-elements@28.41,kick,corpus,28.41,7.92319,3196.74551,3100.41479,-3.04281,0.43929,0.48659,0.03728,0.01103,0.01202,0.01381,104.0,104.0,0.52149,0.758
corpus:155-x-d-d-dark-elements@6.351,kick,corpus,6.351,8.14578,3401.41852,3245.92687,-2.5149,0.45097,0.45691,0.04462,0.01236,0.01635,0.0188,74.0,104.0,0.50132,0.754
corpus:155-x-d-d-dark-elements@26.749,hat,corpus,26.749,9.92514,6202.77116,6741.61228,-7.47797,0.00023,0.00104,0.00652,0.01111,0.13979,0.84131,232.0,232.0,0.58372,0.735
corpus:155-x-d-d-dark-elements@25.867,hat,corpus,25.867,11.39339,6181.11386,6803.30714,-3.3929,3e-05,0.00024,0.00229,0.01671,0.14773,0.83299,400.0,400.0,0.6704,0.733
corpus:155-x-d-d-dark-elements@19.249,hat,corpus,19.249,9.74089,6601.8001,6962.0993,-5.14146,0.0,1e-05,5e-05,0.00132,0.13403,0.86458,220.0,220.0,0.57771,0.73
corpus:155-x-d-d-dark-elements@15.279,hat,corpus,15.279,11.11213,6307.41356,6830.31987,-2.75254,2e-05,0.00012,0.00155,0.01023,0.14631,0.84178,400.0,400.0,0.66441,0.729
corpus:155-x-d-d-dark-elements@5.909,kick,corpus,5.909,8.79883,3244.8388,3135.31473,-1.77796,0.37526,0.5252,0.06317,0.01077,0.00906,0.01655,104.0,104.0,0.43475,0.728
corpus:155-x-d-d-dark-elements@14.396,hat,corpus,14.396,11.1721,6307.58768,6809.36837,-2.78791,1e-05,0.00018,0.00102,0.01093,0.14836,0.8395,400.0,400.0,0.66436,0.728
corpus:155-x-d-d-dark-elements@24.985,hat,corpus,24.985,11.13563,6207.8138,6784.52177,-2.87053,2e-05,0.00014,0.00218,0.0128,0.14922,0.83563,400.0,400.0,0.67024,0.728
corpus:155-x-d-d-dark-elements@24.102,hat,corpus,24.102,11.41973,6357.04499,6847.94923,-2.44934,1e-05,0.0001,0.00092,0.00759,0.14796,0.84343,400.0,400.0,0.66206,0.726
corpus:155-x-d-d-dark-elements@17.043,hat,corpus,17.043,9.60148,6535.84459,6867.00355,-4.77815,1e-05,0.00018,0.00034,0.00335,0.1295,0.86662,220.0,220.0,0.57743,0.725
corpus:155-x-d-d-dark-elements@17.926,hat,corpus,17.926,11.26159,6438.77738,6861.10651,-2.09169,1e-05,9e-05,0.00059,0.00557,0.14794,0.8458,400.0,400.0,0.66312,0.724
corpus:155-x-d-d-dark-elements@11.204,kick,corpus,11.204,9.28945,3185.44219,3004.70502,-1.77178,0.3655,0.53095,0.06774,0.00992,0.01008,0.01581,104.0,104.0,0.45596,0.723
corpus:155-x-d-d-dark-elements@32.496,hat,corpus,32.496,10.40735,5692.14108,6480.70665,-11.66165,0.02681,0.03162,0.00687,0.02894,0.13318,0.77258,208.0,208.0,0.56248,0.722
corpus:155-x-d-d-dark-elements@24.555,hat,corpus,24.555,9.57078,6349.45123,6928.7036,-9.10296,1e-05,4e-05,0.00023,0.00696,0.13729,0.85545,208.0,208.0,0.48124,0.716
corpus:155-x-d-d-dark-elements@28.967,hat,corpus,28.967,10.76722,5821.05512,6511.55946,-10.35605,0.02541,0.02721,0.00341,0.02552,0.13674,0.78171,208.0,208.0,0.56282,0.715
corpus:155-x-d-d-dark-elements@27.527,kick,corpus,27.527,7.4581,3368.18675,3244.29816,-0.52301,0.45142,0.46534,0.03395,0.01249,0.0168,0.02,104.0,104.0,0.52379,0.707
corpus:155-x-d-d-dark-elements@10.321,kick,corpus,10.321,8.55913,3402.58669,3305.58565,-1.86642,0.41909,0.49594,0.04141,0.00835,0.01182,0.02339,116.0,116.0,0.52528,0.702
corpus:155-x-d-d-dark-elements@37.988,space,corpus,37.988,10.70091,3246.61979,2834.31047,7.61491,0.34505,0.51428,0.06147,0.02136,0.03509,0.02275,400.0,400.0,0.88184,0.701
corpus:155-x-d-d-dark-elements@51.223,space,corpus,51.223,11.34455,3229.77641,2730.48334,7.54874,0.33717,0.50547,0.06055,0.03013,0.04115,0.02554,400.0,400.0,0.87776,0.683
corpus:155-x-d-d-dark-elements@47.694,space,corpus,47.694,10.84341,3224.82757,2750.74391,7.30512,0.3365,0.50942,0.06268,0.02766,0.03797,0.02577,400.0,400.0,0.87364,0.682
corpus:155-x-d-d-dark-elements@0.615,kick,corpus,0.615,8.81041,3323.29112,3191.04231,0.14733,0.36507,0.52774,0.06737,0.01227,0.00926,0.01828,104.0,104.0,0.43913,0.68
corpus:155-x-d-d-dark-elements@31.498,kick,corpus,31.498,8.89435,3361.11691,3232.67141,0.11521,0.36356,0.54865,0.05064,0.00851,0.00976,0.01887,104.0,104.0,0.46384,0.667
corpus:155-x-d-d-dark-elements@26.645,hook,corpus,26.645,13.73729,5733.86953,5745.67148,-9.02971,8e-05,0.00022,0.00211,0.05345,0.23955,0.7046,104.0,104.0,0.23384,0.601
corpus:156-stanley-hottek-colakevin@49.969,kick,corpus,49.969,4.99951,776.66063,776.66063,-22.76982,0.6111,0.34262,0.04052,0.0053,0.00042,5e-05,68.0,68.0,0.11852,0.972
corpus:156-stanley-hottek-colakevin@53.371,kick,corpus,53.371,5.2125,1231.46476,1231.46476,-24.38532,0.60518,0.35021,0.03605,0.00746,0.00089,0.00022,58.0,58.0,0.04212,0.969
corpus:156-stanley-hottek-colakevin@52.524,kick,corpus,52.524,6.58422,860.81073,860.81073,-28.06883,0.57584,0.38323,0.03127,0.00852,0.0009,0.00025,36.0,80.0,0.28917,0.966
corpus:156-stanley-hottek-colakevin@54.207,kick,corpus,54.207,5.65552,1223.93441,1223.93441,-5.91664,0.59802,0.36301,0.03115,0.00679,0.00083,0.00021,48.0,80.0,0.1933,0.956
corpus:156-stanley-hottek-colakevin@46.591,kick,corpus,46.591,6.23766,902.10023,902.10023,-28.55883,0.52903,0.37278,0.07046,0.02703,0.00059,0.00012,68.0,68.0,0.1739,0.953
corpus:156-stanley-hottek-colakevin@44.803,kick,corpus,44.803,7.88918,709.83142,709.83142,-13.31391,0.52418,0.39956,0.07214,0.00379,0.00024,9e-05,14.0,92.0,0.32206,0.95
corpus:156-stanley-hottek-colakevin@53.685,kick,corpus,53.685,8.53163,705.37333,705.37333,-13.89792,0.51783,0.39702,0.07312,0.01042,0.00153,9e-05,48.0,92.0,0.34013,0.946
corpus:156-stanley-hottek-colakevin@48.274,kick,corpus,48.274,5.63093,1611.57719,1611.57719,-7.925,0.56302,0.38608,0.03581,0.01358,0.00116,0.00034,68.0,68.0,0.2301,0.944
corpus:156-stanley-hottek-colakevin@51.572,kick,corpus,51.572,6.75564,687.25368,687.25368,-25.93305,0.45131,0.48328,0.05953,0.00537,0.00038,0.00012,46.0,80.0,0.38259,0.94
corpus:156-stanley-hottek-colakevin@47.763,kick,corpus,47.763,7.65151,878.59206,878.59206,-8.75144,0.49526,0.40177,0.08826,0.01315,0.00145,0.0001,56.0,80.0,0.29294,0.933
corpus:156-stanley-hottek-colakevin@50.736,kick,corpus,50.736,7.78779,549.81108,549.81108,-4.87683,0.48164,0.425,0.09011,0.00313,8e-05,3e-05,4.0,80.0,0.27073,0.931
corpus:156-stanley-hottek-colakevin@45.65,kick,corpus,45.65,8.17668,953.43814,953.43814,-4.70263,0.5058,0.3863,0.10138,0.0059,0.00047,0.00015,22.0,92.0,0.36228,0.924
corpus:156-stanley-hottek-colakevin@14.211,space,corpus,14.211,10.86504,3011.21153,2903.26466,2.65096,0.20515,0.56552,0.15067,0.0441,0.02444,0.01013,90.0,336.0,0.93098,0.647
corpus:156-stanley-hottek-colakevin@23.127,hook,corpus,23.127,7.72096,1969.62079,1969.62079,-5.93234,0.01577,0.60911,0.268,0.0966,0.00853,0.002,58.0,58.0,0.12225,0.623
corpus:157-johann-schwengel-love@8.081,kick,corpus,8.081,4.22584,1893.75255,1893.75255,-32.84763,0.89266,0.06794,0.02428,0.00778,0.00538,0.00195,46.0,46.0,0.0,0.992
corpus:157-johann-schwengel-love@11.552,kick,corpus,11.552,6.26645,2475.37456,2475.37456,-20.15091,0.8936,0.0602,0.01958,0.00773,0.01389,0.005,46.0,46.0,0.0,0.99
corpus:157-johann-schwengel-love@21.989,kick,corpus,21.989,6.93449,1980.47162,1980.47162,-15.24985,0.8978,0.05496,0.02338,0.00743,0.0125,0.00394,58.0,58.0,0.04041,0.99
corpus:157-johann-schwengel-love@22.86,kick,corpus,22.86,9.00664,1969.52262,1969.52262,-37.02081,0.86143,0.08128,0.02203,0.00663,0.02102,0.00761,58.0,58.0,0.12071,0.989
corpus:157-johann-schwengel-love@3.727,kick,corpus,3.727,12.19165,2002.22845,2002.22845,-40.09881,0.86817,0.04467,0.02128,0.00825,0.04504,0.0126,68.0,68.0,0.1806,0.988
corpus:157-johann-schwengel-love@4.598,kick,corpus,4.598,6.41097,2119.27061,2119.27061,-15.16623,0.84311,0.12434,0.01456,0.00537,0.00904,0.00359,46.0,46.0,0.0,0.988
corpus:157-johann-schwengel-love@5.468,kick,corpus,5.468,9.33872,1943.24958,1943.24958,-38.08036,0.84773,0.10316,0.01537,0.00584,0.02123,0.00667,58.0,58.0,0.16961,0.988
corpus:157-johann-schwengel-love@28.085,kick,corpus,28.085,3.98106,1900.76973,1900.76973,-12.3874,0.84185,0.10523,0.03614,0.00921,0.00544,0.00211,46.0,46.0,0.0,0.987
corpus:157-johann-schwengel-love@46.335,kick,corpus,46.335,7.47079,1223.15618,1223.15618,-28.51838,0.78238,0.16227,0.04254,0.00451,0.00623,0.00207,32.0,58.0,0.08431,0.987
corpus:157-johann-schwengel-love@52.431,kick,corpus,52.431,11.47271,1847.88815,1847.88815,-52.49676,0.82825,0.09623,0.02197,0.00708,0.03587,0.0106,14.0,58.0,0.00751,0.987
corpus:157-johann-schwengel-love@2.856,kick,corpus,2.856,10.38154,2009.89901,2009.89901,-39.79682,0.81404,0.13174,0.01056,0.0057,0.02956,0.00841,34.0,58.0,0.1503,0.986
corpus:157-johann-schwengel-love@7.21,kick,corpus,7.21,12.44358,2018.66667,2018.66667,-52.90747,0.84301,0.06312,0.02514,0.00805,0.04691,0.01376,58.0,58.0,0.05093,0.986
corpus:162-combat-killer-defluxcompensator@54.59,kick,corpus,54.59,5.47313,2140.92184,2140.92184,-34.48,0.60599,0.3093,0.06399,0.01217,0.00685,0.00169,34.0,34.0,0.0,0.966
corpus:162-combat-killer-defluxcompensator@52.837,kick,corpus,52.837,6.05059,2194.10558,2194.10558,-10.4014,0.57965,0.31021,0.08426,0.01644,0.00736,0.00208,4.0,34.0,0.0,0.948
corpus:162-combat-killer-defluxcompensator@54.973,kick,corpus,54.973,5.93451,1846.85626,2218.33354,-15.35053,0.52618,0.42012,0.03614,0.00826,0.0069,0.00241,104.0,104.0,0.50209,0.922
corpus:162-combat-killer-defluxcompensator@56.726,kick,corpus,56.726,5.86939,1897.40423,2203.65064,-15.50103,0.52859,0.41667,0.03572,0.00956,0.00696,0.0025,104.0,104.0,0.51046,0.922
corpus:162-combat-killer-defluxcompensator@25.542,hook,corpus,25.542,13.58285,3126.96369,3126.96369,-13.8935,0.00026,0.00156,0.21464,0.56893,0.14848,0.06612,64.0,80.0,0.06139,0.915
corpus:162-combat-killer-defluxcompensator@62.856,kick,corpus,62.856,6.30306,1836.68315,2177.29484,-15.53744,0.50266,0.44105,0.03743,0.00976,0.00665,0.00245,104.0,104.0,0.52674,0.912
corpus:162-combat-killer-defluxcompensator@2.426,kick,corpus,2.426,5.82386,2317.7301,2439.88885,-11.43704,0.53253,0.4078,0.03955,0.00771,0.00851,0.0039,104.0,104.0,0.49254,0.91
corpus:162-combat-killer-defluxcompensator@62.427,kick,corpus,62.427,5.90826,1621.93885,1708.52508,-7.20558,0.52524,0.38636,0.07572,0.00855,0.00339,0.00074,70.0,104.0,0.48225,0.907
corpus:162-combat-killer-defluxcompensator@53.22,kick,corpus,53.22,5.73798,1937.02784,2206.0117,-9.7322,0.52562,0.41897,0.03679,0.00947,0.00675,0.0024,104.0,104.0,0.49388,0.906
corpus:162-combat-killer-defluxcompensator@39.207,kick,corpus,39.207,6.15069,2207.04375,2579.64745,-13.78962,0.52958,0.40917,0.0403,0.00885,0.00829,0.00382,116.0,116.0,0.54144,0.905
corpus:162-combat-killer-defluxcompensator@7.674,kick,corpus,7.674,6.05119,2177.97452,2547.54108,-13.21781,0.53035,0.4086,0.03991,0.00901,0.00832,0.00381,116.0,116.0,0.54231,0.904
corpus:162-combat-killer-defluxcompensator@49.726,kick,corpus,49.726,5.80763,2294.3266,2413.31633,-9.74863,0.53162,0.40822,0.0394,0.00824,0.00844,0.00408,104.0,104.0,0.48711,0.904
corpus:162-combat-killer-defluxcompensator@16.788,hook,corpus,16.788,16.23826,4192.4473,4192.4473,-8.99698,9e-05,0.00018,0.00191,0.48561,0.3747,0.13751,78.0,80.0,0.05462,0.899
corpus:162-combat-killer-defluxcompensator@5.921,kick,corpus,5.921,5.85968,2221.8247,2528.3895,-11.18152,0.53223,0.40678,0.03899,0.00995,0.00823,0.00382,116.0,116.0,0.53489,0.898
corpus:162-combat-killer-defluxcompensator@17.659,hook,corpus,17.659,16.76768,4376.68839,4376.68839,-7.61662,5e-05,0.00011,0.00149,0.31164,0.52484,0.16187,58.0,80.0,0.04863,0.89
corpus:162-combat-killer-defluxcompensator@15.906,hook,corpus,15.906,16.20154,3850.81287,3850.81287,-7.22983,4e-05,7e-05,0.00214,0.59249,0.28963,0.11563,56.0,92.0,0.06049,0.884
corpus:162-combat-killer-defluxcompensator@23.789,hook,corpus,23.789,13.139,3249.44737,3249.44737,-7.88111,0.00025,0.00115,0.12247,0.64177,0.16991,0.06445,80.0,80.0,0.0687,0.874
corpus:162-combat-killer-defluxcompensator@22.245,hook,corpus,22.245,13.53102,4114.6681,4247.99925,-8.07355,9e-05,0.00042,0.14632,0.47659,0.24148,0.1351,74.0,104.0,0.14995,0.872
corpus:162-combat-killer-defluxcompensator@27.295,hook,corpus,27.295,13.96896,3167.25585,3167.25585,-4.92521,3e-05,0.00222,0.31612,0.4966,0.13151,0.05352,58.0,80.0,0.06105,0.871
corpus:162-combat-killer-defluxcompensator@22.036,hook,corpus,22.036,14.39883,3417.84777,3417.84777,-7.56141,3e-05,0.00029,0.03134,0.69925,0.19027,0.07882,66.0,80.0,0.06511,0.862
corpus:162-combat-killer-defluxcompensator@23.87,clap,corpus,23.87,13.07703,3014.75224,2773.42821,8.28058,0.00022,0.00486,0.24192,0.65831,0.07819,0.0165,54.0,128.0,0.61812,0.736
corpus:162-combat-killer-defluxcompensator@39.729,space,corpus,39.729,8.22967,3437.20731,3031.96555,23.57564,0.5271,0.26694,0.09661,0.02702,0.04163,0.0407,138.0,138.0,0.40351,0.708
corpus:162-combat-killer-defluxcompensator@22.117,clap,corpus,22.117,13.86554,3075.0973,2918.45907,4.93559,0.0002,0.00587,0.20412,0.66746,0.1021,0.02025,128.0,128.0,0.66583,0.703
corpus:162-combat-killer-defluxcompensator@6.444,space,corpus,6.444,8.44337,3361.28946,3006.43678,22.14131,0.52615,0.26554,0.09976,0.02734,0.04033,0.04088,138.0,138.0,0.4216,0.677
corpus:162-combat-killer-defluxcompensator@25.623,clap,corpus,25.623,12.20204,2933.01951,2664.42011,9.91958,0.00047,0.00452,0.32171,0.58309,0.07466,0.01554,52.0,128.0,0.52596,0.671
corpus:162-combat-killer-defluxcompensator@24.184,clap,corpus,24.184,13.87961,2982.98277,2922.49244,1.75845,6e-05,0.00144,0.20802,0.6654,0.0904,0.03468,156.0,244.0,0.85074,0.649
corpus:162-combat-killer-defluxcompensator@34.47,space,corpus,34.47,8.23731,3414.40692,3070.23263,20.02228,0.51877,0.27598,0.0952,0.02653,0.04142,0.0421,106.0,138.0,0.44827,0.648
corpus:162-combat-killer-defluxcompensator@2.949,space,corpus,2.949,8.63247,3427.50908,3233.83224,19.08993,0.48383,0.27831,0.11386,0.03158,0.04684,0.04558,128.0,128.0,0.41264,0.638
corpus:163-afflicted-dr-who-1@44.977,kick,corpus,44.977,3.45619,1542.29116,1542.29116,-26.66196,0.50825,0.48339,0.00545,0.00082,0.00093,0.00115,80.0,80.0,0.33819,0.948
corpus:163-afflicted-dr-who-1@36.804,kick,corpus,36.804,11.88938,2444.70405,3647.59609,-29.70114,0.6317,0.30413,0.00222,0.00059,0.0223,0.03906,98.0,174.0,0.3205,0.937
corpus:163-afflicted-dr-who-1@43.328,kick,corpus,43.328,3.75532,1546.36005,1546.36005,-12.2706,0.53302,0.45918,0.00536,0.00049,0.00086,0.0011,92.0,92.0,0.44055,0.937
corpus:163-afflicted-dr-who-1@38.441,kick,corpus,38.441,11.8165,2468.11058,3671.40903,-17.33597,0.63389,0.3161,0.00437,0.00154,0.01635,0.02775,88.0,196.0,0.34045,0.932
corpus:163-afflicted-dr-who-1@35.132,kick,corpus,35.132,11.48497,2497.64786,3743.04291,-22.26946,0.61232,0.33064,0.00729,0.00277,0.01701,0.02997,78.0,196.0,0.33098,0.929
corpus:163-afflicted-dr-who-1@40.101,kick,corpus,40.101,8.94929,3570.27755,3670.34998,-12.09255,0.60332,0.33699,0.00864,0.00346,0.01786,0.02974,78.0,104.0,0.2609,0.926
corpus:163-afflicted-dr-who-1@31.823,kick,corpus,31.823,11.93884,2652.23336,3750.89137,-20.54904,0.59825,0.34039,0.00799,0.00353,0.01868,0.03117,108.0,196.0,0.34112,0.922
corpus:163-afflicted-dr-who-1@33.472,kick,corpus,33.472,8.68116,3462.28043,3685.42497,-8.35461,0.6183,0.32528,0.0061,0.00242,0.01741,0.03049,78.0,104.0,0.27442,0.92
corpus:163-afflicted-dr-who-1@41.668,kick,corpus,41.668,3.78392,1726.57194,1448.17634,-9.48497,0.50032,0.48707,0.00787,0.00239,0.00113,0.00122,104.0,104.0,0.4561,0.919
corpus:163-afflicted-dr-who-1@62.357,kick,corpus,62.357,5.69861,3411.07162,3411.07162,-38.33152,0.50612,0.46789,0.00867,0.00049,0.0034,0.01343,68.0,68.0,0.32937,0.918
corpus:163-afflicted-dr-who-1@59.873,kick,corpus,59.873,5.55364,3281.8521,3281.8521,-26.55523,0.49826,0.47467,0.00944,0.00116,0.0039,0.01257,92.0,92.0,0.45829,0.909
corpus:163-afflicted-dr-who-1@63.599,kick,corpus,63.599,7.69055,4135.75145,4135.75145,-38.81929,0.4994,0.43739,0.02168,0.00048,0.00932,0.03173,68.0,68.0,0.35585,0.888
corpus:163-afflicted-dr-who-1@22.906,hook,corpus,22.906,15.74744,3431.29499,3826.49328,-14.23521,6e-05,0.00022,0.00082,0.76722,0.19479,0.03689,36.0,138.0,0.14853,0.862
corpus:163-afflicted-dr-who-1@28.619,hook,corpus,28.619,14.7721,3298.9051,3371.29339,-10.32672,6e-05,0.00018,0.00095,0.7552,0.20346,0.04014,32.0,104.0,0.1065,0.852
corpus:163-afflicted-dr-who-1@29.524,hook,corpus,29.524,16.24929,3570.14666,3876.2533,-12.49326,7e-05,0.00054,0.00288,0.77148,0.18737,0.03766,36.0,138.0,0.18879,0.831
corpus:163-afflicted-dr-who-1@10.298,space,corpus,10.298,7.28025,3753.77264,3773.32567,11.11081,0.19131,0.74014,0.01363,0.00237,0.01909,0.03344,116.0,116.0,0.74916,0.776
corpus:163-afflicted-dr-who-1@33.576,space,corpus,33.576,12.60275,4756.98607,4756.98607,24.43201,0.45639,0.2245,0.00184,0.00062,0.11835,0.1983,92.0,92.0,0.18407,0.762
corpus:163-afflicted-dr-who-1@18.495,hook,corpus,18.495,15.4336,6520.18963,6520.18963,-2.3513,7e-05,2e-05,0.00013,0.00064,0.34121,0.65794,64.0,92.0,0.05298,0.751
corpus:163-afflicted-dr-who-1@21.676,hook,corpus,21.676,15.35789,6085.14447,6085.14447,3.9783,8e-05,2e-05,0.00045,0.00383,0.34428,0.65135,80.0,80.0,0.1767,0.744
corpus:163-afflicted-dr-who-1@15.673,space,corpus,15.673,11.28207,5009.53148,4516.09693,4.11871,0.24758,0.39695,0.27116,0.00337,0.02798,0.05296,100.0,400.0,0.59501,0.736
corpus:163-afflicted-dr-who-1@4.11,space,corpus,4.11,7.06265,3481.44154,5434.07581,-10.46342,0.22658,0.63232,0.11513,0.0006,0.0082,0.01716,394.0,394.0,0.95258,0.728
corpus:163-afflicted-dr-who-1@25.101,hook,corpus,25.101,16.21545,6436.72535,6423.11502,0.42101,5e-05,0.00016,0.00171,0.00078,0.33784,0.65946,62.0,104.0,0.15399,0.721
corpus:163-afflicted-dr-who-1@28.317,hook,corpus,28.317,16.20816,6348.63419,6348.63419,-6.86711,0.0001,1e-05,1e-05,0.00238,0.3317,0.66581,54.0,92.0,0.06063,0.715
corpus:163-afflicted-dr-who-1@19.017,hook,corpus,19.017,16.62307,6329.02701,6353.81304,-1.76574,2e-05,1e-05,6e-05,0.00198,0.44441,0.55352,64.0,174.0,0.21196,0.714
corpus:163-afflicted-dr-who-1@22.001,clap,corpus,22.001,17.12936,4946.15371,3365.53157,22.30575,2e-05,0.0001,0.00167,0.58141,0.20437,0.21242,28.0,208.0,0.33864,0.613
corpus:166-ru-dead-42-acid-to-acid@52.558,kick,corpus,52.558,5.76993,2667.09534,2667.09534,-15.84185,0.48883,0.4823,0.01424,0.00387,0.00677,0.00399,80.0,80.0,0.32068,0.917
corpus:166-ru-dead-42-acid-to-acid@18.483,space,corpus,18.483,10.63396,4752.78015,4164.95101,29.15708,0.34934,0.26566,0.00227,0.00574,0.15459,0.2224,12.0,150.0,0.35142,0.884
corpus:166-ru-dead-42-acid-to-acid@59.873,kick,corpus,59.873,5.43759,2531.29544,2531.29544,-8.55593,0.40827,0.56506,0.01441,0.00342,0.00584,0.00301,92.0,92.0,0.33417,0.866
corpus:166-ru-dead-42-acid-to-acid@63.541,kick,corpus,63.541,5.38404,2549.432,2549.432,-4.31362,0.44349,0.53478,0.01009,0.00211,0.00627,0.00327,92.0,92.0,0.34864,0.864
corpus:166-ru-dead-42-acid-to-acid@8.115,hook,corpus,8.115,14.84709,4384.98977,4384.98977,-8.25646,0.00103,0.02856,0.00399,0.209,0.69244,0.06497,80.0,80.0,0.08542,0.825
corpus:166-ru-dead-42-acid-to-acid@26.436,hook,corpus,26.436,13.59822,4285.23564,4285.23564,-4.40594,0.00128,0.02615,0.00527,0.21368,0.68461,0.06901,68.0,68.0,0.08202,0.814
corpus:166-ru-dead-42-acid-to-acid@13.607,hook,corpus,13.607,14.9027,4412.37319,4412.37319,-3.45678,0.00331,0.00626,0.00934,0.18771,0.70633,0.08705,68.0,68.0,0.06313,0.809
corpus:166-ru-dead-42-acid-to-acid@55.612,space,corpus,55.612,11.5485,5264.84529,5127.76295,24.18065,0.24442,0.21102,0.00401,0.00422,0.24517,0.29116,112.0,116.0,0.2602,0.795
corpus:166-ru-dead-42-acid-to-acid@51.63,hook,corpus,51.63,15.46243,5397.25764,5397.25764,0.94855,0.00114,0.00107,0.02315,0.01896,0.62175,0.33393,68.0,68.0,0.07349,0.785
corpus:166-ru-dead-42-acid-to-acid@63.077,hook,corpus,63.077,15.54299,4461.24481,4461.24481,-4.26041,0.00169,0.04214,0.00342,0.18696,0.70433,0.06146,60.0,92.0,0.15289,0.774
corpus:166-ru-dead-42-acid-to-acid@22.314,hook,corpus,22.314,14.6992,4571.52513,4571.52513,-6.98737,0.02084,0.18193,0.06586,0.10654,0.38947,0.23536,72.0,92.0,0.25336,0.765
corpus:166-ru-dead-42-acid-to-acid@52.082,hook,corpus,52.082,14.97805,4610.49816,4610.49816,-0.45598,4e-05,0.00028,0.00359,0.24165,0.68966,0.06478,58.0,92.0,0.14006,0.765
corpus:166-ru-dead-42-acid-to-acid@15.43,hook,corpus,15.43,15.1955,4559.44706,4559.44706,-12.78113,0.00102,0.0389,0.006,0.13266,0.72386,0.09756,80.0,80.0,0.22705,0.757
corpus:166-ru-dead-42-acid-to-acid@30.848,space,corpus,30.848,12.41022,4960.61803,3909.58383,19.4946,0.35523,0.26077,0.0013,0.01161,0.14928,0.22181,116.0,220.0,0.34553,0.684
corpus:166-ru-dead-42-acid-to-acid@61.103,space,corpus,61.103,12.01015,5150.00154,4949.17265,19.60396,0.23485,0.20548,0.00251,0.00438,0.24833,0.30445,12.0,138.0,0.29578,0.683
corpus:167-3cloneb-kanbarra@27.423,kick,corpus,27.423,9.80209,2244.6134,2450.35791,-16.97942,0.49223,0.43653,0.0529,0.00569,0.00718,0.00547,42.0,104.0,0.22683,0.923
corpus:167-3cloneb-kanbarra@4.098,kick,corpus,4.098,8.49013,2012.86073,2469.33866,-8.90958,0.5196,0.43062,0.03525,0.00438,0.00557,0.00458,82.0,138.0,0.30405,0.915
corpus:167-3cloneb-kanbarra@25.623,kick,corpus,25.623,9.33593,2102.3835,2371.02424,-8.05396,0.49564,0.42611,0.06213,0.0048,0.00591,0.00541,116.0,116.0,0.26532,0.91
corpus:167-3cloneb-kanbarra@5.457,kick,corpus,5.457,9.16134,2379.36006,2478.61354,-19.16966,0.46274,0.46292,0.04819,0.01196,0.00867,0.00552,44.0,116.0,0.28656,0.908
corpus:167-3cloneb-kanbarra@29.211,kick,corpus,29.211,9.22856,2261.72077,2446.64059,-8.94419,0.48859,0.43305,0.06176,0.00501,0.00693,0.00465,62.0,116.0,0.25607,0.908
corpus:167-3cloneb-kanbarra@12.597,kick,corpus,12.597,6.85492,1983.12989,2360.61949,-9.37895,0.48081,0.45324,0.05281,0.00583,0.00441,0.00289,102.0,138.0,0.30321,0.903
corpus:167-3cloneb-kanbarra@20.248,kick,corpus,20.248,9.54225,2598.20267,2543.86654,-11.72973,0.45806,0.47987,0.04094,0.0084,0.00767,0.00506,62.0,104.0,0.22639,0.899
corpus:167-3cloneb-kanbarra@48.924,kick,corpus,48.924,9.1383,2532.19185,2622.49329,-10.83084,0.46957,0.47516,0.03546,0.00736,0.00749,0.00496,80.0,116.0,0.29916,0.897
corpus:167-3cloneb-kanbarra@63.274,kick,corpus,63.274,8.0823,2324.16046,2375.53882,-2.64342,0.50351,0.43362,0.04789,0.00416,0.00551,0.00532,52.0,104.0,0.262,0.897
corpus:167-3cloneb-kanbarra@13.073,kick,corpus,13.073,7.68618,2705.28026,2705.28026,-3.05956,0.4992,0.43772,0.04389,0.00664,0.00743,0.00512,80.0,80.0,0.18818,0.896
corpus:167-3cloneb-kanbarra@0.046,kick,corpus,0.046,7.62458,2052.59681,2326.44936,-5.2686,0.49231,0.44737,0.04603,0.00772,0.00383,0.00274,72.0,138.0,0.29803,0.895
corpus:167-3cloneb-kanbarra@21.583,kick,corpus,21.583,9.87073,2273.36497,2381.06826,-10.74164,0.4508,0.43829,0.0919,0.00922,0.00577,0.00402,34.0,116.0,0.23892,0.895
corpus:167-3cloneb-kanbarra@2.961,space,corpus,2.961,9.58175,3088.1843,3088.1843,29.63406,0.20835,0.55035,0.17924,0.01737,0.02278,0.02191,84.0,92.0,0.21249,0.78
corpus:167-3cloneb-kanbarra@63.913,space,corpus,63.913,11.25144,2039.16381,2039.16381,29.87909,0.15199,0.51995,0.16797,0.01944,0.13133,0.00931,86.0,86.0,0.57054,0.779
corpus:167-3cloneb-kanbarra@43.642,space,corpus,43.642,15.36271,3482.94473,3019.1507,10.89035,0.07807,0.14084,0.68751,0.03313,0.02992,0.03054,72.0,220.0,0.81919,0.732
corpus:167-3cloneb-kanbarra@36.467,space,corpus,36.467,14.86925,3444.61645,2877.21929,8.89539,0.08484,0.16359,0.65134,0.03215,0.03933,0.02876,40.0,256.0,0.83732,0.704
corpus:167-3cloneb-kanbarra@27.632,hook,corpus,27.632,14.58827,3620.24053,3754.78298,-4.73281,0.02717,0.20988,0.54473,0.08704,0.07474,0.05642,50.0,116.0,0.19671,0.668
corpus:167-3cloneb-kanbarra@24.044,hook,corpus,24.044,13.30421,3484.36595,3697.90635,-1.25691,0.03843,0.17578,0.61574,0.0476,0.06602,0.05644,58.0,128.0,0.12699,0.619
corpus:169-steven-casteel-02-guitar@32.183,hook,corpus,32.183,16.62159,3122.76694,3023.94932,1.16812,0.05112,0.22118,0.29698,0.27442,0.10521,0.05109,110.0,208.0,0.31813,0.729
corpus:169-steven-casteel-02-guitar@29.791,hook,corpus,29.791,16.68833,3005.18315,2994.51854,0.68201,0.11214,0.28981,0.13831,0.30245,0.11927,0.03802,158.0,232.0,0.3275,0.724
corpus:169-steven-casteel-02-guitar@33.971,hook,corpus,33.971,12.32459,2922.15469,2878.69425,-2.2212,0.09257,0.14359,0.39688,0.23737,0.09556,0.03402,116.0,116.0,0.28424,0.717
corpus:169-steven-casteel-02-guitar@36.374,hook,corpus,36.374,13.96446,3390.14425,3580.11188,-6.40559,0.02845,0.10087,0.34074,0.31611,0.12715,0.08667,150.0,150.0,0.54696,0.7
corpus:169-steven-casteel-02-guitar@35.91,hook,corpus,35.91,13.38104,2884.8091,3056.9566,-5.91196,0.06128,0.1684,0.41622,0.23215,0.08391,0.03805,174.0,174.0,0.508,0.668
corpus:169-steven-casteel-02-guitar@40.565,hook,corpus,40.565,12.22921,3709.77764,3752.85795,-2.47184,0.01786,0.14452,0.22816,0.29457,0.16172,0.15317,150.0,150.0,0.5642,0.667
corpus:169-steven-casteel-02-guitar@18.971,hook,corpus,18.971,16.9173,3561.84418,3674.34464,-0.86052,0.05815,0.08894,0.21234,0.33385,0.18108,0.12564,278.0,278.0,0.56066,0.655
corpus:169-steven-casteel-02-guitar@40.263,hook,corpus,40.263,18.98474,3638.28935,3763.89255,-0.64977,0.03132,0.08851,0.22945,0.31174,0.20978,0.12921,186.0,302.0,0.55855,0.649
corpus:169-steven-casteel-02-guitar@31.579,space,corpus,31.579,12.8794,2892.25055,3320.19411,-2.36471,0.0181,0.28993,0.58692,0.06077,0.03275,0.01153,400.0,400.0,0.97307,0.647
corpus:169-steven-casteel-02-guitar@17.995,space,corpus,17.995,17.08863,2842.46055,2860.30358,0.0143,0.01689,0.16106,0.72985,0.04843,0.03128,0.01248,28.0,400.0,0.97862,0.645
corpus:169-steven-casteel-02-guitar@36.525,space,corpus,36.525,13.54709,2854.77483,3176.18306,-1.657,0.02085,0.27951,0.58328,0.06781,0.03466,0.01389,400.0,400.0,0.94685,0.623
corpus:169-steven-casteel-02-guitar@32.392,space,corpus,32.392,17.21653,2594.22018,2898.75499,-0.98558,0.03363,0.14997,0.66833,0.09227,0.04389,0.01191,106.0,400.0,0.98354,0.607
corpus:171-4zzz1-black-acid-2@57.736,space,corpus,57.736,10.93902,3912.63273,3163.95103,5.31414,0.19498,0.66562,0.08677,0.00709,0.02457,0.02097,138.0,400.0,0.88184,0.765
corpus:171-4zzz1-black-acid-2@57.26,space,corpus,57.26,16.98465,4990.89316,4394.76895,2.23483,0.01195,0.04974,0.36575,0.1033,0.26226,0.20701,400.0,400.0,0.96832,0.687
corpus:171-4zzz1-black-acid-2@62.624,space,corpus,62.624,9.85307,3609.59526,2696.64247,5.37793,0.13212,0.58267,0.24333,0.00962,0.01779,0.01446,124.0,400.0,0.77386,0.662
corpus:171-4zzz1-black-acid-2@59.954,space,corpus,59.954,10.19279,3482.02952,2723.17314,4.95438,0.13841,0.56072,0.2567,0.01143,0.01838,0.01436,136.0,400.0,0.7358,0.629
corpus:171-4zzz1-black-acid-2@5.468,hook,corpus,5.468,14.70204,4725.11142,4964.18877,-5.13385,0.04715,0.3497,0.16029,0.01389,0.19694,0.23203,174.0,196.0,0.36365,0.617
corpus:172-erick-jaeger-cleansing@10.995,kick,corpus,10.995,6.46618,1334.19057,1334.19057,-23.89675,0.58627,0.39896,0.01006,0.00383,0.00065,0.00023,16.0,58.0,0.00163,0.966
corpus:172-erick-jaeger-cleansing@33.681,kick,corpus,33.681,8.55287,1736.70931,1736.70931,-46.2395,0.49434,0.39228,0.06123,0.04085,0.01048,0.00082,34.0,34.0,0.0,0.939
corpus:172-erick-jaeger-cleansing@18.402,kick,corpus,18.402,12.33325,1128.99871,667.35912,3.49732,0.5794,0.41019,0.00645,0.00311,0.0008,5e-05,24.0,76.0,0.3024,0.925
corpus:172-erick-jaeger-cleansing@33.715,kick,corpus,33.715,15.65702,1374.18581,1017.07469,5.17178,0.52801,0.37425,0.07996,0.0159,0.00177,0.0001,4.0,194.0,0.15674,0.904
corpus:172-erick-jaeger-cleansing@22.976,kick,corpus,22.976,11.60168,1522.95788,1522.95788,8.66157,0.53557,0.39204,0.04466,0.02341,0.00416,0.00017,14.0,80.0,0.03713,0.899
corpus:172-erick-jaeger-cleansing@36.862,kick,corpus,36.862,12.3968,1106.59707,1106.59707,13.16769,0.58977,0.33848,0.05348,0.01792,0.00027,7e-05,6.0,40.0,0.13696,0.895
corpus:172-erick-jaeger-cleansing@19.006,kick,corpus,19.006,13.9212,1454.51017,1283.67254,3.69887,0.46075,0.48913,0.041,0.00688,0.002,0.00024,4.0,174.0,0.12777,0.885
corpus:172-erick-jaeger-cleansing@19.946,kick,corpus,19.946,11.01422,1021.49395,928.43928,8.49768,0.56124,0.41591,0.0207,0.00202,0.00011,2e-05,6.0,60.0,0.30654,0.883
corpus:172-erick-jaeger-cleansing@19.18,kick,corpus,19.18,11.15437,1569.64434,1478.05335,2.71679,0.58262,0.3644,0.02994,0.01774,0.00502,0.00029,14.0,150.0,0.38786,0.881
corpus:172-erick-jaeger-cleansing@19.818,kick,corpus,19.818,13.2189,1056.30344,899.34006,6.43669,0.49072,0.4498,0.04755,0.01098,0.00082,0.00012,6.0,128.0,0.29085,0.871
corpus:172-erick-jaeger-cleansing@36.955,kick,corpus,36.955,17.76305,2068.67981,1412.37319,2.45717,0.61569,0.26749,0.06781,0.04193,0.00643,0.00065,4.0,400.0,0.35364,0.863
corpus:172-erick-jaeger-cleansing@10.553,kick,corpus,10.553,5.82279,1249.3848,1249.3848,-0.03466,0.61922,0.36418,0.01214,0.00361,0.00063,0.00022,18.0,80.0,0.56866,0.848
corpus:172-erick-jaeger-cleansing@46.719,hook,corpus,46.719,17.42071,2231.67362,2268.57106,-1.4813,0.09088,0.18524,0.17466,0.40691,0.13301,0.0093,128.0,128.0,0.41954,0.72
corpus:172-erick-jaeger-cleansing@28.363,clap,corpus,28.363,11.64514,2405.82114,2338.0904,0.64315,0.00057,0.00044,0.00039,0.8438,0.14861,0.00619,400.0,400.0,0.96591,0.719
corpus:172-erick-jaeger-cleansing@30.116,clap,corpus,30.116,12.83799,2301.04521,2056.71191,0.73704,0.00014,0.00015,0.00153,0.83196,0.15994,0.00629,400.0,400.0,0.96933,0.707
corpus:172-erick-jaeger-cleansing@16.625,rumble,corpus,16.625,7.36639,788.74903,680.47192,7.70087,0.58864,0.40097,0.0084,0.00169,0.00023,7e-05,104.0,104.0,0.90284,0.704
corpus:172-erick-jaeger-cleansing@23.313,clap,corpus,23.313,13.9772,2177.23866,2031.80036,1.1087,0.01987,0.0181,0.00502,0.80681,0.14557,0.00463,400.0,400.0,0.97819,0.684
corpus:172-erick-jaeger-cleansing@32.496,clap,corpus,32.496,13.1478,1786.57753,1708.35507,1.32908,0.03703,0.02688,0.00834,0.84709,0.08048,0.00018,256.0,400.0,0.93468,0.671
corpus:172-erick-jaeger-cleansing@46.846,hook,corpus,46.846,15.68869,2173.92766,2197.69631,1.62076,0.11271,0.21935,0.09629,0.39806,0.16708,0.0065,138.0,138.0,0.46933,0.648
corpus:172-erick-jaeger-cleansing@14.187,rumble,corpus,14.187,9.33006,537.7518,739.16157,0.81182,0.51537,0.47981,0.00428,0.00048,5e-05,1e-05,44.0,128.0,0.95563,0.617
corpus:172-erick-jaeger-cleansing@17.682,rumble,corpus,17.682,12.1855,897.59391,1120.38317,-1.58077,0.55783,0.43608,0.00507,0.00081,0.00019,2e-05,44.0,52.0,0.9834,0.605
corpus:173-knarz-maschine-acid-knarz-2@39.706,space,corpus,39.706,11.03021,3908.55788,3735.59581,49.14105,0.43303,0.55403,0.00951,0.00096,0.00054,0.00193,32.0,56.0,0.00464,0.965
corpus:173-knarz-maschine-acid-knarz-2@37.059,space,corpus,37.059,10.0757,4298.66107,4298.66107,44.77827,0.42346,0.54203,0.02288,0.00429,0.00167,0.00567,22.0,68.0,0.00243,0.963
corpus:173-knarz-maschine-acid-knarz-2@40.6,space,corpus,40.6,9.52835,4088.47578,3997.55849,39.08604,0.31347,0.65742,0.01955,0.00646,0.00142,0.00169,38.0,56.0,0.00179,0.91
corpus:173-knarz-maschine-acid-knarz-2@15.105,space,corpus,15.105,11.50046,5306.85993,5530.52004,2.71958,0.0932,0.59546,0.22987,0.00866,0.01326,0.05955,74.0,266.0,0.97821,0.909
corpus:173-knarz-maschine-acid-knarz-2@23.812,hook,corpus,23.812,20.20931,5484.26608,5289.05825,5.98121,0.01851,0.05141,0.00276,0.21866,0.17793,0.53074,30.0,132.0,0.13916,0.838
corpus:173-knarz-maschine-acid-knarz-2@1.591,hook,corpus,1.591,20.2625,5703.86439,5683.20519,2.59348,0.00083,0.00202,0.01825,0.015,0.39515,0.56875,22.0,58.0,0.09039,0.806
corpus:173-knarz-maschine-acid-knarz-2@4.853,hook,corpus,4.853,15.01729,4515.52326,4515.52326,-26.56887,0.00281,0.0072,0.15087,0.13145,0.41192,0.29574,38.0,58.0,0.00382,0.786
corpus:173-knarz-maschine-acid-knarz-2@32.705,hook,corpus,32.705,18.90934,5095.23363,4256.09306,6.4565,0.05763,0.17369,0.22592,0.14683,0.07018,0.32575,62.0,80.0,0.19049,0.784
corpus:173-knarz-maschine-acid-knarz-2@29.153,hook,corpus,29.153,17.89116,5461.03321,4587.9397,13.10165,0.04694,0.09953,0.16125,0.21815,0.13637,0.33777,36.0,72.0,0.08982,0.782
corpus:173-knarz-maschine-acid-knarz-2@0.697,hook,corpus,0.697,21.12096,5838.33978,5411.18631,8.72963,0.00036,0.00192,0.0514,0.08239,0.36327,0.50066,44.0,78.0,0.19163,0.779
corpus:173-knarz-maschine-acid-knarz-2@43.363,hook,corpus,43.363,21.19966,5941.19708,5343.71672,9.22948,0.00373,0.02416,0.01254,0.26477,0.12969,0.56512,32.0,72.0,0.27208,0.776
corpus:173-knarz-maschine-acid-knarz-2@2.032,hook,corpus,2.032,17.41847,5741.65025,5742.12077,0.93325,0.00348,0.01004,0.02787,0.01238,0.36763,0.5786,44.0,78.0,0.14852,0.774
corpus:173-knarz-maschine-acid-knarz-2@31.498,kick,corpus,31.498,8.43553,2360.62829,2360.62829,7.73078,0.344,0.62809,0.02228,0.0039,0.00082,0.0009,30.0,92.0,0.0176,0.768
corpus:173-knarz-maschine-acid-knarz-2@40.391,kick,corpus,40.391,9.88781,2416.68902,2416.68902,11.84018,0.38501,0.57143,0.03778,0.00381,0.00064,0.00133,22.0,74.0,0.01002,0.765
corpus:173-knarz-maschine-acid-knarz-2@56.68,hat,corpus,56.68,14.69077,7292.59225,6966.76454,3.75964,0.00055,0.00147,0.00056,0.00099,0.15793,0.8385,220.0,220.0,0.83634,0.671
corpus:173-knarz-maschine-acid-knarz-2@3.576,kick,corpus,3.576,13.64608,1925.56422,3081.6253,-14.07356,0.38673,0.47176,0.03529,0.03106,0.06634,0.00881,18.0,78.0,0.88642,0.663
corpus:173-knarz-maschine-acid-knarz-2@60.233,hat,corpus,60.233,16.19892,7188.75181,6796.39093,3.69989,0.00021,0.00144,0.00186,0.0026,0.17466,0.81923,244.0,244.0,0.8574,0.653
corpus:173-knarz-maschine-acid-knarz-2@6.908,hat,corpus,6.908,14.07249,7207.57814,6771.35028,4.99026,0.00059,0.00299,0.00068,0.002,0.15385,0.83989,232.0,232.0,0.81136,0.641
corpus:173-knarz-maschine-acid-knarz-2@15.79,hat,corpus,15.79,16.24408,7181.45117,6789.97122,3.77509,0.0009,0.00177,0.0006,0.00303,0.18673,0.80696,244.0,244.0,0.84562,0.634
corpus:173-knarz-maschine-acid-knarz-2@19.342,hat,corpus,19.342,16.20659,7072.60749,6709.6953,4.1345,0.00063,0.00414,0.0013,0.00741,0.1826,0.80393,232.0,232.0,0.89894,0.632
corpus:173-knarz-maschine-acid-knarz-2@38.626,kick,corpus,38.626,10.22707,3091.46804,3091.46804,15.96882,0.37688,0.52104,0.08239,0.01367,0.0031,0.00292,22.0,60.0,0.00225,0.628
corpus:173-knarz-maschine-acid-knarz-2@58.456,hat,corpus,58.456,16.01254,7189.85077,6790.39548,3.97909,0.00061,0.00207,0.00249,0.0051,0.18514,0.80459,232.0,232.0,0.84087,0.627
corpus:173-knarz-maschine-acid-knarz-2@3.785,hat,corpus,3.785,22.13848,4246.74435,5063.37056,-11.3641,0.0008,0.0066,0.00595,0.01047,0.42864,0.54755,18.0,50.0,0.90378,0.621
corpus:173-knarz-maschine-acid-knarz-2@36.92,kick,corpus,36.92,8.29399,1399.45488,1956.54212,-16.06384,0.11706,0.61936,0.25578,0.00439,0.00067,0.00273,138.0,138.0,0.75099,0.619
corpus:173-knarz-maschine-acid-knarz-2@29.489,kick,corpus,29.489,10.05618,3539.83545,3756.47995,10.6583,0.32497,0.63993,0.02267,0.00838,0.00203,0.00201,30.0,56.0,0.00233,0.614
corpus:173-knarz-maschine-acid-knarz-2@62.02,hat,corpus,62.02,16.63235,7161.86555,6782.72941,3.40925,0.00013,0.00076,0.00194,0.00718,0.18621,0.80379,256.0,256.0,0.7399,0.614
corpus:173-knarz-maschine-acid-knarz-2@11.343,hat,corpus,11.343,17.13068,6921.06642,6507.01429,4.26462,0.00156,0.01001,0.0013,0.02995,0.17364,0.78354,232.0,232.0,0.86443,0.609
corpus:174-bellkatze-lightweight-memphis@0.917,space,corpus,0.917,12.99118,5047.50657,4375.01459,39.47182,0.2128,0.4342,0.00415,0.00042,0.04002,0.30841,54.0,138.0,0.38171,0.943
corpus:174-bellkatze-lightweight-memphis@15.801,space,corpus,15.801,12.8881,4931.39776,4418.10695,40.54013,0.15951,0.47293,0.0193,0.0069,0.03207,0.30928,54.0,128.0,0.36043,0.934
corpus:174-bellkatze-lightweight-memphis@30.14,space,corpus,30.14,16.83731,5555.21733,4998.19785,7.39736,0.17433,0.56013,0.10186,0.00479,0.02846,0.13043,52.0,256.0,0.99666,0.898
corpus:174-bellkatze-lightweight-memphis@48.17,space,corpus,48.17,17.33133,5624.22473,5498.14764,3.94855,0.17811,0.54922,0.08598,0.00662,0.03184,0.14822,60.0,278.0,0.99282,0.898
corpus:174-bellkatze-lightweight-memphis@24.16,hat,corpus,24.16,19.33619,6545.59365,6715.96082,-3.45067,1e-05,1e-05,4e-05,5e-05,0.10523,0.89466,38.0,82.0,0.99894,0.861
corpus:174-bellkatze-lightweight-memphis@5.48,hook,corpus,5.48,18.44644,5515.63252,5472.79408,4.80456,0.00863,0.02883,0.3038,0.00862,0.15291,0.49722,34.0,104.0,0.01404,0.83
corpus:174-bellkatze-lightweight-memphis@28.955,hook,corpus,28.955,15.72233,5434.6639,5434.6639,3.77782,0.00312,0.03825,0.32268,0.00634,0.17326,0.45635,38.0,68.0,0.0018,0.829
corpus:174-bellkatze-lightweight-memphis@20.828,hook,corpus,20.828,16.3813,4956.07988,4956.07988,-1.15897,0.00959,0.02283,0.40114,0.02805,0.15082,0.38757,34.0,80.0,0.00689,0.827
corpus:174-bellkatze-lightweight-memphis@58.34,hat,corpus,58.34,18.63232,6570.67892,6756.53456,-1.94655,0.0,8e-05,0.00021,0.00012,0.13392,0.86567,68.0,266.0,0.96574,0.822
corpus:174-bellkatze-lightweight-memphis@19.029,hook,corpus,19.029,15.36912,5469.12483,5469.12483,0.7839,0.00572,0.0272,0.40538,0.0157,0.1597,0.38631,36.0,58.0,0.00104,0.818
corpus:174-bellkatze-lightweight-memphis@46.092,hook,corpus,46.092,17.74759,5941.35744,5964.40373,4.3734,0.00556,0.01478,0.28075,0.00094,0.11461,0.58336,58.0,104.0,0.03142,0.816
corpus:174-bellkatze-lightweight-memphis@2.786,hook,corpus,2.786,17.11277,5507.6055,5507.6055,7.05433,0.00834,0.00996,0.35413,0.00827,0.17605,0.44325,42.0,92.0,0.00374,0.814
corpus:174-bellkatze-lightweight-memphis@44.28,hook,corpus,44.28,16.66388,5682.45883,5682.45883,5.64321,0.00812,0.0204,0.31706,0.00317,0.13357,0.51767,62.0,92.0,0.05615,0.811
corpus:174-bellkatze-lightweight-memphis@24.427,hook,corpus,24.427,15.51613,5588.43298,5588.43298,-2.61027,0.00701,0.01694,0.2571,0.00388,0.13653,0.57854,36.0,58.0,0.00979,0.81
corpus:174-bellkatze-lightweight-memphis@52.024,hat,corpus,52.024,15.77484,6734.38405,6605.36838,1.6367,3e-05,0.00024,0.01698,0.00021,0.10038,0.88216,108.0,244.0,0.9518,0.779
corpus:174-bellkatze-lightweight-memphis@41.657,hat,corpus,41.657,14.02377,6870.55338,6855.27582,1.29146,0.0,4e-05,0.00116,0.0001,0.11364,0.88505,244.0,244.0,0.85969,0.77
corpus:174-bellkatze-lightweight-memphis@39.393,hat,corpus,39.393,16.20454,6669.68871,6526.4116,1.82176,3e-05,0.00037,0.02669,0.00022,0.12597,0.84673,128.0,220.0,0.98178,0.747
corpus:174-bellkatze-lightweight-memphis@47.055,hat,corpus,47.055,13.42901,6794.86915,6563.00944,3.61001,2e-05,0.00075,0.00383,8e-05,0.11735,0.87797,244.0,244.0,0.99741,0.744
corpus:174-bellkatze-lightweight-memphis@0.174,hat,corpus,0.174,11.0214,6776.51454,7026.75984,-1.52227,4e-05,0.00209,0.0683,0.00063,0.09791,0.83103,232.0,232.0,0.7753,0.743
corpus:174-bellkatze-lightweight-memphis@18.75,hat,corpus,18.75,18.92107,6539.90619,6555.61212,5.62575,3e-05,2e-05,9e-05,3e-05,0.10581,0.89402,36.0,128.0,0.99855,0.723
corpus:174-bellkatze-lightweight-memphis@29.025,hat,corpus,29.025,11.70809,6620.21801,6435.22762,3.71485,4e-05,8e-05,0.02045,0.0008,0.11058,0.86804,244.0,244.0,0.92754,0.723
corpus:174-bellkatze-lightweight-memphis@59.722,hat,corpus,59.722,13.1076,6908.4259,6918.73976,0.42179,0.0,1e-05,0.00213,8e-05,0.10849,0.88929,232.0,232.0,0.65435,0.717
corpus:174-bellkatze-lightweight-memphis@3.762,hat,corpus,3.762,12.3255,6765.13433,6754.78916,5.55014,0.0,0.0001,0.0003,7e-05,0.10033,0.8992,128.0,128.0,0.8226,0.701
corpus:174-bellkatze-lightweight-memphis@34.888,hat,corpus,34.888,18.90619,6680.73167,6854.44175,-2.20441,1e-05,2e-05,0.00011,0.00052,0.11524,0.88409,94.0,266.0,0.55575,0.7
corpus:174-bellkatze-lightweight-memphis@17.09,kick,corpus,17.09,13.56712,2877.91909,3276.8426,-27.27628,0.20723,0.6361,0.08453,0.00138,0.00824,0.06253,62.0,116.0,0.20475,0.685
corpus:174-bellkatze-lightweight-memphis@17.984,kick,corpus,17.984,12.4358,2912.34857,3235.25853,-18.97626,0.21178,0.64167,0.07843,0.00226,0.00886,0.057,44.0,128.0,0.3254,0.672
corpus:174-bellkatze-lightweight-memphis@10.774,kick,corpus,10.774,11.47058,3049.81461,3167.10067,-18.07429,0.2036,0.64214,0.07972,0.00512,0.00808,0.06133,46.0,104.0,0.23002,0.662
corpus:174-bellkatze-lightweight-memphis@19.783,kick,corpus,19.783,12.83173,2919.17748,3583.78375,-22.85868,0.2146,0.63898,0.08751,0.00187,0.00551,0.05153,46.0,138.0,0.50419,0.658
corpus:174-bellkatze-lightweight-memphis@3.553,kick,corpus,3.553,11.60035,3124.85151,3290.01771,-15.01142,0.20585,0.64491,0.08477,0.00329,0.00696,0.05422,46.0,116.0,0.22177,0.655
corpus:174-bellkatze-lightweight-memphis@25.205,kick,corpus,25.205,12.63327,3167.64386,3314.87725,-20.86667,0.19276,0.61942,0.11589,0.00405,0.00649,0.06138,36.0,104.0,0.26916,0.651
corpus:174-bellkatze-lightweight-memphis@15.279,kick,corpus,15.279,12.86456,3530.99272,3541.73692,-21.12641,0.20119,0.63887,0.08288,0.00198,0.00989,0.06518,54.0,104.0,0.29466,0.65
corpus:174-bellkatze-lightweight-memphis@4.458,kick,corpus,4.458,13.73804,3190.04482,3286.06622,-15.35696,0.19392,0.63626,0.10065,0.00281,0.00959,0.05676,46.0,116.0,0.18562,0.641
corpus:174-bellkatze-lightweight-memphis@24.3,kick,corpus,24.3,14.06702,2984.87425,3351.63047,-19.83067,0.18798,0.62688,0.11087,0.00225,0.00768,0.06434,38.0,128.0,0.24816,0.636
corpus:174-bellkatze-lightweight-memphis@27.005,kick,corpus,27.005,10.63039,3582.91191,3582.91191,-20.2017,0.19392,0.5932,0.13702,0.00504,0.00728,0.06353,80.0,80.0,0.43077,0.633
corpus:174-bellkatze-lightweight-memphis@20.689,kick,corpus,20.689,14.15416,2891.33285,3505.20673,-18.29421,0.20189,0.63897,0.08281,0.00255,0.00522,0.06857,68.0,138.0,0.38802,0.629
corpus:174-bellkatze-lightweight-memphis@5.352,kick,corpus,5.352,12.48198,3622.26184,3821.71285,-17.05007,0.20489,0.64214,0.07377,0.00399,0.01059,0.06463,44.0,128.0,0.28262,0.621
corpus:175-unknown-war-heads-kalium@41.517,kick,corpus,41.517,12.94357,1056.03409,1215.55071,-15.28893,0.42855,0.45107,0.09434,0.022,0.00282,0.00122,18.0,122.0,0.07557,0.906
corpus:175-unknown-war-heads-kalium@37.802,kick,corpus,37.802,13.27052,1508.68577,1346.09594,-7.74055,0.45494,0.40836,0.10702,0.02388,0.00383,0.00196,26.0,116.0,0.05144,0.905
corpus:175-unknown-war-heads-kalium@6.014,space,corpus,6.014,10.4004,4863.16907,3927.22338,15.4397,0.23739,0.55386,0.13499,0.00544,0.00546,0.06285,76.0,290.0,0.8536,0.901
corpus:175-unknown-war-heads-kalium@33.715,space,corpus,33.715,13.04618,3455.71474,3455.71474,43.36807,0.02288,0.20303,0.59646,0.04013,0.05364,0.08386,92.0,92.0,0.70603,0.9
corpus:175-unknown-war-heads-kalium@32.334,kick,corpus,32.334,10.91377,1898.91625,2496.82551,-32.81885,0.49809,0.29071,0.17634,0.02731,0.00363,0.00393,46.0,128.0,0.64386,0.894
corpus:175-unknown-war-heads-kalium@39.671,kick,corpus,39.671,12.97757,960.04537,988.94853,0.36137,0.45905,0.43333,0.08225,0.0239,0.00082,0.00065,30.0,116.0,0.18392,0.894
corpus:175-unknown-war-heads-kalium@2.403,space,corpus,2.403,10.02139,5501.24782,4379.61395,29.22142,0.35431,0.47547,0.03249,0.00223,0.01104,0.12445,54.0,186.0,0.20575,0.892
corpus:175-unknown-war-heads-kalium@0.58,space,corpus,0.58,13.72989,6071.08834,6015.77942,27.6986,0.31088,0.20204,0.06162,0.00393,0.03735,0.38418,116.0,116.0,0.22722,0.877
corpus:175-unknown-war-heads-kalium@24.892,kick,corpus,24.892,11.53555,1985.69495,2064.52242,-20.3502,0.39574,0.31879,0.24196,0.03346,0.00551,0.00453,44.0,128.0,0.41099,0.866
corpus:175-unknown-war-heads-kalium@30.476,kick,corpus,30.476,9.73634,2145.31474,2180.62826,-28.47717,0.37054,0.31815,0.27774,0.021,0.00593,0.00665,68.0,116.0,0.60396,0.854
corpus:175-unknown-war-heads-kalium@56.401,kick,corpus,56.401,13.31292,4076.71367,4657.37055,-21.26146,0.5193,0.27557,0.04743,0.00757,0.0171,0.13303,50.0,128.0,0.09163,0.837
corpus:175-unknown-war-heads-kalium@48.599,kick,corpus,48.599,10.71515,1481.50928,1941.61202,-12.69789,0.53835,0.22857,0.16877,0.05326,0.00425,0.0068,16.0,138.0,0.75664,0.817
corpus:175-unknown-war-heads-kalium@54.544,kick,corpus,54.544,14.04615,5022.62221,5523.87821,-9.07424,0.559,0.20771,0.0218,0.00429,0.02076,0.18645,52.0,98.0,0.02256,0.794
corpus:175-unknown-war-heads-kalium@10.96,hat,corpus,10.96,15.94308,5195.49534,5195.49534,-58.60116,0.00521,0.07505,0.08344,0.01041,0.14971,0.67619,46.0,80.0,0.08177,0.779
corpus:175-unknown-war-heads-kalium@17.113,kick,corpus,17.113,8.07887,1995.99631,1945.66389,-49.41566,0.18961,0.62951,0.16242,0.00083,0.00272,0.01491,94.0,104.0,0.37456,0.778
corpus:175-unknown-war-heads-kalium@60.592,hat,corpus,60.592,16.932,4453.075,6952.40204,-33.2225,0.00037,0.00182,0.01674,0.00244,0.09039,0.88823,66.0,190.0,0.11078,0.777
corpus:175-unknown-war-heads-kalium@18.971,kick,corpus,18.971,7.79545,2285.18593,2302.28788,-35.50234,0.21829,0.5889,0.17009,0.00197,0.00335,0.01741,104.0,104.0,0.46284,0.774
corpus:175-unknown-war-heads-kalium@9.671,kick,corpus,9.671,8.14775,2107.15714,1987.25197,-33.56727,0.19851,0.61927,0.16111,0.00153,0.00295,0.01662,72.0,104.0,0.39507,0.773
corpus:175-unknown-war-heads-kalium@23.394,hook,corpus,23.394,15.12348,4517.89666,4910.71979,-5.46048,0.00411,0.02706,0.64789,0.07916,0.08908,0.1527,96.0,206.0,0.10673,0.772
corpus:175-unknown-war-heads-kalium@23.754,hook,corpus,23.754,15.45401,4194.24548,4629.34644,-7.84975,0.00392,0.06172,0.68641,0.09318,0.05811,0.09666,68.0,220.0,0.1268,0.758
corpus:175-unknown-war-heads-kalium@27.121,hook,corpus,27.121,14.41897,4544.75399,4972.04292,-7.9536,0.00432,0.05159,0.63736,0.04632,0.09632,0.1641,90.0,208.0,0.0964,0.755
corpus:175-unknown-war-heads-kalium@29.327,hook,corpus,29.327,16.23573,4416.05161,4784.71262,-6.23111,0.01148,0.04052,0.64921,0.09075,0.07756,0.13048,78.0,232.0,0.16219,0.754
corpus:175-unknown-war-heads-kalium@53.15,hat,corpus,53.15,16.49043,3870.83606,6606.86406,-34.62854,0.00453,0.02504,0.05254,0.00162,0.08501,0.83126,66.0,120.0,0.1423,0.754
corpus:175-unknown-war-heads-kalium@8.603,hook,corpus,8.603,17.37425,4497.5439,4999.09494,5.13398,0.00701,0.20861,0.18826,0.00237,0.06536,0.5284,46.0,116.0,0.26794,0.744
corpus:175-unknown-war-heads-kalium@14.443,hook,corpus,14.443,15.0802,5931.48582,5931.48582,12.65601,0.04072,0.25633,0.12221,0.01435,0.09934,0.46706,42.0,58.0,0.02307,0.744
corpus:175-unknown-war-heads-kalium@25.24,hook,corpus,25.24,15.14121,4391.1291,4655.30154,-4.70268,0.01262,0.05036,0.64937,0.07873,0.07889,0.13003,92.0,232.0,0.14467,0.744
corpus:175-unknown-war-heads-kalium@56.854,hat,corpus,56.854,16.10585,3989.87579,5995.91047,-24.87983,0.00273,0.03664,0.1247,0.00872,0.0774,0.74981,64.0,232.0,0.4375,0.742
corpus:175-unknown-war-heads-kalium@33.054,hook,corpus,33.054,15.0247,4104.7015,4717.90721,-9.31598,0.01977,0.09506,0.61386,0.09421,0.06546,0.11163,80.0,220.0,0.18469,0.741
corpus:175-unknown-war-heads-kalium@53.592,hat,corpus,53.592,15.49551,3160.71376,5072.22449,-23.25466,0.0304,0.12778,0.19523,0.00725,0.06148,0.57786,88.0,220.0,0.68207,0.702
corpus:175-unknown-war-heads-kalium@12.817,hat,corpus,12.817,16.2287,5153.84558,5153.84558,-54.89367,0.04762,0.22366,0.02369,0.00887,0.12544,0.57072,40.0,80.0,0.11926,0.701
corpus:175-unknown-war-heads-kalium@19.667,hat,corpus,19.667,16.60409,5123.15615,5661.18194,-41.17216,0.01891,0.06057,0.0187,0.00876,0.15336,0.7397,50.0,116.0,0.0993,0.699
corpus:175-unknown-war-heads-kalium@21.525,hat,corpus,21.525,15.08406,4566.73803,5355.6752,-42.91995,0.01784,0.25713,0.09182,0.00696,0.10526,0.52098,96.0,128.0,0.33958,0.664
corpus:175-unknown-war-heads-kalium@58.723,hat,corpus,58.723,16.00925,3597.556,5975.71034,-23.80558,0.01138,0.09474,0.08207,0.00495,0.07997,0.7269,70.0,204.0,0.33614,0.66
corpus:175-unknown-war-heads-kalium@55.484,hat,corpus,55.484,16.5865,3269.14121,5675.92313,-32.522,0.0105,0.05024,0.06917,0.0203,0.08167,0.76811,70.0,136.0,0.12344,0.643
corpus:175-unknown-war-heads-kalium@10.356,hat,corpus,10.356,17.33546,5528.61895,6133.30544,-32.45754,0.00437,0.04602,0.03449,0.00792,0.15167,0.75552,56.0,116.0,0.10377,0.635
corpus:175-unknown-war-heads-kalium@17.798,hat,corpus,17.798,17.58197,5817.22192,6132.44319,-30.46082,0.00394,0.04598,0.01824,0.00779,0.15146,0.77259,64.0,116.0,0.11575,0.634
corpus:176-pasquale-maassen-stompin@9.996,kick,corpus,9.996,4.01711,1472.6022,1472.6022,-22.99392,0.5088,0.43254,0.04333,0.00997,0.00413,0.00123,92.0,92.0,0.51147,0.937
corpus:176-pasquale-maassen-stompin@36.85,kick,corpus,36.85,4.86408,1330.53523,1330.53523,-18.84173,0.51908,0.40595,0.05631,0.01391,0.00444,0.00031,92.0,92.0,0.50877,0.936
corpus:176-pasquale-maassen-stompin@25.101,kick,corpus,25.101,4.74014,1290.26291,1290.26291,-14.8585,0.52403,0.40491,0.0541,0.01273,0.00396,0.00027,92.0,92.0,0.51269,0.931
corpus:176-pasquale-maassen-stompin@51.955,kick,corpus,51.955,4.91474,1256.88017,1256.88017,-20.23257,0.50847,0.39632,0.06088,0.0293,0.0047,0.00033,92.0,92.0,0.50232,0.93
corpus:176-pasquale-maassen-stompin@46.08,kick,corpus,46.08,4.1411,1091.72547,1091.72547,-18.56196,0.4706,0.42987,0.07899,0.01742,0.00288,0.00023,92.0,92.0,0.46931,0.926
corpus:176-pasquale-maassen-stompin@6.641,kick,corpus,6.641,4.05835,1473.83509,1473.83509,-12.88945,0.51231,0.43473,0.03915,0.00891,0.00381,0.00108,92.0,92.0,0.49617,0.925
corpus:176-pasquale-maassen-stompin@18.379,kick,corpus,18.379,3.96118,1787.55713,1806.91598,-27.32835,0.48794,0.43755,0.05027,0.01233,0.00875,0.00316,104.0,104.0,0.57373,0.923
corpus:176-pasquale-maassen-stompin@30.975,kick,corpus,30.975,4.43807,1178.08964,1178.08964,-17.00831,0.46784,0.4347,0.07827,0.01589,0.00304,0.00025,92.0,92.0,0.46712,0.923
corpus:176-pasquale-maassen-stompin@63.704,kick,corpus,63.704,4.08396,1537.66783,1537.66783,-12.6722,0.51184,0.43539,0.03846,0.00927,0.00387,0.00117,92.0,92.0,0.49604,0.923
corpus:176-pasquale-maassen-stompin@34.331,kick,corpus,34.331,4.2673,1196.81366,1196.81366,-15.79271,0.46326,0.41303,0.10445,0.01589,0.00306,0.00031,92.0,92.0,0.48034,0.918
corpus:176-pasquale-maassen-stompin@42.725,kick,corpus,42.725,4.30156,1124.83162,1124.83162,-12.03926,0.47461,0.43647,0.07128,0.01494,0.00255,0.00016,92.0,92.0,0.45913,0.918
corpus:176-pasquale-maassen-stompin@11.668,kick,corpus,11.668,4.16912,1810.54431,1645.25837,-18.43579,0.48102,0.43443,0.06087,0.01291,0.00789,0.00288,104.0,104.0,0.60716,0.909
corpus:176-pasquale-maassen-stompin@45.023,hook,corpus,45.023,15.42403,4059.99618,4059.99618,-1.52548,0.17366,0.10539,0.09089,0.27604,0.26423,0.08978,52.0,92.0,0.01716,0.801
corpus:176-pasquale-maassen-stompin@48.379,hook,corpus,48.379,15.22939,3998.1492,3998.1492,1.28714,0.19771,0.1291,0.07703,0.27139,0.24056,0.08421,50.0,92.0,0.01694,0.773
corpus:176-pasquale-maassen-stompin@43.34,hook,corpus,43.34,14.85018,3982.83107,4021.83463,1.36305,0.15627,0.22145,0.08193,0.24706,0.2193,0.07398,50.0,104.0,0.02022,0.771
corpus:176-pasquale-maassen-stompin@34.946,hook,corpus,34.946,14.04892,3873.24441,3995.94918,-2.413,0.18361,0.32963,0.05808,0.19503,0.1749,0.05875,52.0,104.0,0.01728,0.702
corpus:176-pasquale-maassen-stompin@58.027,space,corpus,58.027,7.93407,3833.71353,3833.71353,31.49697,0.07072,0.15161,0.62898,0.07343,0.02959,0.04566,58.0,58.0,0.13573,0.697
corpus:176-pasquale-maassen-stompin@50.051,hook,corpus,50.051,13.73228,3948.6711,3969.40551,4.66279,0.19565,0.3322,0.05558,0.19326,0.16724,0.05606,52.0,104.0,0.01693,0.663
corpus:176-pasquale-maassen-stompin@45.859,hook,corpus,45.859,10.05657,3536.18892,3536.18892,-2.8158,0.0794,0.07373,0.58315,0.12358,0.10252,0.03761,68.0,68.0,0.12985,0.656
corpus:176-pasquale-maassen-stompin@31.591,hook,corpus,31.591,13.44414,4075.26863,4075.26863,10.92638,0.15177,0.28107,0.07283,0.22893,0.19984,0.06557,54.0,80.0,0.01576,0.655
corpus:176-pasquale-maassen-stompin@33.274,hook,corpus,33.274,13.84693,4099.90527,4099.90527,12.84762,0.19507,0.12829,0.07895,0.26815,0.2451,0.08443,50.0,68.0,0.01081,0.654
corpus:177-berba-pt-cooking-cookies@3.1,kick,corpus,3.1,4.3338,2198.48698,2198.48698,-8.06786,0.32959,0.5915,0.04942,0.01649,0.01092,0.00206,80.0,80.0,0.43171,0.806
corpus:177-berba-pt-cooking-cookies@5.445,kick,corpus,5.445,4.88112,1955.59936,1955.59936,-16.29424,0.28421,0.6079,0.06756,0.02389,0.01354,0.00289,80.0,80.0,0.38691,0.804
corpus:177-berba-pt-cooking-cookies@26.622,kick,corpus,26.622,4.89682,2172.45749,2172.45749,-15.10148,0.27593,0.63084,0.06314,0.01283,0.01423,0.00304,80.0,80.0,0.35682,0.8
corpus:177-berba-pt-cooking-cookies@7.012,kick,corpus,7.012,4.96806,2025.44424,2025.44424,-13.79625,0.28625,0.59807,0.0827,0.01604,0.01397,0.00297,92.0,92.0,0.47235,0.798
corpus:177-berba-pt-cooking-cookies@16.428,kick,corpus,16.428,4.70576,2251.9625,2251.9625,-18.73825,0.26899,0.61985,0.07772,0.01678,0.01368,0.00298,80.0,80.0,0.35381,0.796
corpus:177-berba-pt-cooking-cookies@22.698,kick,corpus,22.698,4.94834,2258.46815,2258.46815,-16.62718,0.28509,0.59671,0.08053,0.02067,0.01371,0.00329,4.0,92.0,0.49575,0.791
corpus:177-berba-pt-cooking-cookies@37.605,kick,corpus,37.605,4.52081,2340.95362,2340.95362,-10.72509,0.28434,0.63131,0.05132,0.01672,0.01355,0.00276,80.0,80.0,0.37071,0.781
corpus:177-berba-pt-cooking-cookies@2.31,kick,corpus,2.31,4.87389,2264.58282,2264.58282,-10.4333,0.27321,0.6223,0.07441,0.01299,0.01422,0.00288,80.0,80.0,0.34233,0.779
corpus:177-berba-pt-cooking-cookies@3.866,kick,corpus,3.866,4.99611,2191.7877,2191.7877,-19.14239,0.25426,0.62445,0.08866,0.0159,0.01382,0.00291,4.0,92.0,0.51927,0.779
corpus:177-berba-pt-cooking-cookies@8.58,kick,corpus,8.58,5.09627,2232.5466,2232.5466,-17.11686,0.26881,0.61972,0.06757,0.02707,0.01384,0.003,92.0,92.0,0.45911,0.774
corpus:177-berba-pt-cooking-cookies@49.366,kick,corpus,49.366,5.17009,2264.03129,2264.03129,-8.91166,0.2813,0.62421,0.06144,0.01497,0.01519,0.00289,80.0,80.0,0.40338,0.773
corpus:177-berba-pt-cooking-cookies@50.155,kick,corpus,50.155,4.5935,2472.01807,2472.01807,-10.23385,0.28785,0.62741,0.05144,0.01829,0.01247,0.00254,80.0,80.0,0.39443,0.773
corpus:177-berba-pt-cooking-cookies@21.014,hook,corpus,21.014,8.42127,2240.48688,2240.48688,-20.69713,0.07794,0.39864,0.23474,0.24332,0.04014,0.00523,68.0,68.0,0.28098,0.71
corpus:177-berba-pt-cooking-cookies@10.426,hook,corpus,10.426,7.83478,2543.52257,2543.52257,-4.56916,0.07565,0.48831,0.22198,0.1745,0.03199,0.00757,68.0,68.0,0.25049,0.66
corpus:177-berba-pt-cooking-cookies@0.232,hook,corpus,0.232,8.33091,2262.97846,2262.97846,-14.96737,0.07224,0.47189,0.24738,0.16575,0.03445,0.00829,68.0,68.0,0.34674,0.623
corpus:177-berba-pt-cooking-cookies@60.651,hook,corpus,60.651,7.57533,2546.49705,2546.49705,-11.41053,0.03344,0.61863,0.17062,0.14122,0.02577,0.01033,80.0,80.0,0.43512,0.623
corpus:178-stromtod-ein-endloser-kreislauf@5.875,space,corpus,5.875,11.43379,4239.95802,3645.88199,34.26142,0.27462,0.51369,0.0361,0.00227,0.09793,0.07539,16.0,138.0,0.37757,0.932
corpus:178-stromtod-ein-endloser-kreislauf@13.874,space,corpus,13.874,10.95211,3889.51361,3605.98581,34.363,0.27959,0.53469,0.034,0.00303,0.08224,0.06646,92.0,116.0,0.40403,0.932
corpus:178-stromtod-ein-endloser-kreislauf@12.968,space,corpus,12.968,9.97423,3597.48447,2701.86308,38.27753,0.34757,0.51922,0.0265,0.00346,0.05933,0.04391,28.0,150.0,0.42282,0.918
corpus:178-stromtod-ein-endloser-kreislauf@4.528,space,corpus,4.528,10.24374,3580.18639,3174.45845,34.78169,0.28881,0.53152,0.03661,0.01546,0.08523,0.04236,28.0,116.0,0.3998,0.915
corpus:178-stromtod-ein-endloser-kreislauf@15.569,kick,corpus,15.569,5.15559,1500.51379,1500.51379,-26.1315,0.23214,0.75064,0.01227,0.00149,0.00262,0.00084,92.0,92.0,0.40569,0.82
corpus:178-stromtod-ein-endloser-kreislauf@28.015,kick,corpus,28.015,4.86682,1714.07608,1714.07608,-28.75789,0.21134,0.77074,0.01192,0.00271,0.0023,0.00098,80.0,80.0,0.3711,0.802
corpus:178-stromtod-ein-endloser-kreislauf@0.673,hook,corpus,0.673,18.43258,5182.18476,5182.18476,-12.91529,0.00188,0.0037,0.01188,0.01206,0.61183,0.35864,42.0,80.0,0.02995,0.779
corpus:178-stromtod-ein-endloser-kreislauf@8.452,kick,corpus,8.452,5.2614,1631.72995,1631.72995,-24.50214,0.18472,0.79654,0.01395,0.00157,0.0028,0.00042,92.0,92.0,0.43171,0.774
corpus:178-stromtod-ein-endloser-kreislauf@58.456,hook,corpus,58.456,14.40971,5503.61852,5503.61852,-3.04037,0.00016,0.00028,0.00878,0.0081,0.70479,0.27789,48.0,80.0,0.03897,0.774
corpus:178-stromtod-ein-endloser-kreislauf@4.214,hook,corpus,4.214,19.84263,5023.93591,5023.93591,-4.17535,0.00196,0.00259,0.00975,0.02298,0.63525,0.32748,38.0,92.0,0.16336,0.77
corpus:178-stromtod-ein-endloser-kreislauf@21.676,hook,corpus,21.676,12.41885,1847.8772,1847.8772,-20.11159,0.01333,0.20403,0.49273,0.24295,0.044,0.00297,68.0,68.0,0.22836,0.768
corpus:178-stromtod-ein-endloser-kreislauf@55.565,kick,corpus,55.565,5.71584,2069.84899,1974.67226,-14.22849,0.22529,0.74095,0.02217,0.00261,0.00765,0.00134,104.0,104.0,0.44546,0.767
corpus:178-stromtod-ein-endloser-kreislauf@16.451,kick,corpus,16.451,5.36622,1662.02621,1662.02621,-16.69312,0.19738,0.78726,0.01098,0.00169,0.00192,0.00078,92.0,92.0,0.44701,0.765
corpus:178-stromtod-ein-endloser-kreislauf@17.345,kick,corpus,17.345,5.10923,1542.46797,1542.46797,-5.97232,0.23141,0.75301,0.01213,0.00086,0.00171,0.00088,92.0,92.0,0.40127,0.761
corpus:178-stromtod-ein-endloser-kreislauf@40.02,kick,corpus,40.02,4.89947,1317.94407,1317.94407,-3.28527,0.22518,0.76272,0.01043,0.00064,0.00065,0.00038,80.0,80.0,0.30269,0.76
corpus:178-stromtod-ein-endloser-kreislauf@30.674,kick,corpus,30.674,5.23066,1626.59548,1626.59548,-14.48722,0.19497,0.79029,0.01135,0.0017,0.00101,0.00068,92.0,92.0,0.43144,0.758
corpus:178-stromtod-ein-endloser-kreislauf@59.118,kick,corpus,59.118,5.76179,1991.60058,1990.31723,-16.29109,0.20652,0.7703,0.0132,0.00146,0.00731,0.00119,104.0,104.0,0.46904,0.757
corpus:178-stromtod-ein-endloser-kreislauf@45.43,kick,corpus,45.43,10.40392,3167.31103,3703.54834,-5.15416,0.4081,0.52413,0.01247,0.00209,0.00838,0.04484,70.0,186.0,0.38212,0.748
corpus:178-stromtod-ein-endloser-kreislauf@36.897,kick,corpus,36.897,5.07558,1409.39818,1409.39818,-9.14083,0.19432,0.78858,0.01424,0.00162,0.00106,0.00017,92.0,92.0,0.4389,0.744
corpus:178-stromtod-ein-endloser-kreislauf@22.674,kick,corpus,22.674,5.14418,1699.90552,1699.90552,-11.95873,0.19197,0.78699,0.01442,0.00241,0.00387,0.00034,92.0,92.0,0.43754,0.742
corpus:178-stromtod-ein-endloser-kreislauf@13.99,hook,corpus,13.99,17.74776,5109.70854,5063.72671,-1.98761,0.00309,0.00798,0.00802,0.05643,0.7334,0.19107,38.0,104.0,0.13699,0.741
corpus:178-stromtod-ein-endloser-kreislauf@25.565,hook,corpus,25.565,14.38689,5846.14947,5846.14947,3.29404,0.00025,0.00031,0.001,0.05616,0.38048,0.5618,92.0,92.0,0.25929,0.738
corpus:178-stromtod-ein-endloser-kreislauf@54.904,hook,corpus,54.904,13.941,5675.27734,5675.27734,-1.03523,4e-05,7e-05,0.00102,0.00243,0.77388,0.22256,46.0,80.0,0.02779,0.737
corpus:178-stromtod-ein-endloser-kreislauf@58.015,hook,corpus,58.015,12.3936,5846.56444,5846.56444,-0.70948,5e-05,0.00013,0.0005,0.00076,0.76911,0.22946,56.0,68.0,0.02759,0.735
corpus:179-ayako-mori-inquieto-ayako-mori-ire-land-of-the-wind-inquieto@51.003,space,corpus,51.003,10.97937,5179.40805,5179.40805,51.11751,0.07008,0.50771,0.02118,0.0064,0.09498,0.29964,80.0,80.0,0.15487,0.936
corpus:179-ayako-mori-inquieto-ayako-mori-ire-land-of-the-wind-inquieto@53.626,space,corpus,53.626,13.2869,5149.84688,5041.42493,41.58138,0.06973,0.42472,0.00177,0.00074,0.12883,0.37421,48.0,104.0,0.24765,0.902
corpus:179-ayako-mori-inquieto-ayako-mori-ire-land-of-the-wind-inquieto@57.76,space,corpus,57.76,12.68166,5309.80886,5309.80886,44.42783,0.09587,0.33369,0.00418,0.00536,0.14158,0.41931,46.0,92.0,0.1321,0.902
corpus:179-ayako-mori-inquieto-ayako-mori-ire-land-of-the-wind-inquieto@51.374,space,corpus,51.374,13.55854,5082.93228,4873.88722,40.35433,0.06629,0.48528,0.00378,0.0011,0.10659,0.33696,50.0,116.0,0.24107,0.895
corpus:179-ayako-mori-inquieto-ayako-mori-ire-land-of-the-wind-inquieto@4.156,hook,corpus,4.156,17.94268,2507.00779,2507.00779,-3.49278,0.00051,0.03407,0.19011,0.3677,0.39984,0.00777,92.0,92.0,0.21842,0.804
corpus:179-ayako-mori-inquieto-ayako-mori-ire-land-of-the-wind-inquieto@54.404,hook,corpus,54.404,12.95864,6168.25982,6168.25982,6.51694,0.05379,0.09886,0.0027,0.00311,0.21637,0.62517,48.0,68.0,0.01615,0.797
corpus:179-ayako-mori-inquieto-ayako-mori-ire-land-of-the-wind-inquieto@54.033,hook,corpus,54.033,12.38657,6242.69274,6242.69274,2.3059,0.02949,0.09888,0.00782,0.0039,0.20899,0.65092,46.0,58.0,0.00866,0.793
corpus:179-ayako-mori-inquieto-ayako-mori-ire-land-of-the-wind-inquieto@36.026,hook,corpus,36.026,13.83912,6185.42688,6185.42688,3.56544,0.00907,0.02495,0.00634,0.0138,0.24835,0.69749,72.0,92.0,0.05725,0.778
corpus:179-ayako-mori-inquieto-ayako-mori-ire-land-of-the-wind-inquieto@28.63,hook,corpus,28.63,12.92096,5255.88982,5255.88982,-4.61259,0.00037,0.00191,0.02412,0.01499,0.68405,0.27457,68.0,68.0,0.05562,0.775
corpus:179-ayako-mori-inquieto-ayako-mori-ire-land-of-the-wind-inquieto@34.249,hook,corpus,34.249,11.74511,5643.74506,5643.74506,-1.35717,0.00182,0.00611,0.00366,0.00276,0.60518,0.38047,68.0,68.0,0.12016,0.774
corpus:179-ayako-mori-inquieto-ayako-mori-ire-land-of-the-wind-inquieto@44.652,hook,corpus,44.652,13.81584,5293.94289,5293.94289,-9.01772,0.00922,0.02944,0.00294,0.02688,0.47876,0.45277,80.0,80.0,0.11819,0.773
corpus:179-ayako-mori-inquieto-ayako-mori-ire-land-of-the-wind-inquieto@35.271,hook,corpus,35.271,14.11713,5815.31793,5756.60117,7.19358,0.04357,0.10242,0.00548,0.00307,0.22577,0.61969,50.0,104.0,0.1196,0.77
corpus:179-ayako-mori-inquieto-ayako-mori-ire-land-of-the-wind-inquieto@22.895,kick,corpus,22.895,9.72847,2394.01773,2394.01773,5.60987,0.261,0.65306,0.07548,0.0048,0.0018,0.00387,8.0,68.0,0.11747,0.693
corpus:179-ayako-mori-inquieto-ayako-mori-ire-land-of-the-wind-inquieto@22.245,kick,corpus,22.245,9.7001,2219.02159,2219.02159,-35.85823,0.09229,0.61472,0.24183,0.00201,0.04275,0.00639,68.0,68.0,0.39588,0.677
corpus:179-ayako-mori-inquieto-ayako-mori-ire-land-of-the-wind-inquieto@22.152,kick,corpus,22.152,10.37612,2004.87361,2004.87361,-27.75443,0.046,0.67397,0.24593,0.00172,0.02592,0.00646,52.0,92.0,0.35263,0.612
corpus:179-ayako-mori-inquieto-ayako-mori-ire-land-of-the-wind-inquieto@22.059,kick,corpus,22.059,8.87925,1752.15048,1752.15048,-20.9036,0.05608,0.75188,0.15319,0.00727,0.0288,0.00278,92.0,92.0,0.55229,0.609
corpus:180-vislumbres-ne@17.752,hook,corpus,17.752,16.93436,4873.22494,5015.64933,-2.52255,0.00203,0.0041,0.08187,0.19183,0.30811,0.41205,94.0,174.0,0.13054,0.852
corpus:180-vislumbres-ne@37.001,hook,corpus,37.001,16.90612,4297.16872,4599.37905,-5.4517,0.00832,0.00768,0.00522,0.59099,0.15074,0.23705,68.0,186.0,0.21438,0.846
corpus:180-vislumbres-ne@11.331,hook,corpus,11.331,15.76317,4058.09155,4470.40119,-7.42794,5e-05,0.00024,0.00587,0.57359,0.18022,0.24004,64.0,174.0,0.24635,0.845
corpus:180-vislumbres-ne@23.789,hook,corpus,23.789,19.48564,4931.2454,4832.54567,-1.57631,0.00388,0.00762,0.01029,0.47755,0.24497,0.25569,90.0,348.0,0.27596,0.831
corpus:180-vislumbres-ne@38.51,hook,corpus,38.51,15.86814,4021.82194,4174.06838,-4.79753,0.01563,0.06509,0.00785,0.56169,0.17319,0.17654,106.0,162.0,0.25506,0.829
corpus:180-vislumbres-ne@10.902,clap,corpus,10.902,14.07303,3204.02646,3161.54124,2.26402,1e-05,4e-05,0.00089,0.84724,0.12283,0.02899,140.0,232.0,0.97339,0.828
corpus:180-vislumbres-ne@51.351,hook,corpus,51.351,15.89036,3859.68793,3887.26101,-1.22224,0.16197,0.02542,0.03695,0.50845,0.12642,0.14079,88.0,150.0,0.24744,0.825
corpus:180-vislumbres-ne@7.21,hook,corpus,7.21,17.1179,4866.96197,4968.90367,-8.3425,0.00028,0.00652,0.01145,0.22317,0.3276,0.43098,138.0,138.0,0.17322,0.82
corpus:180-vislumbres-ne@9.079,hook,corpus,9.079,17.50076,4147.41746,4290.72147,0.5106,0.00037,0.01166,0.0723,0.59444,0.15633,0.16491,64.0,162.0,0.11478,0.819
corpus:180-vislumbres-ne@26.773,clap,corpus,26.773,14.09266,2859.51434,2739.10808,2.70748,0.00096,0.05092,0.00703,0.81676,0.10111,0.02321,146.0,220.0,0.91902,0.803
corpus:180-vislumbres-ne@56.053,clap,corpus,56.053,12.28399,3636.40088,3224.47897,9.06055,0.00016,0.00268,0.0086,0.8228,0.08844,0.07732,162.0,162.0,0.61264,0.784
corpus:180-vislumbres-ne@63.031,kick,corpus,63.031,10.25592,2545.57776,2993.84076,-6.88583,0.6234,0.2066,0.0243,0.09256,0.03492,0.01822,186.0,186.0,0.61865,0.783
corpus:180-vislumbres-ne@41.123,clap,corpus,41.123,13.78918,3325.89206,3355.49129,0.83238,0.00012,0.00031,0.00138,0.83892,0.12624,0.03303,110.0,220.0,0.8803,0.777
corpus:180-vislumbres-ne@43.572,clap,corpus,43.572,13.96373,2940.80175,3064.04936,-1.03343,0.00047,0.00402,0.00087,0.88634,0.08752,0.02079,122.0,220.0,0.88971,0.773
corpus:180-vislumbres-ne@6.409,clap,corpus,6.409,13.36285,2987.30258,3019.25996,-0.94774,0.0005,0.00627,0.00141,0.88801,0.08455,0.01926,208.0,208.0,0.86967,0.772
corpus:180-vislumbres-ne@11.889,clap,corpus,11.889,15.41785,3058.64205,3046.21211,1.3873,0.0,3e-05,0.00132,0.88341,0.09431,0.02092,124.0,196.0,0.70479,0.742
corpus:180-vislumbres-ne@5.84,clap,corpus,5.84,14.7046,2574.45371,2609.01181,0.3291,0.00047,0.02618,0.0087,0.8911,0.05742,0.01612,154.0,220.0,0.77632,0.739
corpus:180-vislumbres-ne@25.078,space,corpus,25.078,9.67514,3964.12606,3276.1916,12.63896,0.24121,0.49756,0.0434,0.07586,0.06147,0.08051,208.0,208.0,0.71685,0.723
corpus:180-vislumbres-ne@63.425,kick,corpus,63.425,12.92449,2358.03745,2594.42737,-4.90874,0.51992,0.15852,0.0851,0.1824,0.03296,0.0211,174.0,174.0,0.49644,0.679
corpus:180-vislumbres-ne@30.209,space,corpus,30.209,9.17905,2858.91468,3065.70995,1.15311,0.05436,0.84596,0.03015,0.03928,0.01367,0.01658,236.0,348.0,0.92075,0.653
corpus:180-vislumbres-ne@43.955,space,corpus,43.955,10.43352,3666.38283,3395.60071,7.63454,0.0097,0.9392,0.01434,0.00457,0.00683,0.02535,72.0,196.0,0.6792,0.626
corpus:180-vislumbres-ne@25.472,space,corpus,25.472,15.80071,4556.87829,3510.84627,5.83994,0.23583,0.32481,0.07029,0.1643,0.10489,0.09987,218.0,400.0,0.68652,0.612
corpus:182-p-t-b-s-sascha-m-ller-content@22.326,kick,corpus,22.326,4.31265,1771.24019,1771.24019,-39.40182,0.4547,0.53599,0.00538,0.00163,0.00079,0.00151,68.0,68.0,0.27997,0.935
corpus:182-p-t-b-s-sascha-m-ller-content@29.037,kick,corpus,29.037,3.79385,1198.20427,1584.93898,-27.2585,0.47486,0.51364,0.00821,0.00195,0.00064,0.00071,104.0,104.0,0.517,0.931
corpus:182-p-t-b-s-sascha-m-ller-content@6.641,kick,corpus,6.641,3.85996,1203.28068,1203.28068,-25.56394,0.4364,0.55453,0.00626,0.0018,0.00062,0.0004,92.0,92.0,0.45082,0.928
corpus:182-p-t-b-s-sascha-m-ller-content@21.873,kick,corpus,21.873,3.87092,1978.22791,1978.22791,-48.15835,0.41096,0.57206,0.01133,0.00315,0.00126,0.00124,46.0,46.0,0.0,0.927
corpus:182-p-t-b-s-sascha-m-ller-content@18.959,kick,corpus,18.959,6.28929,2521.17934,2521.17934,-20.4605,0.48602,0.47522,0.02646,0.00366,0.00345,0.00519,34.0,80.0,0.22405,0.925
corpus:182-p-t-b-s-sascha-m-ller-content@63.065,kick,corpus,63.065,3.8167,1403.13089,1595.20372,-19.56357,0.46629,0.52263,0.0078,0.00192,0.00067,0.00069,104.0,104.0,0.50919,0.923
corpus:182-p-t-b-s-sascha-m-ller-content@26.343,kick,corpus,26.343,3.59668,1533.65606,1533.65606,-18.82384,0.44449,0.54719,0.00555,0.00151,0.00063,0.00062,92.0,92.0,0.44754,0.92
corpus:182-p-t-b-s-sascha-m-ller-content@13.479,kick,corpus,13.479,8.05256,2914.36984,3246.97736,-22.69044,0.5273,0.42141,0.01176,0.00507,0.01514,0.01933,104.0,104.0,0.34241,0.919
corpus:182-p-t-b-s-sascha-m-ller-content@13.584,kick,corpus,13.584,6.45772,1449.82824,1548.12303,-6.43982,0.48597,0.48538,0.02301,0.00222,0.00186,0.00156,22.0,104.0,0.34085,0.916
corpus:182-p-t-b-s-sascha-m-ller-content@15.592,kick,corpus,15.592,3.47657,837.55641,1219.07078,-15.6494,0.46115,0.53519,0.00279,0.00031,0.00025,0.00031,116.0,116.0,0.56322,0.915
corpus:182-p-t-b-s-sascha-m-ller-content@26.122,kick,corpus,26.122,7.08393,2374.39116,2388.94515,-17.89866,0.47141,0.50826,0.01019,0.00175,0.00317,0.00521,82.0,104.0,0.40574,0.914
corpus:182-p-t-b-s-sascha-m-ller-content@14.71,kick,corpus,14.71,4.06927,1177.35515,1199.483,-8.95614,0.48121,0.51023,0.00612,0.00162,0.0005,0.00032,104.0,104.0,0.48357,0.912
corpus:182-p-t-b-s-sascha-m-ller-content@34.296,hook,corpus,34.296,16.71583,4046.79702,4011.24917,-10.70472,7e-05,8e-05,0.0092,0.3637,0.41411,0.21285,80.0,116.0,0.07094,0.903
corpus:182-p-t-b-s-sascha-m-ller-content@33.065,hook,corpus,33.065,17.06162,5311.41625,5311.41625,-2.66215,3e-05,4e-05,0.00192,0.42581,0.17938,0.39282,44.0,80.0,0.01935,0.89
corpus:182-p-t-b-s-sascha-m-ller-content@45.151,hook,corpus,45.151,17.65513,5011.33317,5111.3571,-4.73466,0.0002,0.00036,0.00696,0.26217,0.29623,0.43408,44.0,104.0,0.02549,0.88
corpus:182-p-t-b-s-sascha-m-ller-content@34.633,hook,corpus,34.633,17.73055,5117.93309,5184.60167,-3.21933,0.00027,0.0008,0.01135,0.23326,0.35583,0.39849,74.0,104.0,0.05469,0.876
corpus:182-p-t-b-s-sascha-m-ller-content@50.759,hook,corpus,50.759,16.10522,5167.69969,5167.69969,-8.83734,0.00038,0.0008,0.01148,0.22292,0.35859,0.40583,34.0,46.0,0.0,0.873
corpus:182-p-t-b-s-sascha-m-ller-content@44.141,hook,corpus,44.141,15.96944,4423.66749,4466.59741,-9.97585,5e-05,0.00015,0.01282,0.21226,0.45407,0.32066,78.0,104.0,0.0958,0.864
corpus:182-p-t-b-s-sascha-m-ller-content@46.928,hook,corpus,46.928,19.70788,4598.03314,4825.9333,-5.48776,3e-05,0.00011,0.01461,0.27826,0.26293,0.44406,58.0,128.0,0.09846,0.862
corpus:182-p-t-b-s-sascha-m-ller-content@43.363,hook,corpus,43.363,18.94547,4809.59928,4895.26235,-10.95033,5e-05,0.00024,0.01871,0.23832,0.32265,0.42003,46.0,104.0,0.0366,0.859
corpus:182-p-t-b-s-sascha-m-ller-content@51.49,hat,corpus,51.49,19.83178,5173.61087,6019.63225,-14.11862,4e-05,0.00059,0.00083,0.02014,0.25702,0.72138,104.0,256.0,0.99024,0.856
corpus:182-p-t-b-s-sascha-m-ller-content@50.805,space,corpus,50.805,16.83287,5229.9731,4746.75349,15.71852,0.00019,0.00026,0.00067,0.00388,0.62732,0.36767,48.0,174.0,0.99752,0.822
corpus:182-p-t-b-s-sascha-m-ller-content@36.931,hat,corpus,36.931,17.70553,4941.06342,5624.84588,-21.58872,0.00039,0.00076,0.02589,0.25764,0.29708,0.41825,162.0,162.0,0.9447,0.722
corpus:182-p-t-b-s-sascha-m-ller-content@58.224,hat,corpus,58.224,16.53693,6145.49346,6556.73311,-10.22179,0.00252,0.00167,0.00323,0.00107,0.22693,0.76458,34.0,138.0,0.57498,0.691
corpus:182-p-t-b-s-sascha-m-ller-content@35.178,clap,corpus,35.178,14.80581,3537.24002,2951.49019,7.30783,8e-05,0.00019,0.02616,0.76602,0.12332,0.08423,162.0,220.0,0.571,0.651
corpus:182-p-t-b-s-sascha-m-ller-content@52.849,space,corpus,52.849,18.02806,5095.56363,5050.98979,25.66464,0.00024,0.00027,0.00158,0.02044,0.59728,0.38018,44.0,104.0,0.31594,0.651
corpus:182-p-t-b-s-sascha-m-ller-content@46.103,hat,corpus,46.103,19.20317,5807.88834,5852.32654,-2.46065,1e-05,1e-05,0.00068,0.02599,0.31038,0.66293,92.0,266.0,0.99881,0.639
corpus:182-p-t-b-s-sascha-m-ller-content@31.614,clap,corpus,31.614,15.28356,3181.48753,2458.98545,6.53228,0.00109,0.00261,0.03219,0.81962,0.08645,0.05804,154.0,208.0,0.48088,0.621
corpus:182-p-t-b-s-sascha-m-ller-content@51.049,space,corpus,51.049,14.7094,5362.44581,5362.44581,18.15135,1e-05,3e-05,0.00177,0.02283,0.39779,0.57758,92.0,92.0,0.74663,0.619
corpus:182-p-t-b-s-sascha-m-ller-content@48.797,space,corpus,48.797,15.95503,4935.93048,4846.8224,6.05773,0.00011,0.00021,0.00988,0.0353,0.57325,0.38125,150.0,150.0,0.99814,0.606
corpus:183-pakistand-techno-force-dropball@18.123,kick,corpus,18.123,8.84253,1677.32095,2297.99527,-11.8262,0.58519,0.36081,0.02992,0.01088,0.00929,0.00391,18.0,174.0,0.41752,0.931
corpus:183-pakistand-techno-force-dropball@20.445,kick,corpus,20.445,9.75356,1645.69975,2114.66744,-10.87356,0.56757,0.35199,0.05611,0.0121,0.0089,0.00333,28.0,162.0,0.38082,0.93
corpus:183-pakistand-techno-force-dropball@21.223,kick,corpus,21.223,9.66382,1745.90889,2492.6524,-13.44691,0.55266,0.39255,0.028,0.01272,0.00988,0.00418,38.0,174.0,0.32112,0.927
corpus:183-pakistand-techno-force-dropball@16.567,kick,corpus,16.567,9.1508,1745.50815,2418.66172,-11.43117,0.58066,0.38385,0.01774,0.00632,0.00809,0.00333,64.0,186.0,0.43777,0.926
corpus:183-pakistand-techno-force-dropball@22.767,kick,corpus,22.767,9.02737,1798.42798,2459.94631,-10.22175,0.58707,0.35865,0.02749,0.01233,0.0102,0.00426,28.0,174.0,0.41837,0.924
corpus:183-pakistand-techno-force-dropball@11.122,kick,corpus,11.122,8.84001,1505.16298,2138.0787,-7.98065,0.63087,0.30451,0.04562,0.0088,0.00737,0.00283,74.0,208.0,0.47596,0.923
corpus:183-pakistand-techno-force-dropball@21.989,kick,corpus,21.989,9.65092,1750.39581,2302.03907,-13.82987,0.53368,0.38852,0.05273,0.0133,0.00871,0.00306,74.0,174.0,0.39662,0.921
corpus:183-pakistand-techno-force-dropball@11.923,kick,corpus,11.923,9.62443,1780.55622,2417.53891,-11.96523,0.54968,0.40037,0.02859,0.00938,0.00849,0.00349,62.0,174.0,0.42382,0.919
corpus:183-pakistand-techno-force-dropball@14.245,kick,corpus,14.245,9.56729,1774.32843,2273.97008,-9.65333,0.53226,0.40026,0.04764,0.00875,0.00806,0.00302,76.0,174.0,0.33456,0.918
corpus:183-pakistand-techno-force-dropball@13.468,kick,corpus,13.468,9.10885,1708.94634,2328.95541,-11.30053,0.5762,0.3862,0.01951,0.00678,0.00799,0.00332,74.0,186.0,0.50925,0.916
corpus:183-pakistand-techno-force-dropball@19.667,kick,corpus,19.667,8.92945,1780.50496,2520.28035,-13.49137,0.54236,0.39246,0.03837,0.0129,0.00988,0.00405,44.0,186.0,0.42375,0.916
corpus:183-pakistand-techno-force-dropball@17.345,kick,corpus,17.345,10.03112,1796.07338,2317.09628,-10.23353,0.5296,0.37912,0.06764,0.0113,0.00901,0.00334,38.0,174.0,0.35927,0.915
corpus:183-pakistand-techno-force-dropball@35.538,hook,corpus,35.538,15.12317,3361.25452,3726.27137,-5.25121,0.07365,0.27747,0.04181,0.31713,0.19024,0.0997,186.0,186.0,0.46104,0.735
corpus:183-pakistand-techno-force-dropball@35.143,hook,corpus,35.143,14.38554,3700.24522,4066.20627,-5.98508,0.08954,0.21693,0.0596,0.24876,0.22231,0.16285,186.0,186.0,0.48277,0.707
corpus:185-void-r-kalter-schwei@12.26,kick,corpus,12.26,7.82358,3138.42546,3138.42546,-14.00778,0.38202,0.53129,0.04862,0.0045,0.01848,0.0151,92.0,92.0,0.40168,0.838
corpus:185-void-r-kalter-schwei@26.807,kick,corpus,26.807,7.94644,3227.86223,3286.1664,-16.15446,0.39555,0.47109,0.08582,0.00391,0.01863,0.02501,104.0,104.0,0.45681,0.837
corpus:185-void-r-kalter-schwei@48.623,kick,corpus,48.623,6.90067,3485.11765,3485.11765,-31.44769,0.36149,0.53385,0.04786,0.00432,0.01774,0.03474,22.0,80.0,0.27208,0.836
corpus:185-void-r-kalter-schwei@8.626,kick,corpus,8.626,7.61765,3127.71299,3127.71299,-17.72163,0.34763,0.5033,0.11284,0.00844,0.01442,0.01338,80.0,80.0,0.36755,0.826
corpus:185-void-r-kalter-schwei@26.32,kick,corpus,26.32,10.95502,3280.63449,3759.72555,-8.77717,0.5152,0.38863,0.03003,0.00363,0.02307,0.03943,96.0,220.0,0.55264,0.79
corpus:185-void-r-kalter-schwei@1.347,kick,corpus,1.347,6.09595,3535.17835,3535.17835,-19.875,0.30537,0.62594,0.01285,0.00966,0.02446,0.02173,68.0,68.0,0.22229,0.784
corpus:185-void-r-kalter-schwei@63.716,kick,corpus,63.716,7.23151,688.21084,728.15419,-6.88934,0.68523,0.30574,0.00846,0.00048,7e-05,3e-05,38.0,138.0,0.77767,0.773
corpus:185-void-r-kalter-schwei@30.441,kick,corpus,30.441,8.01134,3637.43489,3637.43489,-27.12985,0.26793,0.51557,0.13089,0.01162,0.03721,0.03678,58.0,58.0,0.1044,0.75
corpus:185-void-r-kalter-schwei@36.792,kick,corpus,36.792,14.9656,3973.20819,4279.59258,-6.97629,0.47072,0.31237,0.0582,0.01294,0.05557,0.0902,76.0,186.0,0.36752,0.748
corpus:185-void-r-kalter-schwei@15.894,kick,corpus,15.894,8.01531,3663.16562,3663.16562,-30.86375,0.25004,0.51984,0.1648,0.01233,0.02522,0.02777,58.0,58.0,0.13323,0.743
corpus:185-void-r-kalter-schwei@2.252,kick,corpus,2.252,13.0722,3580.96648,4016.97463,-7.12306,0.50467,0.34914,0.04601,0.0105,0.04652,0.04315,80.0,220.0,0.54224,0.738
corpus:185-void-r-kalter-schwei@14.431,kick,corpus,14.431,7.64182,2068.83245,2068.83245,-0.03655,0.27614,0.40276,0.29795,0.01369,0.00709,0.00238,80.0,80.0,0.29218,0.736
corpus:185-void-r-kalter-schwei@17.705,hook,corpus,17.705,7.80585,2656.90121,2656.90121,-17.03728,0.05228,0.26482,0.49391,0.14697,0.02335,0.01867,16.0,58.0,0.11228,0.667
corpus:185-void-r-kalter-schwei@5.19,space,corpus,5.19,11.13345,2622.83136,2273.79411,6.46125,0.22172,0.57808,0.14381,0.0438,0.00687,0.00573,54.0,400.0,0.81151,0.62
corpus:186-angel-s-domain-soulful-hell@50.213,hook,corpus,50.213,12.69347,3938.61168,3938.61168,-3.837,0.0208,0.05487,0.0467,0.15821,0.66614,0.05328,46.0,46.0,0.0,0.779
corpus:186-angel-s-domain-soulful-hell@51.409,hook,corpus,51.409,12.26253,3477.86305,3477.86305,-7.35301,0.07353,0.09941,0.10361,0.1872,0.48021,0.05603,46.0,46.0,0.0,0.77
corpus:186-angel-s-domain-soulful-hell@13.7,hook,corpus,13.7,11.17087,3452.03418,3452.03418,-3.03809,0.0283,0.15646,0.16623,0.19808,0.40811,0.04282,68.0,68.0,0.15185,0.761
corpus:186-angel-s-domain-soulful-hell@40.832,hook,corpus,40.832,15.54356,3804.0759,3804.0759,-11.53818,0.03351,0.03248,0.04147,0.13838,0.67255,0.08161,58.0,58.0,0.1043,0.751
corpus:186-angel-s-domain-soulful-hell@40.333,hook,corpus,40.333,11.36207,3411.9896,3411.9896,-4.39138,0.0156,0.07141,0.23288,0.12481,0.52977,0.02553,68.0,68.0,0.04873,0.723
corpus:186-angel-s-domain-soulful-hell@17.136,hook,corpus,17.136,12.1246,3810.84573,3810.84573,-4.03087,0.05241,0.05885,0.15531,0.16409,0.52032,0.04901,68.0,68.0,0.1789,0.719
corpus:186-angel-s-domain-soulful-hell@16.904,hook,corpus,16.904,11.76318,3282.12745,3282.12745,-6.38984,0.02252,0.06563,0.24343,0.222,0.4195,0.02691,92.0,92.0,0.40297,0.705
corpus:186-angel-s-domain-soulful-hell@48.553,hook,corpus,48.553,18.49632,3903.14547,3903.14547,7.91228,0.05262,0.05218,0.1215,0.1536,0.54638,0.07371,46.0,46.0,0.0,0.698
corpus:186-angel-s-domain-soulful-hell@59.037,space,corpus,59.037,13.47119,3388.6774,3478.5526,0.17155,0.08947,0.24391,0.16711,0.09843,0.36185,0.03923,400.0,400.0,0.88568,0.652
corpus:186-angel-s-domain-soulful-hell@0.929,space,corpus,0.929,13.10841,3451.84602,3408.93971,0.31291,0.02746,0.23786,0.10482,0.09785,0.50255,0.02945,400.0,400.0,0.90442,0.648
corpus:186-angel-s-domain-soulful-hell@63.379,space,corpus,63.379,13.24889,3579.70137,3637.36183,0.86593,0.05627,0.22329,0.13724,0.09985,0.43573,0.04762,314.0,314.0,0.91282,0.646
corpus:186-angel-s-domain-soulful-hell@60.894,space,corpus,60.894,14.98766,3532.2598,3394.1559,0.5474,0.07523,0.1982,0.14613,0.11812,0.40631,0.05601,400.0,400.0,0.90297,0.628
corpus:187-adscum-adscum-lada@62.891,hook,corpus,62.891,14.16282,2539.42348,2539.42348,-10.82688,0.04906,0.03939,0.04319,0.79373,0.06681,0.00783,58.0,80.0,0.07391,0.876
corpus:187-adscum-adscum-lada@60.279,hook,corpus,60.279,10.70157,1923.74002,1923.74002,-8.26706,0.10667,0.13278,0.14746,0.55693,0.05115,0.00501,80.0,80.0,0.18959,0.872
corpus:187-adscum-adscum-lada@62.09,hook,corpus,62.09,11.50652,2100.55111,2100.55111,-5.56668,0.04996,0.08055,0.12024,0.6736,0.07008,0.00556,68.0,68.0,0.04999,0.867
corpus:187-adscum-adscum-lada@63.913,hook,corpus,63.913,11.2137,1909.62042,1909.62042,-3.8881,0.02423,0.09856,0.20244,0.61501,0.05532,0.00444,86.0,86.0,0.09078,0.848
corpus:187-adscum-adscum-lada@63.437,hook,corpus,63.437,15.64926,2343.77189,2343.77189,-4.02229,0.05248,0.11481,0.22577,0.49272,0.10555,0.00868,92.0,92.0,0.21278,0.823
corpus:187-adscum-adscum-lada@58.538,hook,corpus,58.538,20.08157,2654.60172,2744.86728,-6.16984,0.01958,0.14536,0.19724,0.44676,0.17195,0.01911,70.0,128.0,0.33585,0.796
corpus:187-adscum-adscum-lada@61.73,hook,corpus,61.73,14.71554,2290.92526,2221.16165,2.80586,0.10712,0.22842,0.24544,0.34193,0.07176,0.00533,68.0,128.0,0.24345,0.737
corpus:187-adscum-adscum-lada@56.181,hook,corpus,56.181,17.83168,2798.91167,2682.92292,3.13455,0.06445,0.13046,0.30406,0.31791,0.16311,0.02001,62.0,208.0,0.26553,0.733
corpus:187-adscum-adscum-lada@8.684,kick,corpus,8.684,10.49752,1090.22094,1108.13368,1.28472,0.26394,0.57414,0.11416,0.03936,0.00817,0.00023,18.0,220.0,0.46266,0.664
corpus:187-adscum-adscum-lada@34.482,kick,corpus,34.482,8.72846,1204.71991,1261.94087,-5.46891,0.16822,0.66024,0.12399,0.04194,0.00542,0.0002,104.0,104.0,0.31942,0.649
corpus:187-adscum-adscum-lada@59.339,kick,corpus,59.339,9.51929,1646.74894,1615.17754,-9.24396,0.21221,0.51385,0.19301,0.06791,0.01236,0.00066,104.0,104.0,0.54243,0.645
corpus:187-adscum-adscum-lada@27.202,kick,corpus,27.202,8.40655,1206.51925,1338.7163,-9.08121,0.17504,0.58207,0.17591,0.05929,0.00743,0.00025,104.0,104.0,0.42201,0.64
corpus:187-adscum-adscum-lada@37.663,kick,corpus,37.663,7.86917,1377.04448,1579.51401,-21.19204,0.12646,0.77701,0.03185,0.05264,0.01171,0.00033,104.0,104.0,0.64712,0.62
corpus:187-adscum-adscum-lada@37.767,kick,corpus,37.767,9.82123,1030.03383,1119.41907,-0.23899,0.27075,0.55419,0.11683,0.04933,0.00866,0.00025,18.0,232.0,0.60687,0.61
corpus:188-user12746456775-untitled135@53.894,kick,corpus,53.894,5.44831,918.19604,918.19604,-33.77675,0.52395,0.46566,0.00641,0.00341,0.00047,0.0001,58.0,58.0,0.07176,0.962
corpus:188-user12746456775-untitled135@57.446,kick,corpus,57.446,5.75391,1095.57667,1095.57667,-33.65085,0.47106,0.50873,0.01282,0.00615,0.00096,0.00029,68.0,68.0,0.10493,0.947
corpus:188-user12746456775-untitled135@60.999,kick,corpus,60.999,6.93352,903.96397,789.60982,-1.97278,0.51335,0.47905,0.00438,0.00277,0.00038,8e-05,70.0,104.0,0.14675,0.936
corpus:188-user12746456775-untitled135@0.557,kick,corpus,0.557,6.86022,2107.58843,2107.58843,-14.98654,0.47251,0.506,0.01232,0.00583,0.00105,0.00229,70.0,80.0,0.11824,0.922
corpus:188-user12746456775-untitled135@39.671,kick,corpus,39.671,6.37458,2261.89797,2261.89797,-3.30115,0.51442,0.47268,0.00658,0.0034,0.00056,0.00236,52.0,68.0,0.11462,0.92
corpus:188-user12746456775-untitled135@29.002,kick,corpus,29.002,6.39668,2379.59675,2379.59675,-13.7064,0.47266,0.5056,0.01222,0.0056,0.00128,0.00265,68.0,68.0,0.10359,0.917
corpus:188-user12746456775-untitled135@61.533,hook,corpus,61.533,17.56027,1304.58952,1589.31953,-2.47107,0.18698,0.28787,0.04055,0.479,0.00481,0.00078,40.0,220.0,0.2995,0.821
corpus:188-user12746456775-untitled135@44.304,space,corpus,44.304,14.84229,4231.01568,4224.63519,3.30565,0.22292,0.52789,0.05432,0.02108,0.10438,0.0694,30.0,336.0,0.87867,0.801
corpus:188-user12746456775-untitled135@57.992,hook,corpus,57.992,16.91239,958.98561,1232.45229,-3.51377,0.16185,0.30874,0.07661,0.44648,0.00548,0.00083,62.0,186.0,0.37174,0.795
corpus:188-user12746456775-untitled135@47.856,space,corpus,47.856,14.50696,4222.85764,4305.31996,2.07273,0.10283,0.58305,0.09293,0.02048,0.12888,0.07183,32.0,324.0,0.90539,0.793
corpus:188-user12746456775-untitled135@56.192,hook,corpus,56.192,17.3232,915.49329,1252.79792,-1.50878,0.20459,0.40405,0.01265,0.37452,0.00354,0.00065,40.0,104.0,0.21764,0.758
corpus:188-user12746456775-untitled135@46.092,space,corpus,46.092,14.89521,4160.40452,3980.76671,5.49196,0.114,0.64435,0.0856,0.01527,0.08688,0.0539,34.0,314.0,0.72097,0.743
corpus:188-user12746456775-untitled135@49.958,space,corpus,49.958,15.34973,3743.51469,3123.14529,5.4172,0.18379,0.52797,0.15367,0.0981,0.00565,0.03082,38.0,400.0,0.90526,0.743
corpus:188-user12746456775-untitled135@63.75,kick,corpus,63.75,12.00256,1235.65929,1355.16462,-5.61205,0.30001,0.58999,0.02907,0.07877,0.00195,0.00021,38.0,116.0,0.39649,0.727
corpus:188-user12746456775-untitled135@54.416,hook,corpus,54.416,15.92699,1016.01584,1327.18924,0.07631,0.24341,0.32386,0.06814,0.36076,0.00336,0.00048,20.0,208.0,0.33533,0.702
corpus:188-user12746456775-untitled135@60.883,kick,corpus,60.883,7.22148,1048.92639,1205.7318,-10.97458,0.20112,0.72083,0.07005,0.00293,0.00422,0.00084,116.0,116.0,0.76265,0.694
corpus:188-user12746456775-untitled135@61.103,hook,corpus,61.103,14.50137,1048.95369,1019.33882,1.91732,0.03136,0.55998,0.24912,0.15683,0.00239,0.00032,28.0,208.0,0.13615,0.691
corpus:188-user12746456775-untitled135@53.766,kick,corpus,53.766,7.01157,1091.69274,1328.43904,-12.61611,0.21768,0.707,0.0676,0.00323,0.00394,0.00056,128.0,128.0,0.83519,0.679
corpus:188-user12746456775-untitled135@59.722,kick,corpus,59.722,14.39493,1061.54256,1298.64786,-1.392,0.39489,0.41958,0.01352,0.16946,0.00218,0.00036,32.0,178.0,0.30003,0.671
corpus:188-user12746456775-untitled135@17.078,hook,corpus,17.078,15.40803,3104.35806,3129.83854,2.98149,0.16706,0.44564,0.01966,0.32437,0.01079,0.03249,40.0,128.0,0.32268,0.67
corpus:188-user12746456775-untitled135@58.828,kick,corpus,58.828,12.37788,924.0458,1242.54215,-1.57826,0.31494,0.54439,0.05115,0.08736,0.00176,0.0004,36.0,278.0,0.4962,0.649
corpus:188-user12746456775-untitled135@39.544,kick,corpus,39.544,7.30974,1742.94112,1948.75568,-11.9474,0.21564,0.70222,0.07406,0.00248,0.00386,0.00173,128.0,128.0,0.82974,0.645
corpus:188-user12746456775-untitled135@34.447,hook,corpus,34.447,11.17494,2683.15905,2683.15905,9.8348,0.06225,0.58885,0.17598,0.15521,0.00337,0.01434,28.0,80.0,0.05053,0.632
corpus:188-user12746456775-untitled135@51.444,hook,corpus,51.444,13.94788,3977.172,3977.172,-5.73768,0.0902,0.37946,0.07836,0.06127,0.29456,0.09616,56.0,80.0,0.09666,0.624
corpus:189-user78954441235-trip-to-the-moon@44.745,space,corpus,44.745,12.3222,5255.13755,5255.13755,40.4488,0.34204,0.28869,0.01497,0.00435,0.13543,0.21451,92.0,92.0,0.137,0.963
corpus:189-user78954441235-trip-to-the-moon@11.343,space,corpus,11.343,9.78477,5009.05593,5009.05593,39.71579,0.38861,0.38061,0.00333,0.00189,0.08956,0.136,68.0,68.0,0.1095,0.959
corpus:189-user78954441235-trip-to-the-moon@28.92,space,corpus,28.92,11.96543,5629.66325,4553.67902,7.49416,0.22732,0.64972,0.06476,0.00088,0.0212,0.03612,120.0,400.0,0.97938,0.924
corpus:189-user78954441235-trip-to-the-moon@16.8,space,corpus,16.8,10.11052,4988.07432,4988.07432,33.35055,0.40308,0.40221,0.00677,0.00284,0.06604,0.11905,68.0,68.0,0.10329,0.918
corpus:189-user78954441235-trip-to-the-moon@0.906,kick,corpus,0.906,10.0366,4220.98259,4220.98259,-17.65003,0.47903,0.39375,0.01499,0.00396,0.04661,0.06167,92.0,92.0,0.33906,0.853
corpus:189-user78954441235-trip-to-the-moon@2.949,hook,corpus,2.949,13.58695,6309.47151,6309.47151,6.26762,0.01057,0.00875,0.00328,0.0023,0.39434,0.58077,58.0,58.0,0.0429,0.802
corpus:189-user78954441235-trip-to-the-moon@3.402,hook,corpus,3.402,16.21744,6119.28377,6119.28377,5.64824,0.00334,0.00291,0.0019,0.00593,0.45881,0.52712,92.0,92.0,0.07259,0.795
corpus:189-user78954441235-trip-to-the-moon@51.92,kick,corpus,51.92,9.62257,4345.65584,4505.21199,-18.04119,0.49758,0.29564,0.01158,0.00215,0.09963,0.09342,116.0,116.0,0.58071,0.793
corpus:189-user78954441235-trip-to-the-moon@7.036,hook,corpus,7.036,15.04919,6044.70284,6044.70284,5.36182,0.00933,0.01235,0.00498,0.00335,0.45775,0.51223,80.0,80.0,0.08012,0.79
corpus:189-user78954441235-trip-to-the-moon@5.213,hook,corpus,5.213,16.71074,6129.25162,6129.25162,6.65719,0.00651,0.00601,0.0009,0.00309,0.4229,0.5606,92.0,92.0,0.08732,0.788
corpus:189-user78954441235-trip-to-the-moon@6.583,hook,corpus,6.583,13.77147,6077.9439,6077.9439,9.76017,0.00697,0.04944,0.01237,0.00513,0.39949,0.52661,58.0,58.0,0.05388,0.786
corpus:189-user78954441235-trip-to-the-moon@35.097,hook,corpus,35.097,14.2902,3634.52992,4193.76974,-9.55028,0.12673,0.06709,0.20807,0.26557,0.22636,0.10618,104.0,196.0,0.24275,0.785
corpus:189-user78954441235-trip-to-the-moon@48.843,hook,corpus,48.843,16.05548,5920.3978,5920.3978,9.55084,0.0033,0.00738,0.00225,0.00412,0.42545,0.55751,80.0,80.0,0.0912,0.785
corpus:189-user78954441235-trip-to-the-moon@52.477,hook,corpus,52.477,16.00217,6124.57228,6124.57228,5.17036,0.00189,0.00318,0.00348,0.00485,0.42694,0.55965,80.0,80.0,0.12096,0.778
corpus:189-user78954441235-trip-to-the-moon@0.998,kick,corpus,0.998,9.38979,4294.25046,4637.34993,-13.66891,0.52841,0.27675,0.00911,0.00193,0.09168,0.09213,128.0,128.0,0.5939,0.775
corpus:189-user78954441235-trip-to-the-moon@59.095,kick,corpus,59.095,10.72565,4756.71672,4756.71672,-7.01197,0.42632,0.36678,0.01809,0.00613,0.07831,0.10438,58.0,58.0,0.07714,0.76
corpus:189-user78954441235-trip-to-the-moon@44.524,kick,corpus,44.524,8.71116,4288.84864,4288.84864,2.48245,0.47938,0.38955,0.01544,0.00471,0.04926,0.06166,80.0,80.0,0.2957,0.7
corpus:189-user78954441235-trip-to-the-moon@55.461,kick,corpus,55.461,12.49481,4588.48689,4588.48689,-17.34217,0.38147,0.3215,0.02108,0.01052,0.11689,0.14854,86.0,92.0,0.28949,0.697
corpus:189-user78954441235-trip-to-the-moon@19.609,hat,corpus,19.609,14.37896,6813.01484,6745.39319,0.66243,4e-05,5e-05,4e-05,0.0014,0.22433,0.77413,220.0,220.0,0.79667,0.652
corpus:189-user78954441235-trip-to-the-moon@13.177,kick,corpus,13.177,11.6462,5234.86407,5234.86407,2.82805,0.48858,0.2336,0.00386,0.00106,0.09718,0.17572,80.0,80.0,0.16488,0.638
corpus:189-user78954441235-trip-to-the-moon@20.074,hat,corpus,20.074,13.49645,6756.93838,6735.09197,-0.25155,0.00017,0.00013,0.0006,0.00125,0.27174,0.72612,244.0,244.0,0.81881,0.62
corpus:189-user78954441235-trip-to-the-moon@21.548,hat,corpus,21.548,12.43491,6955.04537,6920.32157,-1.65966,4e-05,3e-05,9e-05,0.00106,0.18945,0.80933,128.0,128.0,0.5384,0.614
corpus:189-user78954441235-trip-to-the-moon@56.007,kick,corpus,56.007,12.10097,5174.12066,5174.12066,-6.54356,0.39216,0.19781,0.00547,0.00152,0.20718,0.19586,80.0,80.0,0.25006,0.613
corpus:189-user78954441235-trip-to-the-moon@19.168,hat,corpus,19.168,14.30813,6892.24401,6691.22757,3.11478,2e-05,3e-05,6e-05,0.00228,0.20419,0.79342,220.0,220.0,0.75497,0.611
corpus:189-user78954441235-trip-to-the-moon@8.15,kick,corpus,8.15,7.73049,4598.05019,4598.05019,2.67637,0.43534,0.42323,0.01685,0.00399,0.04825,0.07234,92.0,92.0,0.31914,0.603
corpus:190-cement-tea-kubizt@54.683,kick,corpus,54.683,10.58502,3025.04574,2782.30024,5.16929,0.91689,0.04288,0.00545,0.02925,0.00222,0.00332,30.0,186.0,0.10041,0.959
corpus:190-cement-tea-kubizt@36.095,kick,corpus,36.095,13.13383,2114.75381,2393.63355,-3.39964,0.74556,0.14793,0.07449,0.01809,0.0084,0.00553,36.0,196.0,0.31708,0.946
corpus:190-cement-tea-kubizt@35.677,kick,corpus,35.677,9.93851,1804.47369,2066.03173,-2.68454,0.75631,0.18088,0.01408,0.02256,0.02336,0.00282,34.0,208.0,0.4707,0.915
corpus:190-cement-tea-kubizt@49.621,kick,corpus,49.621,11.67033,1332.68075,1714.58862,-8.48942,0.53972,0.33954,0.09998,0.00851,0.01064,0.00161,46.0,174.0,0.48711,0.911
corpus:190-cement-tea-kubizt@51.304,kick,corpus,51.304,12.90239,2215.05224,2685.60555,-3.45464,0.65532,0.1926,0.06865,0.06206,0.01483,0.00654,52.0,208.0,0.25836,0.908
corpus:190-cement-tea-kubizt@33.564,kick,corpus,33.564,13.77564,2364.57193,2302.23001,-1.85736,0.56189,0.29353,0.06132,0.02605,0.0509,0.00631,46.0,196.0,0.17472,0.905
corpus:190-cement-tea-kubizt@52.582,kick,corpus,52.582,11.48291,1804.02205,2463.84464,-9.29922,0.72395,0.17641,0.03068,0.02946,0.03438,0.00512,22.0,196.0,0.61533,0.899
corpus:190-cement-tea-kubizt@50.887,kick,corpus,50.887,8.55912,1633.82619,2192.94053,-8.53218,0.76126,0.14462,0.03771,0.02455,0.02931,0.00256,50.0,196.0,0.63353,0.898
corpus:190-cement-tea-kubizt@42.434,kick,corpus,42.434,12.99327,2114.26401,2215.50912,1.29721,0.58229,0.28713,0.05207,0.0352,0.03843,0.00489,40.0,196.0,0.20866,0.894
corpus:190-cement-tea-kubizt@55.333,kick,corpus,55.333,14.26991,3142.52127,2375.10564,-1.12377,0.69014,0.0987,0.09993,0.08374,0.00879,0.0187,62.0,332.0,0.27521,0.887
corpus:190-cement-tea-kubizt@52.988,kick,corpus,52.988,10.72251,1445.0732,1752.8777,-7.23239,0.4465,0.38343,0.1563,0.00784,0.0034,0.00253,10.0,186.0,0.50267,0.865
corpus:190-cement-tea-kubizt@32.729,kick,corpus,32.729,11.94024,1941.59279,2592.91723,-16.28681,0.52708,0.3597,0.05913,0.03296,0.01284,0.00829,20.0,174.0,0.71037,0.854
corpus:190-cement-tea-kubizt@4.029,hook,corpus,4.029,17.1465,2887.08761,3312.125,-13.58512,0.02078,0.05633,0.1159,0.53138,0.19541,0.0802,162.0,162.0,0.38762,0.833
corpus:190-cement-tea-kubizt@20.933,hook,corpus,20.933,20.8777,3379.42279,3832.34863,-14.47544,0.06839,0.05339,0.14233,0.24313,0.33982,0.15294,108.0,162.0,0.28313,0.793
corpus:190-cement-tea-kubizt@22.581,hook,corpus,22.581,22.72053,3393.52316,3970.4967,-8.37365,0.05346,0.10333,0.36984,0.18043,0.18041,0.11253,46.0,208.0,0.24726,0.773
corpus:190-cement-tea-kubizt@7.407,hook,corpus,7.407,19.19586,3571.1765,3745.60195,-16.74817,0.07177,0.07719,0.19032,0.3042,0.17999,0.17652,88.0,128.0,0.40409,0.767
corpus:190-cement-tea-kubizt@57.226,hook,corpus,57.226,15.60527,2649.73898,2854.41027,-3.15437,0.02471,0.04189,0.04636,0.50472,0.3622,0.02013,208.0,208.0,0.38317,0.748
corpus:190-cement-tea-kubizt@7.535,space,corpus,7.535,12.67996,3868.75466,2897.74549,4.78144,0.01138,0.33039,0.30496,0.03717,0.25257,0.06353,400.0,400.0,0.99829,0.723
corpus:190-cement-tea-kubizt@57.435,hook,corpus,57.435,15.48241,2788.5245,2793.46029,0.2346,0.04164,0.22223,0.26463,0.36601,0.08215,0.02334,124.0,208.0,0.3737,0.723
corpus:190-cement-tea-kubizt@59.977,hook,corpus,59.977,12.04336,3606.81712,3606.81712,-18.51248,0.01585,0.48427,0.21291,0.12649,0.11368,0.04679,58.0,58.0,0.10958,0.716
corpus:190-cement-tea-kubizt@59.757,space,corpus,59.757,10.61755,3998.59089,2349.95539,23.16828,0.006,0.31262,0.5518,0.0208,0.04575,0.06304,62.0,220.0,0.51553,0.695
corpus:190-cement-tea-kubizt@27.643,hook,corpus,27.643,18.62233,4147.65265,4442.88377,-4.62379,0.13309,0.03164,0.0435,0.26878,0.30866,0.21434,146.0,186.0,0.48137,0.687
corpus:190-cement-tea-kubizt@15.999,space,corpus,15.999,10.62045,3861.73243,3118.36255,3.35628,0.01549,0.35466,0.26242,0.06344,0.23403,0.06996,400.0,400.0,0.94128,0.686
corpus:190-cement-tea-kubizt@60.964,space,corpus,60.964,16.48362,3775.93877,2791.48702,11.29362,0.11028,0.01462,0.00664,0.15688,0.65771,0.05388,164.0,266.0,0.97203,0.682
corpus:190-cement-tea-kubizt@61.428,clap,corpus,61.428,15.63035,4799.05087,3994.52626,18.48186,0.03619,0.00178,0.00339,0.77813,0.09512,0.0854,20.0,196.0,0.11257,0.647
corpus:191-user41254475475-die-apokalypse@27.295,space,corpus,27.295,7.89608,4172.187,4132.77595,2.39711,0.22852,0.49746,0.08352,0.02115,0.09483,0.07451,400.0,400.0,0.94107,0.813
corpus:191-user41254475475-die-apokalypse@30.616,space,corpus,30.616,8.26958,4159.08415,3997.68532,3.11875,0.22895,0.49604,0.08452,0.02139,0.09503,0.07407,400.0,400.0,0.92528,0.805
corpus:191-user41254475475-die-apokalypse@42.202,space,corpus,42.202,7.95408,4164.61663,4076.95338,2.49651,0.23063,0.49517,0.08418,0.02066,0.09486,0.07451,400.0,400.0,0.9266,0.804
corpus:191-user41254475475-die-apokalypse@3.216,hook,corpus,3.216,13.75029,6126.67507,6126.67507,1.55938,0.00808,0.00384,0.00024,0.02288,0.47952,0.48544,68.0,68.0,0.0955,0.792
corpus:191-user41254475475-die-apokalypse@43.445,space,corpus,43.445,8.12769,4126.37611,3612.24537,4.43175,0.211,0.50046,0.08902,0.02325,0.09924,0.07703,400.0,400.0,0.90801,0.777
corpus:191-user41254475475-die-apokalypse@3.111,hook,corpus,3.111,14.71115,6431.49711,6400.14297,0.29517,0.00538,0.00216,9e-05,0.00656,0.35106,0.63474,104.0,104.0,0.15035,0.731
corpus:191-user41254475475-die-apokalypse@1.869,hook,corpus,1.869,15.25721,5347.49766,5629.56507,-7.08842,0.00351,0.00141,0.00046,0.0985,0.34977,0.54636,186.0,186.0,0.3513,0.654
corpus:191-user41254475475-die-apokalypse@0.221,hook,corpus,0.221,16.15847,6224.72068,6223.88523,0.99161,4e-05,5e-05,7e-05,0.03763,0.30901,0.6532,186.0,186.0,0.31384,0.647
corpus:191-user41254475475-die-apokalypse@3.727,hat,corpus,3.727,15.59427,6847.79806,6448.17051,2.64188,0.00553,0.00187,6e-05,0.00647,0.20469,0.78137,400.0,400.0,0.89541,0.633
corpus:191-user41254475475-die-apokalypse@0.023,hook,corpus,0.023,14.59557,5348.95068,5318.5389,0.53771,3e-05,4e-05,0.0003,0.07753,0.60222,0.31988,196.0,196.0,0.44867,0.62
corpus:191-user41254475475-die-apokalypse@7.651,hook,corpus,7.651,19.37246,6159.53616,6454.15683,-4.75594,0.00058,3e-05,2e-05,0.00029,0.40826,0.59082,62.0,186.0,0.31681,0.619
corpus:191-user41254475475-die-apokalypse@2.694,hook,corpus,2.694,18.16673,4996.26298,5598.35492,-11.71748,0.01837,0.00744,0.00024,0.08353,0.35703,0.53339,160.0,196.0,0.34887,0.611
corpus:191-user41254475475-die-apokalypse@14.489,hook,corpus,14.489,21.27137,3494.37547,4956.56597,-9.42798,0.10511,0.00316,0.00812,0.52917,0.10453,0.24992,400.0,400.0,0.64609,0.611
corpus:192-user08779333356-geek@33.193,kick,corpus,33.193,6.43107,2075.14908,2989.80034,-16.21845,0.43006,0.46089,0.09083,0.00457,0.00807,0.00558,16.0,196.0,0.78251,0.786
corpus:192-user08779333356-geek@28.247,kick,corpus,28.247,6.88976,2244.97617,2962.713,-11.90634,0.35387,0.55366,0.07214,0.00697,0.00778,0.00559,186.0,186.0,0.60827,0.766
corpus:192-user08779333356-geek@26.169,space,corpus,26.169,8.06447,3698.08701,3036.14533,8.35617,0.20908,0.53529,0.06014,0.03924,0.0803,0.07595,272.0,400.0,0.91145,0.764
corpus:192-user08779333356-geek@39.811,kick,corpus,39.811,6.65135,2091.51987,2948.26119,-13.61079,0.45123,0.44225,0.08698,0.0065,0.00772,0.00531,16.0,208.0,0.80477,0.755
corpus:192-user08779333356-geek@36.85,hook,corpus,36.85,11.90847,5043.02071,5043.02071,3.29437,0.08896,0.09201,0.14446,0.05039,0.30317,0.32102,58.0,58.0,0.07257,0.748
corpus:192-user08779333356-geek@44.78,kick,corpus,44.78,6.65626,2019.47231,2953.79282,-13.62455,0.41452,0.48194,0.08338,0.00703,0.00764,0.0055,84.0,208.0,0.78149,0.747
corpus:192-user08779333356-geek@24.52,space,corpus,24.52,8.05712,3646.92364,3007.67203,7.58675,0.2183,0.53688,0.05801,0.04024,0.07393,0.07265,272.0,400.0,0.90352,0.745
corpus:192-user08779333356-geek@12.922,space,corpus,12.922,8.29012,3575.43601,3099.53016,6.517,0.22665,0.52316,0.05881,0.04858,0.07326,0.06955,400.0,400.0,0.93031,0.743
corpus:192-user08779333356-geek@9.613,space,corpus,9.613,8.08727,3603.22523,3110.17836,6.46098,0.22821,0.52413,0.05806,0.04313,0.07516,0.07132,400.0,400.0,0.92527,0.742
corpus:192-user08779333356-geek@40.844,kick,corpus,40.844,11.88742,3171.06856,3181.56986,0.09081,0.57299,0.10941,0.06184,0.11983,0.1135,0.02242,116.0,208.0,0.3497,0.74
corpus:192-user08779333356-geek@38.15,kick,corpus,38.15,6.39096,2135.78011,2911.85446,-13.54059,0.43262,0.4613,0.08722,0.00569,0.00767,0.0055,16.0,208.0,0.81883,0.738
corpus:192-user08779333356-geek@42.295,kick,corpus,42.295,5.71114,1948.04757,2862.02443,-15.29502,0.36308,0.53325,0.08752,0.00585,0.00501,0.00529,196.0,196.0,0.79995,0.735
corpus:192-user08779333356-geek@32.566,kick,corpus,32.566,11.47401,3213.95642,2964.1287,4.55626,0.6023,0.10583,0.05695,0.09747,0.11526,0.02219,116.0,208.0,0.33926,0.734
corpus:192-user08779333356-geek@39.184,kick,corpus,39.184,11.89585,3162.31682,3047.0426,3.01992,0.60967,0.0911,0.05717,0.1104,0.10986,0.02179,112.0,220.0,0.35908,0.733
corpus:192-user08779333356-geek@41.459,kick,corpus,41.459,6.88908,2157.27609,3049.54263,-15.33925,0.40579,0.48061,0.09221,0.00763,0.00797,0.0058,16.0,208.0,0.83057,0.729
corpus:192-user08779333356-geek@44.153,kick,corpus,44.153,11.98716,3103.3182,3011.31397,2.59108,0.58247,0.10269,0.05652,0.11766,0.1189,0.02177,116.0,208.0,0.35732,0.722
corpus:192-user08779333356-geek@38.986,kick,corpus,38.986,5.92438,2113.3453,3012.1562,-14.31481,0.35234,0.54176,0.08984,0.00517,0.00545,0.00544,196.0,196.0,0.78467,0.716
corpus:192-user08779333356-geek@33.53,hook,corpus,33.53,12.6431,5040.70233,5040.70233,3.98834,0.08426,0.09123,0.14311,0.0496,0.30837,0.32344,68.0,68.0,0.1828,0.703
corpus:192-user08779333356-geek@30.221,hook,corpus,30.221,11.28838,4966.22074,4966.22074,6.89234,0.08882,0.11537,0.11489,0.08704,0.28337,0.31051,80.0,80.0,0.28478,0.634
corpus:193-user04821460007-the-agent-girls@1.347,space,corpus,1.347,17.09793,5521.22247,5544.06527,1.19902,0.00132,0.00161,0.00124,0.01827,0.7359,0.24166,174.0,400.0,0.95894,0.807
corpus:193-user04821460007-the-agent-girls@37.407,space,corpus,37.407,11.23199,4145.10196,3924.71172,1.90415,0.04964,0.64741,0.1344,0.02049,0.0944,0.05367,400.0,400.0,0.96754,0.807
corpus:193-user04821460007-the-agent-girls@15.662,space,corpus,15.662,13.55582,4572.66047,4758.22313,0.00445,0.26009,0.22087,0.01312,0.02102,0.35729,0.12761,400.0,400.0,0.90619,0.791
corpus:193-user04821460007-the-agent-girls@26.691,space,corpus,26.691,11.8566,3775.86553,3889.32243,0.90493,0.04259,0.65458,0.13523,0.03543,0.09215,0.04001,400.0,400.0,0.97151,0.789
corpus:193-user04821460007-the-agent-girls@10.948,kick,corpus,10.948,8.74825,1450.53516,1261.71434,-1.22821,0.21244,0.73932,0.03795,0.00435,0.00489,0.00105,14.0,116.0,0.46843,0.701
corpus:196-user80254894876-sympathikus-stimmulation@1.637,hook,corpus,1.637,15.063,2241.0753,2609.43574,-11.4976,0.02227,0.15144,0.37009,0.30052,0.10794,0.04773,38.0,162.0,0.25982,0.837
corpus:196-user80254894876-sympathikus-stimmulation@0.848,hook,corpus,0.848,15.21347,2555.98905,2938.17907,-12.61307,0.01895,0.15746,0.37158,0.27561,0.12187,0.05453,64.0,162.0,0.28639,0.822
corpus:196-user80254894876-sympathikus-stimmulation@44.768,hook,corpus,44.768,14.57285,3633.84947,3482.69854,-1.96723,0.0107,0.13848,0.32616,0.26124,0.17393,0.0895,116.0,116.0,0.21274,0.802
corpus:196-user80254894876-sympathikus-stimmulation@2.415,hook,corpus,2.415,15.17407,2308.82227,2861.94183,-12.60149,0.03043,0.16963,0.38496,0.24768,0.11692,0.05037,56.0,186.0,0.3435,0.788
corpus:196-user80254894876-sympathikus-stimmulation@8.696,hook,corpus,8.696,13.85377,3293.64603,3265.70544,0.07026,0.01667,0.14401,0.3226,0.32964,0.12877,0.05831,150.0,150.0,0.32859,0.736
corpus:196-user80254894876-sympathikus-stimmulation@7.117,hook,corpus,7.117,14.57117,3200.57826,3208.54409,-2.64167,0.02631,0.15281,0.35967,0.27473,0.12782,0.05866,174.0,174.0,0.39638,0.732
corpus:196-user80254894876-sympathikus-stimmulation@6.339,hook,corpus,6.339,14.71306,3110.64381,3138.52071,-1.58905,0.02727,0.1538,0.36929,0.27106,0.12659,0.05198,174.0,174.0,0.37337,0.728
corpus:196-user80254894876-sympathikus-stimmulation@7.906,hook,corpus,7.906,14.78732,3298.62859,3297.69167,-0.51219,0.02649,0.14916,0.33918,0.28659,0.13479,0.06378,174.0,174.0,0.36907,0.723
corpus:198-user10005668945-untitled-11@59.826,space,corpus,59.826,11.53121,3771.88874,3771.88874,47.14668,0.34702,0.20363,0.19756,0.00748,0.07371,0.1706,92.0,92.0,0.4615,0.963
corpus:198-user10005668945-untitled-11@45.43,space,corpus,45.43,11.41453,3669.89906,3669.89906,44.14704,0.3894,0.23751,0.16753,0.02048,0.05736,0.12773,92.0,92.0,0.44393,0.957
corpus:198-user10005668945-untitled-11@59.733,kick,corpus,59.733,8.02517,2172.11312,2172.11312,-44.98006,0.59808,0.37162,0.00511,0.00693,0.00526,0.01301,92.0,92.0,0.40063,0.95
corpus:198-user10005668945-untitled-11@10.252,space,corpus,10.252,11.43795,3996.13748,3996.13748,43.39953,0.26027,0.1466,0.27818,0.01672,0.08621,0.21201,80.0,80.0,0.32454,0.948
corpus:198-user10005668945-untitled-11@21.037,space,corpus,21.037,11.68296,4082.57822,4082.57822,38.95492,0.34266,0.19501,0.17679,0.03635,0.05123,0.19797,92.0,92.0,0.4635,0.947
corpus:198-user10005668945-untitled-11@24.543,kick,corpus,24.543,7.72702,2301.77135,2301.77135,-41.94912,0.58751,0.38125,0.01,0.00454,0.0033,0.0134,92.0,92.0,0.41256,0.947
corpus:198-user10005668945-untitled-11@46.939,kick,corpus,46.939,9.8135,2552.56066,2552.56066,-27.86799,0.58488,0.3645,0.01747,0.00779,0.0095,0.01587,92.0,92.0,0.37557,0.947
corpus:198-user10005668945-untitled-11@14.954,kick,corpus,14.954,8.03878,2532.50086,2532.50086,-22.54575,0.57124,0.3985,0.00817,0.00691,0.00413,0.01106,80.0,80.0,0.34817,0.945
corpus:198-user10005668945-untitled-11@46.138,kick,corpus,46.138,8.43066,2833.71953,2833.71953,-39.45207,0.57611,0.37395,0.01005,0.00457,0.01655,0.01876,80.0,80.0,0.30821,0.943
corpus:198-user10005668945-untitled-11@22.93,kick,corpus,22.93,6.27416,2548.37796,2529.61061,-19.04166,0.59455,0.38351,0.00593,0.00297,0.0028,0.01023,104.0,104.0,0.50434,0.941
corpus:198-user10005668945-untitled-11@58.12,kick,corpus,58.12,9.68456,2435.05831,2554.10848,-20.20978,0.57572,0.37693,0.01064,0.01676,0.00784,0.01211,104.0,104.0,0.47268,0.933
corpus:198-user10005668945-untitled-11@3.727,kick,corpus,3.727,9.40929,2551.93858,2974.32186,-22.16144,0.58756,0.36779,0.0058,0.01265,0.01347,0.01274,116.0,116.0,0.50216,0.93
corpus:198-user10005668945-untitled-11@18.146,kick,corpus,18.146,9.06634,3328.19037,3328.19037,-29.81334,0.5489,0.39231,0.01724,0.00942,0.01025,0.02189,68.0,68.0,0.25932,0.93
corpus:198-user10005668945-untitled-11@17.345,kick,corpus,17.345,8.23185,2767.8803,2767.8803,-25.61695,0.54501,0.39278,0.01021,0.02471,0.01297,0.01432,80.0,80.0,0.34196,0.928
corpus:198-user10005668945-untitled-11@60.534,kick,corpus,60.534,7.96992,3167.25449,3167.25449,-28.00351,0.55831,0.35852,0.01098,0.02507,0.02673,0.02039,68.0,68.0,0.25354,0.928
corpus:198-user10005668945-untitled-11@26.122,kick,corpus,26.122,6.73515,2434.03607,2895.48798,-19.15237,0.57785,0.40114,0.00653,0.00342,0.00245,0.00861,128.0,128.0,0.53978,0.927
corpus:198-user10005668945-untitled-11@32.729,hook,corpus,32.729,16.93402,3518.59962,4184.63781,-12.71944,0.01737,0.02402,0.15125,0.42816,0.24289,0.13631,84.0,208.0,0.21485,0.874
corpus:198-user10005668945-untitled-11@44.037,hook,corpus,44.037,12.40505,1578.34247,1578.34247,-24.37326,2e-05,7e-05,0.32209,0.66831,0.00894,0.00057,92.0,92.0,0.39415,0.872
corpus:198-user10005668945-untitled-11@36.061,hook,corpus,36.061,10.32416,2163.4396,2163.4396,-8.61788,4e-05,7e-05,0.22979,0.73465,0.03125,0.0042,68.0,68.0,0.06797,0.86
corpus:198-user10005668945-untitled-11@43.921,hook,corpus,43.921,12.7824,4117.75165,4177.88747,-16.7884,0.01647,0.0427,0.17021,0.46577,0.17037,0.13447,70.0,116.0,0.26446,0.855
corpus:198-user10005668945-untitled-11@37.129,hook,corpus,37.129,15.9046,4182.17881,4147.31323,-4.17801,0.01485,0.11395,0.19799,0.24158,0.2658,0.16583,58.0,128.0,0.17221,0.84
corpus:198-user10005668945-untitled-11@39.126,hook,corpus,39.126,13.48002,4028.49133,3988.31374,-5.13057,0.06936,0.20915,0.2024,0.27157,0.1451,0.10242,56.0,128.0,0.1719,0.821
corpus:198-user10005668945-untitled-11@35.944,hook,corpus,35.944,15.91331,3826.68061,3771.28797,3.09698,0.03102,0.09863,0.18203,0.41428,0.20433,0.06972,72.0,116.0,0.0472,0.814
corpus:198-user10005668945-untitled-11@42.33,hook,corpus,42.33,14.13699,2946.94141,3870.80146,-18.78177,0.00785,0.01873,0.18438,0.59582,0.11996,0.07327,78.0,196.0,0.4477,0.804
corpus:199-user84564100548-klappbong@18.042,space,corpus,18.042,10.64169,4121.58359,5169.67611,4.48929,0.1942,0.58978,0.08776,0.04261,0.01663,0.06903,154.0,400.0,0.99313,0.927
corpus:199-user84564100548-klappbong@21.548,space,corpus,21.548,10.27866,4064.45061,4732.54344,6.05846,0.20145,0.5805,0.08787,0.04308,0.01459,0.07249,106.0,400.0,0.9921,0.913
corpus:199-user84564100548-klappbong@53.081,space,corpus,53.081,10.31976,3724.04962,4550.90241,5.28649,0.19997,0.61496,0.07769,0.03743,0.01447,0.05548,58.0,400.0,0.99696,0.902
corpus:199-user84564100548-klappbong@63.82,space,corpus,63.82,12.5443,5565.9411,4478.30455,32.29582,0.28351,0.11782,0.01992,0.00317,0.06542,0.51015,180.0,180.0,0.66278,0.886
corpus:199-user84564100548-klappbong@57.493,hook,corpus,57.493,14.32373,1605.20518,2385.28447,-8.84663,0.07054,0.20716,0.13056,0.33945,0.24852,0.00377,106.0,232.0,0.33923,0.808
corpus:199-user84564100548-klappbong@58.027,kick,corpus,58.027,6.92922,1592.49899,1670.70256,5.68747,0.40724,0.58015,0.00847,0.00271,0.00034,0.00108,64.0,128.0,0.31546,0.802
corpus:199-user84564100548-klappbong@56.181,hook,corpus,56.181,15.06683,3570.21031,4040.00464,-6.92982,0.06028,0.24344,0.17517,0.21096,0.18352,0.12663,96.0,232.0,0.34318,0.76
corpus:199-user84564100548-klappbong@0.998,hook,corpus,0.998,18.77358,4913.01011,4052.82461,8.87994,0.03393,0.05141,0.14298,0.25084,0.23091,0.28994,108.0,232.0,0.29232,0.746
corpus:199-user84564100548-klappbong@57.04,hook,corpus,57.04,15.0944,2115.46852,2331.86536,-0.4733,0.03593,0.05957,0.22372,0.42633,0.2502,0.00424,92.0,212.0,0.38206,0.733
corpus:199-user84564100548-klappbong@0.116,hook,corpus,0.116,15.58657,4514.64648,4396.49383,-2.23526,0.03901,0.24204,0.11236,0.17276,0.16669,0.26714,96.0,232.0,0.46076,0.704
corpus:199-user84564100548-klappbong@56.854,hook,corpus,56.854,16.71671,2242.48524,2161.94403,3.90747,0.04336,0.16422,0.36769,0.27659,0.14571,0.00243,56.0,140.0,0.2661,0.697
corpus:199-user84564100548-klappbong@12.632,hook,corpus,12.632,13.89068,6304.51498,5830.66471,7.11079,0.05945,0.1175,0.05582,0.03758,0.11398,0.61567,152.0,196.0,0.28025,0.677
corpus:199-user84564100548-klappbong@57.295,hook,corpus,57.295,16.31812,2377.1704,2031.76904,8.74503,0.0478,0.17747,0.34938,0.24749,0.17597,0.00189,56.0,196.0,0.20826,0.662
corpus:200-user54466587890-voltmeter@58.468,kick,corpus,58.468,4.82677,2364.64825,2364.64825,-40.97871,0.75516,0.23419,0.00401,0.0013,0.00158,0.00376,58.0,58.0,0.13693,0.981
corpus:200-user54466587890-voltmeter@41.169,kick,corpus,41.169,5.56598,2833.91744,2833.91744,-26.64555,0.74552,0.23827,0.00549,0.00192,0.00186,0.00694,68.0,68.0,0.25279,0.976
corpus:200-user54466587890-voltmeter@41.657,kick,corpus,41.657,4.40749,2329.45072,2329.45072,-17.77341,0.7075,0.27214,0.01281,0.00496,0.00103,0.00156,58.0,58.0,0.13207,0.975
corpus:200-user54466587890-voltmeter@46.777,kick,corpus,46.777,5.70823,3039.1366,3039.1366,-18.02982,0.75559,0.2289,0.00333,0.00113,0.00226,0.00879,68.0,68.0,0.24655,0.975
corpus:200-user54466587890-voltmeter@63.925,kick,corpus,63.925,4.8883,2948.28358,2948.28358,-35.17908,0.73756,0.24262,0.00647,0.00243,0.00235,0.00858,74.0,74.0,0.25344,0.974
corpus:200-user54466587890-voltmeter@44.896,kick,corpus,44.896,5.72391,2739.92949,2739.92949,-14.9944,0.75556,0.23046,0.00415,0.00148,0.00188,0.00647,80.0,80.0,0.33139,0.972
corpus:200-user54466587890-voltmeter@56.575,kick,corpus,56.575,4.84001,2365.14896,2365.14896,-12.22278,0.75237,0.23672,0.00534,0.00197,0.00114,0.00245,80.0,80.0,0.33298,0.972
corpus:200-user54466587890-voltmeter@61.73,kick,corpus,61.73,6.2103,3223.08824,3223.08824,-9.06994,0.74911,0.2332,0.00437,0.00154,0.00273,0.00905,68.0,68.0,0.18931,0.968
corpus:200-user54466587890-voltmeter@58.781,kick,corpus,58.781,5.54181,2971.94379,2971.94379,-9.55381,0.75488,0.22986,0.00335,0.00116,0.00186,0.00889,80.0,80.0,0.31561,0.965
corpus:200-user54466587890-voltmeter@47.229,kick,corpus,47.229,4.94524,2598.00545,2598.00545,-7.14772,0.73795,0.2474,0.00762,0.00293,0.00135,0.00274,80.0,80.0,0.32409,0.962
corpus:200-user54466587890-voltmeter@63.449,kick,corpus,63.449,5.97695,2487.76934,3279.11515,-30.9885,0.75006,0.2307,0.00447,0.0017,0.00302,0.01006,128.0,128.0,0.52946,0.961
corpus:200-user54466587890-voltmeter@51.444,kick,corpus,51.444,4.38312,2808.79209,2808.79209,-4.71883,0.71721,0.26315,0.01069,0.00424,0.00184,0.00288,68.0,68.0,0.21016,0.96
corpus:200-user54466587890-voltmeter@14.826,hat,corpus,14.826,19.98364,5886.00692,6718.73431,-6.09194,1e-05,0.0,0.00013,0.00043,0.04004,0.95938,48.0,96.0,0.66547,0.822
corpus:200-user54466587890-voltmeter@9.706,hat,corpus,9.706,19.36692,6528.90482,7006.71932,0.67441,0.0001,0.00985,0.024,0.00126,0.03947,0.92532,64.0,400.0,0.66876,0.756
corpus:200-user54466587890-voltmeter@9.462,hat,corpus,9.462,18.25043,6099.01831,6873.05389,-11.19105,0.00012,0.02318,0.04664,0.00165,0.07624,0.85217,66.0,116.0,0.52532,0.749
corpus:200-user54466587890-voltmeter@16.045,hook,corpus,16.045,21.86514,5376.75987,5378.94406,-1.16872,4e-05,0.00375,0.00369,0.14982,0.25354,0.58917,36.0,72.0,0.26074,0.748
corpus:200-user54466587890-voltmeter@9.009,hat,corpus,9.009,18.5682,5970.17861,6752.80666,-4.12303,7e-05,0.01028,0.01703,0.00205,0.092,0.87857,48.0,94.0,0.59976,0.726
corpus:200-user54466587890-voltmeter@11.819,hat,corpus,11.819,17.23371,6853.50508,6175.62841,2.59988,4e-05,0.0052,0.00448,0.01531,0.07709,0.89788,36.0,400.0,0.72948,0.715
corpus:200-user54466587890-voltmeter@10.879,hat,corpus,10.879,18.48866,5937.10534,6612.53026,-4.03476,7e-05,0.01154,0.02922,0.00133,0.12696,0.83088,44.0,84.0,0.65366,0.709
corpus:200-user54466587890-voltmeter@11.564,hat,corpus,11.564,20.24738,6031.25755,6987.68217,-8.68343,4e-05,0.00012,8e-05,0.00046,0.03688,0.96242,46.0,118.0,0.28939,0.681
corpus:200-user54466587890-voltmeter@13.433,hat,corpus,13.433,19.98428,5680.52665,6771.82855,-12.30772,1e-05,0.00021,0.00013,0.00132,0.03999,0.95835,40.0,104.0,0.23452,0.675
corpus:200-user54466587890-voltmeter@12.307,hat,corpus,12.307,15.86036,6910.37024,6075.81681,4.07865,6e-05,0.01103,0.00917,0.02903,0.09581,0.85489,186.0,400.0,0.76213,0.663
corpus:200-user54466587890-voltmeter@10.426,hat,corpus,10.426,20.02955,5892.86312,6428.81511,-3.8522,4e-05,0.00522,0.00632,0.01976,0.11149,0.85718,46.0,80.0,0.5281,0.656
corpus:200-user54466587890-voltmeter@13.201,hat,corpus,13.201,17.54852,5353.28131,6301.43814,-13.53537,4e-05,0.01701,0.01687,0.06929,0.20516,0.69164,72.0,108.0,0.53101,0.636
corpus:200-user54466587890-voltmeter@17.392,hat,corpus,17.392,17.75699,6553.90775,6237.99674,3.4292,3e-05,0.00553,0.00562,0.07779,0.14827,0.76276,78.0,400.0,0.99065,0.631
corpus:201-user85694743322-untitled-8@26.122,kick,corpus,26.122,4.98458,1178.91972,1178.91972,-22.44897,0.59432,0.36231,0.0398,0.00298,0.00043,0.00016,58.0,58.0,0.16415,0.968
corpus:201-user85694743322-untitled-8@40.484,kick,corpus,40.484,5.86546,706.11109,706.11109,-16.25909,0.59788,0.36108,0.03868,0.00218,0.00014,3e-05,80.0,80.0,0.29454,0.967
corpus:201-user85694743322-untitled-8@28.897,space,corpus,28.897,9.35433,3972.91027,3972.91027,39.09707,0.34568,0.45654,0.0472,0.03076,0.01764,0.10217,80.0,80.0,0.38852,0.953
corpus:201-user85694743322-untitled-8@11.204,kick,corpus,11.204,6.95415,2541.15294,2363.10406,-22.67496,0.59091,0.38662,0.00621,0.00166,0.00289,0.01171,104.0,104.0,0.45262,0.948
corpus:201-user85694743322-untitled-8@57.69,kick,corpus,57.69,6.84606,1061.3573,1061.3573,-18.0833,0.50761,0.46688,0.01709,0.00333,0.00488,0.00021,68.0,68.0,0.30413,0.948
corpus:201-user85694743322-untitled-8@4.807,kick,corpus,4.807,6.79039,2370.78456,2123.3144,-17.91282,0.5931,0.386,0.00694,0.00156,0.00082,0.01158,104.0,104.0,0.45891,0.947
corpus:201-user85694743322-untitled-8@9.601,kick,corpus,9.601,5.38053,2413.61192,2413.61192,-38.03727,0.57931,0.38912,0.01754,0.00266,0.00144,0.00993,92.0,92.0,0.42819,0.947
corpus:201-user85694743322-untitled-8@1.602,kick,corpus,1.602,6.53009,2240.33338,2599.00739,-34.67235,0.58138,0.39525,0.00965,0.0016,0.00151,0.01061,104.0,104.0,0.4199,0.946
corpus:201-user85694743322-untitled-8@3.204,kick,corpus,3.204,7.59958,2447.99924,2582.48302,-28.73397,0.57494,0.39336,0.01508,0.00317,0.00179,0.01165,104.0,104.0,0.40702,0.945
corpus:201-user85694743322-untitled-8@25.6,kick,corpus,25.6,7.83995,2351.6626,2108.84361,-17.02095,0.59003,0.38398,0.01182,0.00175,0.00086,0.01156,104.0,104.0,0.47304,0.945
corpus:201-user85694743322-untitled-8@28.793,kick,corpus,28.793,5.86977,2385.56009,2607.18933,-28.3678,0.58991,0.38915,0.00811,0.00158,0.00122,0.01003,104.0,104.0,0.50675,0.944
corpus:201-user85694743322-untitled-8@6.409,kick,corpus,6.409,6.96453,2646.926,2646.926,-24.68511,0.57794,0.39059,0.0152,0.00224,0.00249,0.01154,92.0,92.0,0.46101,0.943
corpus:201-user85694743322-untitled-8@7.999,kick,corpus,7.999,5.78613,2439.22987,2643.7916,-27.32318,0.59133,0.38888,0.00694,0.00165,0.00146,0.00973,104.0,104.0,0.52416,0.943
corpus:201-user85694743322-untitled-8@3.309,space,corpus,3.309,8.23425,4122.32748,4122.32748,36.93986,0.25829,0.59836,0.02845,0.01568,0.01411,0.08512,68.0,68.0,0.33781,0.941
corpus:201-user85694743322-untitled-8@9.694,space,corpus,9.694,9.60531,3647.94474,3579.63909,39.0014,0.35356,0.47033,0.04326,0.02332,0.01385,0.09568,104.0,104.0,0.60623,0.939
corpus:201-user85694743322-untitled-8@1.707,space,corpus,1.707,8.45678,4077.18583,4077.18583,31.41046,0.26326,0.56499,0.04173,0.01073,0.01721,0.10207,92.0,92.0,0.55462,0.937
corpus:202-user23564112514-untitled-6-1@36.014,hook,corpus,36.014,10.34376,3520.86992,3520.86992,-18.03109,0.00192,0.00663,0.16103,0.44402,0.3028,0.0836,92.0,92.0,0.30124,0.857
corpus:202-user23564112514-untitled-6-1@29.315,hook,corpus,29.315,10.83118,3584.89753,3777.94528,-11.53916,0.01118,0.04323,0.06655,0.38081,0.40033,0.09791,104.0,104.0,0.25204,0.855
corpus:202-user23564112514-untitled-6-1@37.314,hook,corpus,37.314,9.44492,3837.25447,3837.25447,-11.33834,0.0044,0.01921,0.04315,0.26994,0.54212,0.12119,92.0,92.0,0.1869,0.851
corpus:202-user23564112514-untitled-6-1@3.123,hook,corpus,3.123,9.85029,3619.05134,3619.05134,-7.22941,0.00353,0.0542,0.12945,0.32126,0.39282,0.09873,92.0,92.0,0.23769,0.838
corpus:202-user23564112514-untitled-6-1@43.712,hook,corpus,43.712,10.14052,3680.66723,3680.66723,-9.4052,0.03675,0.06521,0.04027,0.28477,0.47017,0.10284,92.0,92.0,0.2121,0.836
corpus:202-user23564112514-untitled-6-1@1.126,hook,corpus,1.126,9.28882,3739.2222,3739.2222,-12.86595,0.00823,0.07672,0.06016,0.25719,0.49384,0.10386,92.0,92.0,0.22059,0.835
corpus:202-user23564112514-untitled-6-1@36.316,hook,corpus,36.316,9.27039,3668.37855,3668.37855,-15.28515,0.00677,0.06879,0.06494,0.25596,0.49863,0.10492,92.0,92.0,0.21659,0.835
corpus:202-user23564112514-untitled-6-1@45.314,hook,corpus,45.314,9.36289,3809.02247,3809.02247,-10.37038,0.03245,0.04154,0.02878,0.2675,0.51633,0.11339,92.0,92.0,0.20295,0.835
corpus:202-user23564112514-untitled-6-1@39.613,kick,corpus,39.613,10.82487,3683.00021,3683.00021,-5.75314,0.31612,0.36198,0.04372,0.04,0.19587,0.04231,80.0,80.0,0.3382,0.661
corpus:202-user23564112514-untitled-6-1@57.214,kick,corpus,57.214,10.66249,3722.1792,3722.1792,-3.02655,0.32749,0.32335,0.02965,0.0368,0.2333,0.04941,80.0,80.0,0.30853,0.651
corpus:202-user23564112514-untitled-6-1@54.01,kick,corpus,54.01,10.91351,3623.40684,3623.40684,-6.35349,0.30507,0.36413,0.0435,0.04567,0.19758,0.04406,80.0,80.0,0.35613,0.646
corpus:202-user23564112514-untitled-6-1@15.523,kick,corpus,15.523,9.74528,1915.55095,2605.80948,-12.47161,0.25007,0.50931,0.14979,0.04408,0.03741,0.00935,6.0,186.0,0.66337,0.637
corpus:202-user23564112514-untitled-6-1@42.818,kick,corpus,42.818,10.39518,3756.79344,3756.79344,-2.87703,0.32009,0.32731,0.02773,0.03658,0.24085,0.04744,80.0,80.0,0.32574,0.637
corpus:202-user23564112514-untitled-6-1@53.104,kick,corpus,53.104,9.49802,2044.38906,2776.57122,-17.15978,0.22902,0.47324,0.17249,0.04611,0.06631,0.01283,14.0,174.0,0.64887,0.637
corpus:202-user23564112514-untitled-6-1@10.716,kick,corpus,10.716,9.74446,1868.59315,2632.83525,-14.35227,0.23401,0.50556,0.16494,0.04372,0.04168,0.01008,186.0,186.0,0.68579,0.628
corpus:202-user23564112514-untitled-6-1@38.708,kick,corpus,38.708,10.07973,2170.53122,2958.39761,-21.10657,0.21144,0.4625,0.18059,0.04152,0.08716,0.01679,14.0,174.0,0.64438,0.628
corpus:202-user23564112514-untitled-6-1@46.707,kick,corpus,46.707,9.45421,2131.9605,2847.98847,-16.38846,0.22698,0.47189,0.17196,0.04465,0.07047,0.01405,34.0,174.0,0.64592,0.628
corpus:202-user23564112514-untitled-6-1@49.215,kick,corpus,49.215,10.55441,3605.90344,3605.90344,-1.26846,0.32947,0.351,0.03664,0.04287,0.19966,0.04036,80.0,80.0,0.35012,0.627
corpus:202-user23564112514-untitled-6-1@19.516,kick,corpus,19.516,9.23759,2014.68122,2630.63415,-18.0465,0.21828,0.48212,0.1814,0.05575,0.05064,0.0118,8.0,174.0,0.65148,0.623
corpus:202-user23564112514-untitled-6-1@25.913,kick,corpus,25.913,9.66751,2067.02442,2784.30325,-16.75424,0.22066,0.47435,0.17692,0.04955,0.06371,0.01481,6.0,174.0,0.63427,0.621
corpus:203-user08200140031-untitled-2-1@25.31,space,corpus,25.31,15.01517,4917.57633,4525.96886,6.5151,0.09742,0.46715,0.28799,0.01721,0.07037,0.05986,80.0,400.0,0.99911,0.914
corpus:203-user08200140031-untitled-2-1@14.118,space,corpus,14.118,16.10657,4920.29541,4238.22805,8.13897,0.10986,0.45995,0.29083,0.03003,0.0595,0.04983,80.0,400.0,0.99367,0.909
corpus:203-user08200140031-untitled-2-1@22.105,space,corpus,22.105,14.93569,4653.8766,3930.69041,7.64416,0.09238,0.48934,0.28967,0.01763,0.05564,0.05534,80.0,400.0,0.99978,0.886
corpus:203-user08200140031-untitled-2-1@33.309,space,corpus,33.309,14.57898,4142.04319,3842.2877,8.15261,0.09937,0.49713,0.2782,0.02517,0.04907,0.05105,86.0,400.0,0.99933,0.883
corpus:203-user08200140031-untitled-2-1@22.86,hook,corpus,22.86,15.69293,6361.22319,6361.22319,5.68913,0.00102,0.00368,0.01363,0.00253,0.42755,0.55159,42.0,68.0,0.02982,0.808
corpus:203-user08200140031-untitled-2-1@4.667,kick,corpus,4.667,12.01688,4029.71912,4029.71912,-4.64819,0.41198,0.41309,0.05834,0.00275,0.049,0.06485,60.0,92.0,0.16437,0.781
corpus:203-user08200140031-untitled-2-1@46.463,hook,corpus,46.463,14.51144,6027.79405,6027.79405,4.4344,0.00285,0.00158,0.01823,0.00494,0.44413,0.52827,80.0,80.0,0.15082,0.767
corpus:203-user08200140031-untitled-2-1@50.631,kick,corpus,50.631,9.82517,3704.55839,3882.96873,-2.8847,0.38675,0.53516,0.01285,0.0055,0.02659,0.03315,86.0,104.0,0.20255,0.759
corpus:203-user08200140031-untitled-2-1@26.761,hook,corpus,26.761,15.55964,6004.16905,5977.40225,2.29924,0.01599,0.01769,0.01038,0.00631,0.43392,0.51571,150.0,150.0,0.2119,0.732
corpus:203-user08200140031-untitled-2-1@30.256,kick,corpus,30.256,10.77324,4272.6415,4272.6415,-3.24006,0.3872,0.46453,0.02468,0.00662,0.0527,0.06427,86.0,92.0,0.17178,0.731
corpus:203-user08200140031-untitled-2-1@35.26,hook,corpus,35.26,15.1006,6073.47353,6073.47353,4.92277,0.00158,0.00116,0.00792,0.00462,0.45114,0.53358,80.0,80.0,0.22976,0.723
corpus:203-user08200140031-untitled-2-1@6.258,kick,corpus,6.258,11.72559,4057.97592,4057.97592,2.60265,0.38982,0.42723,0.07311,0.00352,0.04526,0.06105,80.0,80.0,0.13564,0.705
corpus:203-user08200140031-untitled-2-1@62.74,hook,corpus,62.74,14.30248,5843.94509,5843.94509,0.15604,0.05212,0.04876,0.00065,0.00408,0.40001,0.49438,92.0,92.0,0.26073,0.692
corpus:203-user08200140031-untitled-2-1@51.037,kick,corpus,51.037,10.77832,4085.19389,4106.07929,3.87897,0.40923,0.4609,0.03573,0.00516,0.04,0.04897,80.0,104.0,0.16831,0.685
corpus:203-user08200140031-untitled-2-1@63.855,kick,corpus,63.855,12.49028,4630.96399,4630.96399,-5.54627,0.35761,0.44866,0.02136,0.00981,0.06682,0.09575,68.0,80.0,0.11078,0.684
corpus:203-user08200140031-untitled-2-1@57.644,hook,corpus,57.644,13.81061,5454.46019,5432.2981,4.13535,0.00572,0.00425,0.24462,0.03473,0.34072,0.36997,104.0,104.0,0.3129,0.668
corpus:203-user08200140031-untitled-2-1@33.146,hook,corpus,33.146,16.27871,5767.58469,5772.84294,1.99119,0.05262,0.06049,0.01582,0.00288,0.3964,0.47179,98.0,162.0,0.29272,0.667
corpus:203-user08200140031-untitled-2-1@2.461,kick,corpus,2.461,8.58877,2102.42477,2102.42477,-26.86271,0.09395,0.6093,0.27608,0.00248,0.01451,0.00368,92.0,92.0,0.48554,0.662
corpus:203-user08200140031-untitled-2-1@10.762,hook,corpus,10.762,15.80216,5507.1993,5300.111,8.44056,0.04656,0.04536,0.24101,0.04039,0.30185,0.32484,106.0,162.0,0.16931,0.658
corpus:203-user08200140031-untitled-2-1@38.255,kick,corpus,38.255,11.14552,4453.20406,4453.20406,5.89651,0.40561,0.44535,0.0191,0.00573,0.05501,0.06919,50.0,68.0,0.10659,0.644
corpus:203-user08200140031-untitled-2-1@61.823,kick,corpus,61.823,9.74002,3689.23547,3694.94923,8.97274,0.42528,0.51577,0.00195,0.00161,0.0242,0.03118,86.0,104.0,0.211,0.63
corpus:203-user08200140031-untitled-2-1@8.731,kick,corpus,8.731,5.46255,1328.04321,1644.44423,-9.95725,0.1312,0.74342,0.12273,0.00095,0.00126,0.00045,128.0,128.0,0.68654,0.627
corpus:203-user08200140031-untitled-2-1@34.435,kick,corpus,34.435,8.72219,2387.47494,2387.47494,-30.8227,0.08208,0.51715,0.37277,0.01028,0.01259,0.00513,92.0,92.0,0.58497,0.623
corpus:203-user08200140031-untitled-2-1@3.065,kick,corpus,3.065,12.28403,3958.953,3958.953,4.33648,0.33185,0.41829,0.12597,0.01671,0.04892,0.05826,42.0,80.0,0.1381,0.615
corpus:205-user11000044425-spandau@18.982,space,corpus,18.982,7.0514,3977.8557,3903.17303,8.58417,0.27541,0.54421,0.08558,0.01218,0.02831,0.05431,400.0,400.0,0.93974,0.87
corpus:205-user11000044425-spandau@12.899,space,corpus,12.899,7.13337,3866.28768,3758.536,7.91999,0.26891,0.54233,0.09026,0.01389,0.02952,0.05509,400.0,400.0,0.93552,0.849
corpus:205-user11000044425-spandau@62.485,space,corpus,62.485,7.01472,3997.37425,3232.00754,11.36852,0.27255,0.54515,0.08413,0.01332,0.02876,0.0561,196.0,400.0,0.8704,0.827
corpus:205-user11000044425-spandau@56.401,space,corpus,56.401,7.09607,4074.13072,3141.73695,12.32735,0.27653,0.54435,0.08271,0.01233,0.02837,0.05571,204.0,400.0,0.85789,0.826
corpus:205-user11000044425-spandau@26.842,kick,corpus,26.842,4.73645,1809.91207,2818.70182,-16.76377,0.2821,0.60551,0.08323,0.01028,0.01172,0.00717,196.0,196.0,0.81936,0.679
corpus:205-user11000044425-spandau@43.363,kick,corpus,43.363,4.54181,1955.58757,2928.13001,-17.00501,0.26938,0.61305,0.08659,0.01153,0.01214,0.00731,186.0,186.0,0.81986,0.664
corpus:205-user11000044425-spandau@33.355,kick,corpus,33.355,3.19226,728.93021,1066.55063,-8.80357,0.22297,0.63082,0.12856,0.01369,0.0028,0.00116,84.0,196.0,0.77647,0.655
corpus:205-user11000044425-spandau@34.667,kick,corpus,34.667,4.46222,1889.91266,2966.12485,-15.88081,0.28222,0.60675,0.08121,0.01141,0.01127,0.00714,196.0,196.0,0.82751,0.654
corpus:205-user11000044425-spandau@0.046,kick,corpus,0.046,10.73597,4189.72749,3308.25055,4.46215,0.43643,0.36625,0.06157,0.00533,0.03185,0.09858,6.0,198.0,0.35466,0.648
corpus:205-user11000044425-spandau@3.355,kick,corpus,3.355,4.48507,1915.76301,3072.65685,-18.46968,0.26873,0.60436,0.08602,0.01492,0.01696,0.00901,196.0,196.0,0.85138,0.644
corpus:205-user11000044425-spandau@40.31,kick,corpus,40.31,3.36789,663.94749,1336.72729,-8.67075,0.24382,0.61437,0.12554,0.01256,0.00261,0.0011,220.0,220.0,0.79212,0.643
corpus:205-user11000044425-spandau@41.622,kick,corpus,41.622,4.33115,1942.92865,3045.18974,-16.46286,0.27401,0.6078,0.08608,0.01254,0.01218,0.00738,90.0,196.0,0.83581,0.642
corpus:205-user11000044425-spandau@42.493,kick,corpus,42.493,4.71795,1947.51004,3007.51316,-15.53653,0.27686,0.60544,0.08675,0.0115,0.01219,0.00727,196.0,196.0,0.83056,0.641
corpus:205-user11000044425-spandau@32.055,kick,corpus,32.055,4.67766,1902.67646,2971.89975,-15.99208,0.27241,0.60628,0.08757,0.01286,0.01349,0.00739,196.0,196.0,0.83921,0.639
corpus:205-user11000044425-spandau@31.184,kick,corpus,31.184,4.34978,1984.86919,3081.3577,-16.72483,0.26775,0.60764,0.08524,0.0142,0.01645,0.00872,196.0,196.0,0.83893,0.633
corpus:205-user11000044425-spandau@38.139,kick,corpus,38.139,4.58121,1977.62318,2990.60823,-16.69291,0.26634,0.60558,0.08712,0.01498,0.017,0.00899,196.0,196.0,0.84607,0.633
corpus:205-user11000044425-spandau@25.298,hat,corpus,25.298,16.34698,6044.50584,6467.04053,-3.88337,0.00082,0.01483,0.04355,0.0236,0.2303,0.6869,400.0,400.0,0.73507,0.626
corpus:206-user72467634894-fear@22.105,kick,corpus,22.105,4.60347,3037.55183,3037.55183,-8.11063,0.77238,0.1877,0.0169,0.00743,0.00631,0.00928,46.0,46.0,0.0,0.975
corpus:206-user72467634894-fear@59.49,kick,corpus,59.49,4.84967,3477.39395,3477.39395,-21.60732,0.80072,0.16255,0.01449,0.00253,0.0044,0.01531,80.0,80.0,0.38875,0.972
corpus:206-user72467634894-fear@52.535,kick,corpus,52.535,5.91506,3423.87863,3423.87863,-12.9474,0.79611,0.17307,0.00515,0.00239,0.00955,0.01373,80.0,80.0,0.30673,0.97
corpus:206-user72467634894-fear@43.839,kick,corpus,43.839,5.64377,2913.05849,2918.62967,-12.52162,0.76733,0.20333,0.0124,0.00333,0.00573,0.00787,104.0,104.0,0.47384,0.958
corpus:206-user72467634894-fear@42.969,kick,corpus,42.969,5.8528,2896.57925,2896.57925,-17.64911,0.6693,0.22162,0.07086,0.01494,0.01261,0.01067,80.0,80.0,0.46523,0.95
corpus:206-user72467634894-fear@57.748,kick,corpus,57.748,5.59823,3271.80431,3271.80431,-1.31951,0.8223,0.14786,0.0082,0.00313,0.00681,0.01169,80.0,80.0,0.29738,0.948
corpus:206-user72467634894-fear@58.619,kick,corpus,58.619,6.77043,2822.42868,2964.0341,-11.28703,0.74343,0.18698,0.04353,0.00836,0.00571,0.01198,24.0,104.0,0.49675,0.946
corpus:206-user72467634894-fear@1.231,kick,corpus,1.231,4.8278,2780.25049,2780.25049,-9.11306,0.7169,0.23987,0.02495,0.0072,0.00584,0.00524,80.0,80.0,0.46835,0.944
corpus:206-user72467634894-fear@49.064,kick,corpus,49.064,6.15542,3092.49943,3092.49943,-9.63695,0.69753,0.26691,0.01401,0.00324,0.00818,0.01012,92.0,92.0,0.44496,0.941
corpus:206-user72467634894-fear@51.664,kick,corpus,51.664,7.09219,3133.34159,3133.34159,-0.46758,0.74608,0.19121,0.03359,0.00838,0.00839,0.01237,92.0,92.0,0.25813,0.938
corpus:206-user72467634894-fear@56.018,kick,corpus,56.018,5.8423,3346.56179,3346.56179,2.05047,0.76153,0.19939,0.01063,0.00368,0.01166,0.01311,68.0,68.0,0.19899,0.936
corpus:206-user72467634894-fear@12.074,kick,corpus,12.074,7.34567,2517.60566,2762.30866,-8.96828,0.73126,0.18616,0.06757,0.00435,0.00449,0.00617,56.0,128.0,0.5257,0.933
corpus:206-user72467634894-fear@3.471,space,corpus,3.471,7.81441,4303.56617,4094.33362,19.59575,0.51456,0.31772,0.02835,0.00659,0.03934,0.09344,128.0,128.0,0.46165,0.775
corpus:206-user72467634894-fear@5.224,space,corpus,5.224,10.60002,4995.91323,4790.41907,16.77594,0.33146,0.20003,0.02537,0.02109,0.12898,0.29308,128.0,128.0,0.55068,0.775
corpus:206-user72467634894-fear@6.954,space,corpus,6.954,8.30858,4543.40139,4465.56027,15.17678,0.50394,0.22895,0.03223,0.01354,0.06472,0.15662,22.0,128.0,0.55563,0.747
corpus:206-user72467634894-fear@10.867,space,corpus,10.867,10.30756,4433.69263,4179.806,10.12671,0.32294,0.14695,0.28789,0.01361,0.07576,0.15286,150.0,150.0,0.76879,0.745
corpus:207-user55864367882-deeper@42.841,kick,corpus,42.841,8.63174,1574.58552,2063.46059,-8.48571,0.689,0.29656,0.00902,0.00254,0.00105,0.00183,48.0,162.0,0.11186,0.967
corpus:207-user55864367882-deeper@51.537,kick,corpus,51.537,8.35283,1662.47774,2240.1279,-9.15901,0.68581,0.29803,0.0101,0.0026,0.00108,0.00238,36.0,162.0,0.11191,0.966
corpus:207-user55864367882-deeper@44.547,kick,corpus,44.547,7.24105,1599.70507,2118.57863,-6.13337,0.71206,0.26941,0.01264,0.00307,0.0016,0.00123,82.0,196.0,0.32891,0.955
corpus:207-user55864367882-deeper@49.749,kick,corpus,49.749,6.29696,1402.76202,1627.03854,-4.78348,0.70014,0.27921,0.01521,0.00351,0.00111,0.00081,88.0,208.0,0.41537,0.943
corpus:207-user55864367882-deeper@48.019,kick,corpus,48.019,7.18525,1785.65085,2127.27027,-3.71965,0.68915,0.29284,0.00979,0.00456,0.00213,0.00153,70.0,208.0,0.39282,0.933
corpus:207-user55864367882-deeper@55.995,space,corpus,55.995,9.73991,3124.08278,3124.08278,39.91565,0.55855,0.34875,0.05355,0.01493,0.01581,0.00839,34.0,46.0,0.0,0.835
corpus:207-user55864367882-deeper@51.096,kick,corpus,51.096,8.63728,2799.6225,2270.31089,13.76592,0.64512,0.32802,0.01193,0.00736,0.00564,0.00193,66.0,174.0,0.18916,0.811
corpus:207-user55864367882-deeper@57.736,kick,corpus,57.736,7.49955,2784.92123,2784.92123,10.2899,0.46515,0.30311,0.18081,0.02502,0.01639,0.00952,46.0,46.0,0.0,0.805
corpus:207-user55864367882-deeper@42.388,kick,corpus,42.388,8.51293,2941.533,2344.92016,12.83281,0.65509,0.32285,0.0087,0.00646,0.00447,0.00242,78.0,186.0,0.25896,0.782
corpus:207-user55864367882-deeper@40.623,kick,corpus,40.623,6.43506,2443.17139,1629.33743,14.109,0.71608,0.26317,0.01243,0.00463,0.00254,0.00115,102.0,208.0,0.35695,0.76
corpus:207-user55864367882-deeper@63.878,kick,corpus,63.878,4.16509,1511.30985,1796.93725,-17.95563,0.29005,0.58656,0.05996,0.05378,0.00848,0.00116,122.0,122.0,0.6894,0.749
corpus:207-user55864367882-deeper@49.354,kick,corpus,49.354,8.17822,3406.0583,2772.53402,15.41298,0.65849,0.31504,0.00972,0.00715,0.00504,0.00456,70.0,174.0,0.16693,0.748
corpus:207-user55864367882-deeper@52.512,space,corpus,52.512,11.64112,4236.52122,4236.52122,25.39272,0.36396,0.34775,0.04667,0.09469,0.07818,0.06875,58.0,58.0,0.06723,0.685
corpus:207-user55864367882-deeper@49.528,kick,corpus,49.528,3.70803,1262.12165,1846.32214,-7.72209,0.56109,0.37136,0.03097,0.03143,0.00431,0.00084,220.0,220.0,0.878,0.637
corpus:209-user88800903441-eisenbass@55.693,kick,corpus,55.693,7.32973,3452.39056,3452.39056,-28.39244,0.44499,0.38773,0.09517,0.012,0.02651,0.0336,92.0,92.0,0.35913,0.872
corpus:209-user88800903441-eisenbass@53.928,kick,corpus,53.928,7.48252,3482.25959,3482.25959,-27.40539,0.4459,0.38281,0.09657,0.01242,0.02761,0.03469,92.0,92.0,0.36061,0.871
corpus:209-user88800903441-eisenbass@57.458,kick,corpus,57.458,7.31811,3426.06591,3426.06591,-24.9174,0.44314,0.38867,0.09587,0.0117,0.02692,0.0337,92.0,92.0,0.35377,0.871
corpus:209-user88800903441-eisenbass@22.93,kick,corpus,22.93,5.95566,3236.08493,3236.08493,-10.84189,0.49326,0.35693,0.09961,0.01436,0.01751,0.01834,92.0,92.0,0.48096,0.865
corpus:209-user88800903441-eisenbass@49.064,kick,corpus,49.064,5.69478,3426.57864,3488.66793,-15.38797,0.50129,0.38678,0.0508,0.01019,0.0215,0.02944,104.0,104.0,0.55117,0.865
corpus:209-user88800903441-eisenbass@0.023,hook,corpus,0.023,12.74556,3784.4744,3784.4744,-6.59333,0.00405,0.05942,0.04208,0.64789,0.12355,0.12302,58.0,58.0,0.07562,0.864
corpus:209-user88800903441-eisenbass@58.224,kick,corpus,58.224,6.41903,2998.12817,2998.12817,-16.15478,0.43894,0.35478,0.14847,0.02226,0.01948,0.01607,92.0,92.0,0.43377,0.864
corpus:209-user88800903441-eisenbass@16.869,kick,corpus,16.869,7.92907,3563.35214,3563.35214,-22.33191,0.43989,0.37541,0.09641,0.01348,0.033,0.0418,92.0,92.0,0.3442,0.858
corpus:209-user88800903441-eisenbass@13.34,kick,corpus,13.34,7.69192,3440.94136,3440.94136,-20.50977,0.43228,0.38031,0.10137,0.01287,0.03249,0.04068,92.0,92.0,0.34326,0.857
corpus:209-user88800903441-eisenbass@15.105,kick,corpus,15.105,7.8581,3438.11664,3438.11664,-20.57696,0.42184,0.37333,0.11247,0.01483,0.03446,0.04308,92.0,92.0,0.34463,0.848
corpus:209-user88800903441-eisenbass@54.695,kick,corpus,54.695,6.85129,3040.16847,3040.16847,-21.69322,0.38728,0.36478,0.18233,0.02313,0.02327,0.01921,80.0,80.0,0.32777,0.847
corpus:209-user88800903441-eisenbass@22.593,kick,corpus,22.593,5.93685,3560.21985,3560.21985,-12.25468,0.4716,0.40546,0.05243,0.0133,0.02425,0.03296,92.0,92.0,0.49753,0.841
corpus:209-user88800903441-eisenbass@49.389,kick,corpus,49.389,5.62585,3146.40041,3146.40041,-7.89057,0.47236,0.39598,0.08693,0.01047,0.01665,0.0176,92.0,92.0,0.48939,0.841
corpus:209-user88800903441-eisenbass@46.266,space,corpus,46.266,9.64002,4210.16649,4310.03492,2.70535,0.07084,0.44103,0.20571,0.07151,0.12033,0.09058,400.0,400.0,0.98126,0.822
corpus:209-user88800903441-eisenbass@28.63,space,corpus,28.63,9.72343,4263.12907,4144.20915,4.0653,0.06498,0.45882,0.19202,0.07557,0.11964,0.08897,400.0,400.0,0.94108,0.813
corpus:209-user88800903441-eisenbass@20.712,hook,corpus,20.712,12.31265,3554.02345,3641.34497,-17.33805,0.01214,0.05789,0.01056,0.63624,0.15014,0.13303,104.0,104.0,0.42419,0.803
corpus:209-user88800903441-eisenbass@18.947,hook,corpus,18.947,12.29464,3401.25111,3634.52933,-18.51263,0.01481,0.08983,0.01694,0.61251,0.14273,0.12319,116.0,116.0,0.48984,0.778
corpus:209-user88800903441-eisenbass@33.936,space,corpus,33.936,9.68718,4137.6404,3556.18391,5.82502,0.0965,0.48406,0.15313,0.0637,0.11426,0.08835,400.0,400.0,0.87525,0.768
corpus:209-user88800903441-eisenbass@21.269,hook,corpus,21.269,12.60935,3909.59106,4088.06602,-16.87294,0.01855,0.11259,0.0151,0.41147,0.2516,0.19069,116.0,116.0,0.46837,0.766
corpus:209-user88800903441-eisenbass@37.465,space,corpus,37.465,10.08484,4151.41121,3507.66058,6.05253,0.10889,0.47501,0.14717,0.06706,0.11272,0.08915,400.0,400.0,0.86307,0.761
corpus:209-user88800903441-eisenbass@42.133,hook,corpus,42.133,12.96713,5131.38126,5190.1468,-9.91205,0.00289,0.05467,0.0036,0.13873,0.53668,0.26343,104.0,104.0,0.35467,0.745
corpus:209-user88800903441-eisenbass@19.389,hook,corpus,19.389,12.51243,4155.03678,4268.26197,-9.48931,0.1381,0.11984,0.02259,0.24839,0.24996,0.22111,104.0,104.0,0.3625,0.738
corpus:209-user88800903441-eisenbass@19.841,hook,corpus,19.841,13.37533,3728.1778,3745.80651,-30.8327,0.01198,0.08998,0.01806,0.59438,0.13183,0.15376,104.0,104.0,0.43592,0.733
corpus:209-user88800903441-eisenbass@19.493,hook,corpus,19.493,12.05289,3817.03922,4049.55392,-12.0582,0.02103,0.11211,0.01596,0.40918,0.25024,0.19148,116.0,116.0,0.57443,0.722
corpus:210-der-schwarze-adel-when-the-truth-is-found-to-be-lies@28.235,kick,corpus,28.235,10.73274,1671.09618,1671.09618,-12.45678,0.45818,0.3491,0.10381,0.07261,0.01456,0.00174,80.0,80.0,0.44052,0.868
corpus:210-der-schwarze-adel-when-the-truth-is-found-to-be-lies@30.395,hook,corpus,30.395,16.53219,1398.96082,1395.79146,0.3905,0.04071,0.09331,0.53974,0.31932,0.00639,0.00054,70.0,302.0,0.1714,0.829
corpus:210-der-schwarze-adel-when-the-truth-is-found-to-be-lies@26.285,hook,corpus,26.285,16.39525,1505.34496,1512.00203,-0.97387,0.03224,0.08663,0.55728,0.31018,0.01236,0.0013,56.0,314.0,0.20502,0.827
corpus:210-der-schwarze-adel-when-the-truth-is-found-to-be-lies@27.934,hook,corpus,27.934,16.45821,1524.43608,1544.58492,0.90731,0.03608,0.09006,0.56255,0.29816,0.01194,0.00121,48.0,302.0,0.19141,0.811
corpus:210-der-schwarze-adel-when-the-truth-is-found-to-be-lies@29.048,kick,corpus,29.048,12.83865,2276.1105,2276.1105,-11.59399,0.44274,0.31112,0.11655,0.09502,0.03018,0.00439,92.0,92.0,0.53256,0.802
corpus:210-der-schwarze-adel-when-the-truth-is-found-to-be-lies@33.994,hook,corpus,33.994,15.04393,1905.66761,1905.66761,-4.93067,0.13318,0.0806,0.43906,0.30804,0.0343,0.00481,46.0,46.0,0.0,0.791
corpus:210-der-schwarze-adel-when-the-truth-is-found-to-be-lies@28.746,hook,corpus,28.746,16.84943,1544.79762,1270.66977,3.13166,0.04627,0.09914,0.5599,0.28503,0.0092,0.00046,58.0,302.0,0.19327,0.789
corpus:210-der-schwarze-adel-when-the-truth-is-found-to-be-lies@24.636,hook,corpus,24.636,15.75704,1813.84458,1633.30268,1.63855,0.03986,0.09304,0.55285,0.29917,0.0131,0.00198,40.0,314.0,0.25877,0.785
corpus:210-der-schwarze-adel-when-the-truth-is-found-to-be-lies@32.032,hook,corpus,32.032,16.06423,1242.72548,1307.61393,0.40954,0.04479,0.09581,0.59398,0.25969,0.00541,0.00031,58.0,314.0,0.21663,0.784
corpus:210-der-schwarze-adel-when-the-truth-is-found-to-be-lies@25.774,kick,corpus,25.774,12.24727,1925.61611,1925.61611,-4.16513,0.43452,0.3552,0.1137,0.07194,0.02219,0.00245,80.0,80.0,0.54203,0.779
corpus:210-der-schwarze-adel-when-the-truth-is-found-to-be-lies@26.598,kick,corpus,26.598,8.20569,2024.99512,2024.99512,-2.89445,0.4792,0.4394,0.04643,0.02437,0.00855,0.00205,80.0,80.0,0.6498,0.764
corpus:210-der-schwarze-adel-when-the-truth-is-found-to-be-lies@25.449,hook,corpus,25.449,16.3591,1527.76746,1264.65349,2.94389,0.04214,0.0941,0.5741,0.28322,0.00607,0.00037,62.0,288.0,0.2807,0.757
corpus:210-der-schwarze-adel-when-the-truth-is-found-to-be-lies@23.104,kick,corpus,23.104,10.18673,2888.65984,3037.34629,-10.02178,0.27851,0.66702,0.02829,0.00877,0.01093,0.00647,28.0,104.0,0.12103,0.756
corpus:210-der-schwarze-adel-when-the-truth-is-found-to-be-lies@18.994,kick,corpus,18.994,9.71226,3067.69889,3067.69889,-3.02319,0.26285,0.67667,0.02818,0.01257,0.01234,0.00739,36.0,92.0,0.0924,0.704
corpus:210-der-schwarze-adel-when-the-truth-is-found-to-be-lies@33.158,kick,corpus,33.158,12.67151,1937.00203,1937.00203,-0.89595,0.32142,0.3134,0.25217,0.0914,0.01834,0.00328,88.0,92.0,0.21891,0.694
corpus:210-der-schwarze-adel-when-the-truth-is-found-to-be-lies@29.884,kick,corpus,29.884,12.00789,1932.66238,1932.66238,1.70095,0.34993,0.39466,0.1786,0.06499,0.01002,0.00181,80.0,80.0,0.50549,0.664
corpus:210-der-schwarze-adel-when-the-truth-is-found-to-be-lies@11.459,space,corpus,11.459,9.83378,3398.43567,3512.01498,0.68512,0.10344,0.63857,0.18147,0.04868,0.01413,0.01371,88.0,244.0,0.93684,0.663
corpus:210-der-schwarze-adel-when-the-truth-is-found-to-be-lies@10.252,space,corpus,10.252,9.61759,3520.93318,3156.31452,7.54921,0.11229,0.59812,0.17946,0.05736,0.03141,0.02135,38.0,220.0,0.75891,0.658
corpus:210-der-schwarze-adel-when-the-truth-is-found-to-be-lies@6.966,space,corpus,6.966,9.73181,3557.35633,3086.10674,8.54203,0.09582,0.60621,0.17666,0.06534,0.03223,0.02375,44.0,220.0,0.74318,0.652
corpus:210-der-schwarze-adel-when-the-truth-is-found-to-be-lies@4.505,space,corpus,4.505,9.14735,3455.7263,3036.13949,8.90075,0.10117,0.60903,0.17402,0.06491,0.03094,0.01993,36.0,208.0,0.7348,0.645
corpus:210-der-schwarze-adel-when-the-truth-is-found-to-be-lies@31.533,kick,corpus,31.533,15.28616,1555.24991,1555.24991,-10.40587,0.26508,0.3597,0.22941,0.1243,0.01931,0.00222,80.0,80.0,0.26571,0.644
corpus:210-der-schwarze-adel-when-the-truth-is-found-to-be-lies@34.807,kick,corpus,34.807,10.77095,2268.5806,2268.5806,1.05491,0.36776,0.33149,0.16129,0.11008,0.02362,0.00575,92.0,92.0,0.44506,0.631
corpus:211-evade-noises-edit@16.277,kick,corpus,16.277,9.8155,856.24898,1447.99513,-10.14714,0.46812,0.40506,0.12615,0.00035,0.00013,0.00019,104.0,174.0,0.64517,0.867
corpus:211-evade-noises-edit@10.786,kick,corpus,10.786,18.3558,2191.44068,3456.98062,-1.26013,0.60556,0.30165,0.00125,0.00043,0.01844,0.07266,76.0,236.0,0.27055,0.861
corpus:211-evade-noises-edit@47.264,hat,corpus,47.264,24.26585,3900.96047,5921.58377,-10.31438,2e-05,8e-05,0.00209,0.00035,0.23137,0.76609,36.0,84.0,0.98721,0.838
corpus:211-evade-noises-edit@28.653,kick,corpus,28.653,11.32572,367.65893,424.591,2.02155,0.49368,0.39895,0.1049,0.00245,2e-05,0.0,8.0,308.0,0.51577,0.822
corpus:211-evade-noises-edit@20.143,kick,corpus,20.143,9.72213,401.9973,430.97628,4.62382,0.44023,0.41169,0.14698,0.00103,6e-05,0.0,104.0,186.0,0.45788,0.817
corpus:211-evade-noises-edit@32.67,hat,corpus,32.67,24.60085,5326.08959,6097.74009,-6.65081,1e-05,2e-05,7e-05,0.00027,0.20739,0.79224,34.0,78.0,0.96325,0.815
corpus:211-evade-noises-edit@59.257,kick,corpus,59.257,7.52692,405.92808,813.31169,-2.65512,0.52293,0.40085,0.07488,0.00121,0.00011,2e-05,76.0,196.0,0.64415,0.811
corpus:211-evade-noises-edit@0.685,kick,corpus,0.685,12.10417,462.27832,614.48234,2.20715,0.47474,0.39959,0.12417,0.00138,8e-05,5e-05,92.0,284.0,0.51989,0.809
corpus:211-evade-noises-edit@33.1,kick,corpus,33.1,8.08156,535.31663,1031.68634,-5.11233,0.50039,0.41561,0.08258,0.00126,0.00012,4e-05,96.0,196.0,0.68306,0.809
corpus:211-evade-noises-edit@63.483,hat,corpus,63.483,23.66639,3867.7794,6046.44153,-14.0381,2e-05,0.00045,0.00139,0.00055,0.19833,0.79926,46.0,98.0,0.74592,0.809
corpus:211-evade-noises-edit@55.194,kick,corpus,55.194,8.93264,591.85836,1166.79092,-6.69259,0.494,0.41589,0.08888,0.00102,0.00016,5e-05,76.0,196.0,0.71499,0.805
corpus:211-evade-noises-edit@37.523,hat,corpus,37.523,23.97733,5169.2754,5806.11011,-5.31639,0.00021,0.0003,0.00022,0.00102,0.22039,0.77787,42.0,78.0,0.99964,0.794
corpus:211-evade-noises-edit@44.652,kick,corpus,44.652,8.27633,644.79832,1245.5502,-6.89509,0.50279,0.40982,0.08582,0.00102,0.00028,0.00028,86.0,196.0,0.73849,0.791
corpus:211-evade-noises-edit@38.162,kick,corpus,38.162,8.4656,705.94114,973.859,-7.30823,0.49601,0.41966,0.08259,0.00142,0.00017,0.00015,114.0,196.0,0.74906,0.789
corpus:211-evade-noises-edit@42.214,kick,corpus,42.214,8.33376,1013.47071,1636.67468,-10.29265,0.49573,0.41836,0.08484,0.00081,0.00021,5e-05,132.0,186.0,0.79628,0.789
corpus:211-evade-noises-edit@3.924,kick,corpus,3.924,8.06425,428.36166,447.24936,5.30663,0.50937,0.38506,0.10333,0.0022,4e-05,1e-05,104.0,186.0,0.51847,0.788
corpus:211-evade-noises-edit@35.109,space,corpus,35.109,12.49758,5044.471,3601.2556,8.60088,0.44794,0.35269,0.06411,0.00094,0.0322,0.10212,178.0,400.0,0.90644,0.75
corpus:211-evade-noises-edit@61.057,space,corpus,61.057,12.4041,4980.32654,3478.65312,9.16309,0.42688,0.35229,0.07406,0.00099,0.0333,0.11248,166.0,400.0,0.85648,0.743
corpus:211-evade-noises-edit@48.089,space,corpus,48.089,12.78474,5037.24809,3523.25135,8.64951,0.42588,0.35365,0.07428,0.00092,0.0336,0.11167,154.0,400.0,0.84769,0.741
corpus:211-evade-noises-edit@15.29,hat,corpus,15.29,28.6995,4282.67158,7020.85279,-15.34427,0.01764,0.00288,0.06631,0.02435,0.04643,0.84239,2.0,372.0,0.3544,0.728
corpus:211-evade-noises-edit@14.408,space,corpus,14.408,22.04116,5193.33592,3483.33038,9.8772,0.00666,0.00362,0.08848,0.02673,0.70659,0.16792,76.0,188.0,0.99255,0.706
corpus:211-evade-noises-edit@31.057,hat,corpus,31.057,22.68882,4736.75135,6295.48541,-11.51432,7e-05,7e-05,0.00057,0.00169,0.19428,0.80332,46.0,78.0,0.52421,0.692
corpus:211-evade-noises-edit@34.296,hat,corpus,34.296,24.4085,4616.64952,6305.68748,-11.2577,1e-05,2e-05,0.00012,7e-05,0.19691,0.80286,36.0,74.0,0.53051,0.692
corpus:211-evade-noises-edit@52.164,hook,corpus,52.164,23.00574,5109.07567,6265.90953,-6.42629,0.0,5e-05,4e-05,0.0026,0.22174,0.77557,38.0,88.0,0.03253,0.674
corpus:211-evade-noises-edit@12.423,hook,corpus,12.423,24.41043,3935.87385,5421.01413,-5.57211,0.13747,0.0839,0.00314,0.00232,0.15981,0.61337,42.0,104.0,0.09866,0.67
corpus:211-evade-noises-edit@24.184,hook,corpus,24.184,20.68367,3718.75617,4842.90198,-10.37925,0.00289,0.00205,0.03367,0.02371,0.73,0.20769,86.0,152.0,0.40016,0.651
corpus:211-evade-noises-edit@13.212,hat,corpus,13.212,24.25375,5834.26768,5953.39923,1.52954,9e-05,4e-05,0.00037,0.00064,0.23378,0.76509,42.0,82.0,0.90905,0.649
corpus:211-evade-noises-edit@51.339,hook,corpus,51.339,22.16497,4077.49364,5120.02369,-0.95748,0.18743,0.12747,0.00369,0.00298,0.14745,0.53099,46.0,126.0,0.1794,0.649
corpus:211-evade-noises-edit@53.777,hook,corpus,53.777,26.8102,4346.80141,6048.05644,-2.34704,0.00011,0.00023,0.09323,0.00057,0.09372,0.81215,34.0,156.0,0.13789,0.634
corpus:211-evade-noises-edit@20.933,hook,corpus,20.933,22.44982,3683.6626,4744.15138,-10.05567,0.00224,0.00067,0.09915,0.02758,0.69505,0.17531,86.0,172.0,0.43197,0.63
corpus:211-evade-noises-edit@57.005,hat,corpus,57.005,23.39612,5060.89107,6323.43597,-11.30995,1e-05,2e-05,5e-05,0.00126,0.21285,0.78581,46.0,88.0,0.42994,0.623
corpus:211-evade-noises-edit@27.423,hook,corpus,27.423,20.70598,4044.11819,4919.93159,-8.60574,0.0027,0.0007,0.05428,0.02224,0.70888,0.2112,96.0,156.0,0.45348,0.622
corpus:211-evade-noises-edit@39.172,hook,corpus,39.172,25.31127,5435.68407,6176.16736,-3.85245,1e-05,7e-05,0.00013,0.00236,0.23973,0.7577,42.0,68.0,0.20723,0.615
corpus:211-evade-noises-edit@40.786,hat,corpus,40.786,26.50811,4619.51208,6152.32029,-6.09588,0.0005,0.00042,0.00286,0.00011,0.17983,0.81628,34.0,66.0,0.47145,0.602
corpus:212-sol-1-wild-thing@23.638,space,corpus,23.638,15.93465,4011.20377,3835.17209,33.47946,0.17102,0.20923,0.11702,0.00516,0.36663,0.13095,104.0,104.0,0.78645,0.926
corpus:212-sol-1-wild-thing@18.193,space,corpus,18.193,11.70737,4554.52216,4322.46525,26.63831,0.11971,0.24803,0.10115,0.0299,0.29358,0.20764,116.0,116.0,0.50728,0.862
corpus:212-sol-1-wild-thing@23.139,space,corpus,23.139,11.81439,4749.01311,4787.70513,27.63529,0.073,0.12683,0.12299,0.05071,0.34715,0.27932,104.0,104.0,0.42968,0.813
corpus:212-sol-1-wild-thing@35.352,hook,corpus,35.352,26.44796,5913.09505,5913.09505,18.46505,0.0025,0.00336,0.00053,0.00065,0.11064,0.88233,4.0,80.0,0.01332,0.809
corpus:212-sol-1-wild-thing@45.5,space,corpus,45.5,27.61336,4438.46928,3709.48018,13.57545,0.00795,0.01817,0.00105,0.02794,0.90728,0.03761,12.0,92.0,0.9699,0.786
corpus:212-sol-1-wild-thing@35.654,hook,corpus,35.654,27.22721,5562.02077,5601.93923,-4.63007,2e-05,1e-05,0.00015,0.01031,0.39504,0.59447,20.0,138.0,0.07767,0.774
corpus:212-sol-1-wild-thing@23.243,hook,corpus,23.243,17.14049,5587.14812,5541.79995,-0.91341,4e-05,0.0001,0.01171,0.0049,0.71087,0.27237,22.0,104.0,0.07327,0.754
corpus:212-sol-1-wild-thing@19.656,hat,corpus,19.656,23.15265,5616.79166,5607.12423,0.22648,4e-05,0.00034,0.02604,0.0044,0.12124,0.84794,12.0,302.0,0.90719,0.753
corpus:212-sol-1-wild-thing@16.567,hook,corpus,16.567,20.02336,4983.27877,5417.71639,-7.63152,0.00473,0.01055,0.0179,0.04276,0.47723,0.44682,48.0,208.0,0.21383,0.751
corpus:212-sol-1-wild-thing@29.826,hook,corpus,29.826,22.70676,5129.99383,5129.99383,8.52168,2e-05,6e-05,0.00454,0.04939,0.67476,0.27123,16.0,68.0,0.0119,0.75
corpus:212-sol-1-wild-thing@41.227,hook,corpus,41.227,18.76919,5284.09223,5622.94531,-5.9809,0.00016,0.00074,0.01512,0.02031,0.44745,0.51622,58.0,174.0,0.19729,0.74
corpus:212-sol-1-wild-thing@35.039,kick,corpus,35.039,19.12321,3554.44707,3578.90743,-0.62088,0.41153,0.47914,0.02271,0.00215,0.0125,0.07196,40.0,116.0,0.32808,0.732
corpus:212-sol-1-wild-thing@28.166,hook,corpus,28.166,21.03821,5794.27191,5798.60094,-15.17921,0.0,0.0,0.00018,0.00081,0.64014,0.35885,42.0,104.0,0.12969,0.73
corpus:212-sol-1-wild-thing@19.331,hook,corpus,19.331,25.3453,6319.30824,5967.23143,4.03063,0.00107,0.00542,0.01386,0.00062,0.47852,0.50051,28.0,188.0,0.22445,0.721
corpus:212-sol-1-wild-thing@30.093,kick,corpus,30.093,18.09853,2170.77401,2229.94515,3.49899,0.40245,0.44065,0.02742,0.00916,0.10642,0.01389,50.0,104.0,0.49351,0.708
corpus:212-sol-1-wild-thing@39.358,hat,corpus,39.358,17.04967,6774.61777,6063.67987,5.05221,2e-05,0.00016,0.00481,0.00188,0.09521,0.89792,86.0,400.0,0.81861,0.701
corpus:212-sol-1-wild-thing@46.568,kick,corpus,46.568,7.52512,3126.8711,3137.58614,1.15579,0.34605,0.48206,0.09875,0.01737,0.0396,0.01616,116.0,116.0,0.33268,0.688
corpus:213-user-records-user015-02-user22647388499-cornelius-fev@12.481,hook,corpus,12.481,12.39331,3385.80279,3385.80279,-20.06108,0.0148,0.04861,0.33737,0.55171,0.01777,0.02974,28.0,68.0,0.07716,0.914
corpus:213-user-records-user015-02-user22647388499-cornelius-fev@31.684,hook,corpus,31.684,12.10311,2821.14537,2821.14537,-12.47081,0.01749,0.03313,0.45089,0.47906,0.01173,0.00771,30.0,68.0,0.05923,0.903
corpus:213-user-records-user015-02-user22647388499-cornelius-fev@59.501,kick,corpus,59.501,12.46139,2353.61252,2353.61252,-9.01128,0.47023,0.45727,0.03013,0.02393,0.01038,0.00806,24.0,80.0,0.11175,0.897
corpus:213-user-records-user015-02-user22647388499-cornelius-fev@33.286,hook,corpus,33.286,13.26144,2772.17336,2772.17336,-10.02096,0.0179,0.02115,0.41938,0.52142,0.01155,0.0086,32.0,68.0,0.06198,0.894
corpus:213-user-records-user015-02-user22647388499-cornelius-fev@2.879,hook,corpus,2.879,12.82601,3520.02219,3520.02219,-9.79744,0.0178,0.04035,0.31016,0.58148,0.0208,0.02941,36.0,68.0,0.05742,0.885
corpus:213-user-records-user015-02-user22647388499-cornelius-fev@39.706,clap,corpus,39.706,12.71204,3321.92002,3321.92002,41.01982,0.01603,0.01048,0.34867,0.5947,0.01744,0.01268,30.0,80.0,0.00966,0.88
corpus:213-user-records-user015-02-user22647388499-cornelius-fev@10.879,hook,corpus,10.879,13.63452,3454.31821,3454.31821,-9.19495,0.01941,0.06341,0.40096,0.46596,0.01992,0.03033,30.0,80.0,0.10298,0.879
corpus:213-user-records-user015-02-user22647388499-cornelius-fev@55.693,hook,corpus,55.693,11.55825,2801.06095,2801.06095,-5.54892,0.01627,0.05583,0.51563,0.39163,0.01149,0.00914,30.0,68.0,0.04369,0.868
corpus:213-user-records-user015-02-user22647388499-cornelius-fev@50.376,space,corpus,50.376,12.0262,3759.69909,3535.63941,29.06073,0.10079,0.48113,0.24379,0.04114,0.04986,0.0833,82.0,116.0,0.35971,0.809
corpus:213-user-records-user015-02-user22647388499-cornelius-fev@6.095,clap,corpus,6.095,13.67204,3748.17379,3748.17379,42.77867,0.01647,0.01725,0.42153,0.5038,0.01749,0.02345,34.0,92.0,0.03698,0.799
corpus:213-user-records-user015-02-user22647388499-cornelius-fev@36.339,space,corpus,36.339,10.94894,3751.42599,3211.73794,26.28268,0.32914,0.36873,0.01393,0.05975,0.08626,0.14219,150.0,150.0,0.39887,0.792
corpus:213-user-records-user015-02-user22647388499-cornelius-fev@49.296,clap,corpus,49.296,14.30683,3263.11867,3263.11867,31.9864,0.01578,0.06438,0.3543,0.54039,0.01447,0.01068,28.0,92.0,0.02623,0.792
corpus:213-user-records-user015-02-user22647388499-cornelius-fev@58.375,space,corpus,58.375,11.15752,4014.01849,3746.95716,25.78735,0.10984,0.55106,0.18355,0.02438,0.04752,0.08365,116.0,116.0,0.32385,0.781
corpus:213-user-records-user015-02-user22647388499-cornelius-fev@57.307,clap,corpus,57.307,14.13002,3043.60475,3043.60475,36.62101,0.01588,0.03433,0.47928,0.44938,0.01264,0.0085,22.0,80.0,0.0172,0.767
corpus:213-user-records-user015-02-user22647388499-cornelius-fev@15.592,hook,corpus,15.592,11.89816,5312.2417,5208.55586,-1.24567,0.01437,0.10219,0.02233,0.15569,0.2326,0.47283,104.0,104.0,0.30752,0.761
corpus:213-user-records-user015-02-user22647388499-cornelius-fev@12.388,hook,corpus,12.388,14.3158,5376.57769,5376.57769,-3.10651,0.01402,0.11529,0.00947,0.12904,0.22822,0.50396,92.0,92.0,0.26058,0.758
corpus:213-user-records-user015-02-user22647388499-cornelius-fev@45.941,space,corpus,45.941,14.08756,3866.69489,3331.73498,25.95513,0.17746,0.21343,0.03332,0.12047,0.17275,0.28256,44.0,150.0,0.67384,0.755
corpus:213-user-records-user015-02-user22647388499-cornelius-fev@9.3,clap,corpus,9.3,12.25687,3362.55916,3362.55916,34.40599,0.01428,0.03326,0.45799,0.45675,0.01668,0.02104,36.0,80.0,0.02838,0.752
corpus:213-user-records-user015-02-user22647388499-cornelius-fev@44.501,clap,corpus,44.501,14.58632,2743.30926,2743.30926,29.75898,0.01292,0.03186,0.4211,0.51169,0.01419,0.00824,40.0,80.0,0.01739,0.75
corpus:213-user-records-user015-02-user22647388499-cornelius-fev@39.787,kick,corpus,39.787,9.01206,574.40834,931.35148,-6.16915,0.18766,0.67607,0.12551,0.00979,0.00058,0.00039,46.0,76.0,0.41399,0.736
corpus:213-user-records-user015-02-user22647388499-cornelius-fev@42.899,clap,corpus,42.899,15.04259,3136.17973,3136.17973,26.74781,0.0153,0.05443,0.39224,0.5178,0.01097,0.00927,24.0,92.0,0.02675,0.71
corpus:213-user-records-user015-02-user22647388499-cornelius-fev@35.19,kick,corpus,35.19,9.23157,582.74085,1045.23312,-8.23896,0.165,0.73684,0.09069,0.00638,0.00079,0.00029,54.0,174.0,0.43765,0.704
corpus:213-user-records-user015-02-user22647388499-cornelius-fev@15.697,clap,corpus,15.697,12.57479,3499.853,3499.853,24.58075,0.01514,0.04581,0.40143,0.50055,0.01625,0.02081,24.0,80.0,0.027,0.666
corpus:213-user-records-user015-02-user22647388499-cornelius-fev@38.162,kick,corpus,38.162,9.63302,1050.28007,1888.39877,-16.69035,0.17255,0.6945,0.12375,0.00807,0.00067,0.00046,44.0,102.0,0.82431,0.664
corpus:213-user-records-user015-02-user22647388499-cornelius-fev@44.582,kick,corpus,44.582,8.76261,699.21717,1264.91773,-8.15694,0.16021,0.7232,0.10565,0.01014,0.00049,0.00031,44.0,186.0,0.57497,0.663
corpus:213-user-records-user015-02-user22647388499-cornelius-fev@36.583,kick,corpus,36.583,8.65158,808.16572,1049.71989,-0.74716,0.17206,0.69254,0.12491,0.00947,0.00062,0.0004,46.0,162.0,0.44937,0.655
corpus:213-user-records-user015-02-user22647388499-cornelius-fev@38.975,kick,corpus,38.975,9.96127,837.4404,1351.89305,-3.89112,0.17797,0.68942,0.1206,0.01052,0.00096,0.00054,56.0,208.0,0.49042,0.653
corpus:213-user-records-user015-02-user22647388499-cornelius-fev@37.373,kick,corpus,37.373,9.68766,822.98429,1082.97286,-4.05051,0.17848,0.68751,0.11948,0.01338,0.00063,0.00052,56.0,196.0,0.59786,0.64
corpus:213-user-records-user015-02-user22647388499-cornelius-fev@35.782,kick,corpus,35.782,9.54517,773.23443,1186.43271,-1.52422,0.16945,0.71021,0.10796,0.01113,0.00068,0.00057,66.0,196.0,0.45999,0.639
corpus:213-user-records-user015-02-user22647388499-cornelius-fev@50.19,kick,corpus,50.19,8.13873,557.71864,1063.14837,-7.52847,0.12655,0.76475,0.09795,0.00964,0.00063,0.00049,18.0,186.0,0.55404,0.637
corpus:213-user-records-user015-02-user22647388499-cornelius-fev@59.791,kick,corpus,59.791,8.10324,637.13979,1089.6343,-5.70566,0.13072,0.76741,0.09195,0.00877,0.00063,0.00052,12.0,186.0,0.55219,0.627
corpus:213-user-records-user015-02-user22647388499-cornelius-fev@47.787,kick,corpus,47.787,8.15452,701.75852,1104.1419,-3.33232,0.14375,0.74505,0.10331,0.00703,0.00055,0.00031,12.0,174.0,0.54955,0.624
corpus:214-user10000667856-zapata-qua@22.372,space,corpus,22.372,10.26784,4409.5888,4409.5888,31.0505,0.57057,0.24826,0.00112,0.00256,0.04483,0.13267,92.0,92.0,0.35932,0.909
corpus:214-user10000667856-zapata-qua@38.568,hook,corpus,38.568,18.51695,4114.92612,4480.94591,-7.77163,0.00024,0.00234,0.10658,0.54314,0.18025,0.16745,54.0,208.0,0.08346,0.897
corpus:214-user10000667856-zapata-qua@52.709,hook,corpus,52.709,17.59296,3431.98096,3695.70759,-11.15949,0.00102,0.00405,0.43704,0.34862,0.12522,0.08405,44.0,104.0,0.0605,0.894
corpus:214-user10000667856-zapata-qua@36.862,hook,corpus,36.862,18.60456,3951.57848,4361.51214,-8.46287,0.00072,0.00351,0.11495,0.54711,0.16606,0.16765,60.0,208.0,0.11734,0.892
corpus:214-user10000667856-zapata-qua@40.275,hook,corpus,40.275,18.83084,4176.01679,4529.74654,-7.4429,0.00131,0.00345,0.12709,0.52246,0.16117,0.18452,54.0,196.0,0.10978,0.89
corpus:214-user10000667856-zapata-qua@47.601,hook,corpus,47.601,17.27591,3387.09868,3561.46755,-10.88687,0.00196,0.00668,0.46044,0.30003,0.13401,0.09689,42.0,104.0,0.0371,0.889
corpus:214-user10000667856-zapata-qua@16.765,kick,corpus,16.765,6.78398,2820.37383,2820.37383,-16.81916,0.41633,0.55839,0.01154,0.0034,0.00138,0.00896,44.0,68.0,0.12905,0.887
corpus:214-user10000667856-zapata-qua@35.677,hook,corpus,35.677,18.32108,3496.48785,3818.03584,-14.17122,0.00075,0.00539,0.44757,0.31278,0.14297,0.09055,54.0,116.0,0.07027,0.887
corpus:214-user10000667856-zapata-qua@48.785,hook,corpus,48.785,18.16092,3918.60934,4456.09876,-9.06672,0.00055,0.00342,0.10898,0.56063,0.15218,0.17424,66.0,196.0,0.14669,0.882
corpus:214-user10000667856-zapata-qua@51.014,hook,corpus,51.014,15.37668,3688.02049,3688.02049,-7.25443,0.00086,0.00453,0.48104,0.29858,0.12599,0.08898,60.0,80.0,0.02778,0.88
corpus:214-user10000667856-zapata-qua@9.95,kick,corpus,9.95,6.61192,2292.69309,2292.69309,-9.69672,0.37261,0.60336,0.01337,0.0019,0.00138,0.00738,14.0,58.0,0.08575,0.865
corpus:214-user10000667856-zapata-qua@38.951,clap,corpus,38.951,13.1786,3268.77473,3264.81418,13.64624,0.00153,0.04893,0.09489,0.66029,0.13154,0.06283,104.0,104.0,0.89434,0.857
corpus:214-user10000667856-zapata-qua@33.855,clap,corpus,33.855,13.83603,3315.16259,3147.69614,15.21865,0.00083,0.03343,0.09237,0.68918,0.11964,0.06456,48.0,128.0,0.74437,0.856
corpus:214-user10000667856-zapata-qua@31.126,kick,corpus,31.126,9.85732,1789.21931,1789.21931,-13.12671,0.34737,0.51026,0.10837,0.02477,0.00157,0.00766,46.0,92.0,0.32601,0.844
corpus:214-user10000667856-zapata-qua@20.689,kick,corpus,20.689,11.96511,4583.63923,4787.72403,-14.63328,0.57067,0.24049,0.00076,0.00797,0.04815,0.13197,104.0,104.0,0.33091,0.838
corpus:214-user10000667856-zapata-qua@37.175,space,corpus,37.175,5.95317,2804.35565,2804.35565,47.6368,0.03723,0.9258,0.01865,0.00372,0.00208,0.01252,68.0,68.0,0.15011,0.836
corpus:214-user10000667856-zapata-qua@32.148,clap,corpus,32.148,14.74065,3318.93212,3312.03732,12.18675,0.00167,0.03675,0.10691,0.66986,0.12572,0.05909,52.0,116.0,0.77148,0.832
corpus:214-user10000667856-zapata-qua@29.42,kick,corpus,29.42,9.0173,2084.20107,2084.20107,-14.0239,0.34421,0.52552,0.09419,0.02683,0.00138,0.00786,52.0,92.0,0.41038,0.83
corpus:214-user10000667856-zapata-qua@15.801,kick,corpus,15.801,9.22917,2041.22982,2041.22982,-8.89254,0.34305,0.54329,0.09059,0.01518,0.00181,0.00608,66.0,92.0,0.38701,0.827
corpus:214-user10000667856-zapata-qua@1.962,space,corpus,1.962,10.83723,5795.54239,5795.54239,22.21015,0.45982,0.20977,0.00401,0.00163,0.06158,0.26319,68.0,68.0,0.23573,0.823
corpus:214-user10000667856-zapata-qua@59.385,clap,corpus,59.385,12.48185,3447.34497,3411.07234,10.17136,0.00165,0.04619,0.10576,0.65264,0.12863,0.06514,40.0,104.0,0.80907,0.814
corpus:214-user10000667856-zapata-qua@7.279,kick,corpus,7.279,9.93772,2636.53841,2900.55299,-17.7643,0.34561,0.52929,0.0914,0.01668,0.00533,0.01169,104.0,104.0,0.51466,0.811
corpus:214-user10000667856-zapata-qua@40.647,clap,corpus,40.647,14.35701,3291.46703,3132.73418,11.27574,0.00175,0.0676,0.11729,0.62146,0.13239,0.05951,62.0,138.0,0.9423,0.809
corpus:214-user10000667856-zapata-qua@18.994,kick,corpus,18.994,12.0271,4855.8519,4855.8519,-15.78799,0.52992,0.24943,0.00637,0.00637,0.05769,0.15022,92.0,92.0,0.30518,0.808
corpus:214-user10000667856-zapata-qua@20.143,kick,corpus,20.143,8.80582,2272.55127,2272.55127,3.21452,0.38138,0.59815,0.01107,0.00371,0.0011,0.00459,12.0,92.0,0.22632,0.805
corpus:214-user10000667856-zapata-qua@52.582,clap,corpus,52.582,12.8806,3346.02824,3257.88002,10.63123,0.00157,0.05377,0.10183,0.6587,0.13188,0.05225,56.0,128.0,0.75392,0.804
corpus:214-user10000667856-zapata-qua@55.983,clap,corpus,55.983,12.87418,3464.89414,3368.14251,9.49814,0.00102,0.03969,0.10042,0.67636,0.1226,0.05989,40.0,128.0,0.76298,0.8
corpus:214-user10000667856-zapata-qua@20.898,kick,corpus,20.898,9.45826,1896.65957,2030.48886,-5.42051,0.3692,0.50772,0.09809,0.01614,0.00175,0.00709,104.0,104.0,0.52136,0.799
corpus:214-user10000667856-zapata-qua@37.245,clap,corpus,37.245,15.5316,3299.90907,3213.1719,7.8918,0.00144,0.0658,0.10289,0.63771,0.12855,0.06361,48.0,138.0,0.94546,0.792
corpus:214-user10000667856-zapata-qua@29.199,kick,corpus,29.199,11.00002,4760.36156,4804.27401,-8.76947,0.54038,0.26247,0.00705,0.00651,0.05935,0.12424,104.0,104.0,0.36745,0.791
corpus:214-user10000667856-zapata-qua@17.496,kick,corpus,17.496,9.88626,1890.69467,2049.99977,-7.68773,0.3386,0.53211,0.09738,0.02149,0.00187,0.00856,26.0,104.0,0.54008,0.784
corpus:214-user10000667856-zapata-qua@27.469,space,corpus,27.469,9.5348,4077.65846,4071.34334,21.21872,0.57964,0.27637,0.00367,0.00995,0.04008,0.09029,116.0,116.0,0.45045,0.774
corpus:217-user11375674564-reformhaus@20.608,kick,corpus,20.608,7.87951,3152.18748,3152.18748,-21.74654,0.7667,0.18866,0.00841,0.00577,0.01713,0.01333,46.0,46.0,0.0,0.978
corpus:217-user11375674564-reformhaus@41.181,kick,corpus,41.181,8.66261,2865.08785,2865.08785,-11.90047,0.76969,0.19853,0.00726,0.00358,0.01154,0.0094,80.0,80.0,0.27959,0.972
corpus:217-user11375674564-reformhaus@30.883,kick,corpus,30.883,7.47766,3210.95018,3210.95018,-22.53545,0.7256,0.22434,0.01132,0.00627,0.01792,0.01455,58.0,58.0,0.17175,0.971
corpus:217-user11375674564-reformhaus@34.319,kick,corpus,34.319,8.01239,3254.05219,3254.05219,-19.30067,0.72072,0.22928,0.01019,0.00649,0.01838,0.01493,46.0,46.0,0.0,0.971
corpus:217-user11375674564-reformhaus@44.606,kick,corpus,44.606,7.84502,2859.58307,2859.58307,-12.80132,0.74828,0.21345,0.00842,0.00437,0.01404,0.01145,80.0,80.0,0.26986,0.97
corpus:217-user11375674564-reformhaus@27.469,kick,corpus,27.469,8.38717,2721.18414,2721.18414,-13.20434,0.72933,0.23102,0.01402,0.00602,0.01312,0.00648,80.0,80.0,0.30136,0.968
corpus:217-user11375674564-reformhaus@10.31,kick,corpus,10.31,7.43079,3286.08693,3286.08693,-16.43776,0.71589,0.23526,0.01191,0.00587,0.017,0.01407,58.0,58.0,0.16949,0.967
corpus:217-user11375674564-reformhaus@24.033,kick,corpus,24.033,7.20082,3258.06524,3258.06524,-18.38429,0.69418,0.2392,0.02312,0.00848,0.01978,0.01525,46.0,46.0,0.0,0.967
corpus:217-user11375674564-reformhaus@13.746,kick,corpus,13.746,8.06514,3291.77444,3291.77444,-11.56395,0.70486,0.23667,0.01775,0.00735,0.01849,0.01489,46.0,46.0,0.0,0.965
corpus:217-user11375674564-reformhaus@22.326,kick,corpus,22.326,5.87032,3044.39279,3044.39279,-37.67451,0.67895,0.25326,0.02047,0.00758,0.0219,0.01784,58.0,58.0,0.25522,0.963
corpus:217-user11375674564-reformhaus@17.171,kick,corpus,17.171,8.13457,2888.32431,2888.32431,-15.57312,0.72015,0.23214,0.01681,0.00538,0.01419,0.01133,92.0,92.0,0.39382,0.962
corpus:217-user11375674564-reformhaus@48.866,kick,corpus,48.866,7.51809,1551.49159,1551.49159,-12.51433,0.74309,0.2009,0.02264,0.03081,0.00162,0.00095,92.0,92.0,0.45254,0.962
corpus:217-user11375674564-reformhaus@13.328,hook,corpus,13.328,13.26552,5830.39738,5830.39738,6.7132,0.02421,0.05499,0.01361,0.04777,0.4641,0.39533,46.0,46.0,0.0,0.804
corpus:217-user11375674564-reformhaus@16.753,hook,corpus,16.753,17.40403,5390.10747,5390.10747,5.34885,0.03748,0.04184,0.01044,0.1045,0.42836,0.37738,80.0,80.0,0.14528,0.782
corpus:217-user11375674564-reformhaus@6.444,hook,corpus,6.444,15.69366,5296.45951,5296.45951,6.71007,0.05364,0.05715,0.01387,0.0863,0.42374,0.3653,68.0,68.0,0.09646,0.777
corpus:217-user11375674564-reformhaus@33.878,hook,corpus,33.878,16.26227,5355.745,5355.745,8.12669,0.04278,0.03371,0.01029,0.09326,0.44436,0.37561,68.0,68.0,0.098,0.775
corpus:217-user11375674564-reformhaus@30.441,hook,corpus,30.441,15.32737,5368.7745,5368.7745,4.50976,0.09236,0.05305,0.02547,0.08782,0.39207,0.34923,68.0,68.0,0.08552,0.769
corpus:217-user11375674564-reformhaus@27.04,hook,corpus,27.04,16.73653,5124.86107,5124.86107,-8.87292,0.06667,0.06554,0.02018,0.10162,0.42286,0.32313,80.0,80.0,0.2303,0.744
corpus:217-user11375674564-reformhaus@20.155,hook,corpus,20.155,15.21709,5299.41243,5299.41243,7.91508,0.09377,0.04382,0.02574,0.08748,0.3978,0.35139,68.0,68.0,0.09506,0.742
corpus:217-user11375674564-reformhaus@24.451,hook,corpus,24.451,13.15997,4841.87736,4841.87736,1.06413,0.06842,0.36444,0.07873,0.05685,0.22466,0.2069,58.0,58.0,0.03308,0.727
corpus:217-user11375674564-reformhaus@44.362,space,corpus,44.362,11.4603,4379.98808,4379.98808,24.80814,0.35045,0.38573,0.02362,0.03708,0.12037,0.08275,52.0,80.0,0.02528,0.666
corpus:217-user11375674564-reformhaus@40.937,space,corpus,40.937,12.64512,4515.09614,4515.09614,23.41612,0.31078,0.35349,0.03237,0.04835,0.1493,0.10571,70.0,80.0,0.04817,0.645
corpus:217-user11375674564-reformhaus@8.359,space,corpus,8.359,10.33176,3999.85844,3999.85844,24.4052,0.42138,0.36864,0.01357,0.02534,0.099,0.07207,66.0,80.0,0.08569,0.644
corpus:217-user11375674564-reformhaus@40.368,space,corpus,40.368,11.08942,3109.44884,2353.88622,12.73449,0.32461,0.5811,0.05099,0.01722,0.01817,0.00791,72.0,244.0,0.73507,0.624
corpus:218-user45682211145-untitled-11-1@40.345,space,corpus,40.345,14.52742,4203.13963,3830.3437,26.88035,0.19672,0.2798,0.20055,0.03101,0.11001,0.18191,52.0,128.0,0.61825,0.883
corpus:218-user45682211145-untitled-11-1@17.16,space,corpus,17.16,14.11782,4247.90589,3934.52369,28.7452,0.15242,0.21147,0.19991,0.07801,0.16894,0.18924,56.0,116.0,0.67316,0.878
corpus:218-user45682211145-untitled-11-1@25.159,space,corpus,25.159,14.13251,4478.04762,4269.2822,24.36542,0.17586,0.24891,0.16755,0.03823,0.15338,0.21607,46.0,116.0,0.63505,0.876
corpus:218-user45682211145-untitled-11-1@36.362,space,corpus,36.362,14.40886,4065.99338,4046.56975,31.15425,0.17258,0.19626,0.26409,0.05319,0.13282,0.18106,52.0,104.0,0.42392,0.876
corpus:218-user45682211145-untitled-11-1@54.787,hook,corpus,54.787,13.70626,4742.89601,4742.89601,5.4927,0.05037,0.11025,0.35175,0.06846,0.18313,0.23604,68.0,68.0,0.07985,0.727
corpus:218-user45682211145-untitled-11-1@7.593,hook,corpus,7.593,14.93985,4933.61947,4933.61947,1.15075,0.10851,0.14509,0.19167,0.02846,0.22293,0.30335,44.0,80.0,0.05751,0.716
corpus:218-user45682211145-untitled-11-1@29.989,hook,corpus,29.989,14.07467,4706.65899,4706.65899,-1.63655,0.08915,0.10098,0.30465,0.04015,0.22354,0.24152,56.0,92.0,0.06887,0.712
corpus:218-user45682211145-untitled-11-1@34.795,hook,corpus,34.795,13.50644,4542.33151,4542.33151,3.03268,0.08982,0.15929,0.31773,0.09397,0.18076,0.15843,54.0,80.0,0.04264,0.708
corpus:218-user45682211145-untitled-11-1@61.986,hook,corpus,61.986,11.25777,5193.62378,5193.62378,6.01749,0.06154,0.07332,0.34728,0.04457,0.17937,0.29392,68.0,68.0,0.11308,0.705
corpus:218-user45682211145-untitled-11-1@57.98,hook,corpus,57.98,11.91879,5179.14636,5179.14636,7.17208,0.07616,0.08143,0.24312,0.05712,0.22777,0.3144,80.0,80.0,0.13635,0.697
corpus:218-user45682211145-untitled-11-1@54.01,hook,corpus,54.01,11.6318,4854.01573,4854.01573,6.5001,0.05941,0.06673,0.43475,0.0467,0.19747,0.19493,46.0,46.0,0.0,0.693
corpus:218-user45682211145-untitled-11-1@4.4,hook,corpus,4.4,12.7345,4843.68624,4843.68624,7.51911,0.06659,0.07544,0.37646,0.04669,0.18483,0.24999,68.0,68.0,0.09796,0.676
corpus:219-user55454557544-shady-blinder@21.002,hook,corpus,21.002,12.63305,5662.05091,5662.05091,0.23197,0.01237,0.03738,0.00448,0.00488,0.50599,0.4349,92.0,92.0,0.2408,0.728
corpus:219-user55454557544-shady-blinder@39.869,hook,corpus,39.869,12.25204,5182.98234,5182.98234,-2.59286,0.0472,0.07637,0.01931,0.03723,0.47006,0.34983,92.0,92.0,0.2488,0.722
corpus:219-user55454557544-shady-blinder@15.105,space,corpus,15.105,9.8699,3565.81714,3203.71137,3.87514,0.0911,0.71508,0.06503,0.0182,0.07205,0.03854,124.0,400.0,0.84386,0.72
corpus:219-user55454557544-shady-blinder@28.816,space,corpus,28.816,9.91355,3535.77564,3231.45803,3.35857,0.08776,0.71265,0.06322,0.02378,0.07504,0.03755,400.0,400.0,0.845,0.711
corpus:219-user55454557544-shady-blinder@35.677,space,corpus,35.677,9.86714,3533.4467,3176.72439,3.96915,0.08717,0.71244,0.06297,0.02426,0.07561,0.03755,400.0,400.0,0.82622,0.708
corpus:219-user55454557544-shady-blinder@59.675,space,corpus,59.675,10.53606,3553.90767,3117.86928,4.13687,0.08914,0.69803,0.07628,0.02095,0.07516,0.04046,150.0,400.0,0.82854,0.704
corpus:219-user55454557544-shady-blinder@43.294,hook,corpus,43.294,12.22097,5372.2794,5372.2794,5.19718,0.06759,0.15845,0.02083,0.01252,0.39828,0.34233,80.0,80.0,0.17471,0.674
corpus:219-user55454557544-shady-blinder@29.582,hook,corpus,29.582,12.24646,4932.04459,5014.82551,-4.28112,0.06923,0.14897,0.01678,0.03257,0.43743,0.29502,104.0,104.0,0.29795,0.67
corpus:219-user55454557544-shady-blinder@55.937,hook,corpus,55.937,13.00514,4499.41704,4499.41704,-10.4564,0.02406,0.37306,0.0336,0.0299,0.37948,0.15989,92.0,92.0,0.28001,0.655
corpus:219-user55454557544-shady-blinder@56.03,hook,corpus,56.03,17.42014,5061.36952,4888.97446,2.57296,0.00737,0.04497,0.02376,0.06153,0.56468,0.29769,208.0,208.0,0.41826,0.616
corpus:220-p-b-r-dynamic-range@26.819,space,corpus,26.819,9.66631,4264.3471,4072.74104,8.45529,0.11687,0.59267,0.12603,0.00652,0.08832,0.06959,60.0,400.0,0.95759,0.896
corpus:220-p-b-r-dynamic-range@53.743,hook,corpus,53.743,20.37504,5017.78209,4789.16294,2.21198,0.00348,0.00969,0.0044,0.21718,0.50846,0.25679,56.0,196.0,0.20155,0.81
corpus:220-p-b-r-dynamic-range@52.918,hook,corpus,52.918,20.20207,5293.99132,5102.06767,1.81826,0.00082,0.00074,0.00194,0.10596,0.6088,0.28174,64.0,186.0,0.12804,0.801
corpus:220-p-b-r-dynamic-range@57.04,hook,corpus,57.04,21.80546,4280.15376,4638.29209,-5.1847,0.00076,0.00037,0.00462,0.30197,0.48087,0.21141,66.0,208.0,0.35415,0.798
corpus:220-p-b-r-dynamic-range@54.567,hook,corpus,54.567,19.98387,4880.48385,5065.04904,-4.24317,0.00111,0.00118,0.00161,0.09421,0.63435,0.26755,70.0,174.0,0.20078,0.788
corpus:220-p-b-r-dynamic-range@33.681,hook,corpus,33.681,15.33113,5535.85727,5707.19389,-4.99851,0.00029,0.0019,0.00164,0.00811,0.52289,0.46517,96.0,174.0,0.1064,0.784
corpus:220-p-b-r-dynamic-range@8.847,hook,corpus,8.847,15.19685,5773.5695,5846.18285,-1.62513,0.0006,0.00181,0.00195,0.00498,0.51258,0.47809,96.0,186.0,0.13206,0.778
corpus:220-p-b-r-dynamic-range@55.194,hook,corpus,55.194,15.60391,5824.83231,6057.53168,-3.20468,8e-05,0.00011,0.00018,0.00369,0.47716,0.51877,80.0,186.0,0.10433,0.775
corpus:220-p-b-r-dynamic-range@47.113,hook,corpus,47.113,20.85048,4432.42042,4631.71235,-1.5611,0.00138,0.00352,0.01991,0.15809,0.59598,0.22111,68.0,208.0,0.2873,0.771
corpus:220-p-b-r-dynamic-range@21.386,space,corpus,21.386,8.70654,3581.86917,5907.75675,-14.65015,0.1255,0.67399,0.15726,0.01099,0.02092,0.01135,12.0,290.0,0.99352,0.654
corpus:220-p-b-r-dynamic-range@30.128,space,corpus,30.128,7.67125,3288.56707,4171.38409,-4.98375,0.13435,0.68562,0.13903,0.00621,0.02582,0.00898,10.0,244.0,0.95687,0.648
corpus:220-p-b-r-dynamic-range@3.634,space,corpus,3.634,17.11521,5413.32608,5384.37071,0.90115,0.00098,0.00274,0.01611,0.03928,0.70224,0.23865,98.0,256.0,0.80605,0.615
corpus:223-user44856009320-the-big-manner@0.081,kick,corpus,0.081,5.63108,1884.73771,1884.73771,-33.19352,0.44373,0.53882,0.0055,0.00531,0.00207,0.00458,92.0,92.0,0.61127,0.909
corpus:223-user44856009320-the-big-manner@14.002,kick,corpus,14.002,5.6061,2106.81756,2106.81756,-32.18952,0.43172,0.55563,0.00404,0.00235,0.00178,0.00449,92.0,92.0,0.58732,0.904
corpus:223-user44856009320-the-big-manner@4.435,kick,corpus,4.435,5.63139,2267.60551,2267.60551,-50.24207,0.41911,0.55149,0.0105,0.00886,0.00311,0.00693,68.0,68.0,0.3448,0.902
corpus:223-user44856009320-the-big-manner@22.372,kick,corpus,22.372,8.84803,361.90759,495.28817,0.8643,0.44462,0.54732,0.0076,0.0004,6e-05,0.0,20.0,196.0,0.28726,0.894
corpus:223-user44856009320-the-big-manner@10.519,kick,corpus,10.519,6.10521,2113.68125,2095.94691,-19.42165,0.43305,0.54875,0.00755,0.00447,0.00191,0.00428,12.0,116.0,0.60734,0.889
corpus:223-user44856009320-the-big-manner@6.177,kick,corpus,6.177,6.01471,2098.0093,1890.56259,-15.1187,0.43888,0.54234,0.00796,0.00486,0.00188,0.00408,14.0,104.0,0.58878,0.888
corpus:223-user44856009320-the-big-manner@2.264,kick,corpus,2.264,5.32188,2641.20074,2641.20074,-21.43351,0.40696,0.5603,0.01384,0.00886,0.00323,0.00682,68.0,68.0,0.32619,0.886
corpus:223-user44856009320-the-big-manner@13.56,kick,corpus,13.56,5.44645,2558.15047,2558.15047,-20.23279,0.41899,0.55396,0.01324,0.00544,0.00261,0.00576,80.0,80.0,0.50114,0.886
corpus:223-user44856009320-the-big-manner@2.694,kick,corpus,2.694,6.20543,2115.98643,2029.33132,-17.85282,0.42777,0.54709,0.01109,0.007,0.00255,0.0045,12.0,116.0,0.60704,0.883
corpus:223-user44856009320-the-big-manner@13.131,kick,corpus,13.131,5.35525,2506.54826,2506.54826,-55.73613,0.37103,0.59644,0.01142,0.00956,0.00342,0.00814,58.0,58.0,0.22669,0.882
corpus:223-user44856009320-the-big-manner@7.918,kick,corpus,7.918,5.29823,2677.33393,2677.33393,-21.78716,0.39993,0.5552,0.02239,0.01279,0.00343,0.00626,68.0,68.0,0.3086,0.88
corpus:223-user44856009320-the-big-manner@17.554,kick,corpus,17.554,5.77406,1767.20904,2063.58838,-13.61537,0.4598,0.52243,0.012,0.00228,0.00148,0.00202,12.0,116.0,0.62677,0.88
corpus:224-user22233300085-k-enick@18.274,space,corpus,18.274,14.91567,4269.19275,4269.19275,48.71204,0.02786,0.55604,0.20543,0.00517,0.06442,0.14109,80.0,80.0,0.1517,0.896
corpus:224-user22233300085-k-enick@43.363,space,corpus,43.363,10.1128,4641.60924,3844.3348,18.74484,0.30908,0.324,0.08837,0.02727,0.07721,0.17407,158.0,196.0,0.49015,0.771
corpus:224-user22233300085-k-enick@55.542,space,corpus,55.542,11.51235,5264.69218,3872.95592,17.04424,0.28882,0.37423,0.06656,0.00841,0.07288,0.18911,180.0,256.0,0.50547,0.765
corpus:224-user22233300085-k-enick@15.209,space,corpus,15.209,12.95422,3551.2045,2991.95667,25.06442,0.01192,0.11414,0.35406,0.08042,0.28034,0.15911,150.0,150.0,0.85204,0.753
corpus:224-user22233300085-k-enick@61.626,hat,corpus,61.626,15.83116,5671.84773,5787.68677,-3.63284,3e-05,1e-05,0.00167,0.02897,0.2661,0.70322,184.0,248.0,0.91837,0.691
corpus:224-user22233300085-k-enick@23.081,hook,corpus,23.081,17.01256,4582.08201,4524.06159,-2.14933,0.00028,0.00341,0.30986,0.09623,0.3725,0.21773,108.0,298.0,0.41278,0.677
corpus:224-user22233300085-k-enick@15.36,kick,corpus,15.36,4.38101,879.31726,1346.98178,-10.86161,0.19599,0.6367,0.14768,0.01373,0.0042,0.00169,174.0,174.0,0.74787,0.664
corpus:224-user22233300085-k-enick@49.273,kick,corpus,49.273,5.24706,1405.82581,2086.9751,-11.19361,0.23682,0.61954,0.12316,0.01085,0.00692,0.00271,196.0,196.0,0.80108,0.634
corpus:224-user22233300085-k-enick@48.402,kick,corpus,48.402,4.2502,1530.05939,1994.98335,-10.08214,0.19985,0.65203,0.12761,0.01145,0.00638,0.00269,174.0,174.0,0.77809,0.61
corpus:224-user22233300085-k-enick@15.534,kick,corpus,15.534,10.38898,2336.36182,1973.75638,8.77165,0.39931,0.43803,0.10288,0.02563,0.01934,0.01481,112.0,196.0,0.4377,0.606
corpus:224-user22233300085-k-enick@56.227,kick,corpus,56.227,5.76605,1451.70794,2165.86805,-9.59519,0.23748,0.61948,0.12237,0.01097,0.00697,0.00274,92.0,208.0,0.80064,0.602
corpus:224-user22233300085-k-enick@50.143,kick,corpus,50.143,4.35102,1576.68289,1785.58044,-7.8867,0.20035,0.65292,0.12651,0.01137,0.00622,0.00263,174.0,174.0,0.76274,0.6
corpus:225-user11508366478-no10-a18@6.618,kick,corpus,6.618,8.95495,1622.51109,1622.51109,-36.62566,0.7233,0.21649,0.02198,0.01907,0.00662,0.01255,20.0,92.0,0.7175,0.956
corpus:225-user11508366478-no10-a18@11.076,space,corpus,11.076,12.99061,3785.50933,3742.46836,44.54869,0.18226,0.43562,0.07111,0.00763,0.06288,0.24051,12.0,104.0,0.40788,0.94
corpus:225-user11508366478-no10-a18@53.94,space,corpus,53.94,15.77746,4512.79961,4512.79961,64.43456,0.05596,0.0673,0.04038,0.01394,0.16939,0.65303,92.0,92.0,0.87605,0.939
corpus:225-user11508366478-no10-a18@8.754,hat,corpus,8.754,19.81531,3643.49875,3643.49875,-79.20984,0.02051,0.00928,0.00346,0.00652,0.06404,0.89619,10.0,38.0,0.0075,0.927
corpus:225-user11508366478-no10-a18@4.888,kick,corpus,4.888,10.65955,2375.78877,2665.90852,-24.96847,0.58368,0.18357,0.02105,0.04869,0.06534,0.09767,20.0,104.0,0.58518,0.873
corpus:225-user11508366478-no10-a18@7.036,hat,corpus,7.036,19.28782,4073.07816,4073.07816,-63.22517,0.02946,0.01719,0.00263,0.00907,0.07172,0.86994,10.0,80.0,0.02515,0.865
corpus:225-user11508366478-no10-a18@9.601,kick,corpus,9.601,11.56002,1110.65126,1357.29982,0.33751,0.69999,0.17752,0.06434,0.05068,0.00674,0.00073,8.0,232.0,0.51555,0.856
corpus:225-user11508366478-no10-a18@35.213,kick,corpus,35.213,10.98133,1006.72486,880.46,-17.48072,0.30303,0.51421,0.15647,0.02612,0.00016,2e-05,38.0,104.0,0.45165,0.845
corpus:225-user11508366478-no10-a18@57.365,space,corpus,57.365,16.34178,4495.64911,4361.54045,36.28724,0.04912,0.12644,0.03279,0.02266,0.17006,0.59893,48.0,116.0,0.80308,0.841
corpus:225-user11508366478-no10-a18@17.937,space,corpus,17.937,17.54412,4331.41856,4142.78978,43.50804,0.06072,0.06187,0.0575,0.02088,0.16686,0.63217,54.0,116.0,0.93844,0.839
corpus:225-user11508366478-no10-a18@43.375,kick,corpus,43.375,10.31227,2058.26561,1721.70589,-19.07284,0.31944,0.56313,0.07515,0.02087,0.00736,0.01404,104.0,104.0,0.48918,0.832
corpus:225-user11508366478-no10-a18@37.256,kick,corpus,37.256,15.01784,1846.99844,3462.03537,-22.09262,0.44768,0.37427,0.04695,0.01395,0.03375,0.0834,86.0,220.0,0.45762,0.813
corpus:225-user11508366478-no10-a18@28.688,kick,corpus,28.688,15.97534,2034.87243,3483.18082,-18.62554,0.46275,0.32971,0.0538,0.01466,0.04003,0.09904,82.0,208.0,0.44589,0.811
corpus:225-user11508366478-no10-a18@21.49,kick,corpus,21.49,11.63481,1239.44726,1239.44726,-27.81593,0.26617,0.55251,0.14724,0.03388,0.00018,3e-05,36.0,92.0,0.71869,0.801
corpus:225-user11508366478-no10-a18@40.693,kick,corpus,40.693,14.9661,2299.68187,3381.77323,-22.87729,0.44511,0.30114,0.07001,0.02218,0.04801,0.11353,52.0,174.0,0.43262,0.795
corpus:225-user11508366478-no10-a18@26.97,kick,corpus,26.97,15.11585,2169.86365,3559.78809,-23.2047,0.45574,0.30043,0.07052,0.02172,0.0457,0.10589,82.0,186.0,0.48466,0.792
corpus:225-user11508366478-no10-a18@20.12,kick,corpus,20.12,15.2588,2044.61163,3457.78581,-22.63737,0.43387,0.32263,0.05428,0.02335,0.04964,0.11623,44.0,92.0,0.46372,0.791
corpus:225-user11508366478-no10-a18@30.407,kick,corpus,30.407,14.09083,2264.90593,3370.46911,-24.07784,0.42467,0.37137,0.04389,0.01561,0.04081,0.10364,86.0,174.0,0.47269,0.791
corpus:225-user11508366478-no10-a18@50.538,hook,corpus,50.538,15.84256,5760.76781,5760.76781,10.01537,0.03028,0.01871,0.01817,0.02127,0.18858,0.72299,52.0,80.0,0.09418,0.786
corpus:225-user11508366478-no10-a18@10.461,hat,corpus,10.461,20.04618,3061.65423,3248.22509,-56.39304,0.05169,0.11148,0.00564,0.00808,0.06212,0.76099,16.0,116.0,0.11484,0.778
corpus:225-user11508366478-no10-a18@45.395,hook,corpus,45.395,15.90561,5251.61761,5251.61761,-2.25592,0.05377,0.04205,0.08754,0.03099,0.16403,0.6216,52.0,92.0,0.11142,0.753
corpus:225-user11508366478-no10-a18@5.329,hat,corpus,5.329,19.1668,3039.11226,3127.63729,-49.86004,0.06481,0.0471,0.007,0.00783,0.04968,0.82358,16.0,44.0,0.0882,0.747
corpus:225-user11508366478-no10-a18@26.54,hook,corpus,26.54,14.36365,5379.06039,5379.06039,-2.7905,0.2173,0.03306,0.07307,0.03118,0.13424,0.51115,68.0,68.0,0.1271,0.652
corpus:225-user11508366478-no10-a18@41.97,hook,corpus,41.97,16.13668,5268.66497,5268.66497,-9.61363,0.10917,0.03558,0.05392,0.02003,0.16221,0.61908,50.0,92.0,0.12608,0.65
corpus:225-user11508366478-no10-a18@12.829,hook,corpus,12.829,16.09385,5098.43144,5098.43144,-15.51012,0.09873,0.08896,0.06995,0.01894,0.15078,0.57265,50.0,92.0,0.08258,0.649
corpus:225-user11508366478-no10-a18@63.158,hat,corpus,63.158,15.99363,5534.49256,5812.86406,-1.21898,0.01698,0.01016,0.00135,0.00211,0.03829,0.93111,48.0,232.0,0.44354,0.63
corpus:225-user11508366478-no10-a18@43.259,hook,corpus,43.259,14.87894,4630.84226,4311.04209,4.0516,0.07343,0.59524,0.02912,0.00512,0.05856,0.23852,40.0,116.0,0.1984,0.621
corpus:225-user11508366478-no10-a18@15.94,hat,corpus,15.94,15.76005,2626.57084,2626.57084,-95.04458,0.29062,0.38822,0.01422,0.01395,0.03248,0.26051,8.0,68.0,0.23214,0.603
corpus:225-user11508366478-no10-a18@61.44,hat,corpus,61.44,16.14235,4814.71159,5102.58705,-1.34327,0.0378,0.0223,0.00405,0.00555,0.09725,0.83306,54.0,220.0,0.56816,0.603
corpus:225-user11508366478-no10-a18@15.824,hook,corpus,15.824,15.12578,4086.23221,4478.40213,-18.24407,0.07423,0.56586,0.0377,0.0065,0.06526,0.25046,30.0,116.0,0.25344,0.6
corpus:226-user22067782234-the-a-master@11.389,kick,corpus,11.389,12.33365,3850.27876,4340.54629,-9.02819,0.51346,0.18466,0.09593,0.01195,0.08404,0.10996,90.0,138.0,0.30901,0.806
corpus:226-user22067782234-the-a-master@4.876,kick,corpus,4.876,7.03956,1963.11582,3070.1566,-14.82534,0.48597,0.36666,0.13273,0.00429,0.00434,0.00601,208.0,208.0,0.76479,0.803
corpus:226-user22067782234-the-a-master@15.116,kick,corpus,15.116,13.43478,4257.26992,4599.61785,-12.40362,0.51546,0.16004,0.06853,0.02062,0.10134,0.13401,78.0,128.0,0.21375,0.8
corpus:226-user22067782234-the-a-master@21.618,kick,corpus,21.618,15.07463,3419.60979,4441.88102,-12.34483,0.51925,0.20547,0.04632,0.02108,0.09058,0.11731,98.0,232.0,0.32989,0.785
corpus:226-user22067782234-the-a-master@18.831,kick,corpus,18.831,15.06065,3545.23053,4426.39391,-8.6621,0.50968,0.18251,0.05928,0.01494,0.12268,0.11091,80.0,232.0,0.27884,0.779
corpus:226-user22067782234-the-a-master@16.985,kick,corpus,16.985,13.99516,4373.7037,4638.71345,-16.12639,0.50506,0.13405,0.04153,0.01716,0.12861,0.17358,76.0,116.0,0.23581,0.775
corpus:226-user22067782234-the-a-master@20.689,kick,corpus,20.689,14.27807,3448.99434,4469.23432,-9.7523,0.50564,0.22712,0.0478,0.01663,0.10032,0.1025,92.0,232.0,0.32835,0.773
corpus:226-user22067782234-the-a-master@5.921,space,corpus,5.921,12.41647,4640.69225,4479.36891,22.35874,0.14604,0.1731,0.10832,0.05614,0.25758,0.25882,116.0,116.0,0.45684,0.766
corpus:226-user22067782234-the-a-master@13.259,kick,corpus,13.259,14.29368,4221.00203,4629.42163,-13.26746,0.48967,0.17477,0.04654,0.01702,0.11587,0.15614,64.0,138.0,0.24849,0.765
corpus:226-user22067782234-the-a-master@2.101,hook,corpus,2.101,15.57062,5719.57946,5765.73582,-4.92165,0.00257,0.00039,0.01152,0.04691,0.38296,0.55564,92.0,116.0,0.13901,0.763
corpus:226-user22067782234-the-a-master@20.225,kick,corpus,20.225,13.06719,3156.69117,4168.72059,-10.86283,0.47066,0.26974,0.04583,0.01251,0.08861,0.11265,6.0,190.0,0.40348,0.763
corpus:226-user22067782234-the-a-master@1.637,hook,corpus,1.637,17.36171,6202.39388,5892.21592,4.00551,0.00391,0.00052,0.00156,0.04539,0.37052,0.5781,88.0,220.0,0.18527,0.762
corpus:226-user22067782234-the-a-master@16.509,kick,corpus,16.509,12.8868,3479.58886,4410.43513,-10.02667,0.47544,0.18619,0.09938,0.01694,0.09725,0.1248,90.0,196.0,0.31388,0.752
corpus:226-user22067782234-the-a-master@9.543,kick,corpus,9.543,11.62488,4290.38447,4378.25495,-14.84824,0.4401,0.11862,0.16304,0.01573,0.11178,0.15073,84.0,104.0,0.27574,0.748
corpus:226-user22067782234-the-a-master@18.367,kick,corpus,18.367,13.18651,3472.75832,4431.44515,-9.07074,0.46856,0.22836,0.07461,0.01726,0.09339,0.11781,78.0,162.0,0.36144,0.741
corpus:226-user22067782234-the-a-master@0.232,hook,corpus,0.232,16.98578,6117.40609,5967.49103,4.73271,0.0029,0.00057,0.01169,0.04035,0.34931,0.59518,138.0,138.0,0.30606,0.694
corpus:226-user22067782234-the-a-master@1.173,hook,corpus,1.173,18.15459,6156.37101,5931.01199,2.91409,0.01623,0.0079,0.01692,0.03717,0.33664,0.58514,220.0,232.0,0.29008,0.691
corpus:226-user22067782234-the-a-master@3.947,hook,corpus,3.947,14.8341,5726.13406,5753.88334,0.44378,0.0033,0.00093,0.00485,0.04964,0.38891,0.55238,80.0,138.0,0.36174,0.677
corpus:226-user22067782234-the-a-master@0.708,hook,corpus,0.708,15.56153,6432.07958,6118.666,6.13386,0.00283,0.00048,0.00124,0.04021,0.32756,0.62768,186.0,186.0,0.31449,0.671
corpus:226-user22067782234-the-a-master@2.554,hook,corpus,2.554,17.21773,6252.1827,5895.50312,5.21896,0.00249,0.00072,0.00279,0.04915,0.33072,0.61413,176.0,232.0,0.42045,0.613
corpus:227-user17883214582-you-cock-fukker@7.303,space,corpus,7.303,10.22532,4413.85534,4087.4868,3.02139,0.06133,0.53305,0.20779,0.02762,0.07986,0.09034,400.0,400.0,0.93802,0.809
corpus:227-user17883214582-you-cock-fukker@24.3,space,corpus,24.3,10.05311,4010.30795,3740.50052,3.0281,0.08009,0.61935,0.16034,0.03125,0.05481,0.05415,384.0,384.0,0.9284,0.785
corpus:227-user17883214582-you-cock-fukker@12.005,space,corpus,12.005,9.83603,3865.83183,3455.49695,4.35035,0.09734,0.57454,0.15904,0.04968,0.07094,0.04847,230.0,384.0,0.92807,0.772
corpus:227-user17883214582-you-cock-fukker@6.954,space,corpus,6.954,10.30121,4025.31916,3645.60515,4.1485,0.07979,0.60766,0.16955,0.03239,0.0572,0.0534,348.0,348.0,0.9059,0.771
corpus:228-user89945677442-totem@58.189,space,corpus,58.189,9.44461,3057.09594,2733.39862,39.20878,0.20434,0.45466,0.10999,0.01809,0.16789,0.04503,116.0,116.0,0.45374,0.911
corpus:228-user89945677442-totem@58.12,kick,corpus,58.12,5.05688,1111.21607,1111.21607,-29.75731,0.34114,0.64665,0.00928,0.00167,0.00067,0.00059,68.0,68.0,0.20596,0.902
corpus:228-user89945677442-totem@32.334,space,corpus,32.334,10.93107,3594.17728,2671.99055,35.93581,0.21505,0.45402,0.06727,0.0192,0.18367,0.06079,150.0,150.0,0.42276,0.894
corpus:228-user89945677442-totem@28.572,kick,corpus,28.572,4.73652,1292.69179,1292.69179,-27.65351,0.33373,0.65596,0.0075,0.00161,0.00063,0.00057,68.0,68.0,0.23291,0.893
corpus:228-user89945677442-totem@34.11,kick,corpus,34.11,4.74624,1463.98762,1463.98762,-44.67985,0.3182,0.66846,0.00893,0.00277,0.00091,0.00073,68.0,68.0,0.24055,0.892
corpus:228-user89945677442-totem@63.181,kick,corpus,63.181,5.7209,786.91146,786.91146,-12.39908,0.3526,0.63998,0.00633,0.00034,0.00037,0.00038,92.0,92.0,0.36801,0.89
corpus:228-user89945677442-totem@44.71,kick,corpus,44.71,5.09698,1301.99841,1301.99841,-25.86919,0.32859,0.66106,0.00761,0.00162,0.00061,0.00051,68.0,68.0,0.1994,0.888
corpus:228-user89945677442-totem@23.499,kick,corpus,23.499,6.70431,806.75258,806.75258,-19.15743,0.34755,0.6043,0.02696,0.02014,0.00093,0.00012,22.0,58.0,0.11818,0.887
corpus:228-user89945677442-totem@24.869,kick,corpus,24.869,5.03951,1200.50632,1200.50632,-26.94545,0.32146,0.6656,0.0095,0.00225,0.00067,0.00051,80.0,80.0,0.31212,0.886
corpus:228-user89945677442-totem@32.264,kick,corpus,32.264,4.79849,1441.59136,1441.59136,-25.84614,0.32913,0.65857,0.00844,0.00239,0.00082,0.00065,68.0,68.0,0.23758,0.885
corpus:228-user89945677442-totem@8.266,kick,corpus,8.266,5.19662,1182.65653,1182.65653,-12.08558,0.3499,0.64335,0.0046,0.00114,0.00053,0.00049,68.0,68.0,0.20825,0.884
corpus:228-user89945677442-totem@30.418,kick,corpus,30.418,5.39073,855.19852,1214.6034,-24.12351,0.32713,0.66389,0.0064,0.0015,0.00059,0.0005,104.0,104.0,0.41636,0.883
corpus:228-user89945677442-totem@49.412,space,corpus,49.412,11.945,2847.70531,2246.41175,41.30613,0.19367,0.43448,0.12691,0.05973,0.15094,0.03427,128.0,128.0,0.47198,0.883
corpus:228-user89945677442-totem@26.715,kick,corpus,26.715,4.99279,1239.79594,1239.79594,-23.13774,0.32295,0.66453,0.00922,0.00216,0.00064,0.00051,80.0,80.0,0.31094,0.882
corpus:228-user89945677442-totem@11.505,kick,corpus,11.505,4.99642,1119.50121,1119.50121,-8.45302,0.35468,0.63573,0.00774,0.00091,0.00052,0.00042,68.0,68.0,0.19211,0.881
corpus:228-user89945677442-totem@24.95,space,corpus,24.95,10.59057,3052.64839,2393.05595,35.33238,0.21379,0.47447,0.09227,0.02148,0.15459,0.04341,138.0,138.0,0.48257,0.875
corpus:228-user89945677442-totem@7.117,hook,corpus,7.117,12.57818,2328.8943,2328.8943,-19.22485,0.01184,0.18958,0.4323,0.28505,0.07083,0.01041,20.0,46.0,0.0,0.845
corpus:228-user89945677442-totem@34.795,hook,corpus,34.795,13.28045,3038.19693,3126.12133,-10.77108,0.01419,0.13891,0.41935,0.27049,0.1287,0.02836,28.0,116.0,0.2033,0.824
corpus:228-user89945677442-totem@51.409,hook,corpus,51.409,13.38591,3054.14816,3140.43087,-20.66735,0.01427,0.17298,0.39995,0.24268,0.13975,0.03037,56.0,104.0,0.22075,0.797
corpus:228-user89945677442-totem@10.797,hook,corpus,10.797,11.8348,2833.47008,2833.47008,-35.77068,0.01843,0.16178,0.43009,0.24495,0.12037,0.02438,18.0,58.0,0.05929,0.762
corpus:228-user89945677442-totem@58.793,hook,corpus,58.793,13.14793,2737.35088,2843.87902,-16.92104,0.03339,0.26995,0.36785,0.20624,0.1023,0.02027,64.0,104.0,0.25837,0.745
corpus:228-user89945677442-totem@31.103,hook,corpus,31.103,14.39303,2899.59972,2973.13738,-16.06086,0.02958,0.25999,0.38979,0.20142,0.09629,0.02293,64.0,104.0,0.28626,0.742
corpus:228-user89945677442-totem@32.926,hook,corpus,32.926,14.42294,3204.61951,3411.33731,-17.7838,0.01776,0.15081,0.37207,0.27499,0.14547,0.0389,18.0,138.0,0.52744,0.739
corpus:228-user89945677442-totem@47.717,hook,corpus,47.717,13.7606,2668.79669,2793.85576,-22.79506,0.03729,0.29622,0.34919,0.20924,0.089,0.01906,62.0,104.0,0.28491,0.723
corpus:230-dr-walker-very-bad-acid-sascha-m-ller-remix@40.902,hook,corpus,40.902,11.2921,4459.10445,4459.10445,-22.00467,0.00355,0.00721,0.05196,0.11218,0.41049,0.41461,44.0,92.0,0.05389,0.771
corpus:230-dr-walker-very-bad-acid-sascha-m-ller-remix@45.395,hook,corpus,45.395,10.7615,4124.25646,4298.7253,-15.23419,0.01885,0.06402,0.10332,0.07288,0.38269,0.35823,104.0,104.0,0.17653,0.757
corpus:230-dr-walker-very-bad-acid-sascha-m-ller-remix@38.65,hook,corpus,38.65,13.1015,3464.47171,4448.40915,-14.57314,0.00959,0.11503,0.07133,0.30725,0.26482,0.23199,150.0,196.0,0.46654,0.748
corpus:230-dr-walker-very-bad-acid-sascha-m-ller-remix@45.5,hook,corpus,45.5,7.7412,1820.4882,1820.4882,-6.26236,0.07007,0.47006,0.2253,0.22649,0.00506,0.00302,68.0,68.0,0.13468,0.736
corpus:230-dr-walker-very-bad-acid-sascha-m-ller-remix@36.397,hook,corpus,36.397,12.21556,3446.44973,4356.12476,-20.2073,0.01046,0.08539,0.05806,0.33114,0.26008,0.25488,174.0,174.0,0.42183,0.734
corpus:230-dr-walker-very-bad-acid-sascha-m-ller-remix@28.154,hook,corpus,28.154,11.87118,5016.77575,5135.76459,0.32509,0.00351,0.01636,0.05225,0.2084,0.3075,0.41198,186.0,186.0,0.40685,0.733
corpus:230-dr-walker-very-bad-acid-sascha-m-ller-remix@37.907,hook,corpus,37.907,11.80087,3276.65186,4286.4903,-22.18854,0.00763,0.07607,0.08501,0.3316,0.24906,0.25062,174.0,174.0,0.41724,0.727
corpus:230-dr-walker-very-bad-acid-sascha-m-ller-remix@25.159,hook,corpus,25.159,11.76488,4769.26746,5120.96016,-4.59041,0.00699,0.05069,0.06391,0.21417,0.29914,0.3651,186.0,186.0,0.44995,0.717
corpus:230-dr-walker-very-bad-acid-sascha-m-ller-remix@54.404,space,corpus,54.404,5.21209,3520.94091,4210.74628,-0.97531,0.02699,0.43314,0.19342,0.17383,0.09404,0.07857,400.0,400.0,0.88986,0.601
corpus:230-dr-walker-very-bad-acid-sascha-m-ller-remix@28.909,space,corpus,28.909,7.85851,4011.9824,4997.10149,-3.31313,0.01049,0.39574,0.18341,0.17306,0.12823,0.10907,400.0,400.0,0.89568,0.6
corpus:231-sascha-muller-streamin-black-hole@47.694,kick,corpus,47.694,7.05675,848.78435,848.78435,1.00041,0.91657,0.05306,0.01604,0.01414,0.00013,5e-05,20.0,80.0,0.04385,0.987
corpus:231-sascha-muller-streamin-black-hole@51.92,kick,corpus,51.92,9.69661,1305.69415,1305.69415,1.74555,0.90831,0.03358,0.03513,0.02253,0.00029,0.00016,20.0,32.0,0.13942,0.98
corpus:231-sascha-muller-streamin-black-hole@63.274,kick,corpus,63.274,16.35276,747.34319,763.98267,1.1913,0.82987,0.03765,0.12199,0.01019,0.00016,0.00014,20.0,26.0,0.1292,0.98
corpus:231-sascha-muller-streamin-black-hole@63.031,kick,corpus,63.031,15.20609,842.57988,1002.1725,-0.15512,0.81064,0.06832,0.10023,0.02037,0.00028,0.00015,24.0,34.0,0.17427,0.976
corpus:231-sascha-muller-streamin-black-hole@43.015,kick,corpus,43.015,9.93422,1615.2913,1595.7349,-7.66141,0.81466,0.11716,0.0289,0.02249,0.01476,0.00203,18.0,104.0,0.29279,0.975
corpus:231-sascha-muller-streamin-black-hole@28.723,kick,corpus,28.723,10.20977,954.72189,954.72189,3.802,0.81078,0.12983,0.05131,0.00775,0.00022,0.00011,8.0,58.0,0.12978,0.974
corpus:231-sascha-muller-streamin-black-hole@51.014,kick,corpus,51.014,12.54652,1326.17848,1232.33392,-8.64455,0.79902,0.08613,0.05106,0.06144,0.00143,0.00092,8.0,104.0,0.21594,0.974
corpus:231-sascha-muller-streamin-black-hole@56.39,kick,corpus,56.39,13.29313,1051.54126,899.41337,2.18581,0.83362,0.07218,0.02557,0.067,0.00095,0.0007,12.0,36.0,0.07366,0.974
corpus:231-sascha-muller-streamin-black-hole@33.704,kick,corpus,33.704,14.35913,722.29963,851.49001,1.77534,0.8142,0.06018,0.06321,0.06174,0.00052,0.00014,18.0,50.0,0.12064,0.971
corpus:231-sascha-muller-streamin-black-hole@1.463,kick,corpus,1.463,12.43591,1464.41556,1372.91792,-5.51566,0.74328,0.15492,0.02841,0.05941,0.01197,0.00202,32.0,34.0,0.14135,0.969
corpus:231-sascha-muller-streamin-black-hole@29.385,kick,corpus,29.385,14.30866,933.49144,894.71673,2.57122,0.76044,0.1459,0.05132,0.04046,0.00143,0.00045,10.0,16.0,0.11843,0.969
corpus:231-sascha-muller-streamin-black-hole@56.517,kick,corpus,56.517,11.22818,1313.60683,1313.60683,-7.14831,0.73178,0.12009,0.08421,0.05859,0.00407,0.00125,22.0,68.0,0.09844,0.969
corpus:231-sascha-muller-streamin-black-hole@23.243,hook,corpus,23.243,17.27064,2529.73479,2529.73479,-8.39001,0.21099,0.16587,0.05493,0.548,0.01508,0.00512,12.0,16.0,0.0,0.891
corpus:231-sascha-muller-streamin-black-hole@0.07,hook,corpus,0.07,18.09831,1399.19139,1575.70172,-11.39718,0.24204,0.03519,0.09793,0.59708,0.0224,0.00535,10.0,56.0,0.24595,0.862
corpus:231-sascha-muller-streamin-black-hole@60.476,hook,corpus,60.476,20.6873,2711.96317,2711.96317,-3.04476,0.17545,0.14282,0.13905,0.42222,0.09299,0.02748,12.0,92.0,0.03455,0.857
corpus:231-sascha-muller-streamin-black-hole@56.9,rumble,corpus,56.9,15.19196,1047.36841,1094.61878,2.63398,0.70732,0.07952,0.11305,0.09898,0.00083,0.0003,20.0,74.0,0.97886,0.767
corpus:231-sascha-muller-streamin-black-hole@37.686,rumble,corpus,37.686,13.80252,868.56871,920.95826,1.53115,0.839,0.04979,0.05655,0.05366,0.00064,0.00036,32.0,36.0,0.97053,0.758
corpus:231-sascha-muller-streamin-black-hole@0.197,hook,corpus,0.197,17.5391,1644.57259,1644.57259,-3.22299,0.3744,0.06746,0.06283,0.46372,0.02408,0.00752,12.0,92.0,0.09388,0.756
corpus:231-sascha-muller-streamin-black-hole@47.775,rumble,corpus,47.775,13.31962,753.36493,857.49605,3.35135,0.86029,0.09196,0.02575,0.02145,0.0004,0.00015,34.0,60.0,0.9443,0.746
corpus:231-sascha-muller-streamin-black-hole@24.335,rumble,corpus,24.335,11.36206,716.23077,974.243,0.77752,0.85785,0.04385,0.05549,0.04243,0.00033,5e-05,28.0,46.0,0.97659,0.745
corpus:231-sascha-muller-streamin-black-hole@27.55,hook,corpus,27.55,16.52878,2596.9449,2596.9449,7.44563,0.29331,0.13599,0.18442,0.29209,0.06603,0.02815,10.0,58.0,0.05472,0.645
corpus:232-user78654786842-pullover@63.936,hook,corpus,63.936,11.80158,4676.36453,4676.36453,0.61446,0.00201,0.0051,0.00966,0.2042,0.53311,0.24592,64.0,64.0,0.22632,0.797
corpus:232-user78654786842-pullover@8.8,hook,corpus,8.8,16.8993,5595.89095,5286.30201,6.38276,5e-05,1e-05,0.00017,0.16607,0.52291,0.31079,74.0,196.0,0.21558,0.744
corpus:232-user78654786842-pullover@36.095,hook,corpus,36.095,16.50876,3795.71329,3864.1983,0.54871,0.02428,0.19444,0.26816,0.21372,0.20962,0.08979,166.0,186.0,0.28688,0.724
corpus:232-user78654786842-pullover@37.256,hook,corpus,37.256,15.01877,3500.92838,3533.78271,-0.64302,0.02406,0.26139,0.26893,0.18528,0.1715,0.08884,64.0,174.0,0.30659,0.722
corpus:232-user78654786842-pullover@36.467,hook,corpus,36.467,15.85151,3991.3144,4171.38782,-1.07925,0.03896,0.13781,0.29583,0.1696,0.22983,0.12798,80.0,208.0,0.32978,0.705
corpus:232-user78654786842-pullover@29.28,hook,corpus,29.28,13.13766,4598.49681,4818.05077,-1.88901,0.01207,0.02599,0.05034,0.21352,0.44878,0.24931,162.0,162.0,0.46888,0.693
corpus:232-user78654786842-pullover@27.725,hook,corpus,27.725,12.93103,4591.65763,4648.90441,1.46933,0.01364,0.0296,0.0471,0.23603,0.42256,0.25107,162.0,162.0,0.45899,0.678
corpus:232-user78654786842-pullover@35.515,hook,corpus,35.515,13.94366,4621.42862,4708.06854,-1.07938,0.0307,0.02663,0.06247,0.19233,0.44557,0.2423,162.0,162.0,0.47561,0.67
corpus:232-user78654786842-pullover@57.109,space,corpus,57.109,10.45788,3729.95976,3895.38984,1.67303,0.05174,0.6482,0.13712,0.05444,0.08014,0.02836,84.0,220.0,0.81895,0.638
corpus:232-user78654786842-pullover@24.381,space,corpus,24.381,10.57018,3769.31991,3851.54074,1.97249,0.04652,0.63959,0.13526,0.06291,0.08571,0.03,58.0,220.0,0.82863,0.636
corpus:232-user78654786842-pullover@20.492,space,corpus,20.492,10.11337,3730.48517,3771.15485,2.74821,0.04882,0.64304,0.1605,0.04707,0.07132,0.02926,72.0,208.0,0.80084,0.631
corpus:232-user78654786842-pullover@59.443,space,corpus,59.443,10.4559,3720.43739,3938.34852,0.38391,0.05042,0.63412,0.15355,0.05234,0.07999,0.02958,88.0,220.0,0.84857,0.63
corpus:233-user12400003580-the-b-master@25.844,kick,corpus,25.844,5.25822,1542.76141,1542.76141,-36.72335,0.56087,0.41911,0.00731,0.00373,0.00677,0.00221,58.0,58.0,0.12078,0.963
corpus:233-user12400003580-the-b-master@18.402,kick,corpus,18.402,5.98921,1555.26825,1555.26825,-27.00948,0.54642,0.43518,0.00467,0.00414,0.00705,0.00254,80.0,80.0,0.35863,0.954
corpus:233-user12400003580-the-b-master@27.701,kick,corpus,27.701,5.33169,1982.35827,1982.35827,-23.61047,0.51994,0.44595,0.01919,0.00589,0.00677,0.00226,68.0,68.0,0.20528,0.945
corpus:233-user12400003580-the-b-master@44.443,kick,corpus,44.443,8.67184,883.72119,1149.4916,-6.77477,0.50252,0.48433,0.00495,0.00249,0.00429,0.00142,100.0,152.0,0.43653,0.915
corpus:233-user12400003580-the-b-master@38.87,kick,corpus,38.87,9.09157,988.69778,1262.69867,-3.84625,0.52605,0.4612,0.00495,0.00253,0.00404,0.00123,100.0,150.0,0.42917,0.909
corpus:233-user12400003580-the-b-master@17.473,kick,corpus,17.473,6.42425,2382.16207,2382.16207,-18.85965,0.48529,0.45654,0.00838,0.02696,0.01961,0.00322,80.0,80.0,0.45458,0.906
corpus:233-user12400003580-the-b-master@1.707,space,corpus,1.707,10.01742,4830.00502,4465.01269,29.08486,0.34601,0.32995,0.00661,0.01568,0.12222,0.17954,128.0,128.0,0.33048,0.904
corpus:233-user12400003580-the-b-master@29.559,kick,corpus,29.559,9.22195,818.57032,1059.11767,-5.30469,0.49336,0.48447,0.01382,0.00266,0.00427,0.00141,70.0,208.0,0.44782,0.901
corpus:233-user12400003580-the-b-master@48.158,kick,corpus,48.158,8.85082,859.37863,1540.33742,-11.06299,0.44332,0.53363,0.01133,0.00488,0.00512,0.00171,106.0,186.0,0.43042,0.897
corpus:233-user12400003580-the-b-master@54.683,kick,corpus,54.683,11.28249,1169.24411,1916.11206,-10.73282,0.49222,0.45926,0.00665,0.02214,0.01703,0.00271,42.0,102.0,0.51541,0.894
corpus:233-user12400003580-the-b-master@42.585,kick,corpus,42.585,8.79778,1151.88747,1384.1701,-2.56033,0.50819,0.46606,0.01212,0.00585,0.00586,0.00193,100.0,162.0,0.42279,0.893
corpus:233-user12400003580-the-b-master@23.951,kick,corpus,23.951,5.76944,1515.39632,1498.55185,-10.32192,0.40945,0.56291,0.01951,0.0036,0.00339,0.00115,76.0,116.0,0.38425,0.892
corpus:233-user12400003580-the-b-master@14.629,kick,corpus,14.629,5.694,1272.65367,1588.26378,-11.88071,0.41299,0.5737,0.00627,0.00287,0.00305,0.00111,128.0,128.0,0.43706,0.891
corpus:233-user12400003580-the-b-master@7.976,space,corpus,7.976,10.19271,5289.68205,5718.17083,-2.77458,0.41358,0.29133,0.01652,0.01825,0.08145,0.17887,278.0,278.0,0.9482,0.751
corpus:233-user12400003580-the-b-master@4.296,space,corpus,4.296,19.44024,5278.43103,5421.51453,-1.15178,0.44925,0.26121,0.00286,0.00404,0.1034,0.17925,244.0,244.0,0.93067,0.719
corpus:233-user12400003580-the-b-master@7.79,hook,corpus,7.79,16.08125,6414.60265,6054.08403,6.86241,0.00019,0.00388,0.00036,0.04257,0.36548,0.58753,186.0,186.0,0.25105,0.717
corpus:233-user12400003580-the-b-master@8.255,hook,corpus,8.255,19.13352,4910.67692,5675.10678,-3.20617,0.0069,0.00489,0.00399,0.1968,0.34326,0.44416,64.0,400.0,0.37015,0.709
corpus:233-user12400003580-the-b-master@2.438,space,corpus,2.438,9.47787,5213.21735,5319.1184,-0.83022,0.46216,0.30055,0.00355,0.00876,0.07373,0.15126,220.0,220.0,0.89854,0.704
corpus:233-user12400003580-the-b-master@10.112,hook,corpus,10.112,17.15001,4897.67075,5587.7274,-11.94092,0.01155,0.01091,0.0212,0.06062,0.38173,0.514,64.0,232.0,0.21005,0.695
corpus:233-user12400003580-the-b-master@20.352,hook,corpus,20.352,13.64304,5138.62035,5266.1239,-12.22764,0.14128,0.12662,0.01559,0.05274,0.28271,0.38106,84.0,104.0,0.11458,0.682
corpus:233-user12400003580-the-b-master@28.247,hook,corpus,28.247,16.39757,4346.82113,5181.91105,-12.25725,0.10694,0.19113,0.02541,0.05074,0.27458,0.35119,102.0,164.0,0.22756,0.671
corpus:233-user12400003580-the-b-master@11.494,hook,corpus,11.494,17.16813,6035.61542,5947.65172,0.2212,8e-05,0.001,0.00029,0.04997,0.39849,0.55018,62.0,150.0,0.38866,0.651
corpus:233-user12400003580-the-b-master@4.54,hook,corpus,4.54,17.95947,5587.94743,5935.6091,-2.47342,0.00266,0.00246,0.00788,0.16145,0.32876,0.4968,212.0,400.0,0.41128,0.65
corpus:233-user12400003580-the-b-master@9.636,hook,corpus,9.636,18.01067,5662.09086,5914.5802,-6.88654,8e-05,0.00056,0.00016,0.05073,0.39857,0.5499,62.0,156.0,0.33685,0.647
corpus:233-user12400003580-the-b-master@9.149,hat,corpus,9.149,18.31906,4907.40774,5606.00005,-10.31912,0.00194,0.00187,0.00772,0.06034,0.39459,0.53354,76.0,266.0,0.83615,0.603
corpus:234-user66866546841-cold-shaker@28.061,kick,corpus,28.061,6.69911,2656.07057,2656.07057,-26.5404,0.66842,0.31133,0.00523,0.00086,0.00518,0.00898,8.0,92.0,0.17925,0.968
corpus:234-user66866546841-cold-shaker@33.843,kick,corpus,33.843,5.00308,2835.84725,2835.84725,-14.37412,0.66714,0.31304,0.00638,0.00063,0.00455,0.00827,80.0,80.0,0.21434,0.963
corpus:234-user66866546841-cold-shaker@56.204,kick,corpus,56.204,6.05492,2560.70916,2560.70916,-27.15056,0.62328,0.35035,0.0115,0.0024,0.00514,0.00734,36.0,80.0,0.13244,0.963
corpus:234-user66866546841-cold-shaker@38.824,kick,corpus,38.824,6.14968,2634.85001,2634.85001,-26.90166,0.62383,0.35246,0.00792,0.00226,0.00538,0.00814,34.0,80.0,0.12708,0.962
corpus:234-user66866546841-cold-shaker@60.337,kick,corpus,60.337,4.92503,3295.60385,3295.60385,-19.55927,0.65379,0.31864,0.00852,0.0021,0.00614,0.01081,58.0,58.0,0.0241,0.962
corpus:234-user66866546841-cold-shaker@27.237,kick,corpus,27.237,6.03354,2824.9178,2824.9178,-19.76268,0.64065,0.33265,0.00996,0.0028,0.0055,0.00843,16.0,80.0,0.13116,0.961
corpus:234-user66866546841-cold-shaker@39.648,kick,corpus,39.648,6.42784,2627.61552,2627.61552,-25.33744,0.61636,0.3606,0.00904,0.00133,0.00462,0.00806,10.0,92.0,0.15876,0.96
corpus:234-user66866546841-cold-shaker@28.897,kick,corpus,28.897,6.14189,2655.06042,2655.06042,-9.70182,0.652,0.32462,0.01053,0.00183,0.0046,0.00643,80.0,80.0,0.15038,0.959
corpus:234-user66866546841-cold-shaker@33.03,kick,corpus,33.03,6.53461,2390.40839,2390.40839,-28.8338,0.59358,0.38371,0.00995,0.00212,0.00422,0.00641,20.0,92.0,0.15182,0.959
corpus:234-user66866546841-cold-shaker@54.544,kick,corpus,54.544,6.26368,2693.90744,2693.90744,-18.12201,0.62405,0.35312,0.00896,0.00121,0.00454,0.00812,20.0,92.0,0.1509,0.959
corpus:234-user66866546841-cold-shaker@62.81,kick,corpus,62.81,5.70631,2400.5218,2729.79189,-23.63403,0.62573,0.34911,0.01171,0.00209,0.00413,0.00722,62.0,104.0,0.24693,0.959
corpus:234-user66866546841-cold-shaker@34.679,kick,corpus,34.679,6.63771,2859.98288,2859.98288,-16.52499,0.63254,0.33963,0.01004,0.0026,0.00564,0.00955,36.0,92.0,0.17193,0.957
corpus:234-user66866546841-cold-shaker@0.337,hook,corpus,0.337,14.00075,4214.70657,4214.70657,-18.44195,0.00056,0.00011,0.0052,0.29511,0.43977,0.25925,70.0,92.0,0.11121,0.859
corpus:234-user66866546841-cold-shaker@40.229,space,corpus,40.229,3.83892,2509.22286,2509.22286,34.1355,0.12251,0.8514,0.01324,0.00271,0.00394,0.00619,80.0,80.0,0.35343,0.823
corpus:234-user66866546841-cold-shaker@0.023,hook,corpus,0.023,12.13684,4851.22795,4851.22795,-1.27199,0.00022,0.00061,0.00478,0.13946,0.56608,0.28885,84.0,92.0,0.1995,0.809
corpus:234-user66866546841-cold-shaker@26.18,hook,corpus,26.18,15.32798,5939.46793,5939.46793,7.22582,0.01831,0.00535,0.00175,0.00779,0.36819,0.59861,68.0,68.0,0.08354,0.795
corpus:234-user66866546841-cold-shaker@50.91,hook,corpus,50.91,17.15353,5363.95334,5390.56009,2.4512,0.00287,0.00289,0.01187,0.13952,0.43727,0.40558,104.0,104.0,0.25638,0.778
corpus:234-user66866546841-cold-shaker@47.601,hook,corpus,47.601,15.7438,5366.27639,5366.27639,6.85774,0.00236,0.00139,0.01274,0.15347,0.42993,0.40013,92.0,92.0,0.21438,0.773
corpus:234-user66866546841-cold-shaker@53.301,hook,corpus,53.301,12.86972,5256.87234,5256.87234,-0.24239,0.0009,9e-05,0.00139,0.15423,0.46081,0.38258,92.0,92.0,0.31207,0.767
corpus:234-user66866546841-cold-shaker@63.948,space,corpus,63.948,5.60597,4063.61371,4063.61371,32.6591,0.60001,0.32886,0.00883,0.00183,0.02274,0.03774,52.0,52.0,0.00392,0.766
corpus:234-user66866546841-cold-shaker@51.014,hook,corpus,51.014,15.04353,5966.90097,5966.90097,-4.84898,0.00252,0.00012,0.00053,0.01054,0.39484,0.59145,80.0,80.0,0.08839,0.76
corpus:234-user66866546841-cold-shaker@25.786,hook,corpus,25.786,16.45395,5434.04723,5434.04723,-9.50847,0.00182,0.00638,0.0062,0.04018,0.39913,0.54628,92.0,92.0,0.10222,0.759
corpus:234-user66866546841-cold-shaker@15.743,space,corpus,15.743,5.5148,3402.471,3693.6845,0.14044,0.34101,0.5815,0.0211,0.00577,0.02838,0.02225,302.0,302.0,0.93902,0.653
corpus:235-user66788884902-untitled-9-1@53.592,kick,corpus,53.592,11.6177,2251.7954,2445.87243,-11.59538,0.30137,0.35224,0.19197,0.05767,0.07767,0.01908,6.0,104.0,0.36942,0.729
corpus:235-user66788884902-untitled-9-1@51.978,kick,corpus,51.978,10.88492,2158.80531,2427.6271,-9.34625,0.31028,0.36034,0.17919,0.08119,0.05668,0.01232,32.0,128.0,0.47024,0.685
corpus:235-user66788884902-untitled-9-1@58.398,kick,corpus,58.398,12.25532,2414.72948,2607.91605,-18.904,0.26118,0.31851,0.21377,0.07275,0.10603,0.02777,104.0,104.0,0.30311,0.676
corpus:235-user66788884902-untitled-9-1@60.894,space,corpus,60.894,10.95134,3094.28909,2810.85659,4.76721,0.15685,0.39826,0.17423,0.08002,0.14945,0.04118,96.0,400.0,0.85635,0.665
corpus:235-user66788884902-untitled-9-1@55.217,space,corpus,55.217,12.5775,3693.179,3693.179,28.04779,0.20547,0.18647,0.49378,0.03494,0.047,0.03234,42.0,58.0,0.02145,0.658
corpus:235-user66788884902-untitled-9-1@37.407,hook,corpus,37.407,11.98041,2973.33423,3227.03959,-2.81088,0.00424,0.02057,0.18884,0.36076,0.37546,0.05013,144.0,196.0,0.5638,0.643
corpus:235-user66788884902-untitled-9-1@33.019,hook,corpus,33.019,10.87879,3575.57403,3955.98193,-6.9109,0.00352,0.09484,0.19134,0.25649,0.36324,0.09056,186.0,186.0,0.61497,0.641
corpus:235-user66788884902-untitled-9-1@42.4,kick,corpus,42.4,11.25564,2506.52888,2474.17818,-14.11075,0.26319,0.31329,0.23508,0.10404,0.06554,0.01886,104.0,104.0,0.35254,0.625
corpus:235-user66788884902-untitled-9-1@36.014,hook,corpus,36.014,16.71942,3596.61476,3239.06661,6.96283,0.09819,0.10741,0.53034,0.11222,0.09987,0.05197,66.0,186.0,0.10827,0.607
corpus:236-user87742587412-oha@29.199,space,corpus,29.199,10.51561,4680.2348,5111.66105,6.32985,0.26031,0.51929,0.12085,0.05094,0.03176,0.01684,96.0,400.0,0.9981,0.943
corpus:236-user87742587412-oha@59.849,space,corpus,59.849,11.29935,4664.14725,4880.3604,7.15169,0.26159,0.52648,0.11887,0.04627,0.02975,0.01704,116.0,400.0,0.99815,0.937
corpus:236-user87742587412-oha@60.697,space,corpus,60.697,11.22014,4569.08269,4809.9479,6.37591,0.25441,0.50654,0.10803,0.06745,0.04569,0.01786,94.0,400.0,0.99815,0.929
corpus:236-user87742587412-oha@52.187,space,corpus,52.187,10.89163,4576.00812,4661.67854,6.75951,0.26697,0.49561,0.11581,0.05598,0.0475,0.01813,54.0,400.0,0.99793,0.923
corpus:236-user87742587412-oha@11.598,hook,corpus,11.598,22.81661,4560.55675,4882.77959,-5.68583,0.02828,0.00388,0.00231,0.22501,0.49991,0.24062,52.0,122.0,0.02093,0.877
corpus:236-user87742587412-oha@7.767,hook,corpus,7.767,22.8828,4721.84431,4811.58861,-3.38934,0.02667,0.01892,0.00352,0.2089,0.47335,0.26863,50.0,106.0,0.0347,0.872
corpus:236-user87742587412-oha@12.875,hook,corpus,12.875,21.9439,5338.26037,5241.50814,3.2487,0.02818,0.00447,0.0013,0.24187,0.41546,0.30872,42.0,108.0,0.01728,0.869
corpus:236-user87742587412-oha@10.437,hook,corpus,10.437,19.55898,5525.4792,5525.4792,-2.09245,3e-05,2e-05,0.0002,0.12951,0.49302,0.37722,20.0,38.0,0.00055,0.865
corpus:236-user87742587412-oha@1.382,hook,corpus,1.382,21.75454,5021.66202,4879.96211,1.19547,0.0,0.0,0.00073,0.26238,0.52254,0.21435,30.0,88.0,0.01996,0.864
corpus:236-user87742587412-oha@0.952,hook,corpus,0.952,24.15381,4741.60442,5273.57913,-10.18464,1e-05,2e-05,0.00096,0.18463,0.50691,0.30748,44.0,100.0,0.03921,0.862
corpus:236-user87742587412-oha@3.077,hook,corpus,3.077,23.39579,5071.94092,4881.64948,3.84272,0.05182,0.00795,0.00241,0.18324,0.47523,0.27936,50.0,100.0,0.04906,0.836
corpus:236-user87742587412-oha@6.06,hook,corpus,6.06,21.23748,5124.02299,5289.2568,-4.27915,0.02831,0.0053,0.00085,0.10946,0.56004,0.29605,52.0,116.0,0.03044,0.835
corpus:236-user87742587412-oha@13.944,kick,corpus,13.944,8.15388,2199.22328,2557.60545,-3.66052,0.27144,0.5188,0.12574,0.048,0.02994,0.00608,128.0,186.0,0.46425,0.625
corpus:238-tiefenrausch-baikal@45.871,hook,corpus,45.871,12.36669,2052.52213,2116.92861,-20.6203,0.00241,0.00913,0.16344,0.79109,0.02429,0.00963,48.0,104.0,0.14691,0.912
corpus:238-tiefenrausch-baikal@45.07,hook,corpus,45.07,12.38313,2134.24596,2105.11586,-8.94149,0.00636,0.02348,0.16349,0.76775,0.02826,0.01065,56.0,104.0,0.15241,0.84
corpus:238-tiefenrausch-baikal@45.685,hook,corpus,45.685,13.31474,4484.50367,4498.48128,-4.69471,0.01087,0.00595,0.01677,0.17635,0.52279,0.26726,104.0,104.0,0.17034,0.836
corpus:238-tiefenrausch-baikal@45.79,hook,corpus,45.79,16.61815,4596.62792,4596.62792,-11.33693,0.03491,0.05925,0.03466,0.15098,0.38604,0.33417,72.0,80.0,0.05275,0.835
corpus:238-tiefenrausch-baikal@45.976,hook,corpus,45.976,15.55123,3287.3777,3453.72848,-16.1841,0.02994,0.16689,0.11578,0.25757,0.25294,0.17688,104.0,104.0,0.24924,0.824
corpus:238-tiefenrausch-baikal@45.279,hook,corpus,45.279,13.54875,4286.35305,4385.36504,-9.32588,0.01108,0.02025,0.02931,0.20982,0.47737,0.25217,104.0,104.0,0.25027,0.822
corpus:238-tiefenrausch-baikal@2.554,hat,corpus,2.554,19.82961,6826.91608,6834.22783,-1.26723,1e-05,4e-05,0.00086,0.02556,0.06483,0.9087,52.0,302.0,0.83396,0.818
corpus:238-tiefenrausch-baikal@3.576,hook,corpus,3.576,16.86106,5301.36382,5326.66832,-1.16281,4e-05,0.00014,0.00848,0.26977,0.171,0.55056,66.0,116.0,0.15206,0.818
corpus:238-tiefenrausch-baikal@56.854,space,corpus,56.854,12.16004,3905.30383,3770.24936,20.85605,0.27055,0.2409,0.12247,0.01901,0.20108,0.14599,128.0,128.0,0.53685,0.812
corpus:238-tiefenrausch-baikal@45.383,hook,corpus,45.383,13.53214,3632.3133,3675.10208,-8.44942,0.01541,0.01295,0.05075,0.34743,0.47087,0.10259,104.0,104.0,0.34855,0.811
corpus:238-tiefenrausch-baikal@62.438,space,corpus,62.438,13.05936,4237.87323,3875.96373,17.46923,0.19107,0.16053,0.15408,0.03556,0.23847,0.22029,150.0,150.0,0.74479,0.794
corpus:238-tiefenrausch-baikal@50.178,kick,corpus,50.178,11.83104,3445.78842,3445.78842,-21.02256,0.37532,0.31622,0.11305,0.02761,0.09511,0.07269,38.0,92.0,0.38487,0.78
corpus:238-tiefenrausch-baikal@55.786,kick,corpus,55.786,11.43903,3999.29604,3999.29604,-17.3873,0.36446,0.34439,0.12206,0.012,0.06683,0.09026,80.0,80.0,0.24051,0.76
corpus:238-tiefenrausch-baikal@54.184,kick,corpus,54.184,9.92604,3842.15276,3842.15276,-18.10226,0.37088,0.33696,0.12051,0.03157,0.06611,0.07396,80.0,80.0,0.28772,0.758
corpus:238-tiefenrausch-baikal@51.653,space,corpus,51.653,12.04738,3613.88804,3479.94708,19.06774,0.25064,0.23414,0.12706,0.03526,0.22342,0.12947,82.0,128.0,0.53498,0.748
corpus:238-tiefenrausch-baikal@43.654,space,corpus,43.654,10.96152,3398.29303,3321.89976,19.05026,0.26274,0.2294,0.12298,0.0343,0.2293,0.12128,128.0,128.0,0.56786,0.746
corpus:238-tiefenrausch-baikal@58.189,kick,corpus,58.189,10.39654,3762.10189,3762.10189,-20.60085,0.35057,0.36069,0.10276,0.02863,0.07421,0.08314,80.0,80.0,0.28185,0.745
corpus:238-tiefenrausch-baikal@3.042,hat,corpus,3.042,16.11628,5768.26685,6203.08302,-4.82868,1e-05,0.0002,0.04781,0.16699,0.09383,0.69116,52.0,220.0,0.95427,0.742
corpus:238-tiefenrausch-baikal@42.992,kick,corpus,42.992,9.80522,4159.28272,4159.28272,-20.40044,0.34365,0.31768,0.12275,0.01463,0.0994,0.10189,68.0,68.0,0.17417,0.732
corpus:238-tiefenrausch-baikal@1.974,hat,corpus,1.974,19.87827,7055.63584,6792.05592,2.17937,1e-05,0.00034,0.00084,0.00645,0.06743,0.92492,60.0,314.0,0.6594,0.726
corpus:238-tiefenrausch-baikal@53.383,kick,corpus,53.383,9.90114,3792.14405,3792.14405,-24.85992,0.32473,0.38919,0.10804,0.01755,0.07276,0.08772,14.0,92.0,0.38806,0.726
corpus:238-tiefenrausch-baikal@48.588,kick,corpus,48.588,10.16969,4367.14113,4367.14113,-15.33957,0.34124,0.28713,0.155,0.01173,0.09333,0.11157,58.0,58.0,0.09054,0.711
corpus:238-tiefenrausch-baikal@49.389,kick,corpus,49.389,10.28287,3781.19752,3781.19752,-20.01058,0.32332,0.3447,0.13683,0.03081,0.07296,0.09137,80.0,80.0,0.24496,0.708
corpus:238-tiefenrausch-baikal@13.201,kick,corpus,13.201,9.89134,2972.6904,2972.6904,-23.5525,0.2076,0.49079,0.23359,0.01516,0.02601,0.02685,80.0,80.0,0.29302,0.706
corpus:238-tiefenrausch-baikal@54.985,kick,corpus,54.985,10.25396,3973.74207,3973.74207,-12.31027,0.33677,0.32321,0.13978,0.01965,0.08831,0.09227,92.0,92.0,0.27643,0.703
corpus:238-tiefenrausch-baikal@56.982,kick,corpus,56.982,12.19858,3806.21563,3806.21563,-22.52915,0.32753,0.3501,0.09273,0.01967,0.09974,0.11023,38.0,92.0,0.3769,0.703
corpus:238-tiefenrausch-baikal@52.582,kick,corpus,52.582,12.23583,3969.80618,3969.80618,-13.70401,0.33686,0.34113,0.10464,0.01659,0.10369,0.09708,92.0,92.0,0.36698,0.701
corpus:238-tiefenrausch-baikal@1.149,hat,corpus,1.149,15.77734,6696.09045,6698.58329,0.64574,1e-05,1e-05,0.00021,0.01356,0.18644,0.79978,116.0,116.0,0.79688,0.682
corpus:238-tiefenrausch-baikal@3.379,hat,corpus,3.379,15.30451,5784.72112,6343.1197,-11.2012,3e-05,0.00011,0.01457,0.0971,0.14447,0.74372,196.0,196.0,0.55761,0.676
corpus:238-tiefenrausch-baikal@1.393,hat,corpus,1.393,14.10416,6614.89302,6614.89302,-20.84975,0.0,2e-05,0.00018,0.0087,0.06157,0.92952,56.0,80.0,0.03359,0.618
corpus:238-tiefenrausch-baikal@0.058,hat,corpus,0.058,16.56977,6436.91627,5794.58216,3.44363,0.0,0.0,0.00716,0.04788,0.17548,0.76947,62.0,400.0,0.84187,0.608
corpus:239-user99899889988-energy@63.971,kick,corpus,63.971,7.41469,1827.27742,1827.27742,-28.95093,0.53204,0.2963,0.03174,0.01993,0.11965,0.00034,28.0,28.0,0.0,0.95
corpus:239-user99899889988-energy@12.794,kick,corpus,12.794,11.32938,2384.79197,2725.30453,-31.48197,0.52126,0.41257,0.01895,0.00013,0.00104,0.04606,72.0,104.0,0.13789,0.929
corpus:239-user99899889988-energy@27.133,kick,corpus,27.133,12.26748,2337.81556,2718.2765,-46.74452,0.51735,0.4023,0.0191,0.00077,0.0026,0.05789,72.0,104.0,0.10442,0.925
corpus:239-user99899889988-energy@19.969,kick,corpus,19.969,11.84393,2658.14297,2658.14297,-48.97412,0.50346,0.41134,0.02159,0.00249,0.00164,0.05947,62.0,92.0,0.096,0.92
corpus:239-user99899889988-energy@23.324,kick,corpus,23.324,12.35424,2664.37547,2765.81584,-49.77158,0.505,0.40983,0.025,0.00119,0.0014,0.05759,54.0,104.0,0.12101,0.918
corpus:239-user99899889988-energy@16.393,kick,corpus,16.393,13.18389,2662.87062,2662.87062,-40.01139,0.50013,0.38948,0.03024,0.00194,0.0019,0.0763,54.0,92.0,0.09936,0.915
corpus:239-user99899889988-energy@5.631,kick,corpus,5.631,10.37456,3286.61238,3286.61238,-23.60548,0.50883,0.41691,0.02509,0.00141,0.0009,0.04686,72.0,80.0,0.11679,0.914
corpus:239-user99899889988-energy@19.737,kick,corpus,19.737,11.64382,2766.63212,2888.14611,-34.5274,0.4837,0.43739,0.02446,0.00399,0.00172,0.04875,72.0,104.0,0.11362,0.912
corpus:239-user99899889988-energy@26.912,kick,corpus,26.912,12.37501,2643.63001,2643.63001,-49.53651,0.45216,0.45099,0.0224,0.00516,0.0021,0.06718,44.0,92.0,0.08432,0.898
corpus:239-user99899889988-energy@33.123,hat,corpus,33.123,23.55239,5211.57257,6393.91,-10.94071,1e-05,1e-05,2e-05,0.00353,0.13611,0.86032,24.0,58.0,0.99984,0.896
corpus:239-user99899889988-energy@31.335,hat,corpus,31.335,23.94169,5539.81414,6531.58434,-6.46991,1e-05,1e-05,1e-05,0.00348,0.08284,0.91365,20.0,58.0,0.9998,0.891
corpus:239-user99899889988-energy@30.674,hat,corpus,30.674,22.83764,4984.65757,6403.52276,-16.98023,1e-05,1e-05,1e-05,0.00684,0.25722,0.73592,24.0,54.0,0.97357,0.878
corpus:239-user99899889988-energy@49.691,hat,corpus,49.691,22.20878,5048.33979,5942.74551,-10.55413,2e-05,8e-05,0.0005,0.00444,0.16271,0.83225,22.0,48.0,0.99971,0.875
corpus:239-user99899889988-energy@8.975,kick,corpus,8.975,9.58244,3174.94718,3174.94718,-8.6364,0.46093,0.47207,0.0261,0.00365,0.00118,0.03608,62.0,92.0,0.16626,0.874
corpus:239-user99899889988-energy@23.545,kick,corpus,23.545,9.80977,3913.17064,3913.17064,-29.62903,0.44929,0.46322,0.02268,0.00429,0.00232,0.0582,58.0,58.0,0.04069,0.874
corpus:239-user99899889988-energy@51.49,hat,corpus,51.49,21.62727,4898.93282,5925.60552,-12.77227,1e-05,7e-05,0.00031,0.01703,0.19228,0.79031,24.0,46.0,0.99934,0.872
corpus:239-user99899889988-energy@47.914,hat,corpus,47.914,20.80203,4854.47694,6243.70641,-21.04433,4e-05,5e-05,0.00026,0.06037,0.193,0.74627,22.0,46.0,0.84065,0.869
corpus:239-user99899889988-energy@10.519,space,corpus,10.519,22.98378,4677.78496,4199.79917,38.70331,0.11487,0.12914,0.03917,0.00124,0.11074,0.60485,78.0,150.0,0.81429,0.863
corpus:239-user99899889988-energy@2.02,kick,corpus,2.02,10.83132,2433.92786,2909.36989,-4.98637,0.46391,0.47892,0.02494,0.0011,0.00083,0.03029,64.0,138.0,0.29589,0.859
corpus:239-user99899889988-energy@59.246,hook,corpus,59.246,17.65146,2703.67631,2507.63335,-4.90743,0.00681,0.07666,0.00982,0.39609,0.50999,0.00063,26.0,104.0,0.09758,0.857
corpus:239-user99899889988-energy@41.645,hat,corpus,41.645,21.31643,4954.92095,6174.10616,-16.88811,1e-05,1e-05,0.00037,0.00598,0.23183,0.7618,22.0,48.0,0.87266,0.856
corpus:239-user99899889988-energy@44.547,hat,corpus,44.547,25.13303,5816.41306,6346.33896,-10.19138,3e-05,0.00047,0.00062,0.00507,0.22543,0.76838,46.0,142.0,0.99988,0.851
corpus:239-user99899889988-energy@62.369,hook,corpus,62.369,20.8178,3096.62295,2954.482,-9.11199,0.00064,0.00731,0.00314,0.34035,0.64792,0.00063,20.0,56.0,0.1457,0.844
corpus:239-user99899889988-energy@28.537,space,corpus,28.537,10.0217,4239.99693,4537.45251,2.3122,0.24272,0.55124,0.15959,0.00326,0.0078,0.03539,100.0,266.0,0.99615,0.838
corpus:239-user99899889988-energy@41.192,hat,corpus,41.192,22.42938,5300.56267,6349.69721,-13.69486,1e-05,0.00011,0.00016,0.00047,0.31058,0.68867,24.0,56.0,0.99975,0.835
corpus:239-user99899889988-energy@38.951,hat,corpus,38.951,21.52398,5033.03637,6021.04065,-11.75,3e-05,2e-05,0.00205,0.00735,0.27156,0.71899,22.0,44.0,0.99961,0.828
corpus:239-user99899889988-energy@37.616,hat,corpus,37.616,23.42042,5884.88129,7026.66248,-13.3308,1e-05,1e-05,1e-05,3e-05,0.03726,0.96268,20.0,54.0,0.50058,0.822
corpus:239-user99899889988-energy@56.773,hook,corpus,56.773,16.26326,3197.59664,3197.59664,-19.29441,0.00013,0.00058,0.0001,0.25067,0.74836,0.00015,20.0,92.0,0.13954,0.818
corpus:239-user99899889988-energy@52.849,hat,corpus,52.849,23.76038,5045.68692,7497.34939,-31.87635,0.00565,0.01048,0.00055,0.00025,0.02983,0.95325,22.0,54.0,0.1002,0.81
corpus:239-user99899889988-energy@55.786,hook,corpus,55.786,18.9489,6056.71426,5853.27595,-2.09824,0.0001,0.00036,0.00083,0.07199,0.2782,0.64852,20.0,54.0,0.00163,0.808
corpus:239-user99899889988-energy@59.687,hook,corpus,59.687,18.32147,2889.01574,2889.01574,-25.55911,0.00037,0.00386,9e-05,0.22796,0.76733,0.00038,10.0,92.0,0.03285,0.797
corpus:239-user99899889988-energy@60.244,hook,corpus,60.244,18.49319,5797.38507,5810.72926,-7.30084,8e-05,0.00053,0.00054,0.08429,0.32332,0.59124,22.0,58.0,0.02421,0.791
corpus:239-user99899889988-energy@52.082,hook,corpus,52.082,16.42384,3292.97529,3292.97529,-1.5646,0.00183,0.01491,0.00154,0.23116,0.75025,0.00031,14.0,36.0,0.01801,0.79
corpus:239-user99899889988-energy@51.978,hook,corpus,51.978,18.00764,5865.09688,5858.99074,-9.32923,0.0,0.0,0.0,0.01448,0.45843,0.52708,32.0,66.0,0.00365,0.789
corpus:239-user99899889988-energy@21.42,space,corpus,21.42,9.16605,3714.04936,2314.69639,21.4094,0.2444,0.55744,0.15703,0.00472,0.00361,0.03281,102.0,220.0,0.71711,0.772
corpus:239-user99899889988-energy@0.151,space,corpus,0.151,9.59183,4104.96728,3524.83716,11.06561,0.24013,0.55218,0.15411,0.00381,0.00103,0.04874,106.0,220.0,0.71717,0.765
corpus:240-atheist-the-horns-of-jericho@47.183,kick,corpus,47.183,9.3032,1997.06974,1997.06974,-10.01506,0.88757,0.04434,0.04507,0.0171,0.00488,0.00104,12.0,80.0,0.28011,0.983
corpus:240-atheist-the-horns-of-jericho@46.997,kick,corpus,46.997,4.9423,2409.06565,2409.06565,-6.24738,0.91798,0.01228,0.01431,0.02153,0.02989,0.00401,68.0,68.0,0.2477,0.98
corpus:240-atheist-the-horns-of-jericho@46.916,kick,corpus,46.916,3.45904,1850.18446,1850.18446,-6.13005,0.94244,0.0107,0.00919,0.02159,0.01419,0.00189,80.0,80.0,0.33729,0.977
corpus:240-atheist-the-horns-of-jericho@47.264,kick,corpus,47.264,9.47646,2053.51224,2046.20864,-2.4211,0.93419,0.03689,0.00982,0.01513,0.00229,0.00169,10.0,104.0,0.29403,0.973
corpus:240-atheist-the-horns-of-jericho@61.266,kick,corpus,61.266,4.77888,2243.84973,2243.84973,-9.05506,0.84938,0.03417,0.02429,0.06898,0.01871,0.00446,92.0,92.0,0.44579,0.954
corpus:240-atheist-the-horns-of-jericho@47.067,kick,corpus,47.067,9.9791,1773.16954,1709.6291,-0.42558,0.87689,0.05022,0.04545,0.01753,0.00855,0.00136,36.0,116.0,0.36724,0.953
corpus:240-atheist-the-horns-of-jericho@42.133,kick,corpus,42.133,9.72454,1535.35249,1421.67872,4.79075,0.90516,0.06412,0.01648,0.01107,0.00247,0.0007,38.0,150.0,0.31165,0.945
corpus:240-atheist-the-horns-of-jericho@42.284,kick,corpus,42.284,8.85117,2042.1157,2068.33636,0.42314,0.84314,0.07315,0.02805,0.04231,0.00983,0.00352,12.0,116.0,0.47342,0.9
corpus:240-atheist-the-horns-of-jericho@49.18,kick,corpus,49.18,9.03396,1827.43979,1936.91825,1.78383,0.85797,0.06362,0.02576,0.0392,0.01169,0.00176,72.0,150.0,0.47299,0.889
corpus:240-atheist-the-horns-of-jericho@11.645,kick,corpus,11.645,4.71455,1618.13742,1514.32375,3.6277,0.87448,0.039,0.05629,0.02344,0.00531,0.00149,116.0,116.0,0.56889,0.803
corpus:240-atheist-the-horns-of-jericho@49.331,kick,corpus,49.331,15.58419,1615.71311,1737.62008,0.09918,0.8396,0.05869,0.06651,0.02634,0.0075,0.00135,10.0,400.0,0.62292,0.792
corpus:240-atheist-the-horns-of-jericho@42.028,kick,corpus,42.028,8.29169,1715.20116,1536.04295,5.49816,0.9259,0.04987,0.01627,0.00603,0.00135,0.00059,66.0,104.0,0.57583,0.771
corpus:241-pakistan-techno-force-randomise@35.434,space,corpus,35.434,8.64893,4197.37798,4197.37798,41.33908,0.56253,0.23134,0.05768,0.00493,0.04989,0.09364,92.0,92.0,0.32241,0.962
corpus:241-pakistan-techno-force-randomise@28.096,space,corpus,28.096,8.76739,3746.14937,3620.88377,47.7793,0.59522,0.21463,0.05041,0.00341,0.05031,0.08602,104.0,104.0,0.36937,0.958
corpus:241-pakistan-techno-force-randomise@37.268,space,corpus,37.268,10.55077,4501.0568,4203.09773,38.17504,0.53329,0.21491,0.06488,0.00401,0.0641,0.1188,116.0,116.0,0.34088,0.953
corpus:241-pakistan-techno-force-randomise@0.604,space,corpus,0.604,8.45178,3562.16446,3358.64103,44.70367,0.5517,0.28552,0.05039,0.00502,0.03982,0.06755,104.0,104.0,0.35216,0.947
corpus:241-pakistan-techno-force-randomise@34.435,kick,corpus,34.435,7.36451,1921.31631,2201.23019,-20.04516,0.5337,0.42608,0.03018,0.0011,0.00635,0.0026,104.0,104.0,0.43035,0.938
corpus:241-pakistan-techno-force-randomise@10.612,kick,corpus,10.612,5.05998,2038.96165,2038.96165,-30.85289,0.43016,0.51974,0.03803,0.00313,0.00704,0.00191,68.0,68.0,0.2412,0.921
corpus:241-pakistan-techno-force-randomise@61.904,kick,corpus,61.904,5.5786,1842.35911,2071.1227,-15.64917,0.49545,0.46502,0.03193,0.00131,0.00453,0.00177,104.0,104.0,0.47814,0.921
corpus:241-pakistan-techno-force-randomise@38.104,kick,corpus,38.104,6.14177,2191.17157,2019.60075,-10.44143,0.51695,0.44985,0.02281,0.00343,0.00482,0.00214,104.0,104.0,0.4506,0.918
corpus:241-pakistan-techno-force-randomise@63.739,kick,corpus,63.739,6.45804,1822.0445,1946.96135,-9.75869,0.49484,0.46954,0.02728,0.0009,0.00545,0.00198,104.0,104.0,0.39316,0.917
corpus:241-pakistan-techno-force-randomise@43.584,kick,corpus,43.584,5.56344,1958.14925,2104.83367,-15.20985,0.48181,0.47758,0.03249,0.00133,0.00494,0.00186,104.0,104.0,0.4796,0.915
corpus:241-pakistan-techno-force-randomise@27.098,kick,corpus,27.098,6.8495,1875.48694,1958.62471,-8.27895,0.48731,0.47214,0.03189,0.00109,0.00558,0.00198,104.0,104.0,0.36481,0.913
corpus:241-pakistan-techno-force-randomise@3.274,kick,corpus,3.274,6.44556,1766.65302,1839.24317,-10.35402,0.48669,0.47965,0.02516,0.00234,0.00491,0.00125,128.0,128.0,0.45294,0.91
corpus:241-pakistan-techno-force-randomise@36.258,kick,corpus,36.258,6.30594,2096.56813,2254.36166,-6.93328,0.5032,0.45908,0.02845,0.00113,0.00579,0.00235,24.0,104.0,0.3625,0.908
corpus:241-pakistan-techno-force-randomise@49.075,kick,corpus,49.075,5.19231,2186.77231,2186.77231,-15.23687,0.43369,0.52014,0.03501,0.00248,0.00659,0.00209,68.0,68.0,0.22203,0.908
corpus:241-pakistan-techno-force-randomise@47.253,kick,corpus,47.253,5.64269,1897.50856,1696.86755,-9.31368,0.45918,0.50368,0.02862,0.00284,0.00434,0.00134,54.0,104.0,0.41294,0.905
corpus:241-pakistan-techno-force-randomise@45.418,kick,corpus,45.418,5.60869,1878.45989,1956.12237,-6.09393,0.49704,0.46739,0.02813,0.00112,0.00457,0.00174,104.0,104.0,0.40884,0.904
corpus:241-pakistan-techno-force-randomise@24.683,hook,corpus,24.683,17.04209,4152.03671,4537.32922,-5.56675,0.04343,0.20217,0.22002,0.11621,0.23463,0.18354,78.0,148.0,0.34692,0.706
corpus:241-pakistan-techno-force-randomise@22.848,hook,corpus,22.848,16.30796,3555.23655,4663.90664,-12.56639,0.0449,0.17086,0.22678,0.1218,0.246,0.18966,86.0,162.0,0.45742,0.671
corpus:241-pakistan-techno-force-randomise@25.043,hook,corpus,25.043,14.89517,5777.85957,5690.78257,10.30143,0.01939,0.08427,0.31024,0.01633,0.21897,0.35079,106.0,116.0,0.10644,0.663
corpus:241-pakistan-techno-force-randomise@21.722,hook,corpus,21.722,16.58453,6935.62311,6601.6508,7.26545,0.00635,0.02115,0.00789,0.01179,0.29087,0.66195,196.0,196.0,0.27254,0.652
corpus:241-pakistan-techno-force-randomise@19.888,hook,corpus,19.888,17.46309,6946.34945,6554.08404,7.07828,0.00339,0.01295,0.007,0.00985,0.29717,0.66965,208.0,208.0,0.28713,0.645
corpus:241-pakistan-techno-force-randomise@21.014,hook,corpus,21.014,16.16762,4095.93939,4730.83616,-8.70299,0.04864,0.17033,0.22001,0.12681,0.25356,0.18064,118.0,148.0,0.49491,0.644
corpus:241-pakistan-techno-force-randomise@18.982,hook,corpus,18.982,18.05461,6752.1955,6354.95771,8.9302,0.00643,0.01955,0.26688,0.01502,0.23832,0.4538,178.0,196.0,0.19404,0.642
corpus:241-pakistan-techno-force-randomise@23.545,hook,corpus,23.545,18.45769,6831.16481,6343.59386,7.7975,0.01889,0.05173,0.00801,0.0101,0.28561,0.62566,196.0,220.0,0.29357,0.642
corpus:244-user99457585343-we-want-freedom@39.288,hook,corpus,39.288,15.10402,3740.57312,3756.37736,-13.74682,0.01156,0.00738,0.00834,0.29559,0.58558,0.09155,56.0,104.0,0.14643,0.863
corpus:244-user99457585343-we-want-freedom@46.103,hook,corpus,46.103,20.56514,3693.76357,3762.65512,-1.00573,0.00178,0.00197,0.00088,0.47469,0.45972,0.06096,26.0,150.0,0.02365,0.858
corpus:244-user99457585343-we-want-freedom@38.104,hook,corpus,38.104,15.08965,2291.90437,2607.55842,-7.70175,0.02936,0.01952,0.09169,0.28688,0.56819,0.00436,80.0,162.0,0.16585,0.826
corpus:244-user99457585343-we-want-freedom@48.89,hook,corpus,48.89,14.49638,4187.46303,4187.46303,-2.73302,0.00362,0.00435,0.05259,0.27214,0.58608,0.08123,46.0,92.0,0.13015,0.819
corpus:244-user99457585343-we-want-freedom@0.302,hook,corpus,0.302,22.66772,2570.77512,2310.10969,1.37912,0.03019,0.09715,0.17855,0.43571,0.22203,0.03636,32.0,394.0,0.29628,0.816
corpus:244-user99457585343-we-want-freedom@48.982,hook,corpus,48.982,15.69851,4139.13034,4139.13034,0.00573,0.00021,0.00033,0.00662,0.20966,0.67613,0.10705,50.0,92.0,0.10692,0.802
corpus:244-user99457585343-we-want-freedom@28.688,hook,corpus,28.688,22.28425,3693.42224,3906.53379,-0.695,0.00057,0.00038,0.02241,0.23193,0.6756,0.06911,48.0,312.0,0.18604,0.798
corpus:244-user99457585343-we-want-freedom@34.482,kick,corpus,34.482,10.32648,2701.1033,3096.14326,-5.80407,0.6942,0.17141,0.0032,0.02485,0.09079,0.01555,196.0,196.0,0.67792,0.797
corpus:244-user99457585343-we-want-freedom@1.091,hook,corpus,1.091,24.50983,3217.27579,2922.52481,1.60507,0.02062,0.0648,0.12841,0.3503,0.34287,0.09301,34.0,384.0,0.34,0.792
corpus:244-user99457585343-we-want-freedom@46.452,hat,corpus,46.452,24.3602,4677.31563,5228.28252,-4.6874,0.00282,0.00121,0.00312,0.08519,0.13021,0.77745,20.0,220.0,0.97941,0.786
corpus:244-user99457585343-we-want-freedom@18.634,space,corpus,18.634,18.07635,5644.02323,6148.12704,0.22877,0.03551,0.43612,0.04874,0.05982,0.12783,0.29197,148.0,310.0,0.99959,0.766
corpus:244-user99457585343-we-want-freedom@47.45,space,corpus,47.45,10.98069,3801.02634,4328.28781,-1.02482,0.07279,0.77653,0.01777,0.02718,0.07268,0.03305,44.0,206.0,0.99987,0.741
corpus:244-user99457585343-we-want-freedom@29.872,space,corpus,29.872,10.4504,3270.61954,4173.7654,-3.85003,0.14131,0.75283,0.01679,0.01895,0.03893,0.03118,52.0,400.0,0.95055,0.73
corpus:244-user99457585343-we-want-freedom@41.866,space,corpus,41.866,10.41671,3415.13911,3922.75018,3.18598,0.06858,0.8674,0.02673,0.01235,0.01511,0.00982,68.0,96.0,0.96109,0.716
corpus:244-user99457585343-we-want-freedom@34.284,kick,corpus,34.284,10.34011,3351.7687,3705.85537,-6.48892,0.68059,0.1716,0.00938,0.03148,0.07713,0.02982,196.0,196.0,0.74081,0.707
corpus:244-user99457585343-we-want-freedom@31.904,kick,corpus,31.904,12.29127,1752.81528,3270.24683,-8.14798,0.72093,0.16607,0.00242,0.0265,0.07108,0.013,372.0,372.0,0.81841,0.678
corpus:244-user99457585343-we-want-freedom@33.483,kick,corpus,33.483,14.62539,2290.86273,3458.61848,-5.42245,0.69125,0.16568,0.00187,0.03036,0.09173,0.01911,76.0,394.0,0.74808,0.639
corpus:244-user99457585343-we-want-freedom@35.109,kick,corpus,35.109,13.00118,2163.81144,3871.54895,-8.04164,0.6719,0.16263,0.01412,0.04693,0.08081,0.02362,144.0,360.0,0.77149,0.628
corpus:244-user99457585343-we-want-freedom@30.302,kick,corpus,30.302,13.09486,2250.04654,3126.72003,-5.89971,0.68105,0.16516,0.0042,0.03845,0.09882,0.01232,158.0,372.0,0.79815,0.627
corpus:244-user99457585343-we-want-freedom@36.2,kick,corpus,36.2,12.47422,3251.19762,3251.19762,-23.96653,0.27557,0.11144,0.00515,0.0862,0.46536,0.05627,92.0,92.0,0.31644,0.627
corpus:245-user25244578642-the-sequencer@9.567,kick,corpus,9.567,11.20801,1035.40357,1071.00932,-3.7442,0.36372,0.24334,0.37413,0.01839,0.0003,0.00013,10.0,104.0,0.08686,0.86
corpus:245-user25244578642-the-sequencer@57.423,space,corpus,57.423,8.09815,3793.42291,3867.34913,9.97763,0.39275,0.47773,0.06872,0.00283,0.01485,0.04312,84.0,336.0,0.94024,0.829
corpus:245-user25244578642-the-sequencer@56.564,hook,corpus,56.564,20.71102,3244.71534,4682.01347,-8.77298,0.00181,0.00365,0.00589,0.21359,0.52882,0.24624,56.0,394.0,0.25206,0.828
corpus:245-user25244578642-the-sequencer@1.382,space,corpus,1.382,7.60233,3727.14165,3156.26598,14.60003,0.40253,0.46316,0.0682,0.00403,0.01582,0.04625,96.0,324.0,0.84093,0.784
corpus:245-user25244578642-the-sequencer@5.224,hook,corpus,5.224,13.63443,5254.22943,5262.90622,2.10183,0.00358,0.00573,0.03069,0.01217,0.34671,0.60112,104.0,104.0,0.15464,0.784
corpus:245-user25244578642-the-sequencer@60.5,space,corpus,60.5,8.12246,4454.45979,2839.32871,13.2335,0.35929,0.48822,0.08435,0.00135,0.01098,0.0558,162.0,400.0,0.83781,0.767
corpus:245-user25244578642-the-sequencer@3.135,space,corpus,3.135,7.43598,3546.40529,3041.21357,14.67805,0.39635,0.46755,0.06915,0.00416,0.01571,0.04709,96.0,314.0,0.82958,0.765
corpus:245-user25244578642-the-sequencer@60.082,kick,corpus,60.082,5.92986,1908.76085,2411.66783,-8.76393,0.40495,0.49754,0.07874,0.00455,0.0095,0.00473,186.0,186.0,0.73086,0.744
corpus:245-user25244578642-the-sequencer@2.252,kick,corpus,2.252,6.15666,2036.62477,3081.35154,-17.46219,0.40252,0.50302,0.07726,0.00408,0.00878,0.00434,94.0,208.0,0.85188,0.742
corpus:245-user25244578642-the-sequencer@63.576,kick,corpus,63.576,6.48145,1925.33529,2745.97723,-11.89043,0.39846,0.50082,0.08049,0.00483,0.01021,0.00519,66.0,196.0,0.78815,0.728
corpus:245-user25244578642-the-sequencer@16.684,hat,corpus,16.684,16.71047,6293.17401,5833.69938,2.3399,0.00492,0.00023,0.00025,0.00046,0.14559,0.84855,400.0,400.0,0.84629,0.707
corpus:245-user25244578642-the-sequencer@61.812,kick,corpus,61.812,7.02253,1984.5191,3199.34426,-14.67252,0.39697,0.50653,0.07844,0.00416,0.00932,0.00459,162.0,220.0,0.85981,0.687
corpus:245-user25244578642-the-sequencer@20.201,hat,corpus,20.201,16.94688,6453.17273,6408.85084,0.54969,0.0051,4e-05,6e-05,0.00029,0.14813,0.84638,400.0,400.0,0.67749,0.683
corpus:245-user25244578642-the-sequencer@0.511,kick,corpus,0.511,6.7207,1955.50019,2714.76583,-9.12068,0.40194,0.50119,0.07699,0.00483,0.01018,0.00488,94.0,208.0,0.79317,0.68
corpus:245-user25244578642-the-sequencer@23.719,hat,corpus,23.719,16.5886,6555.51961,6759.02592,-0.81744,0.00479,3e-05,4e-05,0.00036,0.14514,0.84963,400.0,400.0,0.57159,0.667
corpus:245-user25244578642-the-sequencer@25.472,hat,corpus,25.472,16.74069,6549.94294,6774.80983,-0.83078,0.00478,3e-05,6e-05,0.00034,0.14691,0.84787,400.0,400.0,0.5547,0.658
corpus:245-user25244578642-the-sequencer@58.317,kick,corpus,58.317,6.41742,1934.84167,2861.49328,-9.28347,0.40679,0.50376,0.0726,0.00404,0.00872,0.0041,76.0,208.0,0.81675,0.657
corpus:245-user25244578642-the-sequencer@61.173,hook,corpus,61.173,12.90727,6765.81039,6765.81039,2.74112,0.04557,0.02419,0.00139,0.00164,0.13007,0.79714,80.0,80.0,0.10961,0.657
corpus:245-user25244578642-the-sequencer@0.081,kick,corpus,0.081,5.85151,1028.11508,858.51666,1.37907,0.37766,0.51547,0.10356,0.00162,0.00096,0.00073,152.0,208.0,0.68766,0.648
corpus:245-user25244578642-the-sequencer@4.005,kick,corpus,4.005,7.05811,2098.97403,3118.55138,-10.63251,0.40277,0.49965,0.07834,0.00462,0.00999,0.00463,84.0,220.0,0.8347,0.642
corpus:245-user25244578642-the-sequencer@18.471,hat,corpus,18.471,16.69949,6530.41314,6693.96606,-0.58352,0.00489,0.00012,0.0002,0.00052,0.14634,0.84793,400.0,400.0,0.53029,0.64
corpus:245-user25244578642-the-sequencer@57.76,hook,corpus,57.76,12.8781,5793.30311,5793.30311,-2.16208,0.00266,0.00085,0.03252,0.00581,0.34846,0.60971,80.0,80.0,0.35577,0.64
corpus:245-user25244578642-the-sequencer@1.707,hook,corpus,1.707,15.00404,5501.00972,5617.0925,-6.64182,0.003,0.0005,0.00251,0.01066,0.37184,0.61147,116.0,116.0,0.31897,0.631
corpus:245-user25244578642-the-sequencer@5.759,kick,corpus,5.759,6.77809,2009.07985,3014.33976,-9.86123,0.40174,0.50633,0.0749,0.00404,0.00865,0.00434,164.0,220.0,0.84021,0.63
corpus:245-user25244578642-the-sequencer@11.029,kick,corpus,11.029,8.16683,334.2898,323.7063,1.8634,0.39257,0.49231,0.11353,0.0016,0.0,0.0,130.0,270.0,0.70709,0.626
corpus:245-user25244578642-the-sequencer@14.965,hat,corpus,14.965,17.67376,6445.98917,6690.85471,-0.40794,0.00727,0.00046,0.00053,0.00047,0.13326,0.858,194.0,400.0,0.48578,0.624
corpus:245-user25244578642-the-sequencer@59.513,hook,corpus,59.513,13.67798,5525.05001,5555.40554,-2.33329,0.00206,0.00068,0.02906,0.0099,0.34678,0.61152,116.0,116.0,0.39517,0.624
corpus:245-user25244578642-the-sequencer@62.914,hook,corpus,62.914,13.81751,6660.28162,6635.69537,6.94202,0.02254,0.02418,0.00327,0.00254,0.14374,0.80373,104.0,104.0,0.25372,0.616
corpus:245-user25244578642-the-sequencer@63.135,kick,corpus,63.135,5.65173,1074.53527,1359.75939,-1.74184,0.38878,0.50944,0.09856,0.0016,0.00092,0.0007,152.0,220.0,0.77573,0.608
corpus:245-user25244578642-the-sequencer@63.019,hook,corpus,63.019,15.15233,5464.83187,5558.94313,-6.93511,0.00269,0.00564,0.0212,0.01232,0.35825,0.59991,116.0,116.0,0.37782,0.603
corpus:248-user83254130235-the-gentleman@33.135,kick,corpus,33.135,3.94122,2348.2603,2348.2603,-34.64056,0.58583,0.40129,0.00563,0.00045,0.00323,0.00358,58.0,58.0,0.17166,0.961
corpus:248-user83254130235-the-gentleman@18.135,kick,corpus,18.135,3.72801,2393.54195,2393.54195,-31.75582,0.58403,0.40279,0.00636,0.00052,0.00271,0.00359,58.0,58.0,0.16654,0.96
corpus:248-user83254130235-the-gentleman@2.717,kick,corpus,2.717,3.94975,2443.80355,2443.80355,-35.64413,0.55758,0.42949,0.00674,0.00111,0.00196,0.00313,68.0,68.0,0.3003,0.951
corpus:248-user83254130235-the-gentleman@9.799,kick,corpus,9.799,4.09067,2491.41757,2491.41757,-29.43252,0.55351,0.42246,0.01524,0.00295,0.0024,0.00344,68.0,68.0,0.28684,0.949
corpus:248-user83254130235-the-gentleman@6.049,kick,corpus,6.049,3.95752,2352.81675,2352.81675,-34.27117,0.54026,0.44206,0.01045,0.00218,0.00201,0.00305,68.0,68.0,0.28928,0.948
corpus:248-user83254130235-the-gentleman@36.467,kick,corpus,36.467,4.92396,2200.43085,2186.99926,-16.28232,0.58323,0.39865,0.01103,0.00187,0.00245,0.00278,58.0,104.0,0.39868,0.948
corpus:248-user83254130235-the-gentleman@10.217,kick,corpus,10.217,5.10244,2088.24647,2177.73721,-24.71453,0.54354,0.44186,0.00908,0.00114,0.0017,0.00268,104.0,104.0,0.40157,0.945
corpus:248-user83254130235-the-gentleman@21.037,kick,corpus,21.037,3.84919,2210.16562,2210.16562,-22.17176,0.51016,0.47653,0.00758,0.00166,0.0019,0.00216,80.0,80.0,0.36374,0.937
corpus:248-user83254130235-the-gentleman@16.463,kick,corpus,16.463,3.70023,2524.68906,2524.68906,-13.46943,0.54064,0.44166,0.00956,0.00289,0.00247,0.00278,80.0,80.0,0.33332,0.933
corpus:248-user83254130235-the-gentleman@36.037,kick,corpus,36.037,3.75861,2304.3062,2304.3062,-20.88628,0.5052,0.48214,0.00672,0.00147,0.00208,0.00239,80.0,80.0,0.36796,0.933
corpus:248-user83254130235-the-gentleman@9.381,kick,corpus,9.381,4.5651,2163.59246,2319.18003,-18.02544,0.51853,0.46304,0.01195,0.00222,0.00175,0.0025,40.0,104.0,0.40521,0.931
corpus:248-user83254130235-the-gentleman@10.623,kick,corpus,10.623,3.7071,2331.85858,2331.85858,-14.57961,0.55775,0.42508,0.01085,0.00254,0.00155,0.00223,92.0,92.0,0.49506,0.931
corpus:248-user83254130235-the-gentleman@48.089,space,corpus,48.089,15.90149,4729.56365,4661.33924,22.87261,0.11836,0.47265,0.01354,0.00368,0.13433,0.25744,116.0,116.0,0.63873,0.876
corpus:248-user83254130235-the-gentleman@42.249,space,corpus,42.249,15.35603,3988.15297,3602.20003,29.85692,0.05156,0.58301,0.10696,0.00645,0.12465,0.12737,56.0,128.0,0.5585,0.867
corpus:248-user83254130235-the-gentleman@49.331,space,corpus,49.331,16.26608,4578.92853,4060.28092,24.32979,0.07236,0.51995,0.03104,0.00573,0.14617,0.22475,66.0,150.0,0.67218,0.864
corpus:248-user83254130235-the-gentleman@44.756,space,corpus,44.756,14.9374,4554.02635,4174.32759,22.78625,0.12291,0.54199,0.02684,0.00464,0.11765,0.18597,74.0,150.0,0.57408,0.862
corpus:248-user83254130235-the-gentleman@10.948,hook,corpus,10.948,15.49073,6257.97006,6257.97006,9.11448,0.00538,0.08254,0.05558,0.01678,0.27488,0.56484,54.0,58.0,0.00947,0.816
corpus:248-user83254130235-the-gentleman@43.34,hook,corpus,43.34,17.85771,6092.83561,6088.74114,1.71217,0.01366,0.10994,0.01586,0.01134,0.28892,0.56029,70.0,104.0,0.05557,0.801
corpus:248-user83254130235-the-gentleman@44.164,hook,corpus,44.164,15.03583,6204.53603,6204.53603,10.40161,0.00113,0.03327,0.00604,0.01358,0.3524,0.59358,68.0,68.0,0.05154,0.8
corpus:248-user83254130235-the-gentleman@42.493,hook,corpus,42.493,14.93148,6348.64365,6348.64365,10.12761,0.00059,0.01449,0.00253,0.00583,0.34942,0.62715,68.0,68.0,0.06717,0.79
corpus:248-user83254130235-the-gentleman@45.418,hook,corpus,45.418,16.17182,6243.33408,6233.13565,7.36557,0.00034,0.01606,0.0176,0.01701,0.36864,0.58034,74.0,104.0,0.09697,0.786
corpus:248-user83254130235-the-gentleman@51.664,hook,corpus,51.664,17.74685,6448.15542,6427.6872,6.1449,0.00294,0.01517,0.00127,0.00757,0.32823,0.64483,68.0,104.0,0.0732,0.785
corpus:248-user83254130235-the-gentleman@48.332,hook,corpus,48.332,17.52575,6128.32571,6120.79525,1.20464,0.00858,0.074,0.00669,0.00682,0.29932,0.60458,74.0,104.0,0.08849,0.779
corpus:248-user83254130235-the-gentleman@50.004,hook,corpus,50.004,17.62511,6211.15343,6208.33275,0.10446,0.0039,0.0482,0.0047,0.00885,0.32514,0.6092,70.0,104.0,0.07606,0.779
corpus:249-user88745774467-untitled-4-1@35.039,hook,corpus,35.039,14.56643,3264.66451,3549.42782,-8.51666,0.00158,0.0065,0.02815,0.56414,0.32981,0.06982,54.0,174.0,0.21331,0.857
corpus:249-user88745774467-untitled-4-1@24.636,hook,corpus,24.636,9.88463,3619.20457,3768.03774,-10.41837,0.00073,0.004,0.02038,0.37147,0.50894,0.09448,104.0,104.0,0.24128,0.855
corpus:249-user88745774467-untitled-4-1@23.034,hook,corpus,23.034,10.99277,3486.15422,3486.15422,-11.01853,0.00229,0.01416,0.03666,0.46154,0.39581,0.08954,92.0,92.0,0.27952,0.851
corpus:249-user88745774467-untitled-4-1@43.027,hook,corpus,43.027,13.3643,3070.70527,3457.37477,-6.9139,0.00517,0.10049,0.17611,0.35149,0.29751,0.06923,110.0,186.0,0.22676,0.851
corpus:249-user88745774467-untitled-4-1@31.138,hook,corpus,31.138,10.72852,3846.34231,3846.34231,-3.66619,0.00091,0.05102,0.0596,0.26181,0.52633,0.10033,78.0,92.0,0.09287,0.847
corpus:249-user88745774467-untitled-4-1@39.137,hook,corpus,39.137,9.97461,3856.00466,3856.00466,-2.85807,0.00148,0.06895,0.0746,0.2335,0.51666,0.10481,78.0,92.0,0.0887,0.837
corpus:249-user88745774467-untitled-4-1@22.639,hook,corpus,22.639,12.49439,3851.29894,3865.1538,-0.04416,0.00212,0.07766,0.0423,0.40831,0.38255,0.08706,90.0,174.0,0.11389,0.836
corpus:249-user88745774467-untitled-4-1@27.434,hook,corpus,27.434,14.41761,4086.18798,4000.78827,1.08732,0.00113,0.05909,0.0697,0.32301,0.4414,0.10567,88.0,196.0,0.11847,0.832
corpus:249-user88745774467-untitled-4-1@15.929,kick,corpus,15.929,6.097,1350.54201,1350.54201,2.07194,0.39857,0.43828,0.11623,0.04333,0.00275,0.00083,70.0,92.0,0.41893,0.787
corpus:249-user88745774467-untitled-4-1@8.742,kick,corpus,8.742,9.42141,3129.87877,3129.87877,-24.1802,0.33275,0.34745,0.04467,0.07171,0.17276,0.03066,34.0,80.0,0.2995,0.742
corpus:249-user88745774467-untitled-4-1@7.129,kick,corpus,7.129,10.03452,2881.51464,3061.59802,-10.02825,0.35367,0.39971,0.03974,0.05873,0.12294,0.02522,104.0,104.0,0.48594,0.722
corpus:249-user88745774467-untitled-4-1@15.139,kick,corpus,15.139,9.30545,2973.84834,2973.84834,-13.07937,0.33943,0.35265,0.04349,0.08574,0.14999,0.0287,80.0,80.0,0.30924,0.71
corpus:249-user88745774467-untitled-4-1@27.179,space,corpus,27.179,10.68839,3954.79534,3391.35701,8.94641,0.00218,0.17497,0.34215,0.13675,0.27734,0.06661,152.0,256.0,0.99873,0.7
corpus:249-user88745774467-untitled-4-1@19.946,kick,corpus,19.946,9.47403,2973.9661,2973.9661,-19.66649,0.29539,0.33251,0.11281,0.08083,0.14874,0.02973,80.0,80.0,0.3311,0.689
corpus:249-user88745774467-untitled-4-1@11.947,kick,corpus,11.947,9.67402,3142.43777,3142.43777,-16.10792,0.27677,0.32268,0.12626,0.05629,0.18204,0.03597,80.0,80.0,0.36834,0.682
corpus:249-user88745774467-untitled-4-1@16.742,kick,corpus,16.742,9.53223,3391.17222,3391.17222,-11.15638,0.31148,0.37575,0.04304,0.06574,0.17074,0.03325,80.0,80.0,0.32694,0.678
corpus:249-user88745774467-untitled-4-1@5.55,kick,corpus,5.55,8.31549,2976.47282,2976.47282,-13.17561,0.31101,0.34575,0.08487,0.08913,0.14132,0.02791,80.0,80.0,0.35552,0.673
corpus:249-user88745774467-untitled-4-1@7.546,kick,corpus,7.546,9.48515,2878.54729,2878.54729,-28.4684,0.23178,0.36551,0.13588,0.05709,0.17741,0.03234,92.0,92.0,0.36192,0.672
corpus:249-user88745774467-untitled-4-1@9.149,kick,corpus,9.149,9.21723,2854.29646,2854.29646,-15.19049,0.21934,0.44293,0.12652,0.04603,0.13831,0.02687,92.0,92.0,0.36585,0.649
corpus:249-user88745774467-untitled-4-1@8.22,space,corpus,8.22,10.56835,3620.06132,2918.63016,11.97894,0.10739,0.50768,0.18175,0.10313,0.07639,0.02366,28.0,220.0,0.6695,0.643
corpus:249-user88745774467-untitled-4-1@2.74,kick,corpus,2.74,9.75858,3058.26179,3058.26179,-13.97542,0.238,0.41036,0.09345,0.05698,0.17093,0.03027,80.0,80.0,0.33365,0.639
corpus:249-user88745774467-untitled-4-1@16.208,space,corpus,16.208,9.9913,3440.90115,3109.67739,9.2316,0.10831,0.46211,0.16545,0.14469,0.0941,0.02535,110.0,208.0,0.78867,0.635
corpus:249-user88745774467-untitled-4-1@28.77,space,corpus,28.77,11.01416,3721.97518,3276.71641,5.75759,0.00154,0.18301,0.32565,0.15253,0.27408,0.06319,162.0,266.0,0.9984,0.627
corpus:249-user88745774467-untitled-4-1@1.428,kick,corpus,1.428,8.80016,2121.6872,3192.70786,-18.26655,0.23628,0.52457,0.14858,0.02997,0.04984,0.01077,196.0,196.0,0.75896,0.617
corpus:250-death-in-paradise-nuke-vol-11@3.146,space,corpus,3.146,10.87281,3128.04963,3128.04963,56.30242,0.2314,0.52801,0.19898,0.03665,0.00344,0.00152,14.0,80.0,0.00366,0.945
corpus:250-death-in-paradise-nuke-vol-11@20.759,space,corpus,20.759,9.0006,3540.22983,2488.9795,8.97466,0.17274,0.69171,0.09543,0.00909,0.00267,0.02837,108.0,400.0,0.89656,0.733
corpus:250-death-in-paradise-nuke-vol-11@23.127,space,corpus,23.127,9.34757,4338.041,3551.63839,5.81591,0.18727,0.58347,0.13342,0.02011,0.00601,0.06973,220.0,400.0,0.7069,0.715
corpus:250-death-in-paradise-nuke-vol-11@40.89,space,corpus,40.89,5.33455,2973.36672,2692.42188,11.2052,0.16662,0.71222,0.08263,0.01097,0.00512,0.02243,220.0,220.0,0.84408,0.706
corpus:250-death-in-paradise-nuke-vol-11@9.009,kick,corpus,9.009,9.51304,1512.79574,1830.35444,-2.82868,0.21901,0.4058,0.36584,0.00733,0.00146,0.00056,38.0,140.0,0.42824,0.69
corpus:250-death-in-paradise-nuke-vol-11@21.211,kick,corpus,21.211,6.1453,2842.16769,2562.26065,-3.03012,0.2994,0.631,0.05424,0.00276,0.00238,0.01022,54.0,186.0,0.51088,0.685
corpus:250-death-in-paradise-nuke-vol-11@17.531,kick,corpus,17.531,11.45216,1483.08912,1677.42808,4.94951,0.26685,0.38697,0.34066,0.00348,0.00142,0.00061,38.0,138.0,0.41121,0.663
corpus:250-death-in-paradise-nuke-vol-11@34.76,kick,corpus,34.76,4.52002,2420.59988,2546.09163,-6.76106,0.22785,0.67581,0.07501,0.00714,0.00203,0.01216,92.0,174.0,0.50199,0.661
corpus:250-death-in-paradise-nuke-vol-11@10.17,kick,corpus,10.17,9.24723,1573.94793,1882.9067,-1.63883,0.20717,0.36725,0.41652,0.00711,0.00141,0.00054,38.0,140.0,0.46371,0.655
corpus:250-death-in-paradise-nuke-vol-11@32.044,kick,corpus,32.044,4.47187,2257.79287,2110.62429,-0.69727,0.29099,0.64635,0.05049,0.00345,0.00557,0.00315,56.0,150.0,0.59567,0.646
corpus:251-kasma-nuke-vol-08@62.113,kick,corpus,62.113,7.00077,1123.30729,1109.29794,1.35496,0.40368,0.46458,0.11178,0.01902,0.00085,9e-05,118.0,124.0,0.60435,0.726
corpus:251-kasma-nuke-vol-08@31.927,kick,corpus,31.927,16.1217,1494.27137,1030.0919,4.21272,0.24926,0.64348,0.05592,0.04998,0.00117,0.00019,26.0,50.0,0.33522,0.68
corpus:252-sascha-m-ller-punkt-10-01-sascha-muller-10-01@8.812,kick,corpus,8.812,6.86103,943.32474,943.32474,-25.12618,0.47121,0.50543,0.01938,0.00316,0.00063,0.00019,80.0,80.0,0.19566,0.945
corpus:252-sascha-m-ller-punkt-10-01-sascha-muller-10-01@19.098,kick,corpus,19.098,7.07134,942.06487,942.06487,-23.71469,0.47032,0.50507,0.02062,0.00316,0.00063,0.00019,22.0,80.0,0.20054,0.944
corpus:252-sascha-m-ller-punkt-10-01-sascha-muller-10-01@20.817,kick,corpus,20.817,6.20589,1053.38957,1053.38957,-24.02998,0.47024,0.49808,0.02657,0.00407,0.00081,0.00023,80.0,80.0,0.26026,0.942
corpus:252-sascha-m-ller-punkt-10-01-sascha-muller-10-01@10.519,kick,corpus,10.519,6.38575,1098.71778,1098.71778,-18.10134,0.47218,0.50192,0.02078,0.00412,0.00076,0.00025,80.0,80.0,0.16866,0.939
corpus:252-sascha-m-ller-punkt-10-01-sascha-muller-10-01@51.676,kick,corpus,51.676,8.04977,829.27672,829.27672,-21.57545,0.47786,0.47311,0.01773,0.0283,0.00243,0.00057,92.0,92.0,0.26274,0.935
corpus:252-sascha-m-ller-punkt-10-01-sascha-muller-10-01@41.39,kick,corpus,41.39,7.56153,835.85814,835.85814,-21.94638,0.47782,0.46857,0.02069,0.02976,0.00256,0.00059,92.0,92.0,0.28261,0.934
corpus:252-sascha-m-ller-punkt-10-01-sascha-muller-10-01@46.533,kick,corpus,46.533,7.4794,852.17388,852.17388,-20.45569,0.47584,0.46818,0.02258,0.03023,0.00263,0.00053,92.0,92.0,0.27971,0.932
corpus:252-sascha-m-ller-punkt-10-01-sascha-muller-10-01@13.967,kick,corpus,13.967,6.27884,1247.79042,1247.79042,-13.18708,0.447,0.52446,0.02433,0.00333,0.00068,0.00019,68.0,68.0,0.17251,0.926
corpus:252-sascha-m-ller-punkt-10-01-sascha-muller-10-01@24.021,kick,corpus,24.021,10.34818,1059.22888,1059.22888,-16.26974,0.43556,0.50216,0.05573,0.00245,0.00216,0.00193,30.0,92.0,0.17346,0.926
corpus:252-sascha-m-ller-punkt-10-01-sascha-muller-10-01@34.516,kick,corpus,34.516,7.02781,889.28592,745.21083,-2.93059,0.48379,0.49759,0.0158,0.00227,0.00044,0.00012,88.0,116.0,0.29145,0.922
corpus:252-sascha-m-ller-punkt-10-01-sascha-muller-10-01@25.948,kick,corpus,25.948,6.69261,1338.81698,1338.81698,-9.23944,0.45229,0.51647,0.02487,0.0051,0.00095,0.00032,24.0,80.0,0.17524,0.92
corpus:252-sascha-m-ller-punkt-10-01-sascha-muller-10-01@17.38,kick,corpus,17.38,7.57694,844.05889,836.87448,-1.70448,0.4827,0.50056,0.01469,0.00162,0.00033,9e-05,96.0,104.0,0.27372,0.919
corpus:252-sascha-m-ller-punkt-10-01-sascha-muller-10-01@51.003,hook,corpus,51.003,19.43029,3043.88372,3196.38655,-11.67842,0.01684,0.01332,0.0032,0.15428,0.67879,0.13358,42.0,116.0,0.14215,0.794
corpus:252-sascha-m-ller-punkt-10-01-sascha-muller-10-01@45.859,hook,corpus,45.859,19.82448,3094.52194,3198.64534,-8.08042,0.01639,0.0124,0.00281,0.16274,0.69401,0.11164,42.0,116.0,0.1818,0.788
corpus:252-sascha-m-ller-punkt-10-01-sascha-muller-10-01@59.582,hook,corpus,59.582,19.86519,3090.74647,3308.82616,-20.47122,0.00802,0.00632,0.00408,0.15816,0.71016,0.11326,46.0,116.0,0.07366,0.787
corpus:252-sascha-m-ller-punkt-10-01-sascha-muller-10-01@57.864,hook,corpus,57.864,20.28298,3278.70383,3474.15885,-23.54912,0.01169,0.0111,0.00519,0.16972,0.6784,0.1239,38.0,116.0,0.11193,0.782
corpus:252-sascha-m-ller-punkt-10-01-sascha-muller-10-01@56.157,hook,corpus,56.157,19.82319,3300.92337,3398.72831,-22.09161,0.00731,0.00599,0.00287,0.14239,0.71169,0.12976,42.0,104.0,0.03902,0.779
corpus:252-sascha-m-ller-punkt-10-01-sascha-muller-10-01@54.439,hook,corpus,54.439,20.2647,3338.87008,3454.04606,-14.62559,0.00993,0.00726,0.00131,0.1186,0.73157,0.13133,28.0,116.0,0.05249,0.778
corpus:252-sascha-m-ller-punkt-10-01-sascha-muller-10-01@44.141,hook,corpus,44.141,20.18323,3383.79614,3570.03664,-15.43469,0.01943,0.0188,0.00368,0.14273,0.68971,0.12565,42.0,116.0,0.27595,0.747
corpus:252-sascha-m-ller-punkt-10-01-sascha-muller-10-01@38.998,hook,corpus,38.998,20.04258,3040.88494,3486.05237,-22.05768,0.01735,0.01649,0.00551,0.17965,0.67384,0.10717,42.0,128.0,0.30493,0.746
corpus:253-inquieto-inquieto-de-madrugada@24.59,kick,corpus,24.59,7.45266,2903.13813,2903.13813,-11.72312,0.48783,0.47133,0.02319,0.00536,0.00564,0.00665,14.0,68.0,0.20969,0.909
corpus:253-inquieto-inquieto-de-madrugada@21.49,kick,corpus,21.49,7.70239,2476.13927,2476.13927,-7.56599,0.49526,0.44817,0.02701,0.016,0.00668,0.00689,68.0,68.0,0.22411,0.906
corpus:253-inquieto-inquieto-de-madrugada@4.435,kick,corpus,4.435,8.00848,2614.35808,2614.35808,-18.20142,0.44652,0.52663,0.00707,0.00333,0.00676,0.00969,14.0,92.0,0.36626,0.901
corpus:253-inquieto-inquieto-de-madrugada@10.646,kick,corpus,10.646,7.11994,3125.47104,3125.47104,-16.51268,0.44033,0.52701,0.01438,0.00335,0.00564,0.0093,14.0,68.0,0.17369,0.892
corpus:253-inquieto-inquieto-de-madrugada@7.918,kick,corpus,7.918,8.34792,3331.98009,3331.98009,-19.62186,0.43763,0.48572,0.00557,0.00263,0.03606,0.03239,12.0,92.0,0.36785,0.873
corpus:253-inquieto-inquieto-de-madrugada@23.417,kick,corpus,23.417,8.0234,3412.88856,3412.88856,-29.47532,0.42646,0.45466,0.01693,0.01541,0.05022,0.03633,80.0,80.0,0.24727,0.867
corpus:253-inquieto-inquieto-de-madrugada@44.304,hook,corpus,44.304,14.03787,4278.428,4278.428,-5.81483,1e-05,6e-05,0.06833,0.45346,0.27886,0.19928,92.0,92.0,0.18244,0.863
corpus:253-inquieto-inquieto-de-madrugada@34.633,kick,corpus,34.633,7.77614,3051.64886,3051.64886,-5.88936,0.43399,0.53019,0.01437,0.00382,0.00816,0.00946,14.0,80.0,0.28321,0.856
corpus:253-inquieto-inquieto-de-madrugada@4.052,kick,corpus,4.052,8.84895,3450.81499,3450.81499,-26.60155,0.41206,0.47769,0.01294,0.01389,0.04661,0.03681,92.0,92.0,0.33618,0.851
corpus:253-inquieto-inquieto-de-madrugada@31.533,kick,corpus,31.533,6.8417,3097.15128,3097.15128,-8.68736,0.39762,0.57338,0.00773,0.00271,0.00747,0.01109,12.0,68.0,0.2501,0.849
corpus:253-inquieto-inquieto-de-madrugada@11.018,kick,corpus,11.018,8.07938,3606.82185,3606.82185,-18.73469,0.41235,0.49629,0.01388,0.00416,0.04021,0.03312,92.0,92.0,0.36344,0.848
corpus:253-inquieto-inquieto-de-madrugada@32.694,kick,corpus,32.694,8.27925,3535.91891,3535.91891,-18.96446,0.40729,0.49121,0.00696,0.00822,0.05298,0.03334,12.0,92.0,0.35813,0.844
corpus:253-inquieto-inquieto-de-madrugada@42.748,hook,corpus,42.748,15.74981,4261.8481,4338.70116,-7.66241,5e-05,0.00014,0.05762,0.41633,0.3075,0.21835,104.0,104.0,0.26971,0.843
corpus:253-inquieto-inquieto-de-madrugada@44.222,hook,corpus,44.222,14.1537,3879.10701,3879.10701,-4.31722,0.0003,0.0026,0.17717,0.48283,0.24752,0.08959,80.0,80.0,0.13178,0.843
corpus:253-inquieto-inquieto-de-madrugada@35.016,kick,corpus,35.016,7.75271,3601.76183,3601.76183,-16.06508,0.40127,0.50835,0.00812,0.00514,0.04132,0.0358,14.0,80.0,0.29686,0.839
corpus:253-inquieto-inquieto-de-madrugada@46.835,hook,corpus,46.835,13.46152,4084.62901,4084.62901,1.38683,0.00052,0.00475,0.06045,0.46681,0.31551,0.15195,80.0,80.0,0.07631,0.832
corpus:253-inquieto-inquieto-de-madrugada@17.972,hook,corpus,17.972,15.06235,4629.48406,4702.76437,-4.52499,2e-05,6e-05,0.03272,0.26862,0.4108,0.28778,52.0,104.0,0.25508,0.831
corpus:253-inquieto-inquieto-de-madrugada@33.274,hook,corpus,33.274,12.43193,4434.88033,4434.88033,-2.31366,3e-05,8e-05,0.00525,0.26364,0.4994,0.23159,92.0,92.0,0.29297,0.805
corpus:253-inquieto-inquieto-de-madrugada@43.143,hook,corpus,43.143,13.80159,4021.43231,4021.43231,-5.92557,2e-05,0.00011,0.076,0.59169,0.17878,0.1534,92.0,92.0,0.27405,0.803
corpus:253-inquieto-inquieto-de-madrugada@19.04,hook,corpus,19.04,19.42901,3884.38539,3884.38539,0.84494,5e-05,0.00303,0.19892,0.29001,0.42944,0.07856,68.0,92.0,0.14456,0.789
corpus:253-inquieto-inquieto-de-madrugada@11.773,space,corpus,11.773,10.56134,4407.79686,3248.36014,11.06232,0.32584,0.41313,0.00922,0.02025,0.12869,0.10288,12.0,290.0,0.71429,0.703
corpus:253-inquieto-inquieto-de-madrugada@10.31,space,corpus,10.31,12.35005,4827.56099,4112.01257,14.02702,0.28115,0.23569,0.01243,0.02742,0.22512,0.21819,156.0,208.0,0.5258,0.689
corpus:253-inquieto-inquieto-de-madrugada@9.149,space,corpus,9.149,14.21836,4824.78542,4061.84792,12.98225,0.28517,0.23453,0.01168,0.02753,0.22641,0.21467,156.0,220.0,0.51479,0.652
corpus:253-inquieto-inquieto-de-madrugada@26.18,space,corpus,26.18,12.79021,4608.45862,4002.97237,11.66977,0.25155,0.20617,0.04047,0.06656,0.22708,0.20817,158.0,208.0,0.5766,0.633
corpus:255-the-d3vi7-ausstieg@27.968,kick,corpus,27.968,6.12054,3086.17819,3086.17819,-9.90312,0.72154,0.21071,0.03833,0.00808,0.00986,0.01148,92.0,92.0,0.29173,0.959
corpus:255-the-d3vi7-ausstieg@28.386,kick,corpus,28.386,5.72164,2790.95826,2790.95826,-18.71793,0.66525,0.26167,0.03383,0.0176,0.0105,0.01114,68.0,92.0,0.31668,0.957
corpus:255-the-d3vi7-ausstieg@31.695,kick,corpus,31.695,5.74923,2835.99784,2835.99784,-13.9331,0.67782,0.2572,0.02826,0.01443,0.01075,0.01154,68.0,92.0,0.34298,0.955
corpus:255-the-d3vi7-ausstieg@38.731,kick,corpus,38.731,6.61374,2645.88423,2645.88423,-22.35867,0.63879,0.2695,0.04224,0.02592,0.01151,0.01203,44.0,92.0,0.28744,0.953
corpus:255-the-d3vi7-ausstieg@35.004,kick,corpus,35.004,6.11372,3003.6072,3003.6072,-10.3029,0.68173,0.24749,0.03138,0.01484,0.01138,0.01318,68.0,92.0,0.34635,0.947
corpus:255-the-d3vi7-ausstieg@30.035,kick,corpus,30.035,5.89219,2732.43505,2791.55246,-12.45999,0.6626,0.2689,0.03077,0.01688,0.01123,0.00962,54.0,104.0,0.42281,0.944
corpus:255-the-d3vi7-ausstieg@27.539,kick,corpus,27.539,5.14189,2654.10663,2738.6362,-11.1757,0.68306,0.23509,0.03954,0.0224,0.00938,0.01053,104.0,104.0,0.42987,0.943
corpus:255-the-d3vi7-ausstieg@35.422,kick,corpus,35.422,5.80965,2831.87798,2831.87798,-13.80176,0.63012,0.27735,0.04278,0.02689,0.01108,0.01178,46.0,92.0,0.29247,0.943
corpus:255-the-d3vi7-ausstieg@39.137,kick,corpus,39.137,5.73027,2636.02351,2636.02351,-22.56943,0.60402,0.29011,0.0618,0.02003,0.01161,0.01243,92.0,92.0,0.41503,0.943
corpus:255-the-d3vi7-ausstieg@30.453,kick,corpus,30.453,5.55957,2792.38969,2792.38969,-8.10617,0.67015,0.22797,0.05838,0.02142,0.01031,0.01178,34.0,92.0,0.33248,0.942
corpus:255-the-d3vi7-ausstieg@30.848,kick,corpus,30.848,4.88666,2670.20074,2757.76255,-9.01925,0.69535,0.23717,0.03502,0.01385,0.00885,0.00976,104.0,104.0,0.42649,0.942
corpus:255-the-d3vi7-ausstieg@27.121,kick,corpus,27.121,5.23463,2539.07812,2722.03585,-11.76976,0.68761,0.22784,0.05049,0.0161,0.00935,0.00861,106.0,116.0,0.4769,0.941
corpus:255-the-d3vi7-ausstieg@63.658,hook,corpus,63.658,12.53394,3812.45293,3763.60773,-4.08685,0.02306,0.07548,0.16872,0.34342,0.25371,0.13561,104.0,104.0,0.30162,0.81
corpus:255-the-d3vi7-ausstieg@62.833,hook,corpus,62.833,10.03146,3569.06455,3569.06455,-17.9056,0.0335,0.24192,0.18029,0.29055,0.16574,0.088,92.0,92.0,0.38481,0.787
corpus:255-the-d3vi7-ausstieg@24.253,hook,corpus,24.253,9.11142,4765.22749,4765.22749,7.68854,0.15475,0.12817,0.07942,0.19077,0.20242,0.24447,46.0,46.0,0.0,0.782
corpus:255-the-d3vi7-ausstieg@61.173,hook,corpus,61.173,9.73007,3980.85509,3980.85509,-13.21891,0.09415,0.13201,0.1453,0.27651,0.21675,0.13529,80.0,80.0,0.34717,0.771
corpus:255-the-d3vi7-ausstieg@26.413,hook,corpus,26.413,9.34228,3483.20399,3483.20399,-13.51385,0.04319,0.35115,0.14031,0.24994,0.14387,0.07154,92.0,92.0,0.38519,0.764
corpus:255-the-d3vi7-ausstieg@24.764,hook,corpus,24.764,9.58156,3893.47243,3893.47243,-7.0809,0.09644,0.12748,0.23707,0.22232,0.19944,0.11725,80.0,80.0,0.32334,0.741
corpus:255-the-d3vi7-ausstieg@23.94,hook,corpus,23.94,11.66233,4111.01264,4174.1176,-2.00075,0.01716,0.04681,0.1314,0.3489,0.28679,0.16894,104.0,104.0,0.40971,0.739
corpus:255-the-d3vi7-ausstieg@61.591,hook,corpus,61.591,11.79614,4493.67033,4493.67033,-3.46299,0.04687,0.24815,0.12727,0.10858,0.26306,0.20608,92.0,92.0,0.29752,0.718
corpus:255-the-d3vi7-ausstieg@9.868,space,corpus,9.868,5.60986,2990.96373,3628.30718,-0.52307,0.31618,0.45243,0.13338,0.04474,0.03253,0.02073,394.0,394.0,0.94677,0.692
corpus:255-the-d3vi7-ausstieg@19.47,space,corpus,19.47,5.54158,2971.39203,3011.37315,2.81993,0.33197,0.47247,0.12619,0.02985,0.0228,0.01673,324.0,324.0,0.90789,0.602
corpus:256-va-carles-dj-mising@35.933,kick,corpus,35.933,4.15533,2498.61538,2498.61538,-22.06663,0.66136,0.31466,0.01463,0.00267,0.00284,0.00384,68.0,68.0,0.33256,0.966
corpus:256-va-carles-dj-mising@61.533,kick,corpus,61.533,4.12433,2531.89951,2531.89951,-21.75719,0.66097,0.31428,0.01491,0.00303,0.00279,0.00403,68.0,68.0,0.33337,0.965
corpus:256-va-carles-dj-mising@19.923,kick,corpus,19.923,5.07428,2258.63219,2258.63219,-23.24199,0.65869,0.30883,0.02119,0.0023,0.00421,0.0048,80.0,80.0,0.43748,0.964
corpus:256-va-carles-dj-mising@45.523,kick,corpus,45.523,5.11788,2266.02991,2266.02991,-22.81224,0.66048,0.30907,0.01934,0.00207,0.0043,0.00475,80.0,80.0,0.43534,0.964
corpus:256-va-carles-dj-mising@20.724,kick,corpus,20.724,4.30414,2258.26807,2258.26807,-23.32821,0.64942,0.32344,0.01787,0.00341,0.00272,0.00313,80.0,80.0,0.41662,0.963
corpus:256-va-carles-dj-mising@26.331,kick,corpus,26.331,5.12159,2268.12218,2268.12218,-19.86103,0.66071,0.31543,0.01399,0.00303,0.00316,0.00369,80.0,80.0,0.43485,0.963
corpus:256-va-carles-dj-mising@29.524,kick,corpus,29.524,4.75007,2339.35736,2339.35736,-24.18619,0.64935,0.31621,0.0246,0.00256,0.00304,0.00424,80.0,80.0,0.44827,0.962
corpus:256-va-carles-dj-mising@55.124,kick,corpus,55.124,5.06794,2362.09624,2362.09624,-22.76125,0.64758,0.3157,0.02629,0.00298,0.00298,0.00448,80.0,80.0,0.41307,0.962
corpus:256-va-carles-dj-mising@27.922,kick,corpus,27.922,4.65186,2002.7586,2002.7586,-16.88992,0.65781,0.32008,0.01605,0.00198,0.00187,0.00221,92.0,92.0,0.45232,0.961
corpus:256-va-carles-dj-mising@51.931,kick,corpus,51.931,5.3013,2529.77865,2529.77865,-15.80579,0.64444,0.32633,0.01669,0.00414,0.00393,0.00447,68.0,68.0,0.32482,0.959
corpus:256-va-carles-dj-mising@47.926,kick,corpus,47.926,4.31454,2568.11312,2568.11312,-22.43506,0.61757,0.34801,0.02333,0.00422,0.00303,0.00385,68.0,68.0,0.30933,0.958
corpus:256-va-carles-dj-mising@42.33,kick,corpus,42.33,4.37108,2346.53337,2346.53337,-17.11215,0.63104,0.34264,0.01832,0.00225,0.00259,0.00317,80.0,80.0,0.44599,0.955
corpus:256-va-carles-dj-mising@9.706,hook,corpus,9.706,12.00543,1030.37912,1030.37912,-6.49075,0.00124,0.00458,0.61419,0.37787,0.00208,4e-05,50.0,92.0,0.15276,0.859
corpus:256-va-carles-dj-mising@39.114,hook,corpus,39.114,14.45556,4869.94673,4869.94673,3.552,0.00132,0.00854,0.12008,0.13398,0.34807,0.38801,68.0,68.0,0.08238,0.851
corpus:256-va-carles-dj-mising@39.416,hook,corpus,39.416,12.72909,3661.00045,3661.00045,-2.5273,0.00029,0.02556,0.6422,0.18344,0.0822,0.06631,50.0,80.0,0.03966,0.806
corpus:256-va-carles-dj-mising@39.903,hook,corpus,39.903,16.33088,4712.5434,4712.5434,7.58717,0.00245,0.00704,0.09196,0.21851,0.32158,0.35845,80.0,80.0,0.19561,0.8
corpus:256-va-carles-dj-mising@10.019,hook,corpus,10.019,11.01735,1189.18437,1189.18437,-4.04214,0.0002,0.00899,0.6816,0.29864,0.01047,0.0001,56.0,80.0,0.21875,0.799
corpus:256-va-carles-dj-mising@11.018,hook,corpus,11.018,11.62014,1234.14316,1234.14316,2.23201,0.00035,0.09049,0.64441,0.23821,0.02644,0.0001,44.0,68.0,0.04583,0.776
corpus:256-va-carles-dj-mising@11.517,hook,corpus,11.517,12.69302,2489.53199,2501.22178,-0.24152,0.00179,0.02382,0.43265,0.40169,0.13186,0.00819,104.0,104.0,0.23505,0.761
corpus:256-va-carles-dj-mising@10.101,hook,corpus,10.101,12.74499,1520.25383,1520.25383,-4.6646,0.00239,0.01692,0.76038,0.20573,0.01443,0.00015,42.0,92.0,0.13982,0.759
corpus:256-va-carles-dj-mising@30.906,space,corpus,30.906,11.1525,3795.46811,3795.46811,26.54191,0.37926,0.37438,0.15427,0.01949,0.03957,0.03303,70.0,92.0,0.08058,0.71
corpus:256-va-carles-dj-mising@18.1,space,corpus,18.1,10.00007,3449.54621,3449.54621,25.83753,0.30309,0.54597,0.08909,0.01625,0.02544,0.02016,36.0,92.0,0.064,0.638
corpus:257-sansetatcivil-02-2021-stalker-79-pt2-flac@32.729,kick,corpus,32.729,7.04437,1509.53258,1646.5113,-19.74624,0.90154,0.07923,0.00759,0.00315,0.00647,0.00203,38.0,116.0,0.23409,0.99
corpus:257-sansetatcivil-02-2021-stalker-79-pt2-flac@2.055,kick,corpus,2.055,12.05235,1750.35537,1716.75564,-14.23123,0.86825,0.04982,0.00891,0.00421,0.06173,0.00707,10.0,116.0,0.20395,0.987
corpus:257-sansetatcivil-02-2021-stalker-79-pt2-flac@30.058,kick,corpus,30.058,6.61583,1462.19803,1640.03396,-18.59231,0.87674,0.10496,0.00921,0.00348,0.00483,0.00077,114.0,116.0,0.31831,0.987
corpus:257-sansetatcivil-02-2021-stalker-79-pt2-flac@33.39,kick,corpus,33.39,9.7523,1799.14293,1799.14293,-25.74736,0.82228,0.11436,0.01551,0.00528,0.0409,0.00167,36.0,80.0,0.1572,0.987
corpus:257-sansetatcivil-02-2021-stalker-79-pt2-flac@10.565,kick,corpus,10.565,11.34243,1436.0203,1723.32824,-15.15929,0.86642,0.07137,0.0052,0.02745,0.02804,0.00152,30.0,128.0,0.24438,0.985
corpus:257-sansetatcivil-02-2021-stalker-79-pt2-flac@27.655,kick,corpus,27.655,4.15899,1406.46694,1406.46694,-8.07417,0.94808,0.0435,0.00492,0.00189,0.0013,0.00032,58.0,80.0,0.29428,0.985
corpus:257-sansetatcivil-02-2021-stalker-79-pt2-flac@4.319,kick,corpus,4.319,9.10978,1199.04415,1892.36397,-16.16542,0.89105,0.09642,0.00396,0.00138,0.00598,0.00121,102.0,150.0,0.38182,0.984
corpus:257-sansetatcivil-02-2021-stalker-79-pt2-flac@24.694,kick,corpus,24.694,10.19575,1384.35338,1841.98165,-12.1608,0.94297,0.02605,0.00306,0.0028,0.02369,0.00144,14.0,78.0,0.38503,0.983
corpus:257-sansetatcivil-02-2021-stalker-79-pt2-flac@41.575,kick,corpus,41.575,12.94694,1222.24614,1401.00426,-22.74305,0.7456,0.1502,0.0217,0.00632,0.07314,0.00304,8.0,74.0,0.17516,0.983
corpus:257-sansetatcivil-02-2021-stalker-79-pt2-flac@41.842,kick,corpus,41.842,10.07966,1538.78775,1359.4407,-18.88847,0.80028,0.16416,0.01077,0.00393,0.01804,0.00281,100.0,104.0,0.38593,0.982
corpus:257-sansetatcivil-02-2021-stalker-79-pt2-flac@32.845,kick,corpus,32.845,15.39913,1856.16679,2045.06962,-9.23524,0.84126,0.10739,0.00322,0.00113,0.0288,0.0182,34.0,138.0,0.22042,0.981
corpus:257-sansetatcivil-02-2021-stalker-79-pt2-flac@36.165,kick,corpus,36.165,17.83567,1678.70584,1837.29187,-12.95667,0.77249,0.13513,0.00504,0.01241,0.06797,0.00697,24.0,72.0,0.06914,0.981
corpus:257-sansetatcivil-02-2021-stalker-79-pt2-flac@61.196,hook,corpus,61.196,20.73971,2408.10578,2440.35924,-19.95287,0.0414,0.00733,0.00309,0.63984,0.28081,0.02751,6.0,104.0,0.06198,0.929
corpus:257-sansetatcivil-02-2021-stalker-79-pt2-flac@42.446,hook,corpus,42.446,23.86434,2769.99293,3316.34555,-18.4757,0.01669,0.00083,0.00044,0.4776,0.46866,0.03578,4.0,138.0,0.03527,0.92
corpus:257-sansetatcivil-02-2021-stalker-79-pt2-flac@42.841,hook,corpus,42.841,21.4177,2605.30259,2817.67746,-13.25247,0.00701,0.00084,0.00078,0.69024,0.28829,0.01285,4.0,128.0,0.0136,0.917
corpus:257-sansetatcivil-02-2021-stalker-79-pt2-flac@52.28,hook,corpus,52.28,21.80875,2906.14039,2906.14039,-12.42993,0.00731,0.00053,0.00292,0.4627,0.49101,0.03553,6.0,92.0,0.00974,0.917
corpus:257-sansetatcivil-02-2021-stalker-79-pt2-flac@50.875,hook,corpus,50.875,20.93722,2722.59618,2978.5919,-20.00963,0.02407,0.0021,0.00097,0.44317,0.49627,0.03342,8.0,116.0,0.02822,0.914
corpus:257-sansetatcivil-02-2021-stalker-79-pt2-flac@50.991,hook,corpus,50.991,21.66885,2733.18311,2906.14344,-11.40839,0.02022,0.00163,0.00146,0.51535,0.43098,0.03036,8.0,116.0,0.0356,0.914
corpus:257-sansetatcivil-02-2021-stalker-79-pt2-flac@45.894,hook,corpus,45.894,22.2981,3629.67027,4109.13961,-19.41442,0.00988,0.00066,0.0031,0.41101,0.47437,0.10098,14.0,138.0,0.02854,0.907
corpus:257-sansetatcivil-02-2021-stalker-79-pt2-flac@60.825,hook,corpus,60.825,21.95124,3153.52601,3153.52601,-21.58078,0.05016,0.00234,0.00309,0.46408,0.44151,0.03881,12.0,80.0,0.04081,0.907
corpus:257-sansetatcivil-02-2021-stalker-79-pt2-flac@42.667,clap,corpus,42.667,23.09671,3427.82626,2464.20852,22.06082,0.0113,0.00103,0.00197,0.73268,0.21481,0.03821,6.0,174.0,0.99092,0.9
corpus:257-sansetatcivil-02-2021-stalker-79-pt2-flac@32.543,space,corpus,32.543,22.69398,3491.71112,3403.95372,38.10539,0.05719,0.00187,0.00065,0.00132,0.72967,0.2093,4.0,116.0,0.93471,0.885
corpus:257-sansetatcivil-02-2021-stalker-79-pt2-flac@20.225,space,corpus,20.225,22.22046,3671.12143,3671.12143,16.44302,0.04586,0.0082,0.00088,0.00682,0.88106,0.05718,4.0,92.0,0.72954,0.787
corpus:257-sansetatcivil-02-2021-stalker-79-pt2-flac@45.023,rumble,corpus,45.023,9.82795,519.66261,1012.37456,0.65808,0.96416,0.03486,0.00088,7e-05,1e-05,3e-05,52.0,278.0,0.99144,0.725
corpus:257-sansetatcivil-02-2021-stalker-79-pt2-flac@28.595,space,corpus,28.595,12.83699,2870.41943,2870.41943,32.73389,0.45232,0.0601,0.23237,0.17068,0.07653,0.008,48.0,58.0,0.03167,0.687
corpus:257-sansetatcivil-02-2021-stalker-79-pt2-flac@49.435,space,corpus,49.435,21.43973,3736.82893,3728.97183,3.64566,0.01651,0.00129,0.00156,0.01124,0.92898,0.04042,4.0,104.0,0.97685,0.677
corpus:257-sansetatcivil-02-2021-stalker-79-pt2-flac@50.747,clap,corpus,50.747,22.29554,3973.86098,3669.1416,20.47508,0.03374,0.00535,0.00089,0.59275,0.34407,0.02321,8.0,128.0,0.11075,0.654
corpus:257-sansetatcivil-02-2021-stalker-79-pt2-flac@45.732,clap,corpus,45.732,23.9749,3100.305,3015.19698,4.27168,0.01157,0.0004,0.00038,0.49722,0.47869,0.01176,4.0,162.0,0.99074,0.638
corpus:257-sansetatcivil-02-2021-stalker-79-pt2-flac@44.594,rumble,corpus,44.594,8.21237,469.80583,1234.20093,-1.18827,0.83787,0.15173,0.01028,0.0001,1e-05,1e-05,114.0,400.0,0.99989,0.636
corpus:257-sansetatcivil-02-2021-stalker-79-pt2-flac@39.938,clap,corpus,39.938,19.02981,2906.22284,2462.29592,3.48314,0.0128,0.0154,0.30337,0.54407,0.10669,0.01768,58.0,232.0,0.99213,0.623
corpus:259-x-d-d-exit-e@14.745,kick,corpus,14.745,2.93751,1268.7056,1268.7056,-6.0082,0.31545,0.6303,0.05007,0.00281,0.00098,0.0004,92.0,92.0,0.44738,0.828
corpus:259-x-d-d-exit-e@49.273,kick,corpus,49.273,3.02587,1474.03275,1641.87444,-9.00198,0.2937,0.65766,0.04311,0.00401,0.00109,0.00043,104.0,104.0,0.51268,0.804
corpus:259-x-d-d-exit-e@18.193,kick,corpus,18.193,3.01819,1527.22786,1612.958,-8.85677,0.28698,0.66233,0.04556,0.0036,0.0011,0.00044,104.0,104.0,0.5192,0.799
corpus:259-x-d-d-exit-e@2.218,kick,corpus,2.218,3.19264,892.77648,1169.88516,-9.27363,0.29531,0.64215,0.04974,0.01184,0.00086,9e-05,128.0,128.0,0.60277,0.794
corpus:259-x-d-d-exit-e@51.003,kick,corpus,51.003,2.89835,1520.54627,1520.54627,-2.47205,0.30305,0.64026,0.05188,0.00325,0.00113,0.00043,92.0,92.0,0.45483,0.786
corpus:259-x-d-d-exit-e@7.419,kick,corpus,7.419,3.14911,1131.31894,1126.55908,-4.97223,0.29146,0.65597,0.03895,0.01252,0.00096,0.00014,104.0,104.0,0.52443,0.784
corpus:259-x-d-d-exit-e@13.015,kick,corpus,13.015,2.99675,1501.62917,1636.68997,-5.98374,0.29014,0.65979,0.04516,0.00337,0.00111,0.00042,104.0,104.0,0.51204,0.783
corpus:259-x-d-d-exit-e@4.818,kick,corpus,4.818,3.00799,867.82332,784.81023,-0.27037,0.31202,0.64,0.03687,0.01033,0.00071,7e-05,116.0,116.0,0.57285,0.744
corpus:259-x-d-d-exit-e@45.825,kick,corpus,45.825,2.87513,1403.32042,1403.32042,4.11798,0.31962,0.63091,0.04511,0.00295,0.001,0.00041,92.0,92.0,0.44161,0.737
corpus:259-x-d-d-exit-e@42.365,kick,corpus,42.365,2.95213,1628.86483,1563.11854,-0.25231,0.29491,0.65424,0.04524,0.00402,0.00114,0.00045,104.0,104.0,0.52473,0.728
corpus:259-x-d-d-exit-e@0.383,hook,corpus,0.383,9.17087,1305.26591,1215.37999,-1.10239,0.00303,0.19963,0.39087,0.39787,0.00821,0.0004,104.0,104.0,0.41609,0.715
corpus:259-x-d-d-exit-e@9.125,kick,corpus,9.125,3.03913,991.70868,820.94752,1.07722,0.30564,0.63823,0.04259,0.01236,0.00109,9e-05,128.0,128.0,0.60032,0.698
corpus:259-x-d-d-exit-e@44.095,kick,corpus,44.095,2.80125,1732.90652,1732.90652,2.93302,0.28299,0.65903,0.05157,0.00458,0.00132,0.00051,92.0,92.0,0.46011,0.694
corpus:261-johann-schwengel-manhatten@16.451,kick,corpus,16.451,6.39218,2889.65234,2889.65234,-36.81022,0.55479,0.40593,0.01117,0.0024,0.01497,0.01074,92.0,92.0,0.41171,0.935
corpus:261-johann-schwengel-manhatten@12.841,kick,corpus,12.841,6.46067,2682.12339,3110.61032,-35.22668,0.56313,0.40408,0.00791,0.00228,0.01321,0.00939,104.0,104.0,0.45838,0.931
corpus:261-johann-schwengel-manhatten@11.947,kick,corpus,11.947,9.9593,2463.20716,2966.65613,-9.02242,0.56755,0.40065,0.00605,0.00128,0.01408,0.0104,134.0,196.0,0.46356,0.895
corpus:261-johann-schwengel-manhatten@26.378,kick,corpus,26.378,8.72382,2740.6015,2926.1624,-8.77304,0.57209,0.38975,0.01042,0.0017,0.01521,0.01083,134.0,162.0,0.49176,0.894
corpus:261-johann-schwengel-manhatten@7.43,kick,corpus,7.43,9.02939,2467.58677,2941.20871,-11.19145,0.55506,0.40707,0.01326,0.00161,0.01347,0.00953,72.0,186.0,0.5311,0.891
corpus:261-johann-schwengel-manhatten@10.136,kick,corpus,10.136,8.78806,2530.49884,3038.68134,-12.35305,0.5447,0.41954,0.01135,0.002,0.01308,0.00933,144.0,186.0,0.52625,0.89
corpus:261-johann-schwengel-manhatten@15.557,kick,corpus,15.557,9.53023,2585.18605,2943.55976,-5.98073,0.57121,0.39768,0.00589,0.00179,0.01351,0.00991,86.0,170.0,0.45476,0.883
corpus:261-johann-schwengel-manhatten@22.767,kick,corpus,22.767,8.83125,2737.15873,3040.04679,-7.41025,0.56294,0.40172,0.00927,0.00195,0.01408,0.01004,132.0,174.0,0.47076,0.882
corpus:261-johann-schwengel-manhatten@27.283,kick,corpus,27.283,8.55971,2666.78622,2837.43319,-5.38684,0.58841,0.38573,0.00459,0.0003,0.01231,0.00865,102.0,174.0,0.49647,0.877
corpus:261-johann-schwengel-manhatten@14.187,kick,corpus,14.187,9.25769,2405.96823,2979.06996,-8.23362,0.55775,0.40316,0.01325,0.0024,0.01488,0.00856,134.0,220.0,0.50231,0.874
corpus:261-johann-schwengel-manhatten@20.968,kick,corpus,20.968,9.90707,2850.20154,2940.07614,-4.66212,0.59332,0.37646,0.00481,0.00054,0.01453,0.01035,134.0,174.0,0.47892,0.874
corpus:261-johann-schwengel-manhatten@9.23,kick,corpus,9.23,8.1157,2455.62522,3104.56383,-10.13425,0.54545,0.42215,0.01175,0.00184,0.01104,0.00777,120.0,186.0,0.53978,0.873
corpus:261-johann-schwengel-manhatten@49.575,space,corpus,49.575,6.9084,3148.23491,4139.1383,-1.99851,0.39979,0.48214,0.06383,0.01485,0.02615,0.01323,400.0,400.0,0.97398,0.724
corpus:261-johann-schwengel-manhatten@45.976,space,corpus,45.976,7.26014,3071.58393,3964.52195,-0.94125,0.39851,0.48513,0.05753,0.01455,0.02966,0.0146,198.0,400.0,0.95628,0.714
corpus:261-johann-schwengel-manhatten@47.763,space,corpus,47.763,6.91619,3124.16353,4166.45487,-2.85918,0.40621,0.49306,0.05174,0.012,0.02433,0.01267,400.0,400.0,0.98774,0.71
corpus:261-johann-schwengel-manhatten@40.554,space,corpus,40.554,6.85249,3104.23697,4095.95697,-2.32859,0.40955,0.48924,0.05301,0.01201,0.0239,0.01229,400.0,400.0,0.98076,0.707
corpus:262-klangbild-klotzgeschiebe@62.729,hook,corpus,62.729,13.92786,2235.16715,2319.68992,-3.33793,0.02301,0.05544,0.54087,0.35479,0.02367,0.00222,30.0,128.0,0.05967,0.856
corpus:262-klangbild-klotzgeschiebe@34.946,hook,corpus,34.946,15.08742,3624.43165,3761.0113,-7.08118,0.00022,0.0008,0.00548,0.57845,0.32819,0.08686,60.0,128.0,0.16183,0.853
corpus:262-klangbild-klotzgeschiebe@0.116,hook,corpus,0.116,13.15456,2789.9256,2823.54853,-1.39271,0.01685,0.04604,0.48127,0.35237,0.08717,0.0163,56.0,116.0,0.05674,0.844
corpus:262-klangbild-klotzgeschiebe@34.029,hook,corpus,34.029,14.92766,3153.33876,3361.94787,-8.16144,0.00369,0.11897,0.03227,0.54323,0.23534,0.06649,72.0,128.0,0.24213,0.842
corpus:262-klangbild-klotzgeschiebe@26.993,hook,corpus,26.993,12.09077,2890.12697,3001.61093,-8.97115,0.03051,0.22423,0.31826,0.30491,0.09687,0.02522,84.0,116.0,0.15946,0.84
corpus:262-klangbild-klotzgeschiebe@53.859,kick,corpus,53.859,7.11692,829.35161,829.35161,-26.53336,0.25027,0.71349,0.02969,0.00553,0.00076,0.00026,22.0,92.0,0.65524,0.838
corpus:262-klangbild-klotzgeschiebe@37.036,hook,corpus,37.036,14.66208,3624.38948,3670.14697,-4.93318,2e-05,0.00025,0.0052,0.59946,0.31523,0.07984,58.0,116.0,0.14763,0.831
corpus:262-klangbild-klotzgeschiebe@49.946,hook,corpus,49.946,13.62936,1117.91379,1117.91379,-19.04305,0.04286,0.18409,0.43595,0.31627,0.02029,0.00053,84.0,92.0,0.11818,0.821
corpus:262-klangbild-klotzgeschiebe@34.424,hook,corpus,34.424,17.84451,3889.49072,3833.52869,0.96654,0.00014,0.00203,0.25859,0.27924,0.38771,0.07229,100.0,244.0,0.13574,0.814
corpus:262-klangbild-klotzgeschiebe@9.509,kick,corpus,9.509,8.29488,2372.19,2372.19,-19.09522,0.20185,0.67156,0.04224,0.0375,0.03932,0.00752,92.0,92.0,0.60858,0.681
corpus:262-klangbild-klotzgeschiebe@1.161,kick,corpus,1.161,9.09767,2328.23877,2328.23877,-23.06692,0.20021,0.65242,0.0405,0.06198,0.03748,0.00741,92.0,92.0,0.59038,0.656
corpus:262-klangbild-klotzgeschiebe@15.766,kick,corpus,15.766,9.42909,2556.1402,2556.1402,-21.84671,0.18047,0.63346,0.05932,0.05778,0.05745,0.01153,80.0,80.0,0.38885,0.635
corpus:262-klangbild-klotzgeschiebe@34.772,clap,corpus,34.772,16.46172,3661.14394,3641.88665,2.10044,0.00014,0.00057,0.00198,0.60051,0.30441,0.09239,60.0,174.0,0.87561,0.624
corpus:262-klangbild-klotzgeschiebe@56.285,space,corpus,56.285,9.82136,2603.21516,2365.67446,9.71344,0.11042,0.63224,0.15615,0.02233,0.06583,0.01302,68.0,174.0,0.98765,0.61
corpus:262-klangbild-klotzgeschiebe@60.465,space,corpus,60.465,9.41918,2713.9348,2594.98612,7.00917,0.11339,0.62144,0.15704,0.02574,0.06856,0.01384,30.0,174.0,0.9483,0.608
corpus:262-klangbild-klotzgeschiebe@50.596,kick,corpus,50.596,5.63167,481.71275,606.72123,-7.5997,0.05415,0.79521,0.14239,0.00764,0.00058,2e-05,104.0,104.0,0.4358,0.605
corpus:262-klangbild-klotzgeschiebe@52.117,space,corpus,52.117,9.24186,2689.0213,2546.21525,7.06305,0.10983,0.62118,0.16399,0.02461,0.06731,0.01308,30.0,174.0,0.95001,0.601
corpus:262-klangbild-klotzgeschiebe@19.923,kick,corpus,19.923,9.84525,2281.07919,2682.11394,-16.63447,0.16531,0.71569,0.04418,0.03435,0.03373,0.00674,20.0,150.0,0.64728,0.6
corpus:264-technobotts-in-motion@53.522,kick,corpus,53.522,6.47676,2306.28708,2306.28708,-20.60106,0.86003,0.11507,0.00183,0.00028,0.00935,0.01344,16.0,80.0,0.28246,0.986
corpus:264-technobotts-in-motion@44.42,kick,corpus,44.42,7.12822,1598.99158,1598.99158,-21.25102,0.76595,0.1847,0.0403,0.0072,0.00132,0.00053,8.0,58.0,0.03523,0.985
corpus:264-technobotts-in-motion@41.808,kick,corpus,41.808,7.77597,920.64786,920.64786,-10.9642,0.79551,0.08488,0.11102,0.00778,0.00063,0.00018,58.0,80.0,0.25406,0.983
corpus:264-technobotts-in-motion@44.826,kick,corpus,44.826,6.19569,1178.6944,1317.94487,-21.42721,0.82862,0.16319,0.00276,0.0002,0.00247,0.00277,8.0,104.0,0.45134,0.983
corpus:264-technobotts-in-motion@55.263,kick,corpus,55.263,6.77893,1613.31786,1766.52996,-22.86898,0.82987,0.15061,0.00765,0.00231,0.00449,0.00507,10.0,116.0,0.42857,0.983
corpus:264-technobotts-in-motion@26.807,kick,corpus,26.807,6.38822,2910.23705,2910.23705,-35.30917,0.87235,0.03591,0.01388,0.01137,0.03987,0.02662,68.0,68.0,0.25638,0.982
corpus:264-technobotts-in-motion@40.078,kick,corpus,40.078,8.54227,856.80434,856.80434,-23.20701,0.69576,0.10616,0.18584,0.01124,0.00087,0.00011,68.0,68.0,0.23535,0.98
corpus:264-technobotts-in-motion@43.549,kick,corpus,43.549,6.05481,1046.27447,1046.27447,-6.68299,0.83094,0.14404,0.02145,0.00293,0.00034,0.0003,8.0,80.0,0.2903,0.98
corpus:264-technobotts-in-motion@50.039,kick,corpus,50.039,6.59916,2481.35422,2481.35422,-17.29814,0.80206,0.17776,0.00344,0.00099,0.00526,0.01049,34.0,80.0,0.31637,0.98
corpus:264-technobotts-in-motion@34.853,kick,corpus,34.853,8.85579,828.82823,828.82823,-24.32582,0.68086,0.22242,0.08852,0.00705,0.00091,0.00024,18.0,92.0,0.22448,0.979
corpus:264-technobotts-in-motion@56.587,kick,corpus,56.587,7.68047,2483.06497,2483.06497,-27.05013,0.76364,0.17317,0.0261,0.00593,0.01547,0.01569,8.0,68.0,0.21487,0.979
corpus:264-technobotts-in-motion@11.157,kick,corpus,11.157,7.4196,2890.36645,2890.36645,-26.90408,0.83167,0.04048,0.02704,0.0225,0.04005,0.03826,68.0,68.0,0.24273,0.978
corpus:265-sacro-servo-depredador@48.843,space,corpus,48.843,9.44646,3855.97984,5032.82279,2.92437,0.33534,0.56455,0.07697,0.00839,0.00968,0.00506,108.0,400.0,0.99964,0.916
corpus:265-sacro-servo-depredador@13.212,kick,corpus,13.212,17.83429,4550.02544,4298.53419,1.7721,0.68707,0.17553,0.01294,0.01679,0.03418,0.07349,18.0,42.0,0.02671,0.904
corpus:265-sacro-servo-depredador@42.028,space,corpus,42.028,8.54955,3331.99823,4420.58908,4.81458,0.31474,0.60463,0.07105,0.00543,0.00219,0.00195,132.0,400.0,0.99985,0.892
corpus:265-sacro-servo-depredador@47.949,space,corpus,47.949,8.59982,3570.27418,4238.49039,6.68474,0.31918,0.5971,0.06371,0.00475,0.0114,0.00386,116.0,400.0,0.99925,0.891
corpus:265-sacro-servo-depredador@39.311,space,corpus,39.311,8.29888,3417.43469,3995.94143,7.33135,0.31796,0.59924,0.07178,0.00441,0.00391,0.0027,96.0,400.0,0.99886,0.876
corpus:265-sacro-servo-depredador@28.549,kick,corpus,28.549,10.70279,2478.66353,1321.52176,14.21344,0.69831,0.29764,0.00223,0.00041,0.00076,0.00065,70.0,138.0,0.27274,0.847
corpus:265-sacro-servo-depredador@30.569,hat,corpus,30.569,20.95168,6729.25213,6909.74603,-5.78961,0.00024,0.0004,0.00054,0.00621,0.19119,0.80143,48.0,128.0,0.94715,0.822
corpus:265-sacro-servo-depredador@34.017,kick,corpus,34.017,11.37919,4660.6125,1581.63201,18.35184,0.7073,0.27306,0.00819,0.00333,0.00312,0.005,74.0,162.0,0.19914,0.805
corpus:265-sacro-servo-depredador@34.691,hook,corpus,34.691,16.3787,6472.07766,6472.07766,-4.63823,0.00038,8e-05,0.00045,0.00037,0.45307,0.54565,38.0,80.0,0.03664,0.781
corpus:265-sacro-servo-depredador@29.698,hook,corpus,29.698,16.42003,6977.69021,6977.69021,17.38343,0.00026,0.00032,0.00157,0.00995,0.15329,0.83461,42.0,58.0,0.0102,0.776
corpus:265-sacro-servo-depredador@33.321,hook,corpus,33.321,16.57677,6803.74363,6803.74363,12.27219,0.00017,0.00018,0.00035,0.00209,0.32195,0.67526,42.0,80.0,0.07429,0.758
corpus:265-sacro-servo-depredador@25.6,hook,corpus,25.6,17.11305,6696.67057,6696.67057,-3.29731,0.00084,0.00041,0.00496,0.00171,0.30747,0.68462,32.0,80.0,0.00888,0.748
corpus:265-sacro-servo-depredador@32.879,hook,corpus,32.879,15.95658,7339.96476,7339.96476,4.65812,0.00028,0.00011,0.00058,0.00081,0.15225,0.84597,40.0,68.0,0.01637,0.701
corpus:265-sacro-servo-depredador@34.342,kick,corpus,34.342,6.24628,1811.20676,2775.45669,-16.59833,0.32342,0.58638,0.07523,0.00645,0.00569,0.00283,70.0,220.0,0.86149,0.691
corpus:265-sacro-servo-depredador@43.34,hook,corpus,43.34,16.04564,6170.26259,6170.26259,-16.76249,0.00081,0.00046,0.00392,0.02197,0.34176,0.63108,28.0,58.0,0.00416,0.682
corpus:265-sacro-servo-depredador@27.423,hook,corpus,27.423,19.81624,7221.85695,7221.85695,1.42764,0.00013,7e-05,0.00052,0.00857,0.15293,0.83778,36.0,92.0,0.02738,0.675
corpus:265-sacro-servo-depredador@44.339,kick,corpus,44.339,6.59283,1843.52928,3287.72581,-17.49388,0.32858,0.58837,0.06963,0.00506,0.00592,0.00244,48.0,232.0,0.88896,0.652
corpus:265-sacro-servo-depredador@31.927,hat,corpus,31.927,19.13378,6833.30758,6808.63602,1.72622,0.00018,0.00015,0.00032,0.00173,0.2392,0.75843,44.0,128.0,0.98947,0.643
corpus:265-sacro-servo-depredador@36.502,hook,corpus,36.502,17.08643,6567.70317,6567.70317,-4.98222,0.00016,0.00013,0.0002,0.00181,0.17383,0.82386,40.0,92.0,0.0559,0.63
corpus:266-combat-killer-kevlar@61.115,hook,corpus,61.115,17.81826,4281.68884,4437.14045,-4.55198,0.00079,0.04152,0.09548,0.2943,0.37741,0.19049,90.0,196.0,0.13331,0.873
corpus:266-combat-killer-kevlar@35.016,hook,corpus,35.016,18.88667,4864.7104,4963.43138,-0.6191,0.00462,0.07317,0.08513,0.15377,0.33768,0.34563,84.0,196.0,0.10679,0.852
corpus:266-combat-killer-kevlar@30.906,hook,corpus,30.906,17.55783,4916.37257,5011.37722,-0.27389,0.0054,0.05855,0.08711,0.1336,0.37182,0.34352,84.0,196.0,0.08953,0.85
corpus:266-combat-killer-kevlar@39.95,hook,corpus,39.95,18.63459,4873.32106,4962.21037,-0.14793,0.00771,0.06904,0.1089,0.13589,0.33044,0.34803,80.0,196.0,0.09539,0.849
corpus:266-combat-killer-kevlar@2.961,hook,corpus,2.961,17.47388,4977.41666,5125.18719,-0.33202,0.00595,0.044,0.09135,0.13221,0.37499,0.3515,82.0,186.0,0.08947,0.848
corpus:266-combat-killer-kevlar@30.081,hook,corpus,30.081,18.44992,4837.22648,4959.64075,-1.08154,0.01181,0.05441,0.11396,0.1594,0.32672,0.3337,80.0,208.0,0.11836,0.848
corpus:266-combat-killer-kevlar@33.367,hook,corpus,33.367,19.02366,4843.7862,4916.33073,0.15529,0.00849,0.05084,0.11811,0.16837,0.33106,0.32312,80.0,208.0,0.12529,0.847
corpus:266-combat-killer-kevlar@34.191,hook,corpus,34.191,17.94207,4914.21283,4973.86892,0.09742,0.00696,0.05331,0.08551,0.13562,0.37743,0.34117,84.0,196.0,0.09645,0.847
corpus:266-combat-killer-kevlar@32.914,space,corpus,32.914,13.72412,3718.86885,3080.68929,36.98129,0.08924,0.28385,0.10348,0.09399,0.21281,0.21663,84.0,138.0,0.62465,0.836
corpus:266-combat-killer-kevlar@1.672,space,corpus,1.672,14.79132,3885.3869,2907.76251,31.44862,0.1694,0.29223,0.10822,0.09801,0.1611,0.17105,44.0,162.0,0.56838,0.825
corpus:266-combat-killer-kevlar@32.752,kick,corpus,32.752,5.84286,1476.96317,2059.70533,-15.28165,0.38051,0.54856,0.0459,0.01605,0.00678,0.0022,162.0,162.0,0.71135,0.814
corpus:266-combat-killer-kevlar@42.62,kick,corpus,42.62,6.40402,1337.71319,1860.60901,-8.43308,0.38187,0.55374,0.04338,0.01298,0.006,0.00203,60.0,196.0,0.66212,0.781
corpus:266-combat-killer-kevlar@33.576,kick,corpus,33.576,6.52035,1224.48194,2048.23504,-11.66674,0.37332,0.55901,0.04335,0.01626,0.00595,0.00211,104.0,196.0,0.70714,0.779
corpus:266-combat-killer-kevlar@0.685,kick,corpus,0.685,6.20631,1540.09037,2377.76616,-16.83779,0.37821,0.55236,0.04617,0.01461,0.00632,0.00235,174.0,174.0,0.80547,0.777
corpus:266-combat-killer-kevlar@29.466,kick,corpus,29.466,6.39559,1266.68473,2118.69687,-11.40076,0.38103,0.55151,0.04368,0.01511,0.00654,0.00212,60.0,196.0,0.71247,0.776
corpus:266-combat-killer-kevlar@30.29,kick,corpus,30.29,6.36402,1309.87095,1914.42647,-9.13265,0.37645,0.55666,0.04394,0.01502,0.00584,0.00208,86.0,196.0,0.67493,0.776
corpus:266-combat-killer-kevlar@36.455,kick,corpus,36.455,6.42896,1193.02186,1633.08709,-7.10606,0.36423,0.57651,0.04628,0.0087,0.00288,0.0014,90.0,196.0,0.65079,0.776
corpus:266-combat-killer-kevlar@41.796,kick,corpus,41.796,6.61346,1251.62416,2031.8523,-10.53464,0.37497,0.55374,0.04822,0.01473,0.00617,0.00217,40.0,196.0,0.69544,0.776
corpus:266-combat-killer-kevlar@44.675,kick,corpus,44.675,6.51414,1201.05237,1596.87277,-6.61922,0.35463,0.58064,0.05263,0.00795,0.00284,0.00131,92.0,196.0,0.63224,0.775
corpus:266-combat-killer-kevlar@31.521,kick,corpus,31.521,6.57476,1079.96004,1789.44622,-9.38209,0.35202,0.58098,0.0528,0.00988,0.00301,0.00132,102.0,196.0,0.676,0.774
corpus:266-combat-killer-kevlar@34.389,kick,corpus,34.389,6.31373,1594.17969,2087.73058,-13.03819,0.38543,0.54772,0.04592,0.01242,0.00638,0.00212,58.0,174.0,0.7792,0.771
corpus:266-combat-killer-kevlar@28.235,kick,corpus,28.235,6.64406,1164.53769,1647.01857,-6.72603,0.35381,0.58101,0.05135,0.00952,0.00299,0.00131,104.0,196.0,0.64397,0.767
corpus:266-combat-killer-kevlar@5.793,space,corpus,5.793,11.87955,3317.66179,3017.281,9.71487,0.05802,0.67521,0.15914,0.03355,0.03835,0.03572,70.0,232.0,0.90291,0.735
corpus:266-combat-killer-kevlar@0.859,space,corpus,0.859,11.84325,3050.73886,2512.57133,14.09468,0.06011,0.64843,0.17032,0.04284,0.04218,0.03612,32.0,232.0,0.92113,0.723
corpus:266-combat-killer-kevlar@8.87,rumble,corpus,8.87,8.91103,597.46721,995.39149,1.56508,0.37372,0.5961,0.02445,0.00568,5e-05,0.0,92.0,164.0,0.99998,0.613
corpus:266-combat-killer-kevlar@10.101,rumble,corpus,10.101,8.92284,694.47121,1033.42456,1.74727,0.37237,0.60232,0.02037,0.0049,4e-05,0.0,92.0,156.0,0.99998,0.613
corpus:266-combat-killer-kevlar@6.409,rumble,corpus,6.409,8.86947,603.22239,852.24429,0.81505,0.37686,0.59969,0.01992,0.00351,2e-05,0.0,72.0,134.0,0.9895,0.609
corpus:269-x-oh-fuck-right-off@61.231,kick,corpus,61.231,7.52213,2392.70382,2392.70382,-21.00392,0.77178,0.16047,0.02358,0.0097,0.02276,0.0117,26.0,92.0,0.13487,0.98
corpus:269-x-oh-fuck-right-off@62.647,kick,corpus,62.647,13.73287,2683.29282,2921.56283,-15.90762,0.59327,0.21272,0.04908,0.01545,0.10537,0.02411,50.0,128.0,0.27428,0.935
corpus:269-x-oh-fuck-right-off@48.53,kick,corpus,48.53,9.01878,2084.68075,2574.64728,-18.25621,0.55062,0.33926,0.0537,0.00726,0.04236,0.00679,128.0,128.0,0.66465,0.904
corpus:269-x-oh-fuck-right-off@60.534,kick,corpus,60.534,12.83939,2849.11701,3005.11092,-12.31546,0.5107,0.2358,0.12889,0.01226,0.08656,0.02579,14.0,128.0,0.23544,0.902
corpus:269-x-oh-fuck-right-off@51.351,kick,corpus,51.351,13.02349,2511.54939,2741.00161,-19.02005,0.47033,0.30982,0.10058,0.01831,0.08017,0.02079,14.0,104.0,0.44932,0.89
corpus:269-x-oh-fuck-right-off@49.946,kick,corpus,49.946,9.67237,1596.10611,1730.57876,-14.21646,0.46383,0.39873,0.11015,0.00982,0.01343,0.00403,60.0,128.0,0.62704,0.885
corpus:269-x-oh-fuck-right-off@54.172,kick,corpus,54.172,9.79286,2607.42542,2607.42542,-18.69748,0.41619,0.36543,0.15493,0.00711,0.03572,0.02062,20.0,80.0,0.24434,0.885
corpus:269-x-oh-fuck-right-off@56.297,kick,corpus,56.297,10.76919,2330.37939,2430.28291,-15.04425,0.43105,0.39147,0.10128,0.01873,0.04611,0.01135,8.0,128.0,0.43832,0.873
corpus:269-x-oh-fuck-right-off@47.102,kick,corpus,47.102,8.2879,948.41962,1278.53102,-11.32962,0.49996,0.42055,0.07489,0.00196,0.00246,0.00018,10.0,150.0,0.69364,0.87
corpus:269-x-oh-fuck-right-off@8.754,space,corpus,8.754,11.58466,4339.78737,3898.53683,4.12834,0.33841,0.37781,0.11784,0.01034,0.11481,0.04079,98.0,400.0,0.9847,0.807
corpus:269-x-oh-fuck-right-off@10.194,space,corpus,10.194,17.33292,4652.41579,4630.98202,0.45114,0.00319,0.00153,0.00553,0.01175,0.90512,0.07289,78.0,400.0,0.83785,0.775
corpus:269-x-oh-fuck-right-off@61.951,kick,corpus,61.951,12.86743,2068.20079,2374.24531,-16.54359,0.2882,0.50896,0.12565,0.02192,0.04028,0.015,74.0,138.0,0.45935,0.774
corpus:269-x-oh-fuck-right-off@59.931,space,corpus,59.931,13.64307,4051.51214,3790.86191,3.10557,0.04669,0.1773,0.02988,0.02906,0.60828,0.10879,144.0,384.0,0.96614,0.767
corpus:269-x-oh-fuck-right-off@7.384,space,corpus,7.384,16.3958,4830.24951,4556.36073,2.27323,0.00283,0.00232,0.00937,0.01108,0.88424,0.09015,62.0,400.0,0.77125,0.755
corpus:269-x-oh-fuck-right-off@63.692,hook,corpus,63.692,13.8961,2553.66307,2976.12344,-17.35272,0.02362,0.49359,0.18293,0.17582,0.08459,0.03945,26.0,138.0,0.46417,0.689
corpus:269-x-oh-fuck-right-off@63.832,kick,corpus,63.832,4.38494,2138.63811,2648.93736,-14.13149,0.35558,0.4362,0.1533,0.03576,0.01571,0.00345,64.0,168.0,0.83893,0.68
corpus:269-x-oh-fuck-right-off@46.904,kick,corpus,46.904,5.11253,606.02893,1021.34335,-3.98854,0.33258,0.52394,0.13196,0.01074,0.00076,2e-05,196.0,196.0,0.77785,0.64
corpus:269-x-oh-fuck-right-off@5.259,hook,corpus,5.259,16.28237,3238.55129,3425.86119,0.06256,0.00094,0.00185,0.29035,0.21339,0.47194,0.02153,86.0,180.0,0.3945,0.637
corpus:269-x-oh-fuck-right-off@4.54,hook,corpus,4.54,20.00024,3297.91,2609.28882,3.78628,0.01703,0.00488,0.05224,0.66976,0.23541,0.02068,86.0,400.0,0.42052,0.621
corpus:269-x-oh-fuck-right-off@4.18,hook,corpus,4.18,13.68627,2719.17846,2923.7768,-4.1911,0.00054,0.00032,0.52789,0.26704,0.19589,0.00831,82.0,160.0,0.5854,0.613
corpus:269-x-oh-fuck-right-off@59.246,hook,corpus,59.246,16.56498,2788.51406,3856.80191,-13.81394,0.08088,0.21229,0.08153,0.07721,0.43702,0.11107,72.0,208.0,0.38279,0.604
corpus:271-3cloneb-katapult@31.73,space,corpus,31.73,14.65434,3089.99353,3906.04528,3.8543,0.35072,0.50174,0.11681,0.02188,0.00564,0.00322,144.0,400.0,0.99974,0.819
corpus:271-3cloneb-katapult@62.938,kick,corpus,62.938,11.61672,3860.46248,4539.04894,-13.37085,0.46377,0.40252,0.00977,0.00289,0.04988,0.07116,110.0,186.0,0.33348,0.798
corpus:271-3cloneb-katapult@11.111,space,corpus,11.111,13.0959,2887.01142,3862.90346,2.61281,0.35154,0.50444,0.11735,0.01966,0.00468,0.00232,106.0,400.0,0.99975,0.797
corpus:271-3cloneb-katapult@32.636,space,corpus,32.636,14.83666,2953.01705,3607.85109,4.62569,0.35451,0.50976,0.11554,0.01052,0.00623,0.00344,100.0,400.0,0.99973,0.787
corpus:271-3cloneb-katapult@14.71,space,corpus,14.71,12.70422,2950.81653,3491.99167,5.69526,0.35284,0.50769,0.11862,0.01372,0.00447,0.00266,126.0,400.0,0.99972,0.785
corpus:271-3cloneb-katapult@52.849,kick,corpus,52.849,9.86813,655.63847,1267.65426,-5.17555,0.35422,0.52388,0.117,0.00415,0.00041,0.00034,106.0,208.0,0.61981,0.78
corpus:271-3cloneb-katapult@48.367,kick,corpus,48.367,10.58254,628.38756,1254.99776,-5.01454,0.35463,0.51868,0.12292,0.00294,0.00053,0.00031,126.0,220.0,0.62166,0.777
corpus:271-3cloneb-katapult@51.955,kick,corpus,51.955,9.96082,681.19827,1170.48355,-3.74743,0.35443,0.51729,0.12386,0.00377,0.00035,0.0003,144.0,196.0,0.61251,0.772
corpus:271-3cloneb-katapult@61.15,kick,corpus,61.15,13.27407,3498.33624,4393.42498,-14.09185,0.43266,0.3929,0.01616,0.022,0.05743,0.07885,110.0,208.0,0.2481,0.764
corpus:271-3cloneb-katapult@55.531,kick,corpus,55.531,10.25789,634.04964,1287.9773,-6.75943,0.35482,0.51866,0.12287,0.00336,0.00013,0.00016,106.0,208.0,0.69285,0.761
corpus:271-3cloneb-katapult@59.327,kick,corpus,59.327,11.8605,3606.07213,3690.6569,-2.68782,0.466,0.41951,0.01643,0.01309,0.03639,0.04858,128.0,232.0,0.31782,0.76
corpus:271-3cloneb-katapult@10.704,kick,corpus,10.704,10.91539,1153.19758,1604.80325,-7.98779,0.35058,0.51855,0.12524,0.00501,0.00022,0.0004,134.0,220.0,0.70422,0.753
corpus:271-3cloneb-katapult@44.768,kick,corpus,44.768,10.28312,635.48604,1177.55268,-6.99687,0.35536,0.51623,0.12316,0.0043,0.0006,0.00034,116.0,232.0,0.72261,0.746
corpus:271-3cloneb-katapult@52.628,kick,corpus,52.628,12.94311,4317.24354,4682.39389,-7.66353,0.46714,0.39423,0.00577,0.00449,0.04307,0.08529,128.0,220.0,0.31509,0.74
corpus:271-3cloneb-katapult@51.049,kick,corpus,51.049,11.39002,766.35027,1372.94899,-4.38071,0.35336,0.51061,0.13212,0.00311,0.00048,0.00032,106.0,232.0,0.66214,0.739
corpus:271-3cloneb-katapult@23.266,kick,corpus,23.266,11.30045,1216.36326,1469.87852,-1.92422,0.35616,0.5197,0.11966,0.0033,0.00065,0.00052,134.0,232.0,0.62578,0.72
corpus:274-blank-banshee-revelations@60.941,kick,corpus,60.941,13.77022,769.85633,543.51232,4.49908,0.33401,0.56209,0.10267,0.00119,3e-05,2e-05,10.0,128.0,0.39536,0.796
corpus:274-blank-banshee-revelations@3.982,clap,corpus,3.982,14.25235,1978.45563,1828.52508,4.04514,2e-05,1e-05,0.01012,0.72875,0.26089,0.00021,208.0,208.0,0.76961,0.715
corpus:274-blank-banshee-revelations@26.958,rumble,corpus,26.958,9.42223,832.34278,853.09478,2.96606,0.79149,0.19539,0.00965,0.00341,3e-05,2e-05,18.0,164.0,0.93716,0.69
corpus:274-blank-banshee-revelations@7.21,clap,corpus,7.21,20.15241,1535.75798,1595.32096,-0.05067,0.00032,0.00039,0.02133,0.85907,0.11887,2e-05,70.0,246.0,0.69695,0.628
corpus:275-4zzz1-untitled-5@7.442,kick,corpus,7.442,5.53994,1739.9556,1974.94148,-17.11214,0.58591,0.39224,0.01668,0.00291,0.00091,0.00135,104.0,104.0,0.46747,0.948
corpus:275-4zzz1-untitled-5@28.235,kick,corpus,28.235,5.78929,2178.927,2423.80757,-19.43109,0.58638,0.39008,0.0114,0.00502,0.00377,0.00335,104.0,104.0,0.4591,0.944
corpus:275-4zzz1-untitled-5@1.045,kick,corpus,1.045,4.21277,1519.31097,1587.45241,-10.8187,0.59562,0.39314,0.00783,0.00235,0.00045,0.00061,104.0,104.0,0.46117,0.943
corpus:275-4zzz1-untitled-5@15.441,kick,corpus,15.441,4.43903,2090.29602,2077.57533,-13.10541,0.59693,0.38941,0.00844,0.00208,0.00072,0.00242,104.0,104.0,0.46008,0.943
corpus:275-4zzz1-untitled-5@25.043,kick,corpus,25.043,5.41044,1875.30116,1849.97329,-11.28188,0.60188,0.38497,0.00665,0.00337,0.00062,0.0025,104.0,104.0,0.47899,0.94
corpus:275-4zzz1-untitled-5@61.823,kick,corpus,61.823,8.17864,2326.5755,2730.54194,-30.6983,0.57099,0.37627,0.01614,0.00898,0.01653,0.01109,104.0,104.0,0.46174,0.937
corpus:275-4zzz1-untitled-5@26.633,kick,corpus,26.633,5.25795,1924.15154,2049.70957,-9.61222,0.59743,0.38772,0.00816,0.00358,0.00108,0.00203,104.0,104.0,0.47175,0.933
corpus:275-4zzz1-untitled-5@5.84,kick,corpus,5.84,4.30883,2384.91536,2384.91536,-3.6625,0.57978,0.40361,0.01019,0.00305,0.0008,0.00257,68.0,68.0,0.26217,0.931
corpus:275-4zzz1-untitled-5@58.839,kick,corpus,58.839,6.364,1470.88436,2239.08644,-22.66212,0.5604,0.41206,0.0156,0.00701,0.00166,0.00327,150.0,150.0,0.58501,0.931
corpus:275-4zzz1-untitled-5@20.236,kick,corpus,20.236,9.55368,1942.94498,2220.1047,-15.09168,0.53297,0.35536,0.09349,0.01041,0.0051,0.00267,104.0,104.0,0.42432,0.928
corpus:275-4zzz1-untitled-5@23.336,kick,corpus,23.336,6.4071,1218.61501,1468.39909,-6.26564,0.54504,0.4112,0.04075,0.00115,0.00022,0.00164,104.0,104.0,0.43598,0.924
corpus:275-4zzz1-untitled-5@19.238,kick,corpus,19.238,6.39,1190.38731,1951.87526,-14.64623,0.60441,0.38264,0.00891,0.00189,0.00037,0.00178,174.0,174.0,0.62697,0.923
corpus:275-4zzz1-untitled-5@33.03,hook,corpus,33.03,15.67727,3392.72745,3597.33295,-11.22181,0.00047,0.0033,0.28984,0.45576,0.08433,0.1663,104.0,104.0,0.24609,0.87
corpus:275-4zzz1-untitled-5@43.595,space,corpus,43.595,16.63571,4685.3275,3659.10509,17.20812,0.09539,0.43549,0.34309,0.03199,0.06005,0.03398,40.0,68.0,0.93305,0.821
corpus:275-4zzz1-untitled-5@32.403,space,corpus,32.403,15.87462,6003.58341,4800.98647,19.87012,0.05274,0.23857,0.20665,0.02055,0.09107,0.39042,98.0,132.0,0.81168,0.818
corpus:275-4zzz1-untitled-5@42.632,hook,corpus,42.632,14.37523,2994.68816,3111.38912,-3.31213,0.00076,0.00653,0.28491,0.33943,0.28765,0.08071,70.0,104.0,0.24788,0.817
corpus:275-4zzz1-untitled-5@34.006,space,corpus,34.006,15.29622,5960.29306,4744.70987,20.44273,0.054,0.23157,0.23412,0.02013,0.08546,0.37472,110.0,150.0,0.7326,0.813
corpus:275-4zzz1-untitled-5@44.234,hook,corpus,44.234,15.02169,3439.56607,3565.39631,3.06741,8e-05,0.00175,0.14976,0.29513,0.41528,0.13799,66.0,104.0,0.22621,0.775
corpus:275-4zzz1-untitled-5@37.21,space,corpus,37.21,15.19727,4806.54368,3530.2626,25.48474,0.09857,0.41517,0.33011,0.05254,0.05788,0.04572,32.0,54.0,0.43174,0.763
corpus:275-4zzz1-untitled-5@34.633,hook,corpus,34.633,14.47453,3590.41002,3745.59915,-18.49262,0.00091,0.00381,0.46517,0.20711,0.14135,0.18166,82.0,116.0,0.4008,0.761
corpus:275-4zzz1-untitled-5@29.942,hook,corpus,29.942,18.54309,5090.06587,2662.58616,12.30754,0.07098,0.11573,0.03508,0.37102,0.0786,0.32859,38.0,188.0,0.38938,0.744
corpus:275-4zzz1-untitled-5@35.236,hook,corpus,35.236,16.65164,3890.22119,3545.65745,7.91176,0.00026,0.00029,0.78874,0.11254,0.00701,0.09116,50.0,100.0,0.05124,0.699
corpus:275-4zzz1-untitled-5@42.736,hook,corpus,42.736,14.72823,4447.02852,2368.91511,10.72682,0.09573,0.43004,0.09806,0.23321,0.05467,0.08829,44.0,176.0,0.2177,0.671
corpus:275-4zzz1-untitled-5@44.339,hook,corpus,44.339,16.84668,4623.35118,2256.07455,11.10777,0.09624,0.48337,0.07621,0.19681,0.04941,0.09797,32.0,158.0,0.19923,0.663
corpus:277-knarz-maschine-acid-knarz-3@40.345,kick,corpus,40.345,5.1382,2906.26097,2906.26097,-28.73911,0.41245,0.555,0.01028,0.00256,0.01066,0.00906,80.0,80.0,0.38711,0.889
corpus:277-knarz-maschine-acid-knarz-3@3.75,kick,corpus,3.75,5.17211,3142.68007,3142.68007,-26.91825,0.42214,0.54427,0.012,0.00218,0.01084,0.00857,80.0,80.0,0.40756,0.886
corpus:277-knarz-maschine-acid-knarz-3@44.176,kick,corpus,44.176,6.17995,3088.11032,3088.11032,-24.92387,0.41433,0.5467,0.01386,0.00276,0.01059,0.01176,80.0,80.0,0.41719,0.88
corpus:277-knarz-maschine-acid-knarz-3@40.972,kick,corpus,40.972,8.9371,3745.90064,3745.90064,-13.81496,0.47912,0.4044,0.01205,0.00225,0.06085,0.04133,92.0,92.0,0.26215,0.875
corpus:277-knarz-maschine-acid-knarz-3@44.606,kick,corpus,44.606,4.6898,2933.53834,2933.53834,-22.50985,0.38722,0.58231,0.01007,0.00377,0.00829,0.00834,80.0,80.0,0.42182,0.869
corpus:277-knarz-maschine-acid-knarz-3@45.232,kick,corpus,45.232,10.0585,3739.33502,3739.33502,-21.98435,0.44944,0.42437,0.00754,0.00413,0.06604,0.04847,92.0,92.0,0.20162,0.869
corpus:277-knarz-maschine-acid-knarz-3@42.899,kick,corpus,42.899,5.35962,2718.292,2718.292,-27.01069,0.37138,0.59894,0.00937,0.00223,0.01035,0.00773,92.0,92.0,0.48029,0.867
corpus:277-knarz-maschine-acid-knarz-3@47.16,kick,corpus,47.16,4.79113,2825.45292,2825.45292,-35.06673,0.37747,0.59289,0.0112,0.00313,0.00779,0.00753,92.0,92.0,0.49166,0.867
corpus:277-knarz-maschine-acid-knarz-3@2.902,kick,corpus,2.902,4.477,2960.07507,2960.07507,-16.4947,0.39634,0.57266,0.01281,0.00342,0.00748,0.0073,80.0,80.0,0.45687,0.861
corpus:277-knarz-maschine-acid-knarz-3@39.497,kick,corpus,39.497,5.2976,2916.91577,2916.91577,-13.45543,0.40069,0.55903,0.01993,0.0036,0.00948,0.00727,80.0,80.0,0.40239,0.861
corpus:277-knarz-maschine-acid-knarz-3@57.365,kick,corpus,57.365,6.53023,3314.22572,3314.22572,-22.64504,0.39593,0.55829,0.01302,0.00498,0.01439,0.01338,80.0,80.0,0.4195,0.86
corpus:277-knarz-maschine-acid-knarz-3@2.043,kick,corpus,2.043,4.64343,2938.34496,2938.34496,-24.79666,0.37211,0.5966,0.01103,0.00221,0.01036,0.00769,92.0,92.0,0.48101,0.859
corpus:277-knarz-maschine-acid-knarz-3@29.594,hook,corpus,29.594,14.79902,4353.21409,4353.21409,-10.67755,0.00747,0.02041,0.0754,0.17316,0.52493,0.19864,86.0,92.0,0.1448,0.831
corpus:277-knarz-maschine-acid-knarz-3@59.141,space,corpus,59.141,7.26958,4275.82654,4158.61468,16.98892,0.27778,0.54309,0.02026,0.00661,0.05652,0.09575,128.0,128.0,0.56462,0.825
corpus:277-knarz-maschine-acid-knarz-3@6.084,hook,corpus,6.084,13.81672,5478.91699,5478.91699,-2.56436,8e-05,0.00045,0.0063,0.03426,0.56006,0.39886,68.0,68.0,0.04332,0.821
corpus:277-knarz-maschine-acid-knarz-3@15.441,hook,corpus,15.441,15.16392,5509.55316,5509.55316,-0.17635,0.00039,0.00049,0.0037,0.01977,0.5593,0.41635,80.0,80.0,0.05175,0.816
corpus:277-knarz-maschine-acid-knarz-3@6.304,hook,corpus,6.304,15.54425,5690.65176,5690.65176,-0.69529,0.00241,0.00914,0.00208,0.02303,0.50054,0.4628,90.0,92.0,0.07104,0.812
corpus:277-knarz-maschine-acid-knarz-3@22.256,hook,corpus,22.256,14.88278,5966.32297,5966.32297,-2.91293,4e-05,1e-05,0.00051,0.00452,0.51096,0.48396,44.0,92.0,0.02503,0.811
corpus:277-knarz-maschine-acid-knarz-3@24.799,hook,corpus,24.799,15.12952,5402.73046,5402.73046,-0.40803,4e-05,5e-05,0.00374,0.02933,0.55246,0.41438,80.0,80.0,0.08681,0.811
corpus:277-knarz-maschine-acid-knarz-3@18.843,hook,corpus,18.843,14.21371,5699.90189,5699.90189,-0.88658,3e-05,6e-05,0.00089,0.0164,0.50465,0.47797,80.0,80.0,0.08,0.807
corpus:277-knarz-maschine-acid-knarz-3@9.497,hook,corpus,9.497,14.55422,5771.23258,5771.23258,-4.92217,0.0002,0.00045,0.00069,0.01006,0.49642,0.49219,74.0,80.0,0.03349,0.806
corpus:277-knarz-maschine-acid-knarz-3@53.185,space,corpus,53.185,7.63008,4395.08459,4321.33221,14.87233,0.26463,0.55412,0.01524,0.0045,0.06203,0.09949,128.0,128.0,0.5421,0.793
corpus:277-knarz-maschine-acid-knarz-3@52.326,space,corpus,52.326,7.09876,4330.04759,4178.30508,14.43481,0.26734,0.57035,0.01487,0.00466,0.05346,0.08932,138.0,138.0,0.56493,0.788
corpus:277-knarz-maschine-acid-knarz-3@57.028,space,corpus,57.028,9.35034,5003.48131,4618.76323,8.01519,0.25334,0.49704,0.00998,0.00508,0.07523,0.15932,220.0,220.0,0.73616,0.785
corpus:278-bellkatze-modern-war@1.683,space,corpus,1.683,13.83653,5735.86088,5735.86088,70.87225,0.15927,0.24972,0.00233,0.00019,0.06832,0.52017,60.0,68.0,0.01802,0.978
corpus:278-bellkatze-modern-war@0.998,space,corpus,0.998,14.10884,5856.23157,5856.23157,40.42111,0.16062,0.36578,0.00878,0.00288,0.04461,0.41733,66.0,92.0,0.03329,0.892
corpus:278-bellkatze-modern-war@26.227,space,corpus,26.227,11.06084,4066.2114,3566.22418,33.96771,0.27016,0.53109,0.00306,0.00029,0.09413,0.10127,46.0,138.0,0.22663,0.892
corpus:278-bellkatze-modern-war@0.522,space,corpus,0.522,17.1799,6083.2753,5534.5147,4.50648,0.19587,0.57747,0.06386,0.00083,0.01853,0.14343,60.0,150.0,0.98399,0.876
corpus:278-bellkatze-modern-war@29.733,hat,corpus,29.733,19.95176,6710.54621,6780.64051,-0.44989,1e-05,3e-05,0.00016,2e-05,0.12528,0.8745,36.0,68.0,0.99975,0.814
corpus:278-bellkatze-modern-war@24.799,hook,corpus,24.799,18.8319,6178.66823,6178.66823,10.53031,0.0,2e-05,0.0002,3e-05,0.33223,0.66752,38.0,92.0,0.05551,0.8
corpus:278-bellkatze-modern-war@26.61,hook,corpus,26.61,19.01647,6396.99285,6396.99285,3.6977,1e-05,1e-05,0.00035,6e-05,0.34322,0.65636,36.0,92.0,0.02033,0.8
corpus:278-bellkatze-modern-war@26.947,hook,corpus,26.947,17.61197,5451.84615,5474.62573,9.89165,0.01432,0.024,0.00046,6e-05,0.48261,0.47855,32.0,64.0,0.03502,0.794
corpus:278-bellkatze-modern-war@5.294,hook,corpus,5.294,16.52483,5895.46457,5905.88074,9.43334,0.08409,0.16687,0.00477,0.00168,0.06945,0.67314,36.0,72.0,0.01372,0.792
corpus:278-bellkatze-modern-war@11.842,hook,corpus,11.842,15.58955,6493.17073,6493.17073,10.1149,0.05415,0.11225,0.0068,0.00228,0.11695,0.70757,36.0,68.0,0.00358,0.789
corpus:278-bellkatze-modern-war@1.753,hat,corpus,1.753,16.3281,6657.23093,6395.64361,2.60794,2e-05,3e-05,8e-05,5e-05,0.10637,0.89346,98.0,176.0,0.99981,0.781
corpus:278-bellkatze-modern-war@26.157,kick,corpus,26.157,7.94724,2755.71502,2755.71502,-22.84166,0.24686,0.66484,0.06872,0.00125,0.00267,0.01566,68.0,68.0,0.21085,0.781
corpus:278-bellkatze-modern-war@1.579,kick,corpus,1.579,10.28601,1938.95768,2273.96411,-25.32661,0.22724,0.67567,0.07721,0.00149,0.00204,0.01634,70.0,104.0,0.21906,0.779
corpus:278-bellkatze-modern-war@2.833,hook,corpus,2.833,14.30605,6880.40952,6880.40952,14.26946,0.03039,0.03754,0.00091,0.00023,0.14723,0.78371,38.0,46.0,0.0,0.779
corpus:278-bellkatze-modern-war@4.505,kick,corpus,4.505,10.5416,2085.33919,2299.24018,-17.90059,0.23865,0.66647,0.07432,0.00162,0.0025,0.01644,52.0,116.0,0.2562,0.77
corpus:278-bellkatze-modern-war@4.621,hook,corpus,4.621,15.82658,6135.68631,6135.68631,16.39533,0.08864,0.17071,0.00524,0.00186,0.07023,0.66332,32.0,70.0,0.01029,0.764
corpus:278-bellkatze-modern-war@29.652,hook,corpus,29.652,15.98012,6655.5117,6655.5117,15.55252,1e-05,1e-05,0.00012,5e-05,0.09739,0.90242,30.0,80.0,0.02643,0.763
corpus:278-bellkatze-modern-war@7.001,kick,corpus,7.001,10.80899,1924.61938,2053.32238,-15.0304,0.2252,0.6827,0.07187,0.00192,0.00202,0.01629,36.0,116.0,0.0976,0.756
corpus:278-bellkatze-modern-war@8.104,kick,corpus,8.104,10.91945,2067.09181,2782.05464,-26.15943,0.24221,0.66854,0.07049,0.00134,0.00196,0.01546,46.0,138.0,0.59103,0.753
corpus:278-bellkatze-modern-war@19.609,kick,corpus,19.609,11.79643,2162.80219,2540.43723,-17.28051,0.22583,0.67996,0.07333,0.00087,0.00221,0.01781,54.0,138.0,0.3375,0.743
corpus:278-bellkatze-modern-war@22.547,kick,corpus,22.547,11.04244,2220.84977,2449.21475,-17.51452,0.21691,0.66526,0.09936,0.00205,0.00247,0.01395,70.0,116.0,0.36147,0.743
corpus:278-bellkatze-modern-war@11.714,kick,corpus,11.714,10.82902,2093.04322,2245.75164,-11.62735,0.23023,0.67497,0.07549,0.00237,0.00143,0.01551,46.0,128.0,0.35286,0.742
corpus:278-bellkatze-modern-war@3.367,kick,corpus,3.367,10.41006,2646.82568,2654.90984,-16.15546,0.22651,0.68139,0.07085,0.00216,0.00235,0.01674,36.0,104.0,0.36264,0.74
corpus:278-bellkatze-modern-war@9.915,kick,corpus,9.915,10.91348,2191.7785,2427.7618,-12.09589,0.23243,0.67644,0.07301,0.00104,0.00244,0.01464,62.0,128.0,0.35061,0.74
corpus:278-bellkatze-modern-war@8.777,kick,corpus,8.777,11.47226,1942.22245,2573.26458,-19.66638,0.22261,0.67957,0.07902,0.00149,0.00209,0.01522,62.0,138.0,0.54037,0.736
corpus:278-bellkatze-modern-war@14.408,hat,corpus,14.408,17.63195,6399.47811,6162.44568,1.80552,3e-05,3e-05,0.00013,4e-05,0.11965,0.88012,98.0,172.0,0.80747,0.731
corpus:278-bellkatze-modern-war@26.831,kick,corpus,26.831,12.70834,2801.08512,3169.60971,-28.21666,0.22047,0.65354,0.06984,0.00063,0.02165,0.03387,46.0,116.0,0.23541,0.729
corpus:278-bellkatze-modern-war@27.469,hat,corpus,27.469,16.63908,6627.09141,6235.95176,1.46265,0.0,1e-05,0.00018,0.00019,0.19385,0.80577,78.0,178.0,0.99992,0.714
corpus:278-bellkatze-modern-war@23.092,hat,corpus,23.092,19.36489,6243.48283,6537.84749,-3.74334,1e-05,9e-05,0.00183,0.00014,0.11529,0.88264,36.0,76.0,0.55702,0.694
corpus:278-bellkatze-modern-war@1.358,hat,corpus,1.358,18.36312,6461.68684,6727.85048,-7.69436,0.0,2e-05,0.00021,5e-05,0.10832,0.8914,40.0,72.0,0.41089,0.671
corpus:278-bellkatze-modern-war@6.873,hat,corpus,6.873,19.85853,5862.20869,6636.21602,-29.18601,0.0,4e-05,0.00023,0.00024,0.11407,0.88541,38.0,72.0,0.01727,0.667
corpus:278-bellkatze-modern-war@29.327,hat,corpus,29.327,18.07158,6857.21688,6929.20127,-1.14531,0.0,0.0,5e-05,2e-05,0.10748,0.89245,96.0,288.0,0.49038,0.664
corpus:278-bellkatze-modern-war@27.841,hat,corpus,27.841,18.35417,6157.31154,6154.80312,-0.26636,1e-05,6e-05,0.00119,0.00022,0.14981,0.8487,38.0,70.0,0.64615,0.656
corpus:278-bellkatze-modern-war@6.444,hat,corpus,6.444,16.11683,6539.19545,6539.19545,-27.77358,0.01469,0.02083,0.00087,0.00035,0.08501,0.87825,34.0,80.0,0.00138,0.64
corpus:278-bellkatze-modern-war@26.703,hat,corpus,26.703,18.15579,6194.02159,6456.34321,-3.98341,1e-05,8e-05,0.0018,0.00025,0.08308,0.91478,36.0,76.0,0.39592,0.627
corpus:278-bellkatze-modern-war@20.643,hat,corpus,20.643,16.94729,6397.03376,6590.7376,-23.02089,1e-05,3e-05,0.00123,0.00042,0.07474,0.92357,34.0,74.0,0.00848,0.621
corpus:279-unknown-war-heads-patty-pinku@17.612,hook,corpus,17.612,15.13553,4084.33196,4423.02474,-3.43903,0.0577,0.0704,0.27863,0.21241,0.20948,0.17139,92.0,232.0,0.22853,0.799
corpus:279-unknown-war-heads-patty-pinku@30.534,hook,corpus,30.534,15.6763,4234.07863,4411.97489,-1.68102,0.05297,0.05277,0.26507,0.23458,0.21445,0.18015,130.0,232.0,0.26333,0.79
corpus:279-unknown-war-heads-patty-pinku@21.304,hook,corpus,21.304,15.7451,4063.35154,4365.43577,-3.10308,0.06638,0.07663,0.27609,0.20886,0.2109,0.16113,104.0,232.0,0.23447,0.787
corpus:279-unknown-war-heads-patty-pinku@58.236,hook,corpus,58.236,16.29523,4615.55795,4691.25096,0.10694,0.01272,0.01948,0.33183,0.21594,0.2091,0.21091,194.0,220.0,0.26878,0.78
corpus:279-unknown-war-heads-patty-pinku@28.688,hook,corpus,28.688,15.20053,4179.80387,4467.87624,-3.15154,0.05455,0.06361,0.27936,0.20769,0.21438,0.18041,190.0,232.0,0.27947,0.778
corpus:279-unknown-war-heads-patty-pinku@61.916,hook,corpus,61.916,15.75251,4012.51922,4223.82593,-1.76381,0.06858,0.08073,0.33241,0.21802,0.15887,0.14139,106.0,232.0,0.2587,0.769
corpus:279-unknown-war-heads-patty-pinku@24.996,hook,corpus,24.996,16.01217,3989.85774,4197.31766,-1.09272,0.07601,0.08874,0.32055,0.23188,0.14911,0.13371,120.0,232.0,0.25842,0.766
corpus:279-unknown-war-heads-patty-pinku@19.447,hook,corpus,19.447,16.58732,4051.24487,4317.03759,-2.02365,0.06589,0.07569,0.25063,0.21946,0.19802,0.19031,118.0,244.0,0.33505,0.756
corpus:279-unknown-war-heads-patty-pinku@22.129,kick,corpus,22.129,9.32222,3499.35685,3499.35685,3.98233,0.40569,0.4476,0.04337,0.03224,0.04737,0.02374,92.0,92.0,0.23138,0.693
corpus:279-unknown-war-heads-patty-pinku@28.92,kick,corpus,28.92,7.73836,2012.08025,2549.81467,-5.85609,0.33335,0.46171,0.14382,0.03573,0.01943,0.00597,120.0,208.0,0.58791,0.679
corpus:279-unknown-war-heads-patty-pinku@62.148,kick,corpus,62.148,8.8663,1983.50053,2454.48678,-5.939,0.33848,0.48174,0.11658,0.03924,0.0186,0.00537,108.0,232.0,0.5917,0.679
corpus:279-unknown-war-heads-patty-pinku@21.978,kick,corpus,21.978,7.08677,2385.84445,2563.7887,-5.16938,0.3188,0.53478,0.11597,0.01978,0.0064,0.00426,150.0,150.0,0.64905,0.66
corpus:279-unknown-war-heads-patty-pinku@52.93,kick,corpus,52.93,8.31389,2510.73959,2692.98092,-1.91676,0.34452,0.50864,0.0833,0.03596,0.02048,0.00709,108.0,196.0,0.51252,0.654
corpus:279-unknown-war-heads-patty-pinku@17.845,kick,corpus,17.845,8.37017,2162.29272,2541.56,-3.08284,0.3399,0.48061,0.11605,0.03794,0.0185,0.00701,140.0,220.0,0.55556,0.652
corpus:279-unknown-war-heads-patty-pinku@21.537,kick,corpus,21.537,8.1931,2158.47832,2510.79113,-2.85887,0.34686,0.46365,0.12276,0.03885,0.0211,0.00679,176.0,220.0,0.56711,0.65
corpus:279-unknown-war-heads-patty-pinku@22.93,kick,corpus,22.93,8.2469,2774.22861,2819.15043,0.22309,0.37915,0.52774,0.06144,0.01023,0.01288,0.00856,90.0,208.0,0.52431,0.648
corpus:279-unknown-war-heads-patty-pinku@25.228,kick,corpus,25.228,8.24976,2079.5458,2453.50469,-3.01783,0.33125,0.45675,0.14082,0.04344,0.02145,0.00628,184.0,220.0,0.55193,0.646
corpus:279-unknown-war-heads-patty-pinku@39.996,kick,corpus,39.996,8.35665,2007.47826,2564.89661,-4.11466,0.33637,0.46795,0.13976,0.03375,0.01638,0.00579,174.0,232.0,0.59376,0.646
corpus:279-unknown-war-heads-patty-pinku@63.541,kick,corpus,63.541,7.87692,2654.13552,2677.4392,0.50008,0.35646,0.49882,0.11248,0.016,0.00974,0.00651,146.0,208.0,0.5067,0.644
corpus:279-unknown-war-heads-patty-pinku@23.382,kick,corpus,23.382,9.39386,2153.1134,2470.50319,-2.35446,0.34062,0.47085,0.12059,0.04172,0.02021,0.00601,174.0,232.0,0.5584,0.637
corpus:281-berba-pt-dishes@48.982,hook,corpus,48.982,13.0743,2921.04937,2921.04937,-11.68914,0.01986,0.06616,0.06484,0.63325,0.18468,0.03122,80.0,80.0,0.18437,0.868
corpus:281-berba-pt-dishes@37.21,hook,corpus,37.21,14.39843,3088.28565,3088.28565,-8.09785,0.06443,0.25506,0.06257,0.41338,0.16815,0.03641,92.0,92.0,0.18081,0.857
corpus:281-berba-pt-dishes@57.609,hook,corpus,57.609,12.30236,2999.80867,2999.80867,-4.32941,0.04964,0.21624,0.06169,0.44736,0.19251,0.03256,80.0,80.0,0.10949,0.857
corpus:281-berba-pt-dishes@1.138,hook,corpus,1.138,15.81632,3221.7372,3221.7372,-7.41464,0.01717,0.03652,0.05638,0.5718,0.2703,0.04784,80.0,80.0,0.14577,0.855
corpus:281-berba-pt-dishes@60.743,hook,corpus,60.743,13.48643,3259.10016,3259.10016,-6.89061,0.03618,0.18357,0.0516,0.42807,0.26902,0.03157,92.0,92.0,0.16453,0.853
corpus:281-berba-pt-dishes@32.508,hook,corpus,32.508,13.98246,2959.82785,2959.82785,-4.5858,0.06482,0.28215,0.06118,0.40496,0.15986,0.02703,92.0,92.0,0.13767,0.848
corpus:281-berba-pt-dishes@7.407,hook,corpus,7.407,14.14509,3054.89291,3054.89291,-3.24646,0.06289,0.18319,0.03734,0.46833,0.21264,0.03562,92.0,92.0,0.13285,0.845
corpus:281-berba-pt-dishes@61.521,hook,corpus,61.521,11.68379,2850.43848,2850.43848,-6.77337,0.04928,0.37504,0.07074,0.37282,0.11185,0.02027,80.0,92.0,0.16489,0.845
corpus:281-berba-pt-dishes@28.677,kick,corpus,28.677,4.25242,2970.96441,2964.56004,-2.4279,0.55059,0.40996,0.01426,0.00667,0.01078,0.00774,104.0,104.0,0.53472,0.817
corpus:281-berba-pt-dishes@13.781,kick,corpus,13.781,6.48266,3459.89856,3459.89856,0.20151,0.48139,0.40802,0.02934,0.02555,0.03626,0.01944,92.0,92.0,0.33328,0.78
corpus:281-berba-pt-dishes@29.373,kick,corpus,29.373,4.42906,2007.30636,2007.30636,-5.06165,0.30399,0.64624,0.02874,0.01365,0.00648,0.0009,92.0,92.0,0.41681,0.78
corpus:281-berba-pt-dishes@12.899,kick,corpus,12.899,5.12338,2014.47166,2014.47166,-3.48345,0.32906,0.62544,0.02237,0.01279,0.00849,0.00185,92.0,92.0,0.47586,0.775
corpus:281-berba-pt-dishes@28.967,kick,corpus,28.967,3.957,1902.63042,1902.63042,-10.44931,0.23671,0.72139,0.02713,0.01039,0.00351,0.00085,92.0,92.0,0.47051,0.755
corpus:281-berba-pt-dishes@12.992,kick,corpus,12.992,7.23117,3535.09981,3546.65823,-5.6985,0.5043,0.38616,0.01178,0.03421,0.0366,0.02695,104.0,104.0,0.60468,0.739
corpus:281-berba-pt-dishes@13.677,kick,corpus,13.677,4.85304,1916.33663,1868.3681,-1.92101,0.32398,0.63567,0.01889,0.01468,0.00574,0.00104,104.0,104.0,0.5387,0.737
corpus:281-berba-pt-dishes@30.244,kick,corpus,30.244,7.0672,3776.66781,3829.96915,-6.43556,0.4589,0.37057,0.01494,0.04879,0.05849,0.04831,104.0,104.0,0.50312,0.722
corpus:281-berba-pt-dishes@30.151,kick,corpus,30.151,7.2437,2209.67677,2209.67677,-8.11405,0.26153,0.63354,0.03193,0.05278,0.01674,0.00348,92.0,92.0,0.38001,0.703
corpus:281-berba-pt-dishes@13.096,kick,corpus,13.096,5.23208,2347.92389,2347.92389,-2.95355,0.23793,0.65638,0.07062,0.02002,0.01091,0.00415,92.0,92.0,0.48062,0.658
corpus:281-berba-pt-dishes@10.553,clap,corpus,10.553,17.22596,3516.43586,3516.43586,20.7665,0.01421,0.04609,0.06801,0.45834,0.33215,0.08119,92.0,92.0,0.35831,0.655
corpus:281-berba-pt-dishes@29.06,kick,corpus,29.06,4.59591,2591.52262,2932.92854,-5.34615,0.42716,0.49217,0.04083,0.01513,0.01777,0.00694,186.0,186.0,0.72763,0.648
corpus:281-berba-pt-dishes@27.492,kick,corpus,27.492,4.45362,2596.27167,2918.51402,-5.06781,0.42669,0.50007,0.03626,0.01484,0.0155,0.00664,186.0,186.0,0.72488,0.645
corpus:282-stromtod-reaktor@62.717,kick,corpus,62.717,15.91497,1424.37317,1323.44739,-1.34242,0.39665,0.38089,0.16921,0.05118,0.00149,0.00057,4.0,74.0,0.08649,0.843
corpus:282-stromtod-reaktor@46.986,hook,corpus,46.986,25.33844,3499.22934,3712.4228,-1.67713,0.00145,0.00094,0.00775,0.21228,0.73126,0.04632,108.0,400.0,0.25078,0.768
corpus:282-stromtod-reaktor@22.221,hook,corpus,22.221,25.65836,3640.29091,3728.83774,0.08509,0.00338,0.00298,0.00827,0.1989,0.7499,0.03657,80.0,400.0,0.23936,0.737
corpus:282-stromtod-reaktor@8.626,kick,corpus,8.626,20.91938,2372.19697,2436.8254,0.35482,0.40704,0.31947,0.17541,0.06124,0.03231,0.00454,6.0,400.0,0.21851,0.71
corpus:282-stromtod-reaktor@23.394,space,corpus,23.394,14.77103,3682.54435,3506.12119,0.84113,0.00357,0.00369,0.0146,0.12536,0.83906,0.01372,400.0,400.0,0.98488,0.701
corpus:282-stromtod-reaktor@59.35,hook,corpus,59.35,25.45784,3672.19995,4059.55549,-2.21446,0.02591,0.01514,0.01164,0.10566,0.7537,0.08794,78.0,400.0,0.26988,0.684
corpus:282-stromtod-reaktor@38.185,space,corpus,38.185,13.47738,3793.69281,4057.26919,-0.82031,0.01833,0.0085,0.01841,0.08522,0.83887,0.03068,400.0,400.0,0.86053,0.683
corpus:282-stromtod-reaktor@34.598,hook,corpus,34.598,23.23561,3326.63489,3374.29431,-1.04625,0.00752,0.0118,0.04278,0.16114,0.75794,0.01882,44.0,400.0,0.39578,0.633
corpus:282-stromtod-reaktor@36.629,space,corpus,36.629,15.05529,3833.37817,3743.79255,1.09761,0.01905,0.01174,0.01556,0.12189,0.75442,0.07734,400.0,400.0,0.85135,0.611
corpus:282-stromtod-reaktor@27.295,space,corpus,27.295,21.09578,4040.40691,3966.22772,0.15822,0.01914,0.01046,0.0313,0.07431,0.78202,0.08278,400.0,400.0,0.7977,0.609
corpus:283-ayako-mori-inquieto-ayako-mori-bodhisattva-inquieto-remix@59.687,kick,corpus,59.687,6.46965,2256.63889,2256.63889,-23.83601,0.34102,0.5635,0.07203,0.00272,0.01536,0.00536,4.0,92.0,0.44602,0.862
corpus:283-ayako-mori-inquieto-ayako-mori-bodhisattva-inquieto-remix@60.883,kick,corpus,60.883,5.96576,2069.97853,2025.24541,-10.7971,0.39164,0.52304,0.07376,0.00386,0.00589,0.0018,116.0,116.0,0.57418,0.847
corpus:283-ayako-mori-inquieto-ayako-mori-bodhisattva-inquieto-remix@49.4,kick,corpus,49.4,10.10121,2175.21956,3386.65067,-18.29245,0.49131,0.43949,0.04347,0.00814,0.01105,0.00654,52.0,186.0,0.68941,0.844
corpus:283-ayako-mori-inquieto-ayako-mori-bodhisattva-inquieto-remix@59.884,kick,corpus,59.884,9.79204,3433.65498,3433.65498,-8.70641,0.48903,0.3405,0.04795,0.00631,0.08386,0.03234,92.0,92.0,0.48493,0.842
corpus:283-ayako-mori-inquieto-ayako-mori-bodhisattva-inquieto-remix@45.883,hook,corpus,45.883,19.08572,1972.56433,2795.99655,-3.98635,0.0013,0.15052,0.18298,0.45686,0.19175,0.01659,94.0,120.0,0.21673,0.813
corpus:283-ayako-mori-inquieto-ayako-mori-bodhisattva-inquieto-remix@52.198,kick,corpus,52.198,8.90424,1738.03229,2665.62664,-13.58693,0.42944,0.51096,0.04923,0.00601,0.00281,0.00155,34.0,196.0,0.70586,0.81
corpus:283-ayako-mori-inquieto-ayako-mori-bodhisattva-inquieto-remix@63.286,kick,corpus,63.286,7.19714,2510.79812,2631.67801,-9.3868,0.38301,0.48722,0.09527,0.00381,0.02316,0.00754,116.0,116.0,0.56669,0.81
corpus:283-ayako-mori-inquieto-ayako-mori-bodhisattva-inquieto-remix@52.605,kick,corpus,52.605,8.48897,1707.20691,2484.56287,-12.932,0.49628,0.4499,0.04371,0.00542,0.00364,0.00105,186.0,186.0,0.7787,0.809
corpus:283-ayako-mori-inquieto-ayako-mori-bodhisattva-inquieto-remix@34.191,hook,corpus,34.191,15.97366,5047.79585,5085.28867,-2.18113,0.00333,0.00015,0.00287,0.05029,0.66266,0.28071,64.0,104.0,0.05986,0.802
corpus:283-ayako-mori-inquieto-ayako-mori-bodhisattva-inquieto-remix@48.994,kick,corpus,48.994,10.13602,2796.4151,3312.67876,-7.52748,0.43443,0.47505,0.04758,0.0138,0.02023,0.00891,50.0,162.0,0.48096,0.796
corpus:283-ayako-mori-inquieto-ayako-mori-bodhisattva-inquieto-remix@60.488,kick,corpus,60.488,6.48876,2618.98097,2599.4551,-5.93098,0.41296,0.47764,0.07629,0.00398,0.02187,0.00726,116.0,116.0,0.58403,0.79
corpus:283-ayako-mori-inquieto-ayako-mori-bodhisattva-inquieto-remix@40.6,hook,corpus,40.6,13.91511,4717.8587,4866.32757,-10.97316,0.00115,0.01312,0.15946,0.15928,0.42562,0.24137,104.0,104.0,0.28955,0.785
corpus:283-ayako-mori-inquieto-ayako-mori-bodhisattva-inquieto-remix@62.392,kick,corpus,62.392,7.37872,1764.48128,1764.48128,-20.59333,0.22823,0.56132,0.16419,0.01713,0.02718,0.00195,42.0,92.0,0.45995,0.778
corpus:283-ayako-mori-inquieto-ayako-mori-bodhisattva-inquieto-remix@61.684,kick,corpus,61.684,6.34734,2154.26335,2070.82824,-1.97908,0.39932,0.51753,0.06697,0.0036,0.00978,0.00279,22.0,116.0,0.56942,0.768
corpus:283-ayako-mori-inquieto-ayako-mori-bodhisattva-inquieto-remix@59.385,kick,corpus,59.385,8.9013,2994.60785,3401.33157,-7.23661,0.448,0.43632,0.04818,0.0057,0.04534,0.01647,82.0,196.0,0.58094,0.753
corpus:283-ayako-mori-inquieto-ayako-mori-bodhisattva-inquieto-remix@14.303,hook,corpus,14.303,13.57567,4715.12146,4715.12146,1.75742,0.00088,0.09955,0.23295,0.04367,0.44007,0.18288,80.0,80.0,0.04329,0.742
corpus:283-ayako-mori-inquieto-ayako-mori-bodhisattva-inquieto-remix@15.499,hook,corpus,15.499,15.69492,4255.0602,4255.0602,-14.5016,0.00019,0.05248,0.10896,0.06285,0.62441,0.15111,80.0,80.0,0.0819,0.741
corpus:283-ayako-mori-inquieto-ayako-mori-bodhisattva-inquieto-remix@17.101,hook,corpus,17.101,13.55493,4341.74812,4341.74812,-19.44689,0.00031,0.05736,0.10768,0.05855,0.60582,0.1703,82.0,92.0,0.06297,0.735
corpus:283-ayako-mori-inquieto-ayako-mori-bodhisattva-inquieto-remix@62.566,space,corpus,62.566,7.94546,3037.48263,3037.48263,30.24924,0.42165,0.46307,0.08622,0.00357,0.01908,0.00642,64.0,92.0,0.12123,0.733
corpus:283-ayako-mori-inquieto-ayako-mori-bodhisattva-inquieto-remix@38.348,space,corpus,38.348,8.93782,2998.33998,3655.4591,-0.46465,0.30316,0.43717,0.15179,0.03101,0.06456,0.0123,12.0,400.0,0.99442,0.724
corpus:283-ayako-mori-inquieto-ayako-mori-bodhisattva-inquieto-remix@34.888,hook,corpus,34.888,13.68624,5367.10371,5367.10371,11.33377,6e-05,3e-05,0.00225,0.05374,0.6087,0.33522,68.0,68.0,0.07805,0.712
corpus:283-ayako-mori-inquieto-ayako-mori-bodhisattva-inquieto-remix@45.198,hook,corpus,45.198,16.07393,2258.44016,2023.26835,1.70286,0.00253,0.32345,0.25777,0.29932,0.11475,0.00218,104.0,394.0,0.43303,0.707
corpus:283-ayako-mori-inquieto-ayako-mori-bodhisattva-inquieto-remix@17.345,space,corpus,17.345,15.82168,3932.48839,3873.93362,9.93388,0.00121,0.05342,0.39559,0.03161,0.38752,0.13064,104.0,104.0,0.81746,0.668
corpus:283-ayako-mori-inquieto-ayako-mori-bodhisattva-inquieto-remix@39.486,space,corpus,39.486,9.15239,2895.63994,3839.77048,-3.80228,0.16946,0.44217,0.21308,0.05872,0.09943,0.01714,400.0,400.0,0.92464,0.666
corpus:284-vislumbres-persc@30.581,kick,corpus,30.581,9.89713,1837.55125,1954.61424,0.24883,0.68856,0.30629,0.00242,0.00081,0.00094,0.00097,40.0,156.0,0.16946,0.954
corpus:284-vislumbres-persc@10.937,kick,corpus,10.937,8.09253,646.87041,646.87041,-20.02397,0.40543,0.56722,0.02287,0.00383,0.00049,0.00016,50.0,92.0,0.11931,0.923
corpus:284-vislumbres-persc@14.64,kick,corpus,14.64,5.54081,650.00254,650.00254,-9.22442,0.37256,0.60417,0.02169,0.00148,8e-05,2e-05,68.0,68.0,0.17829,0.9
corpus:284-vislumbres-persc@7.198,kick,corpus,7.198,7.43525,1061.01425,850.9725,-1.45932,0.37333,0.60061,0.02127,0.00416,0.00047,0.00016,86.0,104.0,0.22871,0.873
corpus:284-vislumbres-persc@0.755,kick,corpus,0.755,7.04487,616.3726,745.55106,-5.85548,0.36561,0.51262,0.11795,0.00296,0.00076,0.0001,62.0,162.0,0.43532,0.864
corpus:284-vislumbres-persc@8.173,kick,corpus,8.173,6.46247,521.92961,749.51502,-3.51858,0.4087,0.49682,0.09215,0.00182,0.00048,4e-05,52.0,186.0,0.51875,0.851
corpus:284-vislumbres-persc@19.841,kick,corpus,19.841,9.03131,546.82895,1018.65056,-11.10439,0.24683,0.59147,0.15617,0.00489,0.00048,0.00017,114.0,150.0,0.47528,0.797
corpus:284-vislumbres-persc@36.792,hook,corpus,36.792,12.86712,4894.50748,4894.50748,-4.03518,4e-05,6e-05,0.00115,0.34963,0.34815,0.30098,68.0,68.0,0.35625,0.784
corpus:284-vislumbres-persc@52.384,space,corpus,52.384,13.69846,3825.59156,2319.70788,19.94638,0.22902,0.4962,0.1963,0.02109,0.03847,0.01891,76.0,256.0,0.8344,0.77
corpus:284-vislumbres-persc@63.576,space,corpus,63.576,13.21103,4133.65957,2797.09702,17.62727,0.24642,0.48251,0.19201,0.01682,0.03874,0.0235,52.0,244.0,0.56501,0.759
corpus:284-vislumbres-persc@56.123,space,corpus,56.123,11.41583,4283.68708,2917.66603,17.74518,0.30512,0.51791,0.12962,0.00547,0.01835,0.02353,68.0,256.0,0.53031,0.758
corpus:284-vislumbres-persc@12.399,kick,corpus,12.399,9.40783,620.09414,688.26291,1.96056,0.27557,0.55206,0.1696,0.00263,0.00011,4e-05,44.0,150.0,0.48111,0.741
corpus:284-vislumbres-persc@35.701,hook,corpus,35.701,18.53937,4684.81902,4177.68302,5.41462,0.09828,0.04593,0.02046,0.29837,0.38158,0.15537,126.0,232.0,0.23967,0.74
corpus:284-vislumbres-persc@59.838,space,corpus,59.838,13.48536,3548.61715,2130.22195,19.2064,0.24943,0.48399,0.20815,0.01797,0.02937,0.0111,44.0,256.0,0.75396,0.739
corpus:284-vislumbres-persc@8.092,kick,corpus,8.092,6.20504,890.27503,890.27503,6.30058,0.31029,0.64411,0.04374,0.00161,0.00019,6e-05,80.0,80.0,0.45882,0.722
corpus:284-vislumbres-persc@9.172,kick,corpus,9.172,8.19725,1044.01474,1044.01474,-0.68295,0.18853,0.53914,0.26997,0.00211,0.00018,7e-05,80.0,80.0,0.29952,0.72
corpus:284-vislumbres-persc@4.981,kick,corpus,4.981,8.14373,621.79294,814.5103,-7.30265,0.15918,0.56467,0.2718,0.00403,0.00026,6e-05,96.0,138.0,0.47939,0.71
corpus:284-vislumbres-persc@7.303,kick,corpus,7.303,8.712,688.0917,915.1765,-13.39547,0.13149,0.56491,0.29453,0.00847,0.00059,2e-05,104.0,104.0,0.5238,0.704
corpus:284-vislumbres-persc@33.355,hook,corpus,33.355,16.60141,4494.72207,4036.2789,4.86854,0.12361,0.05488,0.05863,0.25813,0.34592,0.15883,50.0,220.0,0.3166,0.685
corpus:284-vislumbres-persc@31.498,hook,corpus,31.498,16.61077,4342.93762,3897.71331,5.88835,0.13533,0.10293,0.07204,0.25379,0.31199,0.12393,68.0,220.0,0.27972,0.666
corpus:284-vislumbres-persc@37.082,hook,corpus,37.082,19.22417,4776.78935,3932.03797,11.5234,0.08799,0.08603,0.03869,0.38208,0.29511,0.11011,68.0,220.0,0.20967,0.64
corpus:284-vislumbres-persc@35.213,hook,corpus,35.213,15.95325,4378.67135,4037.13424,3.92606,0.13864,0.15514,0.04461,0.22775,0.30726,0.1266,118.0,244.0,0.33697,0.633
corpus:286-p-t-b-s-sascha-m-ller-waveshaper@1.324,kick,corpus,1.324,4.61863,1643.62003,1643.62003,-19.68364,0.72721,0.25693,0.01073,0.00394,0.00087,0.00032,68.0,68.0,0.14804,0.981
corpus:286-p-t-b-s-sascha-m-ller-waveshaper@6.78,kick,corpus,6.78,6.63361,2447.9752,2404.28198,-15.78879,0.7179,0.26457,0.0074,0.00188,0.00089,0.00736,90.0,104.0,0.18971,0.973
corpus:286-p-t-b-s-sascha-m-ller-waveshaper@32.102,kick,corpus,32.102,5.58889,2581.66963,2640.37834,-8.49832,0.73434,0.25055,0.00575,0.00075,0.00109,0.00752,104.0,104.0,0.28052,0.965
corpus:286-p-t-b-s-sascha-m-ller-waveshaper@0.546,kick,corpus,0.546,5.60396,2546.30223,2618.51992,-7.36095,0.73826,0.24801,0.00542,0.00048,0.0006,0.00723,94.0,104.0,0.27842,0.964
corpus:286-p-t-b-s-sascha-m-ller-waveshaper@36.862,kick,corpus,36.862,4.48527,906.14199,1228.58041,-7.77,0.75409,0.23291,0.01129,0.00132,0.00027,0.00012,52.0,128.0,0.4575,0.958
corpus:286-p-t-b-s-sascha-m-ller-waveshaper@35.225,kick,corpus,35.225,9.45333,2414.90697,2434.97819,-2.15356,0.71391,0.26604,0.00705,0.00358,0.00181,0.00761,90.0,196.0,0.21005,0.951
corpus:286-p-t-b-s-sascha-m-ller-waveshaper@8.557,kick,corpus,8.557,9.71531,2794.32159,2800.89542,-0.97968,0.73015,0.25352,0.00453,0.0005,0.00101,0.01029,72.0,186.0,0.21504,0.945
corpus:286-p-t-b-s-sascha-m-ller-waveshaper@3.228,kick,corpus,3.228,9.29399,2478.49502,2443.0814,-2.10142,0.6855,0.28827,0.00921,0.00605,0.0022,0.00877,80.0,186.0,0.22651,0.943
corpus:286-p-t-b-s-sascha-m-ller-waveshaper@36.989,kick,corpus,36.989,8.34033,2555.33958,2725.23179,-2.19997,0.73915,0.24666,0.0032,0.00024,0.00086,0.00989,72.0,186.0,0.30257,0.941
corpus:286-p-t-b-s-sascha-m-ller-waveshaper@29.884,kick,corpus,29.884,8.70953,2674.55403,2724.10264,-2.98497,0.69949,0.28055,0.00715,0.00251,0.00111,0.00918,72.0,174.0,0.29548,0.938
corpus:286-p-t-b-s-sascha-m-ller-waveshaper@33.437,kick,corpus,33.437,8.31239,2431.92666,2457.99979,-0.10137,0.71411,0.26819,0.00793,0.00236,0.00096,0.00646,90.0,186.0,0.28049,0.936
corpus:286-p-t-b-s-sascha-m-ller-waveshaper@43.654,kick,corpus,43.654,8.63564,2638.24445,2519.30725,2.02512,0.73067,0.25456,0.0049,0.00073,0.00105,0.00809,72.0,186.0,0.35199,0.908
corpus:286-p-t-b-s-sascha-m-ller-waveshaper@20.55,hook,corpus,20.55,13.88844,5948.86308,5948.86308,1.69509,0.00053,0.00162,0.36442,0.00353,0.09079,0.53911,66.0,92.0,0.07257,0.803
corpus:286-p-t-b-s-sascha-m-ller-waveshaper@16.66,hook,corpus,16.66,18.44105,5802.90451,4805.22721,6.34287,0.00114,0.01141,0.37707,0.12152,0.02666,0.4622,100.0,324.0,0.32326,0.748
corpus:286-p-t-b-s-sascha-m-ller-waveshaper@16.3,hat,corpus,16.3,13.74951,6750.74495,6837.8563,-7.63418,3e-05,0.00019,0.00193,0.00553,0.2036,0.78871,56.0,128.0,0.6902,0.745
corpus:286-p-t-b-s-sascha-m-ller-waveshaper@13.967,hook,corpus,13.967,14.28554,4547.57159,4420.42311,0.5956,0.00275,0.02097,0.59999,0.22464,0.04154,0.11011,60.0,116.0,0.24919,0.734
corpus:286-p-t-b-s-sascha-m-ller-waveshaper@12.516,hat,corpus,12.516,18.80829,6589.68071,6386.9176,3.21947,0.00345,0.00078,0.05802,0.00836,0.07503,0.85437,96.0,256.0,0.92365,0.721
corpus:286-p-t-b-s-sascha-m-ller-waveshaper@19.632,hat,corpus,19.632,18.27379,7056.36573,6860.36627,3.45296,0.0005,0.00072,0.01755,0.00259,0.07606,0.90258,56.0,232.0,0.71347,0.708
corpus:286-p-t-b-s-sascha-m-ller-waveshaper@21.432,hook,corpus,21.432,16.03776,6462.03876,6395.22344,1.82528,0.00026,0.0011,0.1288,0.00372,0.08457,0.78155,104.0,104.0,0.12293,0.691
corpus:286-p-t-b-s-sascha-m-ller-waveshaper@13.433,hook,corpus,13.433,19.76057,5626.59429,5813.80932,3.00471,0.00048,0.00153,0.24457,0.03742,0.13619,0.57982,66.0,314.0,0.30679,0.69
corpus:286-p-t-b-s-sascha-m-ller-waveshaper@9.172,space,corpus,9.172,11.44924,5461.07467,5228.89161,15.09201,0.24962,0.12729,0.00404,0.02181,0.18488,0.41235,138.0,138.0,0.53887,0.675
corpus:286-p-t-b-s-sascha-m-ller-waveshaper@11.889,hook,corpus,11.889,13.33253,5986.02083,5995.47679,-1.08272,0.00189,0.00141,0.03919,0.01953,0.29238,0.64561,104.0,104.0,0.27116,0.674
corpus:286-p-t-b-s-sascha-m-ller-waveshaper@14.327,hook,corpus,14.327,18.21794,5859.99353,5858.18367,4.55663,0.00108,0.00276,0.25383,0.03525,0.10195,0.60513,180.0,314.0,0.35111,0.653
corpus:286-p-t-b-s-sascha-m-ller-waveshaper@18.425,hook,corpus,18.425,16.92726,6002.42097,5398.76733,3.40793,0.00081,0.02272,0.53458,0.01936,0.00561,0.41692,94.0,324.0,0.35161,0.647
corpus:286-p-t-b-s-sascha-m-ller-waveshaper@19.865,hat,corpus,19.865,12.49427,6802.45682,6900.52989,-9.34859,0.00027,0.00015,0.0004,0.00352,0.23383,0.76183,52.0,116.0,0.45087,0.62
corpus:286-p-t-b-s-sascha-m-ller-waveshaper@16.068,hat,corpus,16.068,18.19795,6591.80423,6530.40754,2.42624,0.0005,0.00098,0.16241,0.00504,0.07646,0.7546,86.0,232.0,0.97872,0.617
corpus:287-pakistand-techno-force-katakombs@27.133,kick,corpus,27.133,7.09414,2764.49911,2764.49911,-37.64576,0.4605,0.46896,0.03278,0.00575,0.01395,0.01807,92.0,92.0,0.57136,0.889
corpus:287-pakistand-techno-force-katakombs@28.851,kick,corpus,28.851,8.90487,2999.32003,2999.32003,-17.30741,0.39425,0.52736,0.03973,0.00572,0.01461,0.01834,42.0,68.0,0.18794,0.866
corpus:287-pakistand-techno-force-katakombs@28.421,kick,corpus,28.421,8.81514,3028.71282,3028.71282,-17.43168,0.39196,0.54159,0.02094,0.00922,0.01622,0.02007,58.0,68.0,0.21369,0.86
corpus:287-pakistand-techno-force-katakombs@4.841,kick,corpus,4.841,3.84545,1594.76588,1594.76588,-30.19885,0.28682,0.65912,0.04698,0.00522,0.00099,0.00087,80.0,80.0,0.33269,0.858
corpus:287-pakistand-techno-force-katakombs@53.917,kick,corpus,53.917,10.38955,2144.31901,2144.31901,-9.42547,0.52189,0.27178,0.02928,0.1251,0.04161,0.01034,92.0,92.0,0.22693,0.849
corpus:287-pakistand-techno-force-katakombs@35.155,hook,corpus,35.155,14.59278,4549.04552,4579.09767,-7.98582,0.00172,0.01239,0.05048,0.16111,0.38132,0.39298,90.0,128.0,0.10362,0.848
corpus:287-pakistand-techno-force-katakombs@9.125,kick,corpus,9.125,4.14107,1582.05074,1582.05074,-7.30549,0.33981,0.60556,0.04745,0.00419,0.00164,0.00136,92.0,92.0,0.44027,0.84
corpus:287-pakistand-techno-force-katakombs@1.834,kick,corpus,1.834,3.73969,1556.53512,1597.45751,-10.07582,0.32587,0.61914,0.04783,0.00566,0.00085,0.00065,104.0,104.0,0.48936,0.834
corpus:287-pakistand-techno-force-katakombs@38.592,hook,corpus,38.592,15.08122,4335.27074,4449.29837,-17.28634,0.00229,0.00539,0.0408,0.24775,0.35266,0.35111,116.0,116.0,0.10507,0.834
corpus:287-pakistand-techno-force-katakombs@2.264,kick,corpus,2.264,4.07077,1748.78246,1810.22391,-11.84897,0.3235,0.61879,0.04883,0.00585,0.00173,0.00129,104.0,104.0,0.51108,0.83
corpus:287-pakistand-techno-force-katakombs@3.135,kick,corpus,3.135,3.75399,1925.93704,1925.93704,-11.72953,0.29433,0.64766,0.04953,0.00616,0.00129,0.00103,68.0,68.0,0.26388,0.824
corpus:287-pakistand-techno-force-katakombs@27.016,kick,corpus,27.016,9.11389,2881.70655,3287.20534,-28.0016,0.3873,0.50785,0.02781,0.01255,0.03237,0.03212,116.0,116.0,0.55715,0.824
corpus:287-pakistand-techno-force-katakombs@6.56,kick,corpus,6.56,3.95584,1904.71813,1904.71813,-9.6351,0.29471,0.64649,0.05039,0.00614,0.00122,0.00105,68.0,68.0,0.24453,0.82
corpus:287-pakistand-techno-force-katakombs@37.28,hook,corpus,37.28,15.22546,5044.22506,5172.2817,-5.35036,0.00475,0.03227,0.05933,0.08152,0.39938,0.42276,70.0,138.0,0.11387,0.818
corpus:287-pakistand-techno-force-katakombs@28.735,kick,corpus,28.735,9.80245,2839.79332,3162.75033,-31.77147,0.35014,0.53713,0.02958,0.00927,0.03463,0.03924,54.0,116.0,0.4479,0.814
corpus:287-pakistand-techno-force-katakombs@33.982,hook,corpus,33.982,13.27899,5240.34531,5240.34531,-6.7609,0.00323,0.0104,0.03414,0.06361,0.37789,0.51074,80.0,80.0,0.04919,0.814
corpus:287-pakistand-techno-force-katakombs@35.561,hook,corpus,35.561,15.25486,5161.79009,5246.56502,-0.65654,0.00247,0.04463,0.06276,0.05891,0.39288,0.43835,64.0,138.0,0.13201,0.814
corpus:287-pakistand-techno-force-katakombs@32.694,hook,corpus,32.694,13.11159,5188.31257,5188.31257,-0.55819,0.02367,0.06496,0.09879,0.03412,0.32441,0.45405,68.0,68.0,0.08917,0.808
corpus:287-pakistand-techno-force-katakombs@39.973,hook,corpus,39.973,14.78611,4857.3979,4857.3979,4.14348,0.00551,0.06599,0.06911,0.07376,0.38587,0.39977,58.0,92.0,0.15888,0.805
corpus:287-pakistand-techno-force-katakombs@36.548,hook,corpus,36.548,14.92088,4622.42828,4795.56283,-8.35486,0.00462,0.06917,0.07672,0.07415,0.37431,0.40103,58.0,104.0,0.146,0.801
corpus:287-pakistand-techno-force-katakombs@24.416,space,corpus,24.416,7.57868,2748.67476,2585.40825,4.5126,0.27964,0.57464,0.09762,0.01593,0.01687,0.0153,400.0,400.0,0.90738,0.631
corpus:287-pakistand-techno-force-katakombs@14.129,space,corpus,14.129,7.5095,2711.6507,2550.50955,4.15621,0.2885,0.56873,0.09635,0.01696,0.01538,0.01409,62.0,400.0,0.90556,0.613
corpus:287-pakistand-techno-force-katakombs@27.225,space,corpus,27.225,11.77735,3628.92395,4467.27451,-4.19922,0.24966,0.33111,0.02692,0.06317,0.24017,0.08897,400.0,400.0,0.81981,0.606
corpus:288-brutal-rave-bastards-nuke-vol-10@44.153,kick,corpus,44.153,1.48717,1347.42582,1347.42582,-26.6084,0.93681,0.03572,0.01482,0.00829,0.00348,0.00089,46.0,46.0,0.0,0.994
corpus:288-brutal-rave-bastards-nuke-vol-10@42.365,kick,corpus,42.365,1.81002,1693.13645,1693.13645,-23.99208,0.94371,0.03121,0.01555,0.00626,0.00255,0.00072,58.0,58.0,0.13669,0.993
corpus:288-brutal-rave-bastards-nuke-vol-10@41.471,kick,corpus,41.471,1.21646,1554.81598,1554.81598,-19.11904,0.95558,0.02375,0.00993,0.00686,0.00333,0.00055,68.0,68.0,0.28045,0.991
corpus:288-brutal-rave-bastards-nuke-vol-10@28.491,kick,corpus,28.491,1.20424,2013.06161,2013.06161,-3.22964,0.91945,0.04874,0.01942,0.00928,0.00233,0.00078,46.0,46.0,0.0,0.988
corpus:288-brutal-rave-bastards-nuke-vol-10@50.085,kick,corpus,50.085,1.41753,2024.02018,2024.02018,-3.39091,0.91673,0.04834,0.0207,0.01005,0.00331,0.00086,46.0,46.0,0.0,0.988
corpus:288-brutal-rave-bastards-nuke-vol-10@58.758,kick,corpus,58.758,1.29617,1981.54767,1981.54767,-0.16138,0.91806,0.05056,0.0188,0.00914,0.00267,0.00078,46.0,46.0,0.0,0.987
corpus:288-brutal-rave-bastards-nuke-vol-10@11.923,kick,corpus,11.923,1.06074,1969.41948,1969.41948,2.68885,0.92177,0.04814,0.01702,0.00992,0.00242,0.00073,46.0,46.0,0.0,0.985
corpus:288-brutal-rave-bastards-nuke-vol-10@25.449,kick,corpus,25.449,1.33995,1692.77255,1692.77255,1.27867,0.88672,0.07012,0.02432,0.01401,0.00369,0.00114,34.0,34.0,0.0,0.985
corpus:288-brutal-rave-bastards-nuke-vol-10@30.766,kick,corpus,30.766,1.77832,1909.57853,1909.57853,-1.76188,0.93463,0.03761,0.01575,0.00793,0.00329,0.00079,58.0,58.0,0.12837,0.985
corpus:288-brutal-rave-bastards-nuke-vol-10@40.229,kick,corpus,40.229,1.10522,1776.46769,1776.46769,-1.19443,0.9331,0.03799,0.01718,0.00857,0.00251,0.00065,58.0,58.0,0.13846,0.985
corpus:288-brutal-rave-bastards-nuke-vol-10@63.065,kick,corpus,63.065,1.47109,1661.67767,1661.67767,-1.31752,0.92594,0.04219,0.02285,0.00699,0.00148,0.00056,58.0,58.0,0.1377,0.985
corpus:288-brutal-rave-bastards-nuke-vol-10@38.243,kick,corpus,38.243,1.22846,1824.77497,1824.77497,0.28435,0.93166,0.03832,0.01783,0.00874,0.00276,0.0007,58.0,58.0,0.13635,0.983
corpus:289-void-r-nachtzug@2.148,kick,corpus,2.148,8.19109,1708.86408,1708.86408,-13.7081,0.82268,0.10406,0.00722,0.05928,0.00571,0.00105,68.0,68.0,0.15739,0.98
corpus:289-void-r-nachtzug@38.185,space,corpus,38.185,12.3829,4412.99883,4412.99883,41.41217,0.45994,0.16368,0.00751,0.01614,0.15044,0.20228,92.0,92.0,0.37647,0.964
corpus:289-void-r-nachtzug@11.204,kick,corpus,11.204,6.25352,1559.17475,1559.17475,-50.56397,0.51279,0.46543,0.015,0.00496,0.00095,0.00088,62.0,68.0,0.03676,0.956
corpus:289-void-r-nachtzug@40.844,space,corpus,40.844,10.92494,4633.61201,4633.61201,37.02167,0.45714,0.1691,0.00441,0.01046,0.14711,0.21177,80.0,80.0,0.27331,0.946
corpus:289-void-r-nachtzug@62.38,kick,corpus,62.38,7.76281,1680.0663,1680.0663,-17.19441,0.5334,0.43009,0.02136,0.01219,0.00223,0.00074,54.0,80.0,0.08663,0.946
corpus:289-void-r-nachtzug@33.773,space,corpus,33.773,11.85258,4354.72001,4150.46703,35.07021,0.42925,0.23358,0.0105,0.00941,0.11778,0.19948,116.0,116.0,0.4698,0.938
corpus:289-void-r-nachtzug@21.548,hook,corpus,21.548,18.03449,2261.9664,2261.9664,-25.2828,0.00013,0.0007,0.09965,0.82989,0.06407,0.00556,34.0,92.0,0.04297,0.935
corpus:289-void-r-nachtzug@19.783,hook,corpus,19.783,17.46632,2467.80241,2467.80241,-25.66566,7e-05,0.00018,0.08145,0.84817,0.06482,0.0053,34.0,80.0,0.02865,0.934
corpus:289-void-r-nachtzug@54.892,space,corpus,54.892,8.60676,4440.09101,4440.09101,39.87631,0.43429,0.39754,0.00652,0.05479,0.04433,0.06254,58.0,58.0,0.01509,0.932
corpus:289-void-r-nachtzug@25.321,hook,corpus,25.321,17.14306,2890.01608,2890.01608,-23.09058,0.00912,0.00301,0.09393,0.7348,0.07695,0.08219,20.0,68.0,0.01859,0.931
corpus:289-void-r-nachtzug@23.313,hook,corpus,23.313,17.8499,2384.2519,2384.2519,-21.3784,6e-05,0.00051,0.10684,0.82194,0.06652,0.00413,34.0,92.0,0.02739,0.93
corpus:289-void-r-nachtzug@0.604,kick,corpus,0.604,5.78404,907.28689,907.28689,2.27763,0.51805,0.47808,0.00282,0.00058,0.00022,0.00024,52.0,80.0,0.19639,0.926
corpus:289-void-r-nachtzug@20.666,hook,corpus,20.666,16.09575,2819.55505,2819.55505,-19.60985,6e-05,0.00029,0.08967,0.6874,0.20915,0.01343,40.0,80.0,0.05562,0.924
corpus:289-void-r-nachtzug@53.116,kick,corpus,53.116,7.01365,2182.69826,2182.69826,-30.46458,0.47178,0.44533,0.0151,0.02809,0.03497,0.00473,52.0,68.0,0.03101,0.921
corpus:289-void-r-nachtzug@6.455,kick,corpus,6.455,13.37276,3779.59411,4476.86291,-14.50488,0.64911,0.22367,0.00666,0.00434,0.05399,0.06223,48.0,174.0,0.17043,0.919
corpus:289-void-r-nachtzug@22.001,hook,corpus,22.001,16.36028,3013.95136,3013.95136,-29.01182,0.00047,0.00071,0.09816,0.70566,0.11484,0.08016,20.0,92.0,0.04674,0.919
corpus:289-void-r-nachtzug@18.901,hook,corpus,18.901,15.87027,2881.95961,2881.95961,-20.01252,2e-05,0.00078,0.13712,0.75974,0.07761,0.02473,46.0,92.0,0.07654,0.917
corpus:289-void-r-nachtzug@3.239,kick,corpus,3.239,6.35918,1555.3609,1555.3609,-22.30941,0.41225,0.5617,0.01319,0.00607,0.00623,0.00057,70.0,92.0,0.25721,0.913
corpus:289-void-r-nachtzug@9.985,kick,corpus,9.985,13.26771,3143.72786,4213.51196,-17.0826,0.60402,0.29538,0.00922,0.00371,0.04306,0.04461,80.0,196.0,0.31614,0.907
corpus:289-void-r-nachtzug@2.473,kick,corpus,2.473,13.89262,3401.75489,4323.68939,-12.19853,0.61359,0.26915,0.00654,0.00574,0.04944,0.05553,50.0,186.0,0.18482,0.905
corpus:289-void-r-nachtzug@49.586,kick,corpus,49.586,7.03834,2498.41575,2498.41575,-12.15322,0.47848,0.44698,0.01715,0.02635,0.0263,0.00475,52.0,68.0,0.02395,0.903
corpus:289-void-r-nachtzug@28.839,hook,corpus,28.839,16.20237,4299.61348,4299.61348,-0.54702,0.00761,0.00137,0.20155,0.38596,0.0859,0.31762,42.0,92.0,0.03644,0.902
corpus:289-void-r-nachtzug@1.149,kick,corpus,1.149,12.50318,3592.48639,4237.78142,-10.41076,0.63413,0.23114,0.00973,0.00649,0.05745,0.06107,62.0,186.0,0.31957,0.894
corpus:289-void-r-nachtzug@2.902,kick,corpus,2.902,12.98405,3121.39256,3663.12961,-5.04711,0.65429,0.25962,0.00762,0.00353,0.03622,0.03873,48.0,196.0,0.41482,0.877
corpus:289-void-r-nachtzug@58.909,hat,corpus,58.909,16.25428,6481.06721,6447.67577,0.86127,0.00024,0.00013,0.00015,0.02304,0.22471,0.75173,244.0,244.0,0.87478,0.648
corpus:289-void-r-nachtzug@27.063,clap,corpus,27.063,18.41133,3538.51804,3459.92615,15.32639,0.00035,0.00118,0.06082,0.71604,0.08865,0.13295,30.0,104.0,0.25843,0.646
corpus:289-void-r-nachtzug@58.688,hat,corpus,58.688,16.33301,6144.45265,6202.32135,-0.52885,2e-05,3e-05,0.00046,0.09894,0.19694,0.70361,220.0,220.0,0.85283,0.635
corpus:291-adscum-adscum-sarkas@45.708,kick,corpus,45.708,7.60743,1796.64203,1796.64203,-18.49503,0.30564,0.66704,0.01525,0.00256,0.00662,0.00289,54.0,92.0,0.32152,0.849
corpus:291-adscum-adscum-sarkas@32.787,kick,corpus,32.787,9.06558,2064.33169,1805.37938,-4.79543,0.31563,0.66228,0.01115,0.00166,0.00565,0.00362,14.0,116.0,0.25957,0.818
corpus:291-adscum-adscum-sarkas@44.907,kick,corpus,44.907,6.55567,1427.52832,1594.32032,-13.98557,0.27667,0.69429,0.02592,0.00098,0.00169,0.00046,14.0,104.0,0.64084,0.801
corpus:291-adscum-adscum-sarkas@36.467,kick,corpus,36.467,8.74841,1906.0858,1813.43045,-10.01643,0.27354,0.68666,0.02741,0.00254,0.00643,0.00342,34.0,116.0,0.38893,0.798
corpus:291-adscum-adscum-sarkas@27.225,kick,corpus,27.225,7.94586,1650.39186,1711.53418,-16.68439,0.2368,0.73875,0.01314,0.00363,0.00575,0.00192,26.0,116.0,0.44207,0.791
corpus:291-adscum-adscum-sarkas@34.609,kick,corpus,34.609,7.00736,1891.04719,1821.82697,-14.48825,0.24449,0.73425,0.01179,0.0025,0.00512,0.00184,32.0,104.0,0.45446,0.789
corpus:291-adscum-adscum-sarkas@48.599,kick,corpus,48.599,6.33887,1301.25783,1469.08261,-9.17734,0.27787,0.69264,0.02699,0.001,0.00122,0.00028,14.0,104.0,0.63548,0.776
corpus:291-adscum-adscum-sarkas@30.14,kick,corpus,30.14,6.59624,1386.07542,1471.27481,-9.10169,0.28104,0.6953,0.02099,0.00064,0.00166,0.00038,104.0,104.0,0.65525,0.772
corpus:291-adscum-adscum-sarkas@35.666,kick,corpus,35.666,8.10169,1893.89853,1524.65131,-6.46483,0.27936,0.65992,0.04946,0.00606,0.00413,0.00108,104.0,104.0,0.55804,0.769
corpus:291-adscum-adscum-sarkas@50.434,kick,corpus,50.434,8.17254,1651.21325,1465.66994,-3.35542,0.28342,0.66335,0.0448,0.00267,0.00489,0.00087,14.0,104.0,0.52441,0.761
corpus:291-adscum-adscum-sarkas@51.235,kick,corpus,51.235,8.32129,2132.20816,1962.12538,-6.71269,0.24369,0.70292,0.03846,0.00487,0.00674,0.00333,78.0,116.0,0.4021,0.747
corpus:291-adscum-adscum-sarkas@18.344,hook,corpus,18.344,20.76099,1943.42651,2058.31695,0.27108,0.00491,0.04809,0.21061,0.51603,0.21682,0.00353,94.0,400.0,0.42014,0.746
corpus:291-adscum-adscum-sarkas@33.797,kick,corpus,33.797,6.41476,1417.61139,1540.04475,-4.0055,0.2715,0.69614,0.02877,0.00134,0.00166,0.00059,104.0,104.0,0.56682,0.743
corpus:291-adscum-adscum-sarkas@57.179,space,corpus,57.179,11.05784,2462.30143,2999.35999,2.1289,0.18597,0.52295,0.15665,0.0768,0.0536,0.00403,28.0,400.0,0.99887,0.706
corpus:291-adscum-adscum-sarkas@29.42,hook,corpus,29.42,15.16103,3539.41419,3598.18116,-3.13642,0.00777,0.29428,0.36873,0.10343,0.1693,0.05649,66.0,116.0,0.2181,0.688
corpus:291-adscum-adscum-sarkas@31.266,hook,corpus,31.266,14.64408,3257.8921,3391.69336,-1.78848,0.00502,0.14664,0.50934,0.13236,0.1679,0.03874,90.0,116.0,0.26139,0.681
corpus:291-adscum-adscum-sarkas@27.574,hook,corpus,27.574,12.97482,3311.47004,3373.2343,4.00703,0.00944,0.37639,0.32363,0.12391,0.14115,0.02549,66.0,116.0,0.12373,0.665
corpus:291-adscum-adscum-sarkas@25.739,hook,corpus,25.739,14.66003,3721.85979,3721.85979,9.71309,0.00612,0.12296,0.50635,0.13067,0.17327,0.06063,36.0,68.0,0.03423,0.654
corpus:291-adscum-adscum-sarkas@33.019,hook,corpus,33.019,16.06621,4434.4229,4434.4229,-14.95264,0.01962,0.63453,0.06038,0.00995,0.13079,0.14473,92.0,92.0,0.14482,0.647
corpus:291-adscum-adscum-sarkas@55.345,space,corpus,55.345,10.55513,2347.86186,2295.92641,4.85959,0.18038,0.52951,0.14705,0.06766,0.06956,0.00584,28.0,400.0,0.99015,0.633
corpus:291-adscum-adscum-sarkas@58.34,space,corpus,58.34,10.39336,2543.79208,2518.50635,2.40226,0.18146,0.54392,0.14372,0.06904,0.05801,0.00385,100.0,400.0,0.9996,0.629
corpus:291-adscum-adscum-sarkas@57.133,space,corpus,57.133,13.09484,4327.66548,4327.66548,33.6424,0.01712,0.14222,0.12034,0.08219,0.57609,0.06204,46.0,46.0,0.0,0.624
corpus:292-sascha-m-ller-punkt-10-02-sascha-muller-10-02@34.099,kick,corpus,34.099,13.05996,2163.03112,3040.93514,-18.16316,0.82726,0.05539,0.03478,0.00625,0.0423,0.03402,38.0,174.0,0.2586,0.976
corpus:292-sascha-m-ller-punkt-10-02-sascha-muller-10-02@13.526,kick,corpus,13.526,11.34832,2768.69931,3094.80732,-19.61273,0.80707,0.06269,0.03487,0.01636,0.04393,0.03508,66.0,116.0,0.22383,0.974
corpus:292-sascha-m-ller-punkt-10-02-sascha-muller-10-02@54.671,kick,corpus,54.671,11.01899,3056.04618,3027.3825,-13.38288,0.81303,0.05802,0.0257,0.02332,0.04417,0.03576,38.0,104.0,0.18874,0.973
corpus:292-sascha-m-ller-punkt-10-02-sascha-muller-10-02@58.096,kick,corpus,58.096,9.29668,2643.99838,2961.3641,-21.04011,0.80724,0.05992,0.02451,0.03051,0.04265,0.03517,68.0,116.0,0.21614,0.973
corpus:292-sascha-m-ller-punkt-10-02-sascha-muller-10-02@60.221,kick,corpus,60.221,11.43649,2203.13605,3243.41702,-9.99302,0.86323,0.05819,0.00552,0.00479,0.0344,0.03387,70.0,148.0,0.25951,0.973
corpus:292-sascha-m-ller-punkt-10-02-sascha-muller-10-02@16.951,kick,corpus,16.951,12.65707,1862.80569,3338.71998,-18.2114,0.80319,0.08759,0.02936,0.00835,0.03971,0.03181,76.0,142.0,0.28484,0.971
corpus:292-sascha-m-ller-punkt-10-02-sascha-muller-10-02@40.948,kick,corpus,40.948,13.74003,1870.87764,3311.47408,-16.94195,0.81097,0.08706,0.03164,0.00693,0.0352,0.02819,76.0,220.0,0.28408,0.97
corpus:292-sascha-m-ller-punkt-10-02-sascha-muller-10-02@40.542,kick,corpus,40.542,10.09405,1826.36889,3134.71071,-24.04878,0.84498,0.04112,0.02567,0.00584,0.04676,0.03564,46.0,186.0,0.4842,0.969
corpus:292-sascha-m-ller-punkt-10-02-sascha-muller-10-02@11.807,kick,corpus,11.807,9.51831,3205.61421,3461.88437,-16.45509,0.80735,0.0624,0.00972,0.01946,0.05587,0.04521,76.0,116.0,0.25299,0.968
corpus:292-sascha-m-ller-punkt-10-02-sascha-muller-10-02@47.81,kick,corpus,47.81,12.87002,2047.00566,3119.20702,-14.09836,0.80387,0.07737,0.03685,0.01016,0.03993,0.03182,38.0,208.0,0.28876,0.968
corpus:292-sascha-m-ller-punkt-10-02-sascha-muller-10-02@31.08,kick,corpus,31.08,12.82671,1699.96468,2807.62574,-10.57927,0.81749,0.06199,0.0493,0.01616,0.03048,0.02459,72.0,232.0,0.28399,0.967
corpus:292-sascha-m-ller-punkt-10-02-sascha-muller-10-02@45.685,kick,corpus,45.685,10.24746,1903.30301,3136.9034,-23.21254,0.83461,0.03418,0.0319,0.01137,0.05016,0.03778,46.0,186.0,0.47289,0.967
corpus:292-sascha-m-ller-punkt-10-02-sascha-muller-10-02@54.776,hook,corpus,54.776,9.7783,1349.63806,1349.63806,-13.95642,0.30409,0.04382,0.05746,0.58796,0.00656,0.0001,68.0,68.0,0.18997,0.85
corpus:292-sascha-m-ller-punkt-10-02-sascha-muller-10-02@61.626,hook,corpus,61.626,20.76598,2904.07655,4825.40639,-9.82566,0.00095,0.00035,0.05152,0.4332,0.27896,0.23501,58.0,400.0,0.27356,0.844
corpus:292-sascha-m-ller-punkt-10-02-sascha-muller-10-02@10.844,hook,corpus,10.844,11.48644,1008.70583,1030.48328,-4.95794,0.07544,0.13985,0.35844,0.39476,0.0312,0.00031,48.0,116.0,0.29699,0.813
corpus:292-sascha-m-ller-punkt-10-02-sascha-muller-10-02@7.732,hook,corpus,7.732,12.51056,1164.21626,1246.17473,-7.05428,0.0294,0.06523,0.46239,0.4235,0.01934,0.00014,116.0,116.0,0.39569,0.802
corpus:292-sascha-m-ller-punkt-10-02-sascha-muller-10-02@51.351,hook,corpus,51.351,11.89728,1780.68633,1814.28651,-9.22103,0.33003,0.02926,0.02901,0.58256,0.0275,0.00164,116.0,116.0,0.38274,0.796
corpus:292-sascha-m-ller-punkt-10-02-sascha-muller-10-02@11.157,hook,corpus,11.157,12.84997,1058.04839,1083.59453,-7.92974,0.052,0.09203,0.4413,0.39468,0.01984,0.00015,40.0,116.0,0.45728,0.782
corpus:292-sascha-m-ller-punkt-10-02-sascha-muller-10-02@63.344,clap,corpus,63.344,18.15699,2274.58404,1598.45453,6.69793,0.00028,0.00033,0.1025,0.82492,0.01311,0.05886,114.0,400.0,0.98122,0.758
corpus:292-sascha-m-ller-punkt-10-02-sascha-muller-10-02@11.923,hook,corpus,11.923,13.51355,1287.11048,1287.11048,2.09843,0.13216,0.11037,0.15354,0.59449,0.00933,0.00011,92.0,92.0,0.26813,0.756
corpus:292-sascha-m-ller-punkt-10-02-sascha-muller-10-02@62.16,hook,corpus,62.16,15.86877,1692.8911,1419.3175,4.05915,0.00314,0.01439,0.63547,0.32946,0.01712,0.00043,30.0,116.0,0.23109,0.732
corpus:292-sascha-m-ller-punkt-10-02-sascha-muller-10-02@8.487,clap,corpus,8.487,12.58248,1125.60939,1266.6144,0.02446,0.00033,0.00096,0.06816,0.92787,0.00266,1e-05,110.0,302.0,0.86725,0.726
corpus:292-sascha-m-ller-punkt-10-02-sascha-muller-10-02@6.78,clap,corpus,6.78,12.81857,1307.41769,1608.49941,-1.43874,0.00217,0.00364,0.06093,0.92674,0.00626,0.00027,66.0,302.0,0.8889,0.716
corpus:292-sascha-m-ller-punkt-10-02-sascha-muller-10-02@9.868,clap,corpus,9.868,16.35395,1321.61731,1400.83527,0.07465,0.00138,0.0003,0.0082,0.97331,0.01679,3e-05,66.0,336.0,0.72323,0.655
corpus:292-sascha-m-ller-punkt-10-02-sascha-muller-10-02@54.846,rumble,corpus,54.846,9.63297,1060.01024,1148.75955,1.65427,0.41287,0.33842,0.11132,0.13347,0.00385,8e-05,208.0,208.0,0.98634,0.621
corpus:295-the-d3vi7-back-to-house@28.526,kick,corpus,28.526,9.98643,875.62832,796.27703,3.77831,0.61188,0.27812,0.10622,0.00243,0.00126,9e-05,52.0,176.0,0.33412,0.916
corpus:295-the-d3vi7-back-to-house@4.331,kick,corpus,4.331,10.82098,2641.9598,3774.31858,-14.38512,0.58035,0.27917,0.08373,0.00252,0.01523,0.03901,124.0,208.0,0.39274,0.898
corpus:295-the-d3vi7-back-to-house@0.615,kick,corpus,0.615,11.49293,2680.53059,3803.81883,-15.05814,0.54257,0.28985,0.10483,0.00178,0.01671,0.04425,138.0,196.0,0.43297,0.878
corpus:295-the-d3vi7-back-to-house@61.533,kick,corpus,61.533,12.03859,2488.30437,3585.81853,-10.31988,0.56684,0.28586,0.08991,0.00431,0.01475,0.03833,106.0,230.0,0.43698,0.871
corpus:295-the-d3vi7-back-to-house@5.735,kick,corpus,5.735,13.17417,2723.44829,3719.79071,-7.76022,0.55372,0.2737,0.10321,0.00203,0.01819,0.04916,96.0,162.0,0.37881,0.865
corpus:295-the-d3vi7-back-to-house@2.009,kick,corpus,2.009,12.88537,2651.71548,3780.82926,-11.56938,0.52534,0.30525,0.10334,0.004,0.01718,0.04488,96.0,162.0,0.41076,0.864
corpus:295-the-d3vi7-back-to-house@1.045,kick,corpus,1.045,9.21943,2428.46568,3043.44068,-6.64494,0.59358,0.26666,0.0842,0.00814,0.01362,0.0338,128.0,220.0,0.5089,0.862
corpus:295-the-d3vi7-back-to-house@62.009,kick,corpus,62.009,11.39239,2653.76307,3779.65069,-12.56065,0.53666,0.30747,0.0907,0.0057,0.01797,0.04151,126.0,220.0,0.42746,0.862
corpus:295-the-d3vi7-back-to-house@2.473,kick,corpus,2.473,11.64913,2711.35337,3800.30789,-11.69482,0.53322,0.29734,0.10919,0.00295,0.01691,0.04038,126.0,200.0,0.42504,0.861
corpus:295-the-d3vi7-back-to-house@5.271,kick,corpus,5.271,10.81759,2914.55732,3842.91369,-14.48813,0.50969,0.26853,0.13232,0.00183,0.02502,0.0626,78.0,196.0,0.38156,0.858
corpus:295-the-d3vi7-back-to-house@2.937,kick,corpus,2.937,10.38172,2868.98687,3826.12838,-13.99808,0.52026,0.283,0.11872,0.00839,0.01984,0.0498,108.0,196.0,0.42586,0.857
corpus:295-the-d3vi7-back-to-house@6.653,kick,corpus,6.653,11.1835,2550.70512,3586.74028,-7.97549,0.57283,0.25802,0.10146,0.00487,0.01799,0.04484,120.0,222.0,0.45765,0.852
corpus:295-the-d3vi7-back-to-house@38.174,space,corpus,38.174,12.77072,4157.09066,4648.23133,-2.60038,0.07708,0.34295,0.4188,0.017,0.1053,0.03887,84.0,400.0,0.98766,0.822
corpus:295-the-d3vi7-back-to-house@21.537,space,corpus,21.537,12.66207,5202.06327,5628.44467,-0.39688,0.07467,0.33563,0.29162,0.00508,0.0903,0.20269,40.0,244.0,0.81083,0.701
corpus:295-the-d3vi7-back-to-house@20.329,space,corpus,20.329,8.12977,2570.22179,3863.49683,0.44976,0.48462,0.40722,0.0866,0.00648,0.00504,0.01004,76.0,400.0,0.99894,0.691
corpus:295-the-d3vi7-back-to-house@18.007,space,corpus,18.007,9.7105,3312.84537,3782.10608,0.41615,0.47344,0.36713,0.09682,0.0159,0.02833,0.01838,216.0,400.0,0.9989,0.677
corpus:296-va-coyote-paul-will-this-madness-ever-end@34.76,hook,corpus,34.76,14.04668,4439.86694,4439.86694,-3.25674,7e-05,7e-05,0.14404,0.19582,0.39883,0.26116,68.0,68.0,0.05917,0.87
corpus:296-va-coyote-paul-will-this-madness-ever-end@31.045,hook,corpus,31.045,17.67285,4948.29317,5123.84157,-3.92819,9e-05,0.00116,0.04568,0.19349,0.32996,0.42963,84.0,186.0,0.19717,0.822
corpus:296-va-coyote-paul-will-this-madness-ever-end@30.395,hook,corpus,30.395,12.6987,3662.5313,3662.5313,0.18902,0.00015,0.00155,0.47822,0.2403,0.18703,0.09275,92.0,92.0,0.14381,0.799
corpus:296-va-coyote-paul-will-this-madness-ever-end@29.919,hook,corpus,29.919,13.11665,3701.87027,3701.87027,3.99781,5e-05,0.00037,0.39282,0.302,0.21527,0.08949,92.0,92.0,0.13155,0.769
corpus:296-va-coyote-paul-will-this-madness-ever-end@18.715,hook,corpus,18.715,16.44635,3005.36436,2993.70682,-0.16946,0.0011,5e-05,0.01978,0.22508,0.74329,0.0107,100.0,186.0,0.16646,0.767
corpus:296-va-coyote-paul-will-this-madness-ever-end@30.012,hook,corpus,30.012,14.4572,3683.56459,3679.35305,0.23224,3e-05,0.00119,0.25149,0.34278,0.30669,0.09782,118.0,174.0,0.29902,0.763
corpus:296-va-coyote-paul-will-this-madness-ever-end@30.186,hook,corpus,30.186,16.1758,4663.21113,4663.21113,10.10599,0.00012,0.00016,0.07314,0.22209,0.42398,0.28052,92.0,92.0,0.1525,0.752
corpus:296-va-coyote-paul-will-this-madness-ever-end@47.763,space,corpus,47.763,8.45676,3512.30557,4415.44662,-3.29547,0.07415,0.58484,0.13879,0.06415,0.10343,0.03464,400.0,400.0,0.94262,0.744
corpus:296-va-coyote-paul-will-this-madness-ever-end@15.662,hook,corpus,15.662,16.67811,4025.81374,3902.58691,1.62934,0.00186,0.00018,0.0813,0.5366,0.28052,0.09955,76.0,174.0,0.23221,0.739
corpus:296-va-coyote-paul-will-this-madness-ever-end@12.934,space,corpus,12.934,13.01808,4711.7588,5000.14183,0.45107,0.05017,0.34423,0.05765,0.08831,0.25957,0.20007,400.0,400.0,0.90198,0.707
corpus:296-va-coyote-paul-will-this-madness-ever-end@37.28,space,corpus,37.28,8.53867,3399.7451,2923.80433,3.75781,0.06341,0.55719,0.15543,0.08976,0.09738,0.03683,400.0,400.0,0.97325,0.699
corpus:296-va-coyote-paul-will-this-madness-ever-end@49.447,space,corpus,49.447,8.60965,3484.0157,3026.64966,3.26714,0.06879,0.58355,0.14013,0.07584,0.096,0.0357,400.0,400.0,0.93633,0.699
corpus:298-psy-shepherd-x-ethnomite-pux-x-invisible-electronic-quicksands-iv-ethnomite-pux-t@62.473,hook,corpus,62.473,16.23251,2424.20677,2424.20677,-22.50891,0.00034,0.00096,0.01845,0.64049,0.31843,0.02132,28.0,46.0,0.0,0.939
corpus:298-psy-shepherd-x-ethnomite-pux-x-invisible-electronic-quicksands-iv-ethnomite-pux-t@59.931,hook,corpus,59.931,18.19112,2901.05018,2901.05018,-17.1657,0.00171,0.00444,0.00886,0.57704,0.36412,0.04382,20.0,58.0,0.00426,0.93
corpus:298-psy-shepherd-x-ethnomite-pux-x-invisible-electronic-quicksands-iv-ethnomite-pux-t@59.849,hook,corpus,59.849,19.02474,2400.50022,2400.50022,-15.29354,0.00063,0.00136,0.01028,0.63339,0.33738,0.01696,12.0,80.0,0.01045,0.928
corpus:298-psy-shepherd-x-ethnomite-pux-x-invisible-electronic-quicksands-iv-ethnomite-pux-t@40.182,hook,corpus,40.182,15.54397,1788.64978,1788.64978,-15.43574,0.00225,0.00946,0.42201,0.47727,0.086,0.00301,40.0,80.0,0.04328,0.919
corpus:298-psy-shepherd-x-ethnomite-pux-x-invisible-electronic-quicksands-iv-ethnomite-pux-t@62.264,hook,corpus,62.264,20.33596,1734.9361,1828.94819,-18.12478,0.0038,0.02344,0.01895,0.44956,0.4875,0.01674,22.0,116.0,0.08414,0.914
corpus:298-psy-shepherd-x-ethnomite-pux-x-invisible-electronic-quicksands-iv-ethnomite-pux-t@56.924,hook,corpus,56.924,16.66622,1375.59753,1688.26898,-12.15663,0.00153,0.0172,0.30639,0.61497,0.05678,0.00312,32.0,128.0,0.10941,0.91
corpus:298-psy-shepherd-x-ethnomite-pux-x-invisible-electronic-quicksands-iv-ethnomite-pux-t@52.489,hook,corpus,52.489,16.50236,1513.32369,1619.63089,-12.10166,0.00087,0.00796,0.40929,0.53728,0.04189,0.00271,34.0,116.0,0.17023,0.898
corpus:298-psy-shepherd-x-ethnomite-pux-x-invisible-electronic-quicksands-iv-ethnomite-pux-t@62.38,hook,corpus,62.38,19.37767,2314.62581,2314.62581,-10.96155,0.00118,0.004,0.11202,0.50879,0.34147,0.03256,22.0,92.0,0.13615,0.896
corpus:298-psy-shepherd-x-ethnomite-pux-x-invisible-electronic-quicksands-iv-ethnomite-pux-t@23.057,clap,corpus,23.057,18.19511,1711.72335,2218.18152,1.8333,0.00071,0.00163,0.13873,0.85578,0.00299,0.00016,8.0,98.0,0.99482,0.874
corpus:298-psy-shepherd-x-ethnomite-pux-x-invisible-electronic-quicksands-iv-ethnomite-pux-t@30.557,clap,corpus,30.557,21.64494,1585.54619,1534.22482,0.17666,0.00572,0.02732,0.02889,0.90785,0.03002,0.00018,20.0,146.0,0.98121,0.836
corpus:298-psy-shepherd-x-ethnomite-pux-x-invisible-electronic-quicksands-iv-ethnomite-pux-t@0.952,clap,corpus,0.952,19.71776,1889.92885,2460.74302,-2.46121,0.00029,0.00139,0.17008,0.82034,0.0078,9e-05,40.0,110.0,0.99935,0.807
corpus:298-psy-shepherd-x-ethnomite-pux-x-invisible-electronic-quicksands-iv-ethnomite-pux-t@21.293,clap,corpus,21.293,9.26068,1324.60487,1452.92851,-1.6236,0.00015,0.00056,0.04706,0.95124,0.00093,6e-05,40.0,162.0,0.92303,0.8
corpus:298-psy-shepherd-x-ethnomite-pux-x-invisible-electronic-quicksands-iv-ethnomite-pux-t@7.837,clap,corpus,7.837,16.87003,1577.88437,2021.49871,1.44021,7e-05,0.00036,0.33328,0.66281,0.00337,0.00011,20.0,58.0,0.98321,0.792
corpus:298-psy-shepherd-x-ethnomite-pux-x-invisible-electronic-quicksands-iv-ethnomite-pux-t@20.898,clap,corpus,20.898,16.46908,1421.81321,2367.67404,-3.07473,4e-05,0.00155,0.18463,0.80722,0.00579,0.00077,10.0,104.0,0.98092,0.784
corpus:298-psy-shepherd-x-ethnomite-pux-x-invisible-electronic-quicksands-iv-ethnomite-pux-t@20.259,clap,corpus,20.259,21.99903,1460.20064,1700.86345,-0.94057,0.00014,0.00108,0.13197,0.81924,0.04728,0.00029,58.0,148.0,0.94664,0.775
corpus:298-psy-shepherd-x-ethnomite-pux-x-invisible-electronic-quicksands-iv-ethnomite-pux-t@10.437,clap,corpus,10.437,10.4305,1178.53643,1178.53643,15.70823,0.00012,0.00081,0.20626,0.79258,0.00021,2e-05,46.0,92.0,0.27263,0.746
corpus:300-stanley-hottek-flame@26.448,kick,corpus,26.448,6.00756,2292.58922,2455.19169,-17.33566,0.70693,0.27597,0.00902,0.00297,0.00055,0.00454,104.0,104.0,0.33628,0.969
corpus:300-stanley-hottek-flame@17.821,kick,corpus,17.821,6.6908,2069.9888,2069.9888,-16.39221,0.66641,0.28419,0.02953,0.01146,0.00689,0.00152,68.0,68.0,0.23434,0.968
corpus:300-stanley-hottek-flame@17.438,kick,corpus,17.438,4.28151,618.73564,1008.55334,-12.65698,0.72545,0.26427,0.00891,0.00111,0.00017,9e-05,128.0,128.0,0.48504,0.965
corpus:300-stanley-hottek-flame@2.438,kick,corpus,2.438,5.1553,1828.49174,1828.49174,-10.3154,0.68554,0.2847,0.01917,0.00704,0.00263,0.00093,92.0,92.0,0.39345,0.96
corpus:300-stanley-hottek-flame@27.4,kick,corpus,27.4,5.2211,1842.32219,1842.32219,-6.34787,0.66721,0.29833,0.02207,0.01023,0.00141,0.00075,80.0,80.0,0.34581,0.954
corpus:300-stanley-hottek-flame@20.677,kick,corpus,20.677,6.09722,2342.9507,2216.4491,-5.35153,0.6736,0.29143,0.02046,0.01002,0.00089,0.0036,80.0,104.0,0.3047,0.951
corpus:300-stanley-hottek-flame@13.967,kick,corpus,13.967,5.91974,2150.36037,2150.36037,-4.65549,0.64489,0.30718,0.02979,0.01031,0.00617,0.00166,68.0,68.0,0.25093,0.95
corpus:300-stanley-hottek-flame@21.037,kick,corpus,21.037,4.96717,642.93116,966.21721,-18.30252,0.61964,0.34502,0.03307,0.00208,0.00014,4e-05,104.0,104.0,0.63325,0.946
corpus:300-stanley-hottek-flame@10.136,kick,corpus,10.136,5.24795,2174.90493,2174.90493,1.93229,0.67685,0.28653,0.02321,0.00644,0.0059,0.00108,68.0,68.0,0.205,0.943
corpus:300-stanley-hottek-flame@12.04,kick,corpus,12.04,6.13393,1981.03324,1981.03324,-3.99619,0.67624,0.28326,0.02022,0.01345,0.00585,0.00098,92.0,92.0,0.38838,0.94
corpus:300-stanley-hottek-flame@15.511,kick,corpus,15.511,4.96049,1212.90557,1326.24631,-6.03774,0.68554,0.29503,0.01546,0.00296,0.00074,0.00027,128.0,128.0,0.50589,0.934
corpus:300-stanley-hottek-flame@46.37,kick,corpus,46.37,4.65076,656.78537,993.86021,-18.08965,0.66359,0.29174,0.03798,0.00652,0.00013,5e-05,116.0,116.0,0.70301,0.934
corpus:300-stanley-hottek-flame@48.286,rumble,corpus,48.286,4.92699,730.79087,489.57439,10.38388,0.66284,0.30342,0.02835,0.00508,0.00023,8e-05,116.0,116.0,0.7742,0.605
