item,artist,title,year,label,licence,download_url,length_s,collection,subject
sascha-muller-ssrextra74,Sascha Müller,Return In,2018,hifidelity_potpourri,https://creativecommons.org/licenses/by-nc-nd/4.0/,https://archive.org/download/sascha-muller-ssrextra74/01.%20Sascha%20Muller%20-%20Return%20In.wav,376.9,hifidelity_potpourri,Techno; Acid; Hard Techno; Acid House; House; Minimal Techno; Sascha Müller
sascha-muller-ssrextra74,Sascha Müller,Return Off,2018,hifidelity_potpourri,https://creativecommons.org/licenses/by-nc-nd/4.0/,https://archive.org/download/sascha-muller-ssrextra74/02.%20Sascha%20Muller%20-%20Return%20Off.wav,385.2,hifidelity_potpourri,Techno; Acid; Hard Techno; Acid House; House; Minimal Techno; Sascha Müller
sascha-muller-ssrextra74,Sascha Müller,Closer To The NDS Part 10,2018,hifidelity_potpourri,https://creativecommons.org/licenses/by-nc-nd/4.0/,https://archive.org/download/sascha-muller-ssrextra74/03.%20Sascha%20Muller%20-%20Closer%20To%20The%20NDS%20Part%2010.wav,320.6,hifidelity_potpourri,Techno; Acid; Hard Techno; Acid House; House; Minimal Techno; Sascha Müller
sascha-muller-ssrextra74,Sascha Müller,Return On,2018,hifidelity_potpourri,https://creativecommons.org/licenses/by-nc-nd/4.0/,https://archive.org/download/sascha-muller-ssrextra74/04.%20Sascha%20Muller%20-%20Return%20On.wav,398.7,hifidelity_potpourri,Techno; Acid; Hard Techno; Acid House; House; Minimal Techno; Sascha Müller
sascha-muller-ssrextra74,Sascha Müller,Katakomben,2018,hifidelity_potpourri,https://creativecommons.org/licenses/by-nc-nd/4.0/,https://archive.org/download/sascha-muller-ssrextra74/05.%20Sascha%20Muller%20-%20Katakomben.wav,470.0,hifidelity_potpourri,Techno; Acid; Hard Techno; Acid House; House; Minimal Techno; Sascha Müller
sascha-muller-ssrextra74,Sascha Müller,Return Out,2018,hifidelity_potpourri,https://creativecommons.org/licenses/by-nc-nd/4.0/,https://archive.org/download/sascha-muller-ssrextra74/06.%20Sascha%20Muller%20-%20Return%20Out.wav,371.9,hifidelity_potpourri,Techno; Acid; Hard Techno; Acid House; House; Minimal Techno; Sascha Müller
sascha-muller-ssrextra74,Sascha Müller,Network Exit,2018,hifidelity_potpourri,https://creativecommons.org/licenses/by-nc-nd/4.0/,https://archive.org/download/sascha-muller-ssrextra74/07.%20Sascha%20Muller%20-%20Network%20Exit.wav,433.1,hifidelity_potpourri,Techno; Acid; Hard Techno; Acid House; House; Minimal Techno; Sascha Müller
sascha-muller-ssrextra74,Sascha Müller,Perfect Sunrise,2018,hifidelity_potpourri,https://creativecommons.org/licenses/by-nc-nd/4.0/,https://archive.org/download/sascha-muller-ssrextra74/08.%20Sascha%20Muller%20-%20Perfect%20Sunrise.wav,354.2,hifidelity_potpourri,Techno; Acid; Hard Techno; Acid House; House; Minimal Techno; Sascha Müller
sascha-muller-ssrextra74,Sascha Müller,Reloaded,2018,hifidelity_potpourri,https://creativecommons.org/licenses/by-nc-nd/4.0/,https://archive.org/download/sascha-muller-ssrextra74/09.%20Sascha%20Muller%20-%20Reloaded.wav,371.8,hifidelity_potpourri,Techno; Acid; Hard Techno; Acid House; House; Minimal Techno; Sascha Müller
sascha-muller-ssrextra74,Sascha Müller,Telecontrol,2018,hifidelity_potpourri,https://creativecommons.org/licenses/by-nc-nd/4.0/,https://archive.org/download/sascha-muller-ssrextra74/10.%20Sascha%20Muller%20-%20Telecontrol.wav,422.9,hifidelity_potpourri,Techno; Acid; Hard Techno; Acid House; House; Minimal Techno; Sascha Müller
sascha-muller-ssrextra74,Sascha Müller,MS20 Suicide,2018,hifidelity_potpourri,https://creativecommons.org/licenses/by-nc-nd/4.0/,https://archive.org/download/sascha-muller-ssrextra74/11.%20Sascha%20Muller%20-%20MS20%20Suicide.wav,270.6,hifidelity_potpourri,Techno; Acid; Hard Techno; Acid House; House; Minimal Techno; Sascha Müller
sascha-muller-ssrextra74,Sascha Müller,Burn Korg Burn,2018,hifidelity_potpourri,https://creativecommons.org/licenses/by-nc-nd/4.0/,https://archive.org/download/sascha-muller-ssrextra74/12.%20Sascha%20Muller%20-%20Burn%20Korg%20Burn.wav,394.6,hifidelity_potpourri,Techno; Acid; Hard Techno; Acid House; House; Minimal Techno; Sascha Müller
sascha-muller-ssrextra77,Sascha Müller,Reaktorzwischenfall,2018,hifidelity_potpourri,https://creativecommons.org/licenses/by-nc-nd/4.0/,https://archive.org/download/sascha-muller-ssrextra77/01.%20Sascha%20Muller%20-%20Reaktorzwischenfall.wav,370.0,hifidelity_potpourri,Techno; Acid; Hard Techno; Acid House; House; Minimal Techno; Sascha Müller
sascha-muller-ssrextra77,Sascha Müller,My Clean Bigger 808,2018,hifidelity_potpourri,https://creativecommons.org/licenses/by-nc-nd/4.0/,https://archive.org/download/sascha-muller-ssrextra77/02.%20Sascha%20Muller%20-%20My%20Clean%20Bigger%20808.wav,376.6,hifidelity_potpourri,Techno; Acid; Hard Techno; Acid House; House; Minimal Techno; Sascha Müller
sascha-muller-ssrextra77,Sascha Müller,Zerebrale Nervenstimulation,2018,hifidelity_potpourri,https://creativecommons.org/licenses/by-nc-nd/4.0/,https://archive.org/download/sascha-muller-ssrextra77/03.%20Sascha%20Muller%20-%20Zerebrale%20Nervenstimulation.wav,358.9,hifidelity_potpourri,Techno; Acid; Hard Techno; Acid House; House; Minimal Techno; Sascha Müller
sascha-muller-ssrextra77,Sascha Müller,M-kng 1,2018,hifidelity_potpourri,https://creativecommons.org/licenses/by-nc-nd/4.0/,https://archive.org/download/sascha-muller-ssrextra77/04.%20Sascha%20Muller%20-%20M-kng%201.wav,307.8,hifidelity_potpourri,Techno; Acid; Hard Techno; Acid House; House; Minimal Techno; Sascha Müller
sascha-muller-ssrextra77,Sascha Müller,M-kng 2,2018,hifidelity_potpourri,https://creativecommons.org/licenses/by-nc-nd/4.0/,https://archive.org/download/sascha-muller-ssrextra77/05.%20Sascha%20Muller%20-%20M-kng%202.wav,289.4,hifidelity_potpourri,Techno; Acid; Hard Techno; Acid House; House; Minimal Techno; Sascha Müller
sascha-muller-ssrextra77,Sascha Müller,M-kng 3,2018,hifidelity_potpourri,https://creativecommons.org/licenses/by-nc-nd/4.0/,https://archive.org/download/sascha-muller-ssrextra77/06.%20Sascha%20Muller%20-%20M-kng%203.wav,239.4,hifidelity_potpourri,Techno; Acid; Hard Techno; Acid House; House; Minimal Techno; Sascha Müller
sascha-muller-ssrextra77,Sascha Müller,M-kng 4,2018,hifidelity_potpourri,https://creativecommons.org/licenses/by-nc-nd/4.0/,https://archive.org/download/sascha-muller-ssrextra77/07.%20Sascha%20Muller%20-%20M-kng%204.wav,302.0,hifidelity_potpourri,Techno; Acid; Hard Techno; Acid House; House; Minimal Techno; Sascha Müller
sascha-muller-ssrextra77,Sascha Müller,1 Meter,2018,hifidelity_potpourri,https://creativecommons.org/licenses/by-nc-nd/4.0/,https://archive.org/download/sascha-muller-ssrextra77/08.%20Sascha%20Muller%20-%201%20Meter.wav,252.3,hifidelity_potpourri,Techno; Acid; Hard Techno; Acid House; House; Minimal Techno; Sascha Müller
sascha-muller-ssrextra77,Sascha Müller,2 Meter,2018,hifidelity_potpourri,https://creativecommons.org/licenses/by-nc-nd/4.0/,https://archive.org/download/sascha-muller-ssrextra77/09.%20Sascha%20Muller%20-%202%20Meter.wav,284.3,hifidelity_potpourri,Techno; Acid; Hard Techno; Acid House; House; Minimal Techno; Sascha Müller
sascha-muller-ssrextra77,Sascha Müller,3 Meter,2018,hifidelity_potpourri,https://creativecommons.org/licenses/by-nc-nd/4.0/,https://archive.org/download/sascha-muller-ssrextra77/10.%20Sascha%20Muller%20-%203%20Meter.wav,152.5,hifidelity_potpourri,Techno; Acid; Hard Techno; Acid House; House; Minimal Techno; Sascha Müller
sascha-muller-ssrextra77,Sascha Müller,4 Meter,2018,hifidelity_potpourri,https://creativecommons.org/licenses/by-nc-nd/4.0/,https://archive.org/download/sascha-muller-ssrextra77/11.%20Sascha%20Muller%20-%204%20Meter.wav,305.4,hifidelity_potpourri,Techno; Acid; Hard Techno; Acid House; House; Minimal Techno; Sascha Müller
sascha-muller-ssrextra77,Sascha Müller,5 Meter,2018,hifidelity_potpourri,https://creativecommons.org/licenses/by-nc-nd/4.0/,https://archive.org/download/sascha-muller-ssrextra77/12.%20Sascha%20Muller%20-%205%20Meter.wav,289.1,hifidelity_potpourri,Techno; Acid; Hard Techno; Acid House; House; Minimal Techno; Sascha Müller
sascha-muller-ssrextra77,Sascha Müller,6 Meter,2018,hifidelity_potpourri,https://creativecommons.org/licenses/by-nc-nd/4.0/,https://archive.org/download/sascha-muller-ssrextra77/13.%20Sascha%20Muller%20-%206%20Meter.wav,314.6,hifidelity_potpourri,Techno; Acid; Hard Techno; Acid House; House; Minimal Techno; Sascha Müller
sascha-muller-ssrextra77,Sascha Müller,7 Meter,2018,hifidelity_potpourri,https://creativecommons.org/licenses/by-nc-nd/4.0/,https://archive.org/download/sascha-muller-ssrextra77/14.%20Sascha%20Muller%20-%207%20Meter.wav,320.8,hifidelity_potpourri,Techno; Acid; Hard Techno; Acid House; House; Minimal Techno; Sascha Müller
user080-user12746456775-child-ep,user12746456775,Problem Child,2026,user-records-netlabel,https://creativecommons.org/licenses/by-nc-nd/4.0/,https://archive.org/download/user080-user12746456775-child-ep/%28USER080%29%2001.%20user12746456775%20-%20Problem%20Child_Child%20EP.wav,371.8,user-records-netlabel,Techno; Acid; Hard Techno; USER Records; user12746456775
user080-user12746456775-child-ep,user12746456775,Untitled135,2026,user-records-netlabel,https://creativecommons.org/licenses/by-nc-nd/4.0/,https://archive.org/download/user080-user12746456775-child-ep/%28USER080%29%2002.%20user12746456775%20-%20Untitled135_Child%20EP.wav,341.6,user-records-netlabel,Techno; Acid; Hard Techno; USER Records; user12746456775
user079-user78954441235-cosmic-ep,user78954441235,Cosmic Function,2026,user-records-netlabel,https://creativecommons.org/licenses/by-nc-nd/4.0/,https://archive.org/download/user079-user78954441235-cosmic-ep/%28USER079%29%2001.%20user78954441235%20-%20Cosmic%20Function_Cosmic%20EP.wav,348.1,user-records-netlabel,Techno; Trance; Hard Techno; Acid; Acid Techno; USER Records; user78954441235
user079-user78954441235-cosmic-ep,user78954441235,Trip To The Moon,2026,user-records-netlabel,https://creativecommons.org/licenses/by-nc-nd/4.0/,https://archive.org/download/user079-user78954441235-cosmic-ep/%28USER079%29%2002.%20user78954441235%20-%20Trip%20To%20The%20Moon_Cosmic%20EP.wav,371.8,user-records-netlabel,Techno; Trance; Hard Techno; Acid; Acid Techno; USER Records; user78954441235
fressen009-sascha-muller-red-giant-ep,Sascha Müller,Red Giant,2021,fresscode-records-netlabel,https://creativecommons.org/licenses/by-nc-nd/4.0/,https://archive.org/download/fressen009-sascha-muller-red-giant-ep/%28Fressen009%29%2001.%20Sascha%20M%C3%BCller%20-%20Red%20Giant_Red%20Giant%20EP.wav,345.0,fresscode-records-netlabel,Techno; Hard Techno; Dark Techno; Schranz; Sascha Müller; Fresscode Records
fressen009-sascha-muller-red-giant-ep,Sascha Müller,Savage,2021,fresscode-records-netlabel,https://creativecommons.org/licenses/by-nc-nd/4.0/,https://archive.org/download/fressen009-sascha-muller-red-giant-ep/%28Fressen009%29%2002.%20Sascha%20M%C3%BCller%20-%20Savage_Red%20Giant%20EP.wav,340.2,fresscode-records-netlabel,Techno; Hard Techno; Dark Techno; Schranz; Sascha Müller; Fresscode Records
fressen009-sascha-muller-red-giant-ep,Sascha Müller,Secret Drop,2021,fresscode-records-netlabel,https://creativecommons.org/licenses/by-nc-nd/4.0/,https://archive.org/download/fressen009-sascha-muller-red-giant-ep/%28Fressen009%29%2003.%20Sascha%20M%C3%BCller%20-%20Secret%20Drop_Red%20Giant%20EP.wav,489.0,fresscode-records-netlabel,Techno; Hard Techno; Dark Techno; Schranz; Sascha Müller; Fresscode Records
fressen018-combat-killer-combat-troops-ep,Combat Killer,Combat Troops,2024,fresscode-records-netlabel,https://creativecommons.org/licenses/by-nc-nd/4.0/,https://archive.org/download/fressen018-combat-killer-combat-troops-ep/%28Fressen018%29%2001.%20Combat%20Killer%20-%20Combat%20Troops_Combat%20Troops%20EP.wav,402.2,fresscode-records-netlabel,Techno; Hard Techno; Acid; Acid Techno; Combat Killer; EP; Fresscode Records
fressen018-combat-killer-combat-troops-ep,Combat Killer,No Chance For Peace,2024,fresscode-records-netlabel,https://creativecommons.org/licenses/by-nc-nd/4.0/,https://archive.org/download/fressen018-combat-killer-combat-troops-ep/%28Fressen018%29%2002.%20Combat%20Killer%20-%20No%20Chance%20For%20Peace_Combat%20Troops%20EP.wav,445.5,fresscode-records-netlabel,Techno; Hard Techno; Acid; Acid Techno; Combat Killer; EP; Fresscode Records
fressen018-combat-killer-combat-troops-ep,Combat Killer,Lautlose Invasion,2024,fresscode-records-netlabel,https://creativecommons.org/licenses/by-nc-nd/4.0/,https://archive.org/download/fressen018-combat-killer-combat-troops-ep/%28Fressen018%29%2003.%20Combat%20Killer%20-%20Lautlose%20Invasion_Combat%20Troops%20EP.wav,370.3,fresscode-records-netlabel,Techno; Hard Techno; Acid; Acid Techno; Combat Killer; EP; Fresscode Records
dfs008-sascha-muller-generator-ep,Sascha Müller,Generator,2020,dancefloor-socialism-netlabel,https://creativecommons.org/licenses/by-nc-nd/4.0/,https://archive.org/download/dfs008-sascha-muller-generator-ep/%28DFS008%29%2001.%20Sascha%20M%C3%BCller%20-%20Generator_Generator%20EP.wav,364.4,dancefloor-socialism-netlabel,Hard Techno; Techno; Sascha Müller. Acid; Dancefloor Socialism
dfs008-sascha-muller-generator-ep,Sascha Müller,Merkwürdige Sachen,2020,dancefloor-socialism-netlabel,https://creativecommons.org/licenses/by-nc-nd/4.0/,https://archive.org/download/dfs008-sascha-muller-generator-ep/%28DFS008%29%2002.%20Sascha%20M%C3%BCller%20-%20Merkw%C3%BCrdige%20Sachen_Generator%20EP.wav,345.5,dancefloor-socialism-netlabel,Hard Techno; Techno; Sascha Müller. Acid; Dancefloor Socialism
fressen016-combat-killer-natural-desaster-ep,Combat Killer,Natural Desaster,2024,fresscode-records-netlabel,https://creativecommons.org/licenses/by-nc-nd/4.0/,https://archive.org/download/fressen016-combat-killer-natural-desaster-ep/%28Fressen016%29%2001.%20Combat%20Killer%20-%20Natural%20Desaster_Natural%20Desaster%20EP.wav,347.7,fresscode-records-netlabel,Techno; Hard Techno; Acid; Combat Killer; Fresscode Records
fressen016-combat-killer-natural-desaster-ep,Combat Killer,Defluxcompensator,2024,fresscode-records-netlabel,https://creativecommons.org/licenses/by-nc-nd/4.0/,https://archive.org/download/fressen016-combat-killer-natural-desaster-ep/%28Fressen016%29%2002.%20Combat%20Killer%20-%20Defluxcompensator_Natural%20Desaster%20EP.wav,370.0,fresscode-records-netlabel,Techno; Hard Techno; Acid; Combat Killer; Fresscode Records
fressen016-combat-killer-natural-desaster-ep,Combat Killer,Kevlar,2024,fresscode-records-netlabel,https://creativecommons.org/licenses/by-nc-nd/4.0/,https://archive.org/download/fressen016-combat-killer-natural-desaster-ep/%28Fressen016%29%2003.%20Combat%20Killer%20-%20Kevlar_Natural%20Desaster%20EP.wav,330.3,fresscode-records-netlabel,Techno; Hard Techno; Acid; Combat Killer; Fresscode Records
fressen019-sascha-muller-give-me-your-soul-ep,Sascha Müller,Give Me Your Soul,2025,fresscode-records-netlabel,https://creativecommons.org/licenses/by-nc-nd/4.0/,https://archive.org/download/fressen019-sascha-muller-give-me-your-soul-ep/%28Fressen019%29%2001.%20Sascha%20M%C3%BCller%20-%20Give%20Me%20Your%20Soul_Give%20Me%20Your%20Soul%20EP.wav,491.6,fresscode-records-netlabel,Techno; Hard Techno; Sascha Müller; Fresscode Records
fressen019-sascha-muller-give-me-your-soul-ep,Sascha Müller,Thematik,2025,fresscode-records-netlabel,https://creativecommons.org/licenses/by-nc-nd/4.0/,https://archive.org/download/fressen019-sascha-muller-give-me-your-soul-ep/%28Fressen019%29%2002.%20Sascha%20M%C3%BCller%20-%20Thematik_Give%20Me%20Your%20Soul%20EP.wav,392.8,fresscode-records-netlabel,Techno; Hard Techno; Sascha Müller; Fresscode Records
fressen019-sascha-muller-give-me-your-soul-ep,Sascha Müller,Unholy,2025,fresscode-records-netlabel,https://creativecommons.org/licenses/by-nc-nd/4.0/,https://archive.org/download/fressen019-sascha-muller-give-me-your-soul-ep/%28Fressen019%29%2003.%20Sascha%20M%C3%BCller%20-%20Unholy_Give%20Me%20Your%20Soul%20EP.wav,360.0,fresscode-records-netlabel,Techno; Hard Techno; Sascha Müller; Fresscode Records
p109-cement-tea-chip-withdrawal,Cement Tea,Chip Withdrawal,2023,psychocandies-netlabel,https://creativecommons.org/licenses/by-nc-nd/4.0/,https://archive.org/download/p109-cement-tea-chip-withdrawal/%28P109%29%2001.%20Cement%20Tea%20-%20Chip%20Withdrawal_Chip%20Withdrawal.wav,293.5,psychocandies-netlabel,Techno; Acid; Hard Techno; Cement Tea; Psychocandies
p109-cement-tea-chip-withdrawal,Cement Tea,Chip Withdrawal (Bonus Sodium),2023,psychocandies-netlabel,https://creativecommons.org/licenses/by-nc-nd/4.0/,https://archive.org/download/p109-cement-tea-chip-withdrawal/%28P109%29%2002.%20Cement%20Tea%20-%20Chip%20Withdrawal%20%28Bonus%20Sodium%29_Chip%20Withdrawal.wav,292.1,psychocandies-netlabel,Techno; Acid; Hard Techno; Cement Tea; Psychocandies
p117-sascha-muller-pain-is-temporary-ep,Sascha Müller,Pain Is Temporary,2024,psychocandies-netlabel,https://creativecommons.org/licenses/by-nc-nd/4.0/,https://archive.org/download/p117-sascha-muller-pain-is-temporary-ep/%28P117%29%2001.%20Sascha%20M%C3%BCller%20-%20Pain%20Is%20Temporary_Pain%20Is%20Temporary%20EP.wav,331.0,psychocandies-netlabel,Techno; Hard Techno; Acid; Acid Techno; Sascha Müller; Psychocandies
p117-sascha-muller-pain-is-temporary-ep,Sascha Müller,Glory,2024,psychocandies-netlabel,https://creativecommons.org/licenses/by-nc-nd/4.0/,https://archive.org/download/p117-sascha-muller-pain-is-temporary-ep/%28P117%29%2002.%20Sascha%20M%C3%BCller%20-%20Glory_Pain%20Is%20Temporary%20EP.wav,310.9,psychocandies-netlabel,Techno; Hard Techno; Acid; Acid Techno; Sascha Müller; Psychocandies
sascha-muller-8k-techno-vol04,Sascha Müller,Beat n Patrol,2020,hifidelity_potpourri,https://creativecommons.org/licenses/by-nc-nd/4.0/,https://archive.org/download/sascha-muller-8k-techno-vol04/Sascha%20M%C3%BCller%20-%20Beat%20n%20Patrol.mp3,264.5,hifidelity_potpourri,Techno; hard Techno; Tribal techno; Acid; Floppy; Sascha Müller; sascha müller music
sascha-muller-ssrextra65,Sascha Müller,Dirty Harry Spoke To Hell,2018,hifidelity_potpourri,https://creativecommons.org/licenses/by-nc-nd/4.0/,https://archive.org/download/sascha-muller-ssrextra65/01.%20Sascha%20Muller%20-%20Dirty%20Harry%20Spoke%20To%20Hell.wav,474.9,hifidelity_potpourri,Techno; Acid; Hard Techno; Acid House; House; Minimal Techno; Sascha Müller
sascha-muller-ssrextra65,Sascha Müller,Pure Analog Part 06,2018,hifidelity_potpourri,https://creativecommons.org/licenses/by-nc-nd/4.0/,https://archive.org/download/sascha-muller-ssrextra65/03.%20Sascha%20Muller%20-%20Pure%20Analog%20part%2006.wav,317.4,hifidelity_potpourri,Techno; Acid; Hard Techno; Acid House; House; Minimal Techno; Sascha Müller
sascha-muller-ssrextra65,Sascha Müller,Tiefenrausch,2018,hifidelity_potpourri,https://creativecommons.org/licenses/by-nc-nd/4.0/,https://archive.org/download/sascha-muller-ssrextra65/04.%20Sascha%20Muller%20-%20Tiefenrausch.wav,442.8,hifidelity_potpourri,Techno; Acid; Hard Techno; Acid House; House; Minimal Techno; Sascha Müller
sascha-muller-ssrextra65,Sascha Müller,Ambient 1,2018,hifidelity_potpourri,https://creativecommons.org/licenses/by-nc-nd/4.0/,https://archive.org/download/sascha-muller-ssrextra65/05.%20Sascha%20Muller%20-%20Ambient%201.wav,297.4,hifidelity_potpourri,Techno; Acid; Hard Techno; Acid House; House; Minimal Techno; Sascha Müller
sascha-muller-ssrextra65,Sascha Müller,Down To Earth And Back,2018,hifidelity_potpourri,https://creativecommons.org/licenses/by-nc-nd/4.0/,https://archive.org/download/sascha-muller-ssrextra65/06.%20Sascha%20Muller%20-%20Down%20To%20Earth%20And%20Back.wav,194.8,hifidelity_potpourri,Techno; Acid; Hard Techno; Acid House; House; Minimal Techno; Sascha Müller
sascha-muller-ssrextra65,Sascha Müller,Follow Me To The Twillight Zone,2018,hifidelity_potpourri,https://creativecommons.org/licenses/by-nc-nd/4.0/,https://archive.org/download/sascha-muller-ssrextra65/07.%20Sascha%20Muller%20-%20Follow%20Me%20To%20The%20Twillight%20Zone.wav,707.9,hifidelity_potpourri,Techno; Acid; Hard Techno; Acid House; House; Minimal Techno; Sascha Müller
sascha-muller-ssrextra65,Sascha Müller,Gong Part 03,2018,hifidelity_potpourri,https://creativecommons.org/licenses/by-nc-nd/4.0/,https://archive.org/download/sascha-muller-ssrextra65/08.%20Sascha%20Muller%20-%20Gong%20Part%2003.wav,188.2,hifidelity_potpourri,Techno; Acid; Hard Techno; Acid House; House; Minimal Techno; Sascha Müller
sascha-muller-ssrextra65,Sascha Müller,Tantra,2018,hifidelity_potpourri,https://creativecommons.org/licenses/by-nc-nd/4.0/,https://archive.org/download/sascha-muller-ssrextra65/09.%20Sascha%20Muller%20-%20Tantra.wav,304.2,hifidelity_potpourri,Techno; Acid; Hard Techno; Acid House; House; Minimal Techno; Sascha Müller
sascha-muller-ssrextra65,Sascha Müller,Gong part 04,2018,hifidelity_potpourri,https://creativecommons.org/licenses/by-nc-nd/4.0/,https://archive.org/download/sascha-muller-ssrextra65/10.%20Sascha%20Muller%20-%20Gong%20Part%2004.wav,192.6,hifidelity_potpourri,Techno; Acid; Hard Techno; Acid House; House; Minimal Techno; Sascha Müller
sascha-muller-ssrextra65,Sascha Müller,Temple TROB,2018,hifidelity_potpourri,https://creativecommons.org/licenses/by-nc-nd/4.0/,https://archive.org/download/sascha-muller-ssrextra65/11.%20Sascha%20Muller%20-%20Temple%20TROB.wav,350.6,hifidelity_potpourri,Techno; Acid; Hard Techno; Acid House; House; Minimal Techno; Sascha Müller
sascha-muller-ssrextra65,Sascha Müller,Timeshift,2018,hifidelity_potpourri,https://creativecommons.org/licenses/by-nc-nd/4.0/,https://archive.org/download/sascha-muller-ssrextra65/12.%20Sascha%20Muller%20-%20Timeshift.wav,299.9,hifidelity_potpourri,Techno; Acid; Hard Techno; Acid House; House; Minimal Techno; Sascha Müller
sascha-muller-ssrextra93,Sascha Müller,Studio I,2019,hifidelity_potpourri,https://creativecommons.org/licenses/by-nc-nd/4.0/,https://archive.org/download/sascha-muller-ssrextra93/01.%20Sascha%20Muller%20-%20Studio%20I.wav,375.5,hifidelity_potpourri,Techno; Acid; Hard Techno; Acid House; House; Minimal Techno; Sascha Müller
sascha-muller-ssrextra93,Sascha Müller,Studio II,2019,hifidelity_potpourri,https://creativecommons.org/licenses/by-nc-nd/4.0/,https://archive.org/download/sascha-muller-ssrextra93/02.%20Sascha%20Muller%20-%20Studio%20II.wav,465.5,hifidelity_potpourri,Techno; Acid; Hard Techno; Acid House; House; Minimal Techno; Sascha Müller
sascha-muller-ssrextra93,Sascha Müller,Subway Informations,2019,hifidelity_potpourri,https://creativecommons.org/licenses/by-nc-nd/4.0/,https://archive.org/download/sascha-muller-ssrextra93/03.%20Sascha%20Muller%20-%20Subway%20Informations.wav,337.3,hifidelity_potpourri,Techno; Acid; Hard Techno; Acid House; House; Minimal Techno; Sascha Müller
sascha-muller-ssrextra93,Sascha Müller,Sunflow,2019,hifidelity_potpourri,https://creativecommons.org/licenses/by-nc-nd/4.0/,https://archive.org/download/sascha-muller-ssrextra93/04.%20Sascha%20Muller%20-%20Sunflow.wav,335.8,hifidelity_potpourri,Techno; Acid; Hard Techno; Acid House; House; Minimal Techno; Sascha Müller
sascha-muller-ssrextra93,Sascha Müller,Sweet Valley High,2019,hifidelity_potpourri,https://creativecommons.org/licenses/by-nc-nd/4.0/,https://archive.org/download/sascha-muller-ssrextra93/05.%20Sascha%20Muller%20-%20Sweet%20Valley%20High.WAV,351.1,hifidelity_potpourri,Techno; Acid; Hard Techno; Acid House; House; Minimal Techno; Sascha Müller
sascha-muller-ssrextra93,Sascha Müller,Take Off And Landing,2019,hifidelity_potpourri,https://creativecommons.org/licenses/by-nc-nd/4.0/,https://archive.org/download/sascha-muller-ssrextra93/06.%20Sascha%20Muller%20-%20Take%20Off%20And%20Landing.WAV,282.5,hifidelity_potpourri,Techno; Acid; Hard Techno; Acid House; House; Minimal Techno; Sascha Müller
sascha-muller-ssrextra93,Sascha Müller,Telemusik,2019,hifidelity_potpourri,https://creativecommons.org/licenses/by-nc-nd/4.0/,https://archive.org/download/sascha-muller-ssrextra93/07.%20Sascha%20Muller%20-%20Telemusik.wav,362.0,hifidelity_potpourri,Techno; Acid; Hard Techno; Acid House; House; Minimal Techno; Sascha Müller
sascha-muller-ssrextra93,Sascha Müller,Teta Waves,2019,hifidelity_potpourri,https://creativecommons.org/licenses/by-nc-nd/4.0/,https://archive.org/download/sascha-muller-ssrextra93/08.%20Sascha%20Muller%20-%20Teta%20Waves.wav,410.6,hifidelity_potpourri,Techno; Acid; Hard Techno; Acid House; House; Minimal Techno; Sascha Müller
sascha-muller-ssrextra93,Sascha Müller,The Process,2019,hifidelity_potpourri,https://creativecommons.org/licenses/by-nc-nd/4.0/,https://archive.org/download/sascha-muller-ssrextra93/09.%20Sascha%20Muller%20-%20The%20Process.wav,389.6,hifidelity_potpourri,Techno; Acid; Hard Techno; Acid House; House; Minimal Techno; Sascha Müller
sascha-muller-ssrextra93,Sascha Müller,Timbersports,2019,hifidelity_potpourri,https://creativecommons.org/licenses/by-nc-nd/4.0/,https://archive.org/download/sascha-muller-ssrextra93/10.%20Sascha%20Muller%20-%20Timbersports.wav,522.5,hifidelity_potpourri,Techno; Acid; Hard Techno; Acid House; House; Minimal Techno; Sascha Müller
sascha-muller-ssrextra93,Sascha Müller,Time Lock,2019,hifidelity_potpourri,https://creativecommons.org/licenses/by-nc-nd/4.0/,https://archive.org/download/sascha-muller-ssrextra93/11.%20Sascha%20Muller%20-%20Time%20Lock.wav,535.0,hifidelity_potpourri,Techno; Acid; Hard Techno; Acid House; House; Minimal Techno; Sascha Müller
BVR324,Inquieto,inquieto - adivino el acierto,2026,opensource_audio,https://creativecommons.org/licenses/by-nc-nd/4.0/,https://archive.org/download/BVR324/Inquieto%20-%20Adivino%20El%20Acierto.mp3,401.7,opensource_audio,Hard techno; schranz; schrnz; Hardtechno; Techno; Schranz Techno; Net Labels; NetLabels
BVR324,Inquieto,inquieto - indago en los textos ,2026,opensource_audio,https://creativecommons.org/licenses/by-nc-nd/4.0/,https://archive.org/download/BVR324/Inquieto%20-%20Indago%20En%20Los%20Textos%20.mp3,297.8,opensource_audio,Hard techno; schranz; schrnz; Hardtechno; Techno; Schranz Techno; Net Labels; NetLabels
RLINQ032,Inquieto,inquieto - beru [darkarea],2026,opensource_audio,https://creativecommons.org/licenses/by-nc-nd/4.0/,https://archive.org/download/RLINQ032/Inquieto%20-%20Beru%20%5BDarkArea%5D.mp3,239.9,opensource_audio,Hard techno; Hard Techno; Hardtechno; Techno Psy; Hard Techno Psy; Underground; NetLabels; Net Labels; Techno
RLINQ032,Inquieto,mikemareen - ladyectasy [inquieto hard rework],2026,opensource_audio,https://creativecommons.org/licenses/by-nc-nd/4.0/,https://archive.org/download/RLINQ032/MikeMareen%20-%20LadyEctasy%20%5BInquieto%20Hard%20Rework%5D.mp3,411.1,opensource_audio,Hard techno; Hard Techno; Hardtechno; Techno Psy; Hard Techno Psy; Underground; NetLabels; Net Labels; Techno
user091-user41254475475-line-ep,user41254475475,Blue Line,2026,user-records-netlabel,https://creativecommons.org/licenses/by-nc-nd/4.0/,https://archive.org/download/user091-user41254475475-line-ep/%28USER091%29%2001.%20user41254475475%20-%20Blue%20Line_Line%20EP.wav,340.8,user-records-netlabel,Techno; Acid; Hard Techno; user41254475475; USER Records
user091-user41254475475-line-ep,user41254475475,Die Apokalypse,2026,user-records-netlabel,https://creativecommons.org/licenses/by-nc-nd/4.0/,https://archive.org/download/user091-user41254475475-line-ep/%28USER091%29%2002.%20user41254475475%20-%20Die%20Apokalypse_Line%20EP.wav,403.1,user-records-netlabel,Techno; Acid; Hard Techno; user41254475475; USER Records
inquieto-rave-eterna,Inquieto,inquieto - rave eterna,2022,opensource_audio,https://creativecommons.org/licenses/by-nc-nd/4.0/,https://archive.org/download/inquieto-rave-eterna/Inquieto%20-%20Rave%20Eterna.wav,451.8,opensource_audio,techno; hardtechno; hard; techno; electronic music; inedits; Hard Techno; Hard Trance; Hardtrance; Hardtechno; Techno; D
inquieto-rave-eterna,Inquieto,inquieto - ravenida 19,2022,opensource_audio,https://creativecommons.org/licenses/by-nc-nd/4.0/,https://archive.org/download/inquieto-rave-eterna/Inquieto%20-%20Ravenida%2019.wav,344.3,opensource_audio,techno; hardtechno; hard; techno; electronic music; inedits; Hard Techno; Hard Trance; Hardtrance; Hardtechno; Techno; D
xdd008-x.d.d.-vol.-08,X.D.D.,Savage,2023,xdd-x-static-dance-departement-netlabel,https://creativecommons.org/licenses/by-nc-nd/4.0/,https://archive.org/download/xdd008-x.d.d.-vol.-08/%28XDD008%29%2001.%20X.D.D.%20-%20Savage_Vol.%2008.wav,342.8,xdd-x-static-dance-departement-netlabel,Techno; Hard Techno; Acid; x-static Dance Departement
xdd008-x.d.d.-vol.-08,X.D.D.,Momentaufnahme,2023,xdd-x-static-dance-departement-netlabel,https://creativecommons.org/licenses/by-nc-nd/4.0/,https://archive.org/download/xdd008-x.d.d.-vol.-08/%28XDD008%29%2002.%20X.D.D.%20-%20Momentaufnahme_Vol.%2008.wav,343.9,xdd-x-static-dance-departement-netlabel,Techno; Hard Techno; Acid; x-static Dance Departement
sascha-muller-ssrextra91,Sascha Müller,Platform 1,2019,hifidelity_potpourri,https://creativecommons.org/licenses/by-nc-nd/4.0/,https://archive.org/download/sascha-muller-ssrextra91/01.%20Sascha%20Muller%20-%20Platform%201.WAV,414.2,hifidelity_potpourri,Techno; Acid; Hard Techno; Acid House; House; Minimal Techno; Sascha Müller
sascha-muller-ssrextra91,Sascha Müller,Rubbers Go Home,2019,hifidelity_potpourri,https://creativecommons.org/licenses/by-nc-nd/4.0/,https://archive.org/download/sascha-muller-ssrextra91/02.%20Sascha%20Muller%20-%20Rubbers%20Go%20Home.wav,415.5,hifidelity_potpourri,Techno; Acid; Hard Techno; Acid House; House; Minimal Techno; Sascha Müller
sascha-muller-ssrextra91,Sascha Müller,Sally Rides The Horse,2019,hifidelity_potpourri,https://creativecommons.org/licenses/by-nc-nd/4.0/,https://archive.org/download/sascha-muller-ssrextra91/03.%20Sascha%20Muller%20-%20Sally%20Rides%20The%20Horse.wav,315.8,hifidelity_potpourri,Techno; Acid; Hard Techno; Acid House; House; Minimal Techno; Sascha Müller
sascha-muller-ssrextra91,Sascha Müller,Schallwellen,2019,hifidelity_potpourri,https://creativecommons.org/licenses/by-nc-nd/4.0/,https://archive.org/download/sascha-muller-ssrextra91/04.%20Sascha%20Muller%20-%20Schallwellen.wav,475.9,hifidelity_potpourri,Techno; Acid; Hard Techno; Acid House; House; Minimal Techno; Sascha Müller
sascha-muller-ssrextra91,Sascha Müller,Scharade,2019,hifidelity_potpourri,https://creativecommons.org/licenses/by-nc-nd/4.0/,https://archive.org/download/sascha-muller-ssrextra91/05.%20Sascha%20Muller%20-%20Scharade.wav,245.0,hifidelity_potpourri,Techno; Acid; Hard Techno; Acid House; House; Minimal Techno; Sascha Müller
sascha-muller-ssrextra91,Sascha Müller,Schreitfunktionen,2019,hifidelity_potpourri,https://creativecommons.org/licenses/by-nc-nd/4.0/,https://archive.org/download/sascha-muller-ssrextra91/06.%20Sascha%20Muller%20-%20Schreitfunktionen.WAV,287.1,hifidelity_potpourri,Techno; Acid; Hard Techno; Acid House; House; Minimal Techno; Sascha Müller
sascha-muller-ssrextra91,Sascha Müller,Schubumkehr,2019,hifidelity_potpourri,https://creativecommons.org/licenses/by-nc-nd/4.0/,https://archive.org/download/sascha-muller-ssrextra91/07.%20Sascha%20Muller%20-%20Schubumkehr.WAV,398.1,hifidelity_potpourri,Techno; Acid; Hard Techno; Acid House; House; Minimal Techno; Sascha Müller
sascha-muller-ssrextra91,Sascha Müller,Schwingende Elektronen,2019,hifidelity_potpourri,https://creativecommons.org/licenses/by-nc-nd/4.0/,https://archive.org/download/sascha-muller-ssrextra91/08.%20Sascha%20Muller%20-%20Schwingende%20Elektronen.wav,414.6,hifidelity_potpourri,Techno; Acid; Hard Techno; Acid House; House; Minimal Techno; Sascha Müller
sascha-muller-ssrextra91,Sascha Müller,Sextoys,2019,hifidelity_potpourri,https://creativecommons.org/licenses/by-nc-nd/4.0/,https://archive.org/download/sascha-muller-ssrextra91/09.%20Sascha%20Muller%20-%20Sextoys.wav,380.9,hifidelity_potpourri,Techno; Acid; Hard Techno; Acid House; House; Minimal Techno; Sascha Müller
sascha-muller-ssrextra91,Sascha Müller,Shellsea,2019,hifidelity_potpourri,https://creativecommons.org/licenses/by-nc-nd/4.0/,https://archive.org/download/sascha-muller-ssrextra91/10.%20Sascha%20Muller%20-%20Shellsea.wav,271.7,hifidelity_potpourri,Techno; Acid; Hard Techno; Acid House; House; Minimal Techno; Sascha Müller
sascha-muller-ssrextra91,Sascha Müller,Shuffle Faktor,2019,hifidelity_potpourri,https://creativecommons.org/licenses/by-nc-nd/4.0/,https://archive.org/download/sascha-muller-ssrextra91/11.%20Sascha%20Muller%20-%20Shuffle%20Faktor.wav,372.4,hifidelity_potpourri,Techno; Acid; Hard Techno; Acid House; House; Minimal Techno; Sascha Müller
sascha-muller-ssrextra91,Sascha Müller,Sinus Rhythmus,2019,hifidelity_potpourri,https://creativecommons.org/licenses/by-nc-nd/4.0/,https://archive.org/download/sascha-muller-ssrextra91/12.%20Sascha%20Muller%20-%20Sinus%20Rhythmus.wav,429.3,hifidelity_potpourri,Techno; Acid; Hard Techno; Acid House; House; Minimal Techno; Sascha Müller
sascha-muller-ssrextra98,Sascha Müller,Infected,2020,hifidelity_soundtracks,https://creativecommons.org/licenses/by-nc-nd/4.0/,https://archive.org/download/sascha-muller-ssrextra98/01.%20Sascha%20Muller%20-%20Infected.wav,353.8,hifidelity_soundtracks,Techno; Acid; Hard Techno; Acid House; House; Minimal Techno; Sascha Müller
sascha-muller-ssrextra98,Sascha Müller,No9_A8,2020,hifidelity_soundtracks,https://creativecommons.org/licenses/by-nc-nd/4.0/,https://archive.org/download/sascha-muller-ssrextra98/02.%20Sascha%20Muller%20-%20No9_A8.wav,320.5,hifidelity_soundtracks,Techno; Acid; Hard Techno; Acid House; House; Minimal Techno; Sascha Müller
sascha-muller-ssrextra98,Sascha Müller,Offline,2020,hifidelity_soundtracks,https://creativecommons.org/licenses/by-nc-nd/4.0/,https://archive.org/download/sascha-muller-ssrextra98/03.%20Sascha%20Muller%20-%20Offline.wav,260.0,hifidelity_soundtracks,Techno; Acid; Hard Techno; Acid House; House; Minimal Techno; Sascha Müller
sascha-muller-ssrextra98,Sascha Müller,Chamber 5,2020,hifidelity_soundtracks,https://creativecommons.org/licenses/by-nc-nd/4.0/,https://archive.org/download/sascha-muller-ssrextra98/04.%20Sascha%20M%C3%BCller%20-%20Chamber%205.wav,297.8,hifidelity_soundtracks,Techno; Acid; Hard Techno; Acid House; House; Minimal Techno; Sascha Müller
sascha-muller-ssrextra98,Sascha Müller,Ragnamöji 03,2020,hifidelity_soundtracks,https://creativecommons.org/licenses/by-nc-nd/4.0/,https://archive.org/download/sascha-muller-ssrextra98/05.%20Sascha%20Muller%20-%20Ragnamoji%2003.wav,223.0,hifidelity_soundtracks,Techno; Acid; Hard Techno; Acid House; House; Minimal Techno; Sascha Müller
sascha-muller-ssrextra98,Sascha Müller,A10,2020,hifidelity_soundtracks,https://creativecommons.org/licenses/by-nc-nd/4.0/,https://archive.org/download/sascha-muller-ssrextra98/07.%20Sascha%20Muller%20-%20A10.wav,301.5,hifidelity_soundtracks,Techno; Acid; Hard Techno; Acid House; House; Minimal Techno; Sascha Müller
sascha-muller-ssrextra98,Sascha Müller,Untitled 3,2020,hifidelity_soundtracks,https://creativecommons.org/licenses/by-nc-nd/4.0/,https://archive.org/download/sascha-muller-ssrextra98/08.%20Sascha%20Muller%20-%20Untitled%203.wav,306.7,hifidelity_soundtracks,Techno; Acid; Hard Techno; Acid House; House; Minimal Techno; Sascha Müller
sascha-muller-ssrextra98,Sascha Müller,Jesus Christ Superstar,2020,hifidelity_soundtracks,https://creativecommons.org/licenses/by-nc-nd/4.0/,https://archive.org/download/sascha-muller-ssrextra98/09.%20Sascha%20Muller%20-%20Jesus%20Christ%20Superstar.wav,451.6,hifidelity_soundtracks,Techno; Acid; Hard Techno; Acid House; House; Minimal Techno; Sascha Müller
sascha-muller-ssrextra98,Sascha Müller,Chamber 4,2020,hifidelity_soundtracks,https://creativecommons.org/licenses/by-nc-nd/4.0/,https://archive.org/download/sascha-muller-ssrextra98/10.%20Sascha%20Muller%20-%20Chamber%204.wav,276.2,hifidelity_soundtracks,Techno; Acid; Hard Techno; Acid House; House; Minimal Techno; Sascha Müller
sascha-muller-ssrextra98,Sascha Müller,No7_A11,2020,hifidelity_soundtracks,https://creativecommons.org/licenses/by-nc-nd/4.0/,https://archive.org/download/sascha-muller-ssrextra98/11.%20Sascha%20Muller%20-%20No7_A11.wav,329.3,hifidelity_soundtracks,Techno; Acid; Hard Techno; Acid House; House; Minimal Techno; Sascha Müller
sascha-muller-ssrextra98,Sascha Müller,Planet Bong,2020,hifidelity_soundtracks,https://creativecommons.org/licenses/by-nc-nd/4.0/,https://archive.org/download/sascha-muller-ssrextra98/12.%20Sascha%20Muller%20-%20Planet%20Bong.wav,328.2,hifidelity_soundtracks,Techno; Acid; Hard Techno; Acid House; House; Minimal Techno; Sascha Müller
sascha-muller-ssrextra98,Sascha Müller,Termination,2020,hifidelity_soundtracks,https://creativecommons.org/licenses/by-nc-nd/4.0/,https://archive.org/download/sascha-muller-ssrextra98/13.%20Sascha%20Muller%20-%20Termination.wav,366.5,hifidelity_soundtracks,Techno; Acid; Hard Techno; Acid House; House; Minimal Techno; Sascha Müller
sascha-muller-ssrextra98,Sascha Müller,War In Space,2020,hifidelity_soundtracks,https://creativecommons.org/licenses/by-nc-nd/4.0/,https://archive.org/download/sascha-muller-ssrextra98/15.%20Sascha%20Muller%20-%20War%20In%20Space.wav,380.5,hifidelity_soundtracks,Techno; Acid; Hard Techno; Acid House; House; Minimal Techno; Sascha Müller
sascha-muller-ssrextra99,Sascha Müller,Trancefiguration,2020,hifidelity_potpourri,https://creativecommons.org/licenses/by-nc-nd/4.0/,https://archive.org/download/sascha-muller-ssrextra99/01.%20Sascha%20Muller%20-%20Trancefiguration.wav,315.5,hifidelity_potpourri,Techno; Acid; Hard Techno; Acid House; House; Minimal Techno; Sascha Müller
sascha-muller-ssrextra99,Sascha Müller,Track 20,2020,hifidelity_potpourri,https://creativecommons.org/licenses/by-nc-nd/4.0/,https://archive.org/download/sascha-muller-ssrextra99/03.%20Sascha%20Muller%20-%20Track%2020.wav,198.2,hifidelity_potpourri,Techno; Acid; Hard Techno; Acid House; House; Minimal Techno; Sascha Müller
sascha-muller-ssrextra99,Sascha Müller,Dry Faster,2020,hifidelity_potpourri,https://creativecommons.org/licenses/by-nc-nd/4.0/,https://archive.org/download/sascha-muller-ssrextra99/05.%20Sascha%20Muller%20-%20Dry%20Faster.wav,388.8,hifidelity_potpourri,Techno; Acid; Hard Techno; Acid House; House; Minimal Techno; Sascha Müller
sascha-muller-ssrextra99,Sascha Müller,Future City,2020,hifidelity_potpourri,https://creativecommons.org/licenses/by-nc-nd/4.0/,https://archive.org/download/sascha-muller-ssrextra99/06.%20Sascha%20Muller%20-%20Future%20City.wav,615.1,hifidelity_potpourri,Techno; Acid; Hard Techno; Acid House; House; Minimal Techno; Sascha Müller
sascha-muller-ssrextra99,Sascha Müller,Motherfukkin House Dancer (Sascha Müller Remixed Sascha Müller),2020,hifidelity_potpourri,https://creativecommons.org/licenses/by-nc-nd/4.0/,https://archive.org/download/sascha-muller-ssrextra99/07.%20Sascha%20Muller%20-%20Motherfukkin%20House%20Dancer%20%28Sascha%20Muller%20Remixed%20Sascha%20Muller%29.wav,320.2,hifidelity_potpourri,Techno; Acid; Hard Techno; Acid House; House; Minimal Techno; Sascha Müller
sascha-muller-ssrextra99,Sascha Müller,No4_A23,2020,hifidelity_potpourri,https://creativecommons.org/licenses/by-nc-nd/4.0/,https://archive.org/download/sascha-muller-ssrextra99/08.%20Sascha%20Muller%20-%20No4_A23.wav,258.1,hifidelity_potpourri,Techno; Acid; Hard Techno; Acid House; House; Minimal Techno; Sascha Müller
sascha-muller-ssrextra99,Sascha Müller,No6_A10,2020,hifidelity_potpourri,https://creativecommons.org/licenses/by-nc-nd/4.0/,https://archive.org/download/sascha-muller-ssrextra99/09.%20Sascha%20Muller%20-%20No6_A10.wav,276.0,hifidelity_potpourri,Techno; Acid; Hard Techno; Acid House; House; Minimal Techno; Sascha Müller
sascha-muller-ssrextra99,Sascha Müller,No6_A12,2020,hifidelity_potpourri,https://creativecommons.org/licenses/by-nc-nd/4.0/,https://archive.org/download/sascha-muller-ssrextra99/10.%20Sascha%20Muller%20-%20No6_A12.wav,280.1,hifidelity_potpourri,Techno; Acid; Hard Techno; Acid House; House; Minimal Techno; Sascha Müller
sascha-muller-ssrextra99,Sascha Müller,No8_A15,2020,hifidelity_potpourri,https://creativecommons.org/licenses/by-nc-nd/4.0/,https://archive.org/download/sascha-muller-ssrextra99/11.%20Sascha%20Muller%20-%20No8_A15.wav,374.5,hifidelity_potpourri,Techno; Acid; Hard Techno; Acid House; House; Minimal Techno; Sascha Müller
sascha-muller-ssrextra99,Sascha Müller,No10_A11,2020,hifidelity_potpourri,https://creativecommons.org/licenses/by-nc-nd/4.0/,https://archive.org/download/sascha-muller-ssrextra99/12.%20Sascha%20Muller%20-%20No10_A11.wav,300.4,hifidelity_potpourri,Techno; Acid; Hard Techno; Acid House; House; Minimal Techno; Sascha Müller
sascha-muller-ssrextra99,Sascha Müller,Orion Rising Part I,2020,hifidelity_potpourri,https://creativecommons.org/licenses/by-nc-nd/4.0/,https://archive.org/download/sascha-muller-ssrextra99/13.%20Sascha%20Muller%20-%20Orion%20Rising%20Part%20I.wav,345.9,hifidelity_potpourri,Techno; Acid; Hard Techno; Acid House; House; Minimal Techno; Sascha Müller
sascha-muller-ssrextra99,Sascha Müller,Orion Rising Part II,2020,hifidelity_potpourri,https://creativecommons.org/licenses/by-nc-nd/4.0/,https://archive.org/download/sascha-muller-ssrextra99/14.%20Sascha%20Muller%20-%20Orion%20Rising%20Part%20II.wav,322.9,hifidelity_potpourri,Techno; Acid; Hard Techno; Acid House; House; Minimal Techno; Sascha Müller
sascha-muller-ssrextra99,Sascha Müller,Orion Rising Part III,2020,hifidelity_potpourri,https://creativecommons.org/licenses/by-nc-nd/4.0/,https://archive.org/download/sascha-muller-ssrextra99/15.%20Sascha%20Muller%20-%20Orion%20Rising%20Part%20III.wav,433.3,hifidelity_potpourri,Techno; Acid; Hard Techno; Acid House; House; Minimal Techno; Sascha Müller
sascha-muller-ssrextra73,Sascha Müller,Light Performance,2018,hifidelity_potpourri,https://creativecommons.org/licenses/by-nc-nd/4.0/,https://archive.org/download/sascha-muller-ssrextra73/01.%20Sascha%20Muller%20-%20Light%20Performance.wav,530.2,hifidelity_potpourri,Techno; Acid; Hard Techno; Acid House; House; Minimal Techno; Sascha Müller
sascha-muller-ssrextra73,Sascha Müller,Teta,2018,hifidelity_potpourri,https://creativecommons.org/licenses/by-nc-nd/4.0/,https://archive.org/download/sascha-muller-ssrextra73/02.%20Sascha%20Muller%20-%20Teta.wav,460.8,hifidelity_potpourri,Techno; Acid; Hard Techno; Acid House; House; Minimal Techno; Sascha Müller
sascha-muller-ssrextra73,Sascha Müller,Mind Over This Planet,2018,hifidelity_potpourri,https://creativecommons.org/licenses/by-nc-nd/4.0/,https://archive.org/download/sascha-muller-ssrextra73/04.%20Sascha%20Muller%20-%20Mind%20Over%20This%20Planet.wav,395.9,hifidelity_potpourri,Techno; Acid; Hard Techno; Acid House; House; Minimal Techno; Sascha Müller
sascha-muller-ssrextra73,Sascha Müller,No Response To Bass,2018,hifidelity_potpourri,https://creativecommons.org/licenses/by-nc-nd/4.0/,https://archive.org/download/sascha-muller-ssrextra73/06.%20Sascha%20Muller%20-%20No%20Response%20To%20Bass.wav,380.0,hifidelity_potpourri,Techno; Acid; Hard Techno; Acid House; House; Minimal Techno; Sascha Müller
sascha-muller-ssrextra73,Sascha Müller,Baum 3,2018,hifidelity_potpourri,https://creativecommons.org/licenses/by-nc-nd/4.0/,https://archive.org/download/sascha-muller-ssrextra73/07.%20Sascha%20Muller%20-%20Baum%203.wav,318.4,hifidelity_potpourri,Techno; Acid; Hard Techno; Acid House; House; Minimal Techno; Sascha Müller
sascha-muller-ssrextra73,Sascha Müller,Physical War,2018,hifidelity_potpourri,https://creativecommons.org/licenses/by-nc-nd/4.0/,https://archive.org/download/sascha-muller-ssrextra73/08.%20Sascha%20Muller%20-%20Physical%20War.wav,297.1,hifidelity_potpourri,Techno; Acid; Hard Techno; Acid House; House; Minimal Techno; Sascha Müller
sascha-muller-ssrextra73,Sascha Müller,Baum 4,2018,hifidelity_potpourri,https://creativecommons.org/licenses/by-nc-nd/4.0/,https://archive.org/download/sascha-muller-ssrextra73/09.%20Sascha%20Muller%20-%20Baum%204.wav,275.1,hifidelity_potpourri,Techno; Acid; Hard Techno; Acid House; House; Minimal Techno; Sascha Müller
sascha-muller-ssrextra73,Sascha Müller,Closer To The NDS Part 09,2018,hifidelity_potpourri,https://creativecommons.org/licenses/by-nc-nd/4.0/,https://archive.org/download/sascha-muller-ssrextra73/10.%20Sascha%20Muller%20-%20Closer%20To%20The%20NDS%20Part%2009.wav,403.8,hifidelity_potpourri,Techno; Acid; Hard Techno; Acid House; House; Minimal Techno; Sascha Müller
sascha-muller-ssrextra73,Sascha Müller,Run Stop Return,2018,hifidelity_potpourri,https://creativecommons.org/licenses/by-nc-nd/4.0/,https://archive.org/download/sascha-muller-ssrextra73/11.%20Sascha%20Muller%20-%20Run%20Stop%20Return.wav,261.9,hifidelity_potpourri,Techno; Acid; Hard Techno; Acid House; House; Minimal Techno; Sascha Müller
sascha-muller-ssrextra73,Sascha Müller,Baum 5,2018,hifidelity_potpourri,https://creativecommons.org/licenses/by-nc-nd/4.0/,https://archive.org/download/sascha-muller-ssrextra73/12.%20Sascha%20Muller%20-%20Baum%205.wav,345.2,hifidelity_potpourri,Techno; Acid; Hard Techno; Acid House; House; Minimal Techno; Sascha Müller
sascha-muller-ssrextra84,Sascha Müller,Endlos,2019,hifidelity_potpourri,https://creativecommons.org/licenses/by-nc-nd/4.0/,https://archive.org/download/sascha-muller-ssrextra84/01.%20Sascha%20Muller%20-%20Endlos.WAV,443.8,hifidelity_potpourri,Techno; Acid; Hard Techno; Acid House; House; Minimal Techno; Sascha Müller
sascha-muller-ssrextra84,Sascha Müller,Ergometer,2019,hifidelity_potpourri,https://creativecommons.org/licenses/by-nc-nd/4.0/,https://archive.org/download/sascha-muller-ssrextra84/02.%20Sascha%20Muller%20-%20Ergometer.wav,446.5,hifidelity_potpourri,Techno; Acid; Hard Techno; Acid House; House; Minimal Techno; Sascha Müller
sascha-muller-ssrextra84,Sascha Müller,Ergon,2019,hifidelity_potpourri,https://creativecommons.org/licenses/by-nc-nd/4.0/,https://archive.org/download/sascha-muller-ssrextra84/03.%20Sascha%20Muller%20-%20Ergon.wav,462.0,hifidelity_potpourri,Techno; Acid; Hard Techno; Acid House; House; Minimal Techno; Sascha Müller
sascha-muller-ssrextra84,Sascha Müller,Erosol,2019,hifidelity_potpourri,https://creativecommons.org/licenses/by-nc-nd/4.0/,https://archive.org/download/sascha-muller-ssrextra84/04.%20Sascha%20Muller%20-%20Erosol.wav,458.8,hifidelity_potpourri,Techno; Acid; Hard Techno; Acid House; House; Minimal Techno; Sascha Müller
sascha-muller-ssrextra84,Sascha Müller,Escape From Aboria (Original Mix),2019,hifidelity_potpourri,https://creativecommons.org/licenses/by-nc-nd/4.0/,https://archive.org/download/sascha-muller-ssrextra84/05.%20Sascha%20Muller%20-%20Escape%20From%20Aboria%20%28Original%20Mix%29.wav,412.0,hifidelity_potpourri,Techno; Acid; Hard Techno; Acid House; House; Minimal Techno; Sascha Müller
sascha-muller-ssrextra84,Sascha Müller,Escape From Aboria (Tranced Out Mix),2019,hifidelity_potpourri,https://creativecommons.org/licenses/by-nc-nd/4.0/,https://archive.org/download/sascha-muller-ssrextra84/06.%20Sascha%20Muller%20-%20Escape%20From%20Aboria%20%28Tranced%20Out%20Mix%29.wav,402.7,hifidelity_potpourri,Techno; Acid; Hard Techno; Acid House; House; Minimal Techno; Sascha Müller
sascha-muller-ssrextra84,Sascha Müller,Fahren,2019,hifidelity_potpourri,https://creativecommons.org/licenses/by-nc-nd/4.0/,https://archive.org/download/sascha-muller-ssrextra84/07.%20Sascha%20Muller%20-%20Fahren.WAV,454.9,hifidelity_potpourri,Techno; Acid; Hard Techno; Acid House; House; Minimal Techno; Sascha Müller
sascha-muller-ssrextra84,Sascha Müller,Fehlfarben,2019,hifidelity_potpourri,https://creativecommons.org/licenses/by-nc-nd/4.0/,https://archive.org/download/sascha-muller-ssrextra84/08.%20Sascha%20Muller%20-%20Fehlfarben.wav,377.8,hifidelity_potpourri,Techno; Acid; Hard Techno; Acid House; House; Minimal Techno; Sascha Müller
sascha-muller-ssrextra84,Sascha Müller,Fragen Über Fragen,2019,hifidelity_potpourri,https://creativecommons.org/licenses/by-nc-nd/4.0/,https://archive.org/download/sascha-muller-ssrextra84/09.%20Sascha%20Muller%20-%20Fragen%20%C3%9Cber%20Fragen.wav,387.3,hifidelity_potpourri,Techno; Acid; Hard Techno; Acid House; House; Minimal Techno; Sascha Müller
sascha-muller-ssrextra84,Sascha Müller,Freak Show,2019,hifidelity_potpourri,https://creativecommons.org/licenses/by-nc-nd/4.0/,https://archive.org/download/sascha-muller-ssrextra84/10.%20Sascha%20Muller%20-%20Freak%20Show.WAV,380.0,hifidelity_potpourri,Techno; Acid; Hard Techno; Acid House; House; Minimal Techno; Sascha Müller
sascha-muller-ssrextra84,Sascha Müller,Free Four,2019,hifidelity_potpourri,https://creativecommons.org/licenses/by-nc-nd/4.0/,https://archive.org/download/sascha-muller-ssrextra84/11.%20Sascha%20Muller%20-%20Free%20Four.wav,397.0,hifidelity_potpourri,Techno; Acid; Hard Techno; Acid House; House; Minimal Techno; Sascha Müller
sascha-muller-ssrextra96,Sascha Müller,A Dry Cocktail After A Fuck,2019,hifidelity_potpourri,https://creativecommons.org/licenses/by-nc-nd/4.0/,https://archive.org/download/sascha-muller-ssrextra96/02.%20Sascha%20M%C3%BCller%20-%20A%20Dry%20Cocktail%20After%20A%20Fuck.wav,565.0,hifidelity_potpourri,Techno; Acid; Hard Techno; Acid House; House; Minimal Techno; Sascha Müller
sascha-muller-ssrextra96,Sascha Müller,A14,2019,hifidelity_potpourri,https://creativecommons.org/licenses/by-nc-nd/4.0/,https://archive.org/download/sascha-muller-ssrextra96/03.%20Sascha%20Muller%20-%20A14.wav,299.5,hifidelity_potpourri,Techno; Acid; Hard Techno; Acid House; House; Minimal Techno; Sascha Müller
sascha-muller-ssrextra96,Sascha Müller,A18,2019,hifidelity_potpourri,https://creativecommons.org/licenses/by-nc-nd/4.0/,https://archive.org/download/sascha-muller-ssrextra96/04.%20Sascha%20Muller%20-%20A18.wav,312.0,hifidelity_potpourri,Techno; Acid; Hard Techno; Acid House; House; Minimal Techno; Sascha Müller
sascha-muller-ssrextra96,Sascha Müller,Bassline Chamber,2019,hifidelity_potpourri,https://creativecommons.org/licenses/by-nc-nd/4.0/,https://archive.org/download/sascha-muller-ssrextra96/05.%20Sascha%20Muller%20-%20Bassline%20Chamber.wav,301.7,hifidelity_potpourri,Techno; Acid; Hard Techno; Acid House; House; Minimal Techno; Sascha Müller
sascha-muller-ssrextra96,Sascha Müller,Chamber 1,2019,hifidelity_potpourri,https://creativecommons.org/licenses/by-nc-nd/4.0/,https://archive.org/download/sascha-muller-ssrextra96/06.%20Sascha%20Muller%20-%20Chamber%201.wav,344.2,hifidelity_potpourri,Techno; Acid; Hard Techno; Acid House; House; Minimal Techno; Sascha Müller
sascha-muller-ssrextra96,Sascha Müller,Escalation Destination,2019,hifidelity_potpourri,https://creativecommons.org/licenses/by-nc-nd/4.0/,https://archive.org/download/sascha-muller-ssrextra96/07.%20Sascha%20Muller%20-%20Escalation%20Destination.wav,308.8,hifidelity_potpourri,Techno; Acid; Hard Techno; Acid House; House; Minimal Techno; Sascha Müller
sascha-muller-ssrextra96,Sascha Müller,Living In Pain,2019,hifidelity_potpourri,https://creativecommons.org/licenses/by-nc-nd/4.0/,https://archive.org/download/sascha-muller-ssrextra96/08.%20Sascha%20Muller%20-%20Living%20In%20Pain.wav,350.2,hifidelity_potpourri,Techno; Acid; Hard Techno; Acid House; House; Minimal Techno; Sascha Müller
sascha-muller-ssrextra96,Sascha Müller,Metric Sea,2019,hifidelity_potpourri,https://creativecommons.org/licenses/by-nc-nd/4.0/,https://archive.org/download/sascha-muller-ssrextra96/09.%20Sascha%20Muller%20-%20Metric%20Sea.wav,271.7,hifidelity_potpourri,Techno; Acid; Hard Techno; Acid House; House; Minimal Techno; Sascha Müller
sascha-muller-ssrextra96,Sascha Müller,No4_A11,2019,hifidelity_potpourri,https://creativecommons.org/licenses/by-nc-nd/4.0/,https://archive.org/download/sascha-muller-ssrextra96/10.%20Sascha%20Muller%20-%20No4_A11.wav,258.3,hifidelity_potpourri,Techno; Acid; Hard Techno; Acid House; House; Minimal Techno; Sascha Müller
sascha-muller-ssrextra96,Sascha Müller,Ragnamöji 01,2019,hifidelity_potpourri,https://creativecommons.org/licenses/by-nc-nd/4.0/,https://archive.org/download/sascha-muller-ssrextra96/11.%20Sascha%20Muller%20-%20Ragnamoji%2001.wav,266.5,hifidelity_potpourri,Techno; Acid; Hard Techno; Acid House; House; Minimal Techno; Sascha Müller
sascha-muller-ssrextra96,Sascha Müller,Red Vader,2019,hifidelity_potpourri,https://creativecommons.org/licenses/by-nc-nd/4.0/,https://archive.org/download/sascha-muller-ssrextra96/12.%20Sascha%20Muller%20-%20Red%20Vader.wav,526.4,hifidelity_potpourri,Techno; Acid; Hard Techno; Acid House; House; Minimal Techno; Sascha Müller
sascha-muller-ssrextra96,Sascha Müller,Track 02,2019,hifidelity_potpourri,https://creativecommons.org/licenses/by-nc-nd/4.0/,https://archive.org/download/sascha-muller-ssrextra96/13.%20Sascha%20Muller%20-%20Track%2002.wav,163.5,hifidelity_potpourri,Techno; Acid; Hard Techno; Acid House; House; Minimal Techno; Sascha Müller
sascha-muller-ssrextra96,Sascha Müller,Untitled 1,2019,hifidelity_potpourri,https://creativecommons.org/licenses/by-nc-nd/4.0/,https://archive.org/download/sascha-muller-ssrextra96/14.%20Sascha%20Muller%20-%20Untitled%201.wav,306.9,hifidelity_potpourri,Techno; Acid; Hard Techno; Acid House; House; Minimal Techno; Sascha Müller
sascha-muller-x,Sascha Müller,Audio System I,2021,hifidelity_potpourri,http://creativecommons.org/publicdomain/mark/1.0/,https://archive.org/download/sascha-muller-x/01_Sascha%20Muller_Audio%20System%20I_Sascha%20Muller%20X.wav,381.6,hifidelity_potpourri,Acid; Techno; Hard Techno; Acid Techno
sascha-muller-x,Sascha Müller,Audio System II,2021,hifidelity_potpourri,http://creativecommons.org/publicdomain/mark/1.0/,https://archive.org/download/sascha-muller-x/02_Sascha%20Muller_Audio%20System%20II_Sascha%20Muller%20X.wav,370.2,hifidelity_potpourri,Acid; Techno; Hard Techno; Acid Techno
sascha-muller-x,Sascha Müller,TR-606 + TB-303 + SH 101,2021,hifidelity_potpourri,http://creativecommons.org/publicdomain/mark/1.0/,https://archive.org/download/sascha-muller-x/03_Sascha%20Muller_TR-606%20%2B%20TB-303%20%2B%20SH%20101_Sascha%20Muller%20X.wav,456.5,hifidelity_potpourri,Acid; Techno; Hard Techno; Acid Techno
sascha-muller-x,Sascha Müller,TR-606 + TB-303 = Monotron,2021,hifidelity_potpourri,http://creativecommons.org/publicdomain/mark/1.0/,https://archive.org/download/sascha-muller-x/04_Sascha%20Muller_TR-606%20%2B%20TB-303%20%3D%20Monotron_Sascha%20Muller%20X.wav,304.1,hifidelity_potpourri,Acid; Techno; Hard Techno; Acid Techno
sascha-muller-x,Sascha Müller,TR-606 + TB-303 = SH 101,2021,hifidelity_potpourri,http://creativecommons.org/publicdomain/mark/1.0/,https://archive.org/download/sascha-muller-x/05_Sascha%20Muller_TR-606%20%2B%20TB-303%20%3D%20SH%20101_Sascha%20Muller%20X.wav,281.6,hifidelity_potpourri,Acid; Techno; Hard Techno; Acid Techno
sascha-muller-x,Sascha Müller,TR-606 + TB-303 + SH 101 = Monotron,2021,hifidelity_potpourri,http://creativecommons.org/publicdomain/mark/1.0/,https://archive.org/download/sascha-muller-x/06_Sascha%20Muller_TR-606%20%2B%20TB-303%20%2B%20SH%20101%20%3D%20Monotron_Sascha%20Muller%20X.wav,366.5,hifidelity_potpourri,Acid; Techno; Hard Techno; Acid Techno
sascha-muller-x,Sascha Müller,TR-606 + TB-303 + SH 101 = ACID,2021,hifidelity_potpourri,http://creativecommons.org/publicdomain/mark/1.0/,https://archive.org/download/sascha-muller-x/07_Sascha%20Muller_TR-606%20%2B%20TB-303%20%2B%20SH%20101%20%3D%20ACID_Sascha%20Muller%20X.wav,311.5,hifidelity_potpourri,Acid; Techno; Hard Techno; Acid Techno
sascha-muller-ssrextra72,Sascha Müller,Natural Fluid,2018,hifidelity_potpourri,https://creativecommons.org/licenses/by-nc-nd/4.0/,https://archive.org/download/sascha-muller-ssrextra72/01.%20Sascha%20Muller%20-%20Natural%20Fluid.wav,385.1,hifidelity_potpourri,Techno; Acid; Hard Techno; Acid House; House; Minimal Techno; Sascha Müller
sascha-muller-ssrextra72,Sascha Müller,Closer To The NDS Part 04,2018,hifidelity_potpourri,https://creativecommons.org/licenses/by-nc-nd/4.0/,https://archive.org/download/sascha-muller-ssrextra72/02.%20Sascha%20Muller%20-%20Closer%20To%20The%20NDS%20Part%2004.wav,250.4,hifidelity_potpourri,Techno; Acid; Hard Techno; Acid House; House; Minimal Techno; Sascha Müller
sascha-muller-ssrextra72,Sascha Müller,Crazy Agent,2018,hifidelity_potpourri,https://creativecommons.org/licenses/by-nc-nd/4.0/,https://archive.org/download/sascha-muller-ssrextra72/03.%20Sascha%20Muller%20-%20Crazy%20Agent.wav,314.4,hifidelity_potpourri,Techno; Acid; Hard Techno; Acid House; House; Minimal Techno; Sascha Müller
sascha-muller-ssrextra72,Sascha Müller,Closer To The NDS Part 05,2018,hifidelity_potpourri,https://creativecommons.org/licenses/by-nc-nd/4.0/,https://archive.org/download/sascha-muller-ssrextra72/04.%20Sascha%20Muller%20-%20Closer%20To%20The%20NDS%20Part%2005.wav,224.6,hifidelity_potpourri,Techno; Acid; Hard Techno; Acid House; House; Minimal Techno; Sascha Müller
sascha-muller-ssrextra72,Sascha Müller,Daylight,2018,hifidelity_potpourri,https://creativecommons.org/licenses/by-nc-nd/4.0/,https://archive.org/download/sascha-muller-ssrextra72/05.%20Sascha%20Muller%20-%20Daylight.wav,400.0,hifidelity_potpourri,Techno; Acid; Hard Techno; Acid House; House; Minimal Techno; Sascha Müller
sascha-muller-ssrextra72,Sascha Müller,Templerotation,2018,hifidelity_potpourri,https://creativecommons.org/licenses/by-nc-nd/4.0/,https://archive.org/download/sascha-muller-ssrextra72/06.%20Sascha%20Muller%20-%20Tempelrotation.wav,352.3,hifidelity_potpourri,Techno; Acid; Hard Techno; Acid House; House; Minimal Techno; Sascha Müller
sascha-muller-ssrextra72,Sascha Müller,Alpha,2018,hifidelity_potpourri,https://creativecommons.org/licenses/by-nc-nd/4.0/,https://archive.org/download/sascha-muller-ssrextra72/07.%20Sascha%20Muller%20-%20Alpha.wav,566.1,hifidelity_potpourri,Techno; Acid; Hard Techno; Acid House; House; Minimal Techno; Sascha Müller
sascha-muller-ssrextra72,Sascha Müller,Closer To The NDS Part 06,2018,hifidelity_potpourri,https://creativecommons.org/licenses/by-nc-nd/4.0/,https://archive.org/download/sascha-muller-ssrextra72/08.%20Sascha%20Muller%20-%20Closer%20To%20The%20NDS%20Part%2006.wav,284.8,hifidelity_potpourri,Techno; Acid; Hard Techno; Acid House; House; Minimal Techno; Sascha Müller
sascha-muller-ssrextra72,Sascha Müller,Closer To The NDS Part 07,2018,hifidelity_potpourri,https://creativecommons.org/licenses/by-nc-nd/4.0/,https://archive.org/download/sascha-muller-ssrextra72/10.%20Sascha%20Muller%20-%20Closer%20To%20The%20NDS%20Part%2007.wav,266.8,hifidelity_potpourri,Techno; Acid; Hard Techno; Acid House; House; Minimal Techno; Sascha Müller
sascha-muller-ssrextra72,Sascha Müller,Dog Hunt,2018,hifidelity_potpourri,https://creativecommons.org/licenses/by-nc-nd/4.0/,https://archive.org/download/sascha-muller-ssrextra72/11.%20Sascha%20Muller%20-%20Dog%20Hunt.wav,312.0,hifidelity_potpourri,Techno; Acid; Hard Techno; Acid House; House; Minimal Techno; Sascha Müller
sascha-muller-ssrextra72,Sascha Müller,Closer To The NDS Part 08,2018,hifidelity_potpourri,https://creativecommons.org/licenses/by-nc-nd/4.0/,https://archive.org/download/sascha-muller-ssrextra72/12.%20Sascha%20Muller%20-%20Closer%20To%20The%20NDS%20Part%2008.wav,277.5,hifidelity_potpourri,Techno; Acid; Hard Techno; Acid House; House; Minimal Techno; Sascha Müller
nuke022-hanzzo-sascha-muller-nuke-vol.-22,Hanzzo & Sascha Müller,Nuke Vol. 22,2025,nuke-the-planet-netlabel,https://creativecommons.org/licenses/by-nc-nd/4.0/,https://archive.org/download/nuke022-hanzzo-sascha-muller-nuke-vol.-22/NUKE022%20Hanzzo%20%26%20Sascha%20M%C3%BCller%20-%20Nuke%20Vol.%2022.wav,481.2,nuke-the-planet-netlabel,Hardcore; Hard Techno; Hanzzo; Sascha Müller; NUKE THE PLANET
fressen015-sascha-muller-justice-ep,Sascha Müller,Justice,2023,fresscode-records-netlabel,https://creativecommons.org/licenses/by-nc-nd/4.0/,https://archive.org/download/fressen015-sascha-muller-justice-ep/%28Fressen015%29%2001.%20Sascha%20M%C3%BCller%20-%20Justice_Justice%20EP.wav,374.5,fresscode-records-netlabel,Techno; Hard Techno; Acid; Chicago; Fresscode Records; Sascha Müller
fressen015-sascha-muller-justice-ep,Sascha Müller,Portal,2023,fresscode-records-netlabel,https://creativecommons.org/licenses/by-nc-nd/4.0/,https://archive.org/download/fressen015-sascha-muller-justice-ep/%28Fressen015%29%2002.%20Sascha%20M%C3%BCller%20-%20Portal_Justice%20EP.wav,385.7,fresscode-records-netlabel,Techno; Hard Techno; Acid; Chicago; Fresscode Records; Sascha Müller
fressen015-sascha-muller-justice-ep,Sascha Müller,Hell Squad,2023,fresscode-records-netlabel,https://creativecommons.org/licenses/by-nc-nd/4.0/,https://archive.org/download/fressen015-sascha-muller-justice-ep/%28Fressen015%29%2003.%20Sascha%20M%C3%BCller%20-%20Hell%20Squad_Justice%20EP.wav,411.4,fresscode-records-netlabel,Techno; Hard Techno; Acid; Chicago; Fresscode Records; Sascha Müller
p099-knarz-maschine-acid-knarz-ep,KNARZ Maschine,ACID KNARZ 3,2022,psychocandies-netlabel,https://creativecommons.org/licenses/by-nc-nd/4.0/,https://archive.org/download/p099-knarz-maschine-acid-knarz-ep/%28P099%29%2001.%20KNARZ%20Maschine%20-%20Acid%20KNARZ%203_Acid%20KNARZ%20EP.wav,373.8,psychocandies-netlabel,Acid; Acid Techno; Hard Acid Techno; Hard Techno; KNARZ Maschine; Psychocandies
p099-knarz-maschine-acid-knarz-ep,KNARZ Maschine,ACID KNARZ 2,2022,psychocandies-netlabel,https://creativecommons.org/licenses/by-nc-nd/4.0/,https://archive.org/download/p099-knarz-maschine-acid-knarz-ep/%28P099%29%2002.%20KNARZ%20Maschine%20-%20Acid%20KNARZ%202_Acid%20KNARZ%20EP.wav,410.0,psychocandies-netlabel,Acid; Acid Techno; Hard Acid Techno; Hard Techno; KNARZ Maschine; Psychocandies
p099-knarz-maschine-acid-knarz-ep,KNARZ Maschine,ACID KNARZ 1,2022,psychocandies-netlabel,https://creativecommons.org/licenses/by-nc-nd/4.0/,https://archive.org/download/p099-knarz-maschine-acid-knarz-ep/%28P099%29%2003.%20KNARZ%20Maschine%20-%20Acid%20KNARZ%201_Acid%20KNARZ%20EP.wav,322.9,psychocandies-netlabel,Acid; Acid Techno; Hard Acid Techno; Hard Techno; KNARZ Maschine; Psychocandies
inquieto-spider-poison,Inquieto,inquieto - spider poison,2024,opensource_audio,https://creativecommons.org/licenses/by-nc-nd/4.0/,https://archive.org/download/inquieto-spider-poison/Inquieto%20-%20Spider%20Poison.mp3,428.6,opensource_audio,techno; hardtechno; hard techno; hardmusic; hardcore. tecno; underground; Hard Techno; Hard Trance; Hard Trance; Ghettot
dfs040-sascha-muller-metric-ep,Sascha Müller,Metric (Original Mix),2026,dancefloor-socialism-netlabel,https://creativecommons.org/licenses/by-nc-nd/4.0/,https://archive.org/download/dfs040-sascha-muller-metric-ep/%28DFS040%29%2001.%20Sascha%20M%C3%BCller%20-%20Metric%20%28Original%20Mix%29_Metric%20EP.wav,279.8,dancefloor-socialism-netlabel,Techno; Hard Techno; Acid; Acid Techno; Detroit; Sascha Müller; DANCEFLOOR SOCIALISM
dfs040-sascha-muller-metric-ep,Sascha Müller,Metric (Jerzz Remix),2026,dancefloor-socialism-netlabel,https://creativecommons.org/licenses/by-nc-nd/4.0/,https://archive.org/download/dfs040-sascha-muller-metric-ep/%28DFS040%29%2002.%20Sascha%20M%C3%BCller%20-%20Metric%20%28Jerzz%20Remix%29_Metric%20EP.wav,312.8,dancefloor-socialism-netlabel,Techno; Hard Techno; Acid; Acid Techno; Detroit; Sascha Müller; DANCEFLOOR SOCIALISM
fressen006-the-d3vi7-der-bosewicht-ep,THE D3VI7,Der Bösewicht,2020,fresscode-records-netlabel,https://creativecommons.org/licenses/by-nc-nd/4.0/,https://archive.org/download/fressen006-the-d3vi7-der-bosewicht-ep/%28Fressen006%29%2001.%20THE%20D3VI7%20-%20Der%20B%C3%B6sewicht_Der%20B%C3%B6sewicht%20EP.wav,504.3,fresscode-records-netlabel,Techno; Hard Techno; Dark Techno; Schranz; Acid Techno; THE D3VI7; Fresscode Records
fressen006-the-d3vi7-der-bosewicht-ep,THE D3VI7,Marauder,2020,fresscode-records-netlabel,https://creativecommons.org/licenses/by-nc-nd/4.0/,https://archive.org/download/fressen006-the-d3vi7-der-bosewicht-ep/%28Fressen006%29%2002.%20THE%20D3VI7%20-%20Marauder_Der%20B%C3%B6sewicht%20EP.wav,356.0,fresscode-records-netlabel,Techno; Hard Techno; Dark Techno; Schranz; Acid Techno; THE D3VI7; Fresscode Records
fressen006-the-d3vi7-der-bosewicht-ep,THE D3VI7,Theorem,2020,fresscode-records-netlabel,https://creativecommons.org/licenses/by-nc-nd/4.0/,https://archive.org/download/fressen006-the-d3vi7-der-bosewicht-ep/%28Fressen006%29%2003.%20THE%20D3VI7%20-%20Theorem_Der%20B%C3%B6sewicht%20EP.wav,368.9,fresscode-records-netlabel,Techno; Hard Techno; Dark Techno; Schranz; Acid Techno; THE D3VI7; Fresscode Records
xdd009-x.d.d.-vol.-09,X.D.D.,Snaak Snaak,2024,xdd-x-static-dance-departement-netlabel,https://creativecommons.org/licenses/by-nc-nd/4.0/,https://archive.org/download/xdd009-x.d.d.-vol.-09/%28XDD009%29%2001.%20X.D.D.%20-%20Snaak%20Snaak_Vol.%2009.wav,365.4,xdd-x-static-dance-departement-netlabel,Techno; Hard Techno; X.D.D.; x-static Dance Departement
xdd009-x.d.d.-vol.-09,X.D.D.,Random Pulses,2024,xdd-x-static-dance-departement-netlabel,https://creativecommons.org/licenses/by-nc-nd/4.0/,https://archive.org/download/xdd009-x.d.d.-vol.-09/%28XDD009%29%2002.%20X.D.D.%20-%20Random%20Pulses_Vol.%2009.wav,397.3,xdd-x-static-dance-departement-netlabel,Techno; Hard Techno; X.D.D.; x-static Dance Departement
sascha-muller-ssrextra89,Sascha Müller,Nonstop Treatment,2019,hifidelity_potpourri,https://creativecommons.org/licenses/by-nc-nd/4.0/,https://archive.org/download/sascha-muller-ssrextra89/01.%20Sascha%20Muller%20-%20Nonstop%20Treatment.WAV,404.4,hifidelity_potpourri,Techno; Acid; Hard Techno; Acid House; House; Minimal Techno; Sascha Müller
sascha-muller-ssrextra89,Sascha Müller,Nude Icon,2019,hifidelity_potpourri,https://creativecommons.org/licenses/by-nc-nd/4.0/,https://archive.org/download/sascha-muller-ssrextra89/02.%20Sascha%20Muller%20-%20Nude%20Icon.wav,428.4,hifidelity_potpourri,Techno; Acid; Hard Techno; Acid House; House; Minimal Techno; Sascha Müller
sascha-muller-ssrextra89,Sascha Müller,Omega Run,2019,hifidelity_potpourri,https://creativecommons.org/licenses/by-nc-nd/4.0/,https://archive.org/download/sascha-muller-ssrextra89/03.%20Sascha%20Muller%20-%20Omega%20Run.wav,340.2,hifidelity_potpourri,Techno; Acid; Hard Techno; Acid House; House; Minimal Techno; Sascha Müller
sascha-muller-ssrextra89,Sascha Müller,Packeis,2019,hifidelity_potpourri,https://creativecommons.org/licenses/by-nc-nd/4.0/,https://archive.org/download/sascha-muller-ssrextra89/04.%20Sascha%20Muller%20-%20Packeis.wav,419.0,hifidelity_potpourri,Techno; Acid; Hard Techno; Acid House; House; Minimal Techno; Sascha Müller
sascha-muller-ssrextra89,Sascha Müller,Painkiller,2019,hifidelity_potpourri,https://creativecommons.org/licenses/by-nc-nd/4.0/,https://archive.org/download/sascha-muller-ssrextra89/05.%20Sascha%20Muller%20-%20Painkiller.WAV,328.4,hifidelity_potpourri,Techno; Acid; Hard Techno; Acid House; House; Minimal Techno; Sascha Müller
sascha-muller-ssrextra89,Sascha Müller,Paradise City (Remix),2019,hifidelity_potpourri,https://creativecommons.org/licenses/by-nc-nd/4.0/,https://archive.org/download/sascha-muller-ssrextra89/06.%20Sascha%20Muller%20-%20Paradise%20City%20%28Remix%29.wav,325.8,hifidelity_potpourri,Techno; Acid; Hard Techno; Acid House; House; Minimal Techno; Sascha Müller
sascha-muller-ssrextra89,Sascha Müller,Parameter Prozess,2019,hifidelity_potpourri,https://creativecommons.org/licenses/by-nc-nd/4.0/,https://archive.org/download/sascha-muller-ssrextra89/07.%20Sascha%20Muller%20-%20Parameter%20Prozess.wav,443.8,hifidelity_potpourri,Techno; Acid; Hard Techno; Acid House; House; Minimal Techno; Sascha Müller
sascha-muller-ssrextra89,Sascha Müller,Pax,2019,hifidelity_potpourri,https://creativecommons.org/licenses/by-nc-nd/4.0/,https://archive.org/download/sascha-muller-ssrextra89/08.%20Sascha%20Muller%20-%20Pax.wav,304.3,hifidelity_potpourri,Techno; Acid; Hard Techno; Acid House; House; Minimal Techno; Sascha Müller
sascha-muller-ssrextra89,Sascha Müller,Permafrost,2019,hifidelity_potpourri,https://creativecommons.org/licenses/by-nc-nd/4.0/,https://archive.org/download/sascha-muller-ssrextra89/09.%20Sascha%20Muller%20-%20Permafrost.WAV,344.1,hifidelity_potpourri,Techno; Acid; Hard Techno; Acid House; House; Minimal Techno; Sascha Müller
sascha-muller-ssrextra89,Sascha Müller,Permafrost,2019,hifidelity_potpourri,https://creativecommons.org/licenses/by-nc-nd/4.0/,https://archive.org/download/sascha-muller-ssrextra89/10.%20Sascha%20Muller%20-%20Phonk%20The%20System.wav,370.1,hifidelity_potpourri,Techno; Acid; Hard Techno; Acid House; House; Minimal Techno; Sascha Müller
sascha-muller-ssrextra89,Sascha Müller,Pigmentstörung,2019,hifidelity_potpourri,https://creativecommons.org/licenses/by-nc-nd/4.0/,https://archive.org/download/sascha-muller-ssrextra89/11.%20Sascha%20Muller%20-%20Pigmentstorung.wav,232.8,hifidelity_potpourri,Techno; Acid; Hard Techno; Acid House; House; Minimal Techno; Sascha Müller
sascha-muller-ssrextra89,Sascha Müller,Pillbox,2019,hifidelity_potpourri,https://creativecommons.org/licenses/by-nc-nd/4.0/,https://archive.org/download/sascha-muller-ssrextra89/12.%20Sascha%20Muller%20-%20Pillbox.wav,399.5,hifidelity_potpourri,Techno; Acid; Hard Techno; Acid House; House; Minimal Techno; Sascha Müller
sascha-muller-ssrextra68,Sascha Müller,Earth Calling,2018,hifidelity_potpourri,https://creativecommons.org/licenses/by-nc-nd/4.0/,https://archive.org/download/sascha-muller-ssrextra68/01.%20Sascha%20Muller%20-%20Earth%20Calling.wav,608.3,hifidelity_potpourri,Techno; Acid; Hard Techno; Acid House; House; Minimal Techno; Sascha Müller
sascha-muller-ssrextra68,Sascha Müller,The Dark Force Of Nintendo I,2018,hifidelity_potpourri,https://creativecommons.org/licenses/by-nc-nd/4.0/,https://archive.org/download/sascha-muller-ssrextra68/02.%20Sascha%20Muller%20-%20The%20Dark%20Force%20Of%20Nintendo%20I.wav,267.1,hifidelity_potpourri,Techno; Acid; Hard Techno; Acid House; House; Minimal Techno; Sascha Müller
sascha-muller-ssrextra68,Sascha Müller,The Dark Force Of Nintendo II,2018,hifidelity_potpourri,https://creativecommons.org/licenses/by-nc-nd/4.0/,https://archive.org/download/sascha-muller-ssrextra68/03.%20Sascha%20Muller%20-%20The%20Dark%20Force%20Of%20Nintendo%20II.wav,263.8,hifidelity_potpourri,Techno; Acid; Hard Techno; Acid House; House; Minimal Techno; Sascha Müller
sascha-muller-ssrextra68,Sascha Müller,The Dark Force Of Nintendo III,2018,hifidelity_potpourri,https://creativecommons.org/licenses/by-nc-nd/4.0/,https://archive.org/download/sascha-muller-ssrextra68/04.%20Sascha%20Muller%20-%20The%20Dark%20Force%20Of%20Nintendo%20III.wav,224.4,hifidelity_potpourri,Techno; Acid; Hard Techno; Acid House; House; Minimal Techno; Sascha Müller
sascha-muller-ssrextra68,Sascha Müller,The Dark Force Of Nintendo IV,2018,hifidelity_potpourri,https://creativecommons.org/licenses/by-nc-nd/4.0/,https://archive.org/download/sascha-muller-ssrextra68/05.%20Sascha%20Muller%20-%20The%20Dark%20Force%20Of%20Nintendo%20IV.wav,258.8,hifidelity_potpourri,Techno; Acid; Hard Techno; Acid House; House; Minimal Techno; Sascha Müller
sascha-muller-ssrextra68,Sascha Müller,Der Geiger (Original Mix),2018,hifidelity_potpourri,https://creativecommons.org/licenses/by-nc-nd/4.0/,https://archive.org/download/sascha-muller-ssrextra68/07.%20Sascha%20Muller%20-%20Der%20Geiger%20%28Original%20Mix%29.wav,346.0,hifidelity_potpourri,Techno; Acid; Hard Techno; Acid House; House; Minimal Techno; Sascha Müller
sascha-muller-ssrextra68,Sascha Müller,Prepare Your System,2018,hifidelity_potpourri,https://creativecommons.org/licenses/by-nc-nd/4.0/,https://archive.org/download/sascha-muller-ssrextra68/08.%20Sascha%20Muller%20-%20Prepare%20Your%20System.wav,349.8,hifidelity_potpourri,Techno; Acid; Hard Techno; Acid House; House; Minimal Techno; Sascha Müller
sascha-muller-ssrextra68,Sascha Müller,Der Geiger (Sascha Müller Remix),2018,hifidelity_potpourri,https://creativecommons.org/licenses/by-nc-nd/4.0/,https://archive.org/download/sascha-muller-ssrextra68/09.%20Sascha%20Muller%20-%20Der%20Geiger%20%28Sascha%20Muller%20Remix%29.wav,629.3,hifidelity_potpourri,Techno; Acid; Hard Techno; Acid House; House; Minimal Techno; Sascha Müller
sascha-muller-ssrextra68,Sascha Müller,Disco,2018,hifidelity_potpourri,https://creativecommons.org/licenses/by-nc-nd/4.0/,https://archive.org/download/sascha-muller-ssrextra68/10.%20Sascha%20Muller%20-%20Disco.wav,260.6,hifidelity_potpourri,Techno; Acid; Hard Techno; Acid House; House; Minimal Techno; Sascha Müller
sascha-muller-ssrextra68,Sascha Müller,Der Geiger (Sascha Müller Old School Remix),2018,hifidelity_potpourri,https://creativecommons.org/licenses/by-nc-nd/4.0/,https://archive.org/download/sascha-muller-ssrextra68/11.%20Sascha%20Muller%20-%20Der%20Geiger%20%28Sascha%20Muller%20Old%20School%20Remix%29.wav,300.0,hifidelity_potpourri,Techno; Acid; Hard Techno; Acid House; House; Minimal Techno; Sascha Müller
sascha-muller-ssrextra70,Sascha Müller,Funkstar,2018,hifidelity_potpourri,https://creativecommons.org/licenses/by-nc-nd/4.0/,https://archive.org/download/sascha-muller-ssrextra70/03.%20Sascha%20Muller%20-%20Funkstar.wav,233.4,hifidelity_potpourri,Techno; Acid; Hard Techno; Acid House; House; Minimal Techno; Sascha Müller
sascha-muller-ssrextra70,Sascha Müller,Plug 03,2018,hifidelity_potpourri,https://creativecommons.org/licenses/by-nc-nd/4.0/,https://archive.org/download/sascha-muller-ssrextra70/05.%20Sascha%20Muller%20-%20Plug%2003.wav,388.1,hifidelity_potpourri,Techno; Acid; Hard Techno; Acid House; House; Minimal Techno; Sascha Müller
sascha-muller-ssrextra70,Sascha Müller,Monotron,2018,hifidelity_potpourri,https://creativecommons.org/licenses/by-nc-nd/4.0/,https://archive.org/download/sascha-muller-ssrextra70/06.%20Sascha%20Muller%20-%20Monotron.wav,254.8,hifidelity_potpourri,Techno; Acid; Hard Techno; Acid House; House; Minimal Techno; Sascha Müller
sascha-muller-ssrextra70,Sascha Müller,Second,2018,hifidelity_potpourri,https://creativecommons.org/licenses/by-nc-nd/4.0/,https://archive.org/download/sascha-muller-ssrextra70/07.%20Sascha%20Muller%20-%20Second.wav,346.5,hifidelity_potpourri,Techno; Acid; Hard Techno; Acid House; House; Minimal Techno; Sascha Müller
sascha-muller-ssrextra70,Sascha Müller,The Scottish Highlanders On Dope,2018,hifidelity_potpourri,https://creativecommons.org/licenses/by-nc-nd/4.0/,https://archive.org/download/sascha-muller-ssrextra70/08.%20Sascha%20Muller%20-%20The%20Scottish%20Highlanders%20On%20Dope.wav,405.9,hifidelity_potpourri,Techno; Acid; Hard Techno; Acid House; House; Minimal Techno; Sascha Müller
sascha-muller-ssrextra71,Sascha Müller,Phase Shifter,2018,hifidelity_potpourri,https://creativecommons.org/licenses/by-nc-nd/4.0/,https://archive.org/download/sascha-muller-ssrextra71/01.%20Sascha%20Muller%20-%20Phase%20Shifter.wav,200.4,hifidelity_potpourri,Techno; Acid; Hard Techno; Acid House; House; Minimal Techno; Sascha Müller
sascha-muller-ssrextra71,Sascha Müller,Closer To The NDS Part 01,2018,hifidelity_potpourri,https://creativecommons.org/licenses/by-nc-nd/4.0/,https://archive.org/download/sascha-muller-ssrextra71/02.%20Sascha%20Muller%20-%20Closer%20To%20The%20NDS%20Part%2001.wav,170.8,hifidelity_potpourri,Techno; Acid; Hard Techno; Acid House; House; Minimal Techno; Sascha Müller
sascha-muller-ssrextra71,Sascha Müller,Evil Monotron 1,2018,hifidelity_potpourri,https://creativecommons.org/licenses/by-nc-nd/4.0/,https://archive.org/download/sascha-muller-ssrextra71/03.%20Sascha%20Muller%20-%20Evil%20Monotron%201.wav,195.9,hifidelity_potpourri,Techno; Acid; Hard Techno; Acid House; House; Minimal Techno; Sascha Müller
sascha-muller-ssrextra71,Sascha Müller,Space Is Oure Friend,2018,hifidelity_potpourri,https://creativecommons.org/licenses/by-nc-nd/4.0/,https://archive.org/download/sascha-muller-ssrextra71/04.%20Sascha%20Muller%20-%20The%20Space%20Is%20Oure%20Friend.wav,620.0,hifidelity_potpourri,Techno; Acid; Hard Techno; Acid House; House; Minimal Techno; Sascha Müller
sascha-muller-ssrextra71,Sascha Müller,Closer To The NDS Part 02,2018,hifidelity_potpourri,https://creativecommons.org/licenses/by-nc-nd/4.0/,https://archive.org/download/sascha-muller-ssrextra71/06.%20Sascha%20Muller%20-%20Closer%20To%20The%20NDS%20Part%2002.wav,278.6,hifidelity_potpourri,Techno; Acid; Hard Techno; Acid House; House; Minimal Techno; Sascha Müller
sascha-muller-ssrextra71,Sascha Müller,Evil Monotron 2,2018,hifidelity_potpourri,https://creativecommons.org/licenses/by-nc-nd/4.0/,https://archive.org/download/sascha-muller-ssrextra71/07.%20Sascha%20Muller%20-%20Evil%20Monotron%202.wav,263.1,hifidelity_potpourri,Techno; Acid; Hard Techno; Acid House; House; Minimal Techno; Sascha Müller
sascha-muller-ssrextra71,Sascha Müller,Evil Monotron 3,2018,hifidelity_potpourri,https://creativecommons.org/licenses/by-nc-nd/4.0/,https://archive.org/download/sascha-muller-ssrextra71/08.%20Sascha%20Muller%20-%20Evil%20Monotron%203.wav,261.3,hifidelity_potpourri,Techno; Acid; Hard Techno; Acid House; House; Minimal Techno; Sascha Müller
sascha-muller-ssrextra71,Sascha Müller,Interactive Warlords,2018,hifidelity_potpourri,https://creativecommons.org/licenses/by-nc-nd/4.0/,https://archive.org/download/sascha-muller-ssrextra71/09.%20Sascha%20Muller%20-%20Interactive%20Warlords.wav,711.5,hifidelity_potpourri,Techno; Acid; Hard Techno; Acid House; House; Minimal Techno; Sascha Müller
sascha-muller-ssrextra71,Sascha Müller,Closer To The NDS Part 03,2018,hifidelity_potpourri,https://creativecommons.org/licenses/by-nc-nd/4.0/,https://archive.org/download/sascha-muller-ssrextra71/10.%20Sascha%20Muller%20-%20Closer%20To%20The%20NDS%20Part%2003.wav,329.0,hifidelity_potpourri,Techno; Acid; Hard Techno; Acid House; House; Minimal Techno; Sascha Müller
sascha-muller-ssrextra71,Sascha Müller,Halbtet,2018,hifidelity_potpourri,https://creativecommons.org/licenses/by-nc-nd/4.0/,https://archive.org/download/sascha-muller-ssrextra71/11.%20Sascha%20Muller%20-%20Halbtet.wav,332.4,hifidelity_potpourri,Techno; Acid; Hard Techno; Acid House; House; Minimal Techno; Sascha Müller
sascha-muller-ssrextra71,Sascha Müller,Artektika,2018,hifidelity_potpourri,https://creativecommons.org/licenses/by-nc-nd/4.0/,https://archive.org/download/sascha-muller-ssrextra71/12.%20Sascha%20Muller%20-%20Artektika.wav,391.7,hifidelity_potpourri,Techno; Acid; Hard Techno; Acid House; House; Minimal Techno; Sascha Müller
sascha-muller-ssrextra79,Sascha Müller,The OS Tracks 16,2019,hifidelity_potpourri,https://creativecommons.org/licenses/by-nc-nd/4.0/,https://archive.org/download/sascha-muller-ssrextra79/01.%20Sascha%20Muller%20-%20The%20OS%20Tracks%2016.wav,197.2,hifidelity_potpourri,Techno; Acid; Hard Techno; Acid House; House; Minimal Techno; Sascha Müller
sascha-muller-ssrextra79,Sascha Müller,Hydrotherapy,2019,hifidelity_potpourri,https://creativecommons.org/licenses/by-nc-nd/4.0/,https://archive.org/download/sascha-muller-ssrextra79/03.%20Sascha%20Muller%20-%20Hydrotherapy.wav,437.5,hifidelity_potpourri,Techno; Acid; Hard Techno; Acid House; House; Minimal Techno; Sascha Müller
sascha-muller-ssrextra79,Sascha Müller,Paramite,2019,hifidelity_potpourri,https://creativecommons.org/licenses/by-nc-nd/4.0/,https://archive.org/download/sascha-muller-ssrextra79/04.%20Sascha%20Muller%20-%20Paramite.wav,357.6,hifidelity_potpourri,Techno; Acid; Hard Techno; Acid House; House; Minimal Techno; Sascha Müller
sascha-muller-ssrextra79,Sascha Müller,The Work,2019,hifidelity_potpourri,https://creativecommons.org/licenses/by-nc-nd/4.0/,https://archive.org/download/sascha-muller-ssrextra79/05.%20Sascha%20Muller%20-%20The%20Work.wav,426.6,hifidelity_potpourri,Techno; Acid; Hard Techno; Acid House; House; Minimal Techno; Sascha Müller
sascha-muller-ssrextra79,Sascha Müller,Perfusion,2019,hifidelity_potpourri,https://creativecommons.org/licenses/by-nc-nd/4.0/,https://archive.org/download/sascha-muller-ssrextra79/06.%20Sascha%20Muller%20-%20Perfusion.wav,344.1,hifidelity_potpourri,Techno; Acid; Hard Techno; Acid House; House; Minimal Techno; Sascha Müller
sascha-muller-ssrextra79,Sascha Müller,aa1,2019,hifidelity_potpourri,https://creativecommons.org/licenses/by-nc-nd/4.0/,https://archive.org/download/sascha-muller-ssrextra79/07.%20Sascha%20Muller%20-%20aa1.WAV,316.6,hifidelity_potpourri,Techno; Acid; Hard Techno; Acid House; House; Minimal Techno; Sascha Müller
sascha-muller-ssrextra79,Sascha Müller,Acid Junkfood Part 01,2019,hifidelity_potpourri,https://creativecommons.org/licenses/by-nc-nd/4.0/,https://archive.org/download/sascha-muller-ssrextra79/08.%20Sascha%20Muller%20-%20Acid%20Junkfood%20Part%2001.wav,270.4,hifidelity_potpourri,Techno; Acid; Hard Techno; Acid House; House; Minimal Techno; Sascha Müller
sascha-muller-ssrextra79,Sascha Müller,Acid Junkfood Part 02,2019,hifidelity_potpourri,https://creativecommons.org/licenses/by-nc-nd/4.0/,https://archive.org/download/sascha-muller-ssrextra79/09.%20Sascha%20Muller%20-%20Acid%20Junkfood%20Part%2002.wav,313.2,hifidelity_potpourri,Techno; Acid; Hard Techno; Acid House; House; Minimal Techno; Sascha Müller
sascha-muller-ssrextra79,Sascha Müller,Algorythmus,2019,hifidelity_potpourri,https://creativecommons.org/licenses/by-nc-nd/4.0/,https://archive.org/download/sascha-muller-ssrextra79/10.%20Sascha%20Muller%20-%20Algorythmus.wav,395.5,hifidelity_potpourri,Techno; Acid; Hard Techno; Acid House; House; Minimal Techno; Sascha Müller
sascha-muller-ssrextra79,Sascha Müller,ANC,2019,hifidelity_potpourri,https://creativecommons.org/licenses/by-nc-nd/4.0/,https://archive.org/download/sascha-muller-ssrextra79/12.%20Sascha%20Muller%20-%20ANC.wav,512.5,hifidelity_potpourri,Techno; Acid; Hard Techno; Acid House; House; Minimal Techno; Sascha Müller
sascha-muller-ssrextra81,Sascha Müller,Astronaut,2019,hifidelity_potpourri,https://creativecommons.org/licenses/by-nc-nd/4.0/,https://archive.org/download/sascha-muller-ssrextra81/01.%20Sascha%20Muller%20-%20Astronaut.wav,303.0,hifidelity_potpourri,Techno; Acid; Hard Techno; Acid House; House; Minimal Techno; Sascha Müller
sascha-muller-ssrextra81,Sascha Müller,Black Widdow,2019,hifidelity_potpourri,https://creativecommons.org/licenses/by-nc-nd/4.0/,https://archive.org/download/sascha-muller-ssrextra81/02.%20Sascha%20Muller%20-%20Black%20Widdow.wav,375.5,hifidelity_potpourri,Techno; Acid; Hard Techno; Acid House; House; Minimal Techno; Sascha Müller
sascha-muller-ssrextra81,Sascha Müller,Blipp,2019,hifidelity_potpourri,https://creativecommons.org/licenses/by-nc-nd/4.0/,https://archive.org/download/sascha-muller-ssrextra81/03.%20Sascha%20Muller%20-%20Blipp.wav,658.0,hifidelity_potpourri,Techno; Acid; Hard Techno; Acid House; House; Minimal Techno; Sascha Müller
sascha-muller-ssrextra81,Sascha Müller,Bones And Congas,2019,hifidelity_potpourri,https://creativecommons.org/licenses/by-nc-nd/4.0/,https://archive.org/download/sascha-muller-ssrextra81/04.%20Sascha%20Muller%20-%20Bones%20And%20Congas.wav,385.0,hifidelity_potpourri,Techno; Acid; Hard Techno; Acid House; House; Minimal Techno; Sascha Müller
sascha-muller-ssrextra81,Sascha Müller,Born Trippi,2019,hifidelity_potpourri,https://creativecommons.org/licenses/by-nc-nd/4.0/,https://archive.org/download/sascha-muller-ssrextra81/05.%20Sascha%20Muller%20-%20Born%20Trippi.wav,339.4,hifidelity_potpourri,Techno; Acid; Hard Techno; Acid House; House; Minimal Techno; Sascha Müller
sascha-muller-ssrextra81,Sascha Müller,Brainbug,2019,hifidelity_potpourri,https://creativecommons.org/licenses/by-nc-nd/4.0/,https://archive.org/download/sascha-muller-ssrextra81/06.%20Sascha%20Muller%20-%20Brainbug.WAV,259.0,hifidelity_potpourri,Techno; Acid; Hard Techno; Acid House; House; Minimal Techno; Sascha Müller
sascha-muller-ssrextra81,Sascha Müller,Breath Of The Stars,2019,hifidelity_potpourri,https://creativecommons.org/licenses/by-nc-nd/4.0/,https://archive.org/download/sascha-muller-ssrextra81/07.%20Sascha%20Muller%20-%20Breath%20Of%20The%20Stars.wav,282.2,hifidelity_potpourri,Techno; Acid; Hard Techno; Acid House; House; Minimal Techno; Sascha Müller
sascha-muller-ssrextra81,Sascha Müller,Bubblegum,2019,hifidelity_potpourri,https://creativecommons.org/licenses/by-nc-nd/4.0/,https://archive.org/download/sascha-muller-ssrextra81/08.%20Sascha%20Muller%20-%20Bubblegum.wav,359.8,hifidelity_potpourri,Techno; Acid; Hard Techno; Acid House; House; Minimal Techno; Sascha Müller
sascha-muller-ssrextra81,Sascha Müller,Bürgerradio,2019,hifidelity_potpourri,https://creativecommons.org/licenses/by-nc-nd/4.0/,https://archive.org/download/sascha-muller-ssrextra81/09.%20Sascha%20Muller%20-%20Burgerradio.wav,415.0,hifidelity_potpourri,Techno; Acid; Hard Techno; Acid House; House; Minimal Techno; Sascha Müller
sascha-muller-ssrextra81,Sascha Müller,Chamber,2019,hifidelity_potpourri,https://creativecommons.org/licenses/by-nc-nd/4.0/,https://archive.org/download/sascha-muller-ssrextra81/10.%20Sascha%20Muller%20-%20Chamber.wav,382.0,hifidelity_potpourri,Techno; Acid; Hard Techno; Acid House; House; Minimal Techno; Sascha Müller
sascha-muller-ssrextra81,Sascha Müller,Chikatetsu,2019,hifidelity_potpourri,https://creativecommons.org/licenses/by-nc-nd/4.0/,https://archive.org/download/sascha-muller-ssrextra81/11.%20Sascha%20Muller%20-%20Chikatetsu.wav,209.3,hifidelity_potpourri,Techno; Acid; Hard Techno; Acid House; House; Minimal Techno; Sascha Müller
sascha-muller-ssrextra81,Sascha Müller,Choco Beatz Delight,2019,hifidelity_potpourri,https://creativecommons.org/licenses/by-nc-nd/4.0/,https://archive.org/download/sascha-muller-ssrextra81/12.%20Sascha%20Muller%20-%20Choco%20Beatz%20Delight.wav,373.1,hifidelity_potpourri,Techno; Acid; Hard Techno; Acid House; House; Minimal Techno; Sascha Müller
sascha-muller-ssrextra83,Sascha Müller,Der erste Kontakt,2019,hifidelity_potpourri,https://creativecommons.org/licenses/by-nc-nd/4.0/,https://archive.org/download/sascha-muller-ssrextra83/01.%20Sascha%20Muller%20-%20Der%20erste%20Kontakt.wav,415.0,hifidelity_potpourri,Techno; Acid; Hard Techno; Acid House; House; Minimal Techno; Sascha Müller
sascha-muller-ssrextra83,Sascha Müller,Der Läufer,2019,hifidelity_potpourri,https://creativecommons.org/licenses/by-nc-nd/4.0/,https://archive.org/download/sascha-muller-ssrextra83/02.%20Sascha%20Muller%20-%20Der%20Laufer.WAV,374.1,hifidelity_potpourri,Techno; Acid; Hard Techno; Acid House; House; Minimal Techno; Sascha Müller
sascha-muller-ssrextra83,Sascha Müller,Der Loop,2019,hifidelity_potpourri,https://creativecommons.org/licenses/by-nc-nd/4.0/,https://archive.org/download/sascha-muller-ssrextra83/03.%20Sascha%20Muller%20-%20Der%20Loop.wav,270.8,hifidelity_potpourri,Techno; Acid; Hard Techno; Acid House; House; Minimal Techno; Sascha Müller
sascha-muller-ssrextra83,Sascha Müller,Der Zentralnervensystemmanipulator,2019,hifidelity_potpourri,https://creativecommons.org/licenses/by-nc-nd/4.0/,https://archive.org/download/sascha-muller-ssrextra83/04.%20Sascha%20Muller%20-%20Der%20Zentralnervensystemmanipulator.wav,377.7,hifidelity_potpourri,Techno; Acid; Hard Techno; Acid House; House; Minimal Techno; Sascha Müller
sascha-muller-ssrextra83,Sascha Müller,Don´t Scratch Homie,2019,hifidelity_potpourri,https://creativecommons.org/licenses/by-nc-nd/4.0/,https://archive.org/download/sascha-muller-ssrextra83/05.%20Sascha%20Muller%20-%20Dont%20Scratch%20Homie.wav,308.6,hifidelity_potpourri,Techno; Acid; Hard Techno; Acid House; House; Minimal Techno; Sascha Müller
sascha-muller-ssrextra83,Sascha Müller,Don´t Speak Just Listen,2019,hifidelity_potpourri,https://creativecommons.org/licenses/by-nc-nd/4.0/,https://archive.org/download/sascha-muller-ssrextra83/06.%20Sascha%20Muller%20-%20Dont%20Speak%20Just%20Listen.WAV,501.9,hifidelity_potpourri,Techno; Acid; Hard Techno; Acid House; House; Minimal Techno; Sascha Müller
sascha-muller-ssrextra83,Sascha Müller,Dope Beatz,2019,hifidelity_potpourri,https://creativecommons.org/licenses/by-nc-nd/4.0/,https://archive.org/download/sascha-muller-ssrextra83/07.%20Sascha%20Muller%20-%20Dope%20Beatz.wav,330.0,hifidelity_potpourri,Techno; Acid; Hard Techno; Acid House; House; Minimal Techno; Sascha Müller
sascha-muller-ssrextra83,Sascha Müller,Down On Earth,2019,hifidelity_potpourri,https://creativecommons.org/licenses/by-nc-nd/4.0/,https://archive.org/download/sascha-muller-ssrextra83/08.%20Sascha%20Muller%20-%20Down%20On%20Earth.wav,416.2,hifidelity_potpourri,Techno; Acid; Hard Techno; Acid House; House; Minimal Techno; Sascha Müller
sascha-muller-ssrextra83,Sascha Müller,Dream Scape,2019,hifidelity_potpourri,https://creativecommons.org/licenses/by-nc-nd/4.0/,https://archive.org/download/sascha-muller-ssrextra83/09.%20Sascha%20Muller%20-%20Dream%20Scape.wav,396.5,hifidelity_potpourri,Techno; Acid; Hard Techno; Acid House; House; Minimal Techno; Sascha Müller
sascha-muller-ssrextra83,Sascha Müller,Drum Control,2019,hifidelity_potpourri,https://creativecommons.org/licenses/by-nc-nd/4.0/,https://archive.org/download/sascha-muller-ssrextra83/10.%20Sascha%20Muller%20-%20Drum%20Control.wav,353.1,hifidelity_potpourri,Techno; Acid; Hard Techno; Acid House; House; Minimal Techno; Sascha Müller
sascha-muller-ssrextra83,Sascha Müller,Drumz And Synth,2019,hifidelity_potpourri,https://creativecommons.org/licenses/by-nc-nd/4.0/,https://archive.org/download/sascha-muller-ssrextra83/11.%20Sascha%20Muller%20-%20Drumz%20And%20Synth.wav,339.6,hifidelity_potpourri,Techno; Acid; Hard Techno; Acid House; House; Minimal Techno; Sascha Müller
sascha-muller-ssrextra83,Sascha Müller,Dschungelkampf,2019,hifidelity_potpourri,https://creativecommons.org/licenses/by-nc-nd/4.0/,https://archive.org/download/sascha-muller-ssrextra83/12.%20Sascha%20Muller%20-%20Dschungelkampf.WAV,324.4,hifidelity_potpourri,Techno; Acid; Hard Techno; Acid House; House; Minimal Techno; Sascha Müller
sascha-muller-auf-den-punkt,Sascha Müller,(punkt 1) 01. sascha muller - 1.01,2021,hifidelity_potpourri,http://creativecommons.org/publicdomain/mark/1.0/,https://archive.org/download/sascha-muller-auf-den-punkt/%28Punkt%201%29%2001.%20Sascha%20Muller%20-%201.01.wav,274.4,hifidelity_potpourri,Sascha Müller; Acid; Techno; Hard Techno; Acid Techno; Trance; Acid Trance; ReBirth
sascha-muller-auf-den-punkt,Sascha Müller,(punkt 1) 02. sascha muller - 1.02,2021,hifidelity_potpourri,http://creativecommons.org/publicdomain/mark/1.0/,https://archive.org/download/sascha-muller-auf-den-punkt/%28Punkt%201%29%2002.%20Sascha%20Muller%20-%201.02.wav,279.2,hifidelity_potpourri,Sascha Müller; Acid; Techno; Hard Techno; Acid Techno; Trance; Acid Trance; ReBirth
sascha-muller-auf-den-punkt,Sascha Müller,(punkt 10) 01. sascha muller - 10.01,2021,hifidelity_potpourri,http://creativecommons.org/publicdomain/mark/1.0/,https://archive.org/download/sascha-muller-auf-den-punkt/%28Punkt%2010%29%2001.%20Sascha%20Muller%20-%2010.01.wav,374.2,hifidelity_potpourri,Sascha Müller; Acid; Techno; Hard Techno; Acid Techno; Trance; Acid Trance; ReBirth
sascha-muller-auf-den-punkt,Sascha Müller,(punkt 10) 02. sascha muller - 10.02,2021,hifidelity_potpourri,http://creativecommons.org/publicdomain/mark/1.0/,https://archive.org/download/sascha-muller-auf-den-punkt/%28Punkt%2010%29%2002.%20Sascha%20Muller%20-%2010.02.wav,299.9,hifidelity_potpourri,Sascha Müller; Acid; Techno; Hard Techno; Acid Techno; Trance; Acid Trance; ReBirth
sascha-muller-auf-den-punkt,Sascha Müller,(punkt 11) 01. sascha muller - 11.01,2021,hifidelity_potpourri,http://creativecommons.org/publicdomain/mark/1.0/,https://archive.org/download/sascha-muller-auf-den-punkt/%28Punkt%2011%29%2001.%20Sascha%20Muller%20-%2011.01.wav,303.3,hifidelity_potpourri,Sascha Müller; Acid; Techno; Hard Techno; Acid Techno; Trance; Acid Trance; ReBirth
sascha-muller-auf-den-punkt,Sascha Müller,(punkt 11) 02. sascha muller - 11.02,2021,hifidelity_potpourri,http://creativecommons.org/publicdomain/mark/1.0/,https://archive.org/download/sascha-muller-auf-den-punkt/%28Punkt%2011%29%2002.%20Sascha%20Muller%20-%2011.02.wav,365.1,hifidelity_potpourri,Sascha Müller; Acid; Techno; Hard Techno; Acid Techno; Trance; Acid Trance; ReBirth
sascha-muller-auf-den-punkt,Sascha Müller,(punkt 12) 01. sascha muller - 12.01,2021,hifidelity_potpourri,http://creativecommons.org/publicdomain/mark/1.0/,https://archive.org/download/sascha-muller-auf-den-punkt/%28Punkt%2012%29%2001.%20Sascha%20Muller%20-%2012.01.wav,274.8,hifidelity_potpourri,Sascha Müller; Acid; Techno; Hard Techno; Acid Techno; Trance; Acid Trance; ReBirth
sascha-muller-auf-den-punkt,Sascha Müller,(punkt 12) 02. sascha muller - 12.02,2021,hifidelity_potpourri,http://creativecommons.org/publicdomain/mark/1.0/,https://archive.org/download/sascha-muller-auf-den-punkt/%28Punkt%2012%29%2002.%20Sascha%20Muller%20-%2012.02.wav,322.3,hifidelity_potpourri,Sascha Müller; Acid; Techno; Hard Techno; Acid Techno; Trance; Acid Trance; ReBirth
sascha-muller-auf-den-punkt,Sascha Müller,(punkt 13) 01. sascha muller - 13.01,2021,hifidelity_potpourri,http://creativecommons.org/publicdomain/mark/1.0/,https://archive.org/download/sascha-muller-auf-den-punkt/%28Punkt%2013%29%2001.%20Sascha%20Muller%20-%2013.01.wav,328.8,hifidelity_potpourri,Sascha Müller; Acid; Techno; Hard Techno; Acid Techno; Trance; Acid Trance; ReBirth
sascha-muller-auf-den-punkt,Sascha Müller,(punkt 13) 02. sascha muller - 13.02,2021,hifidelity_potpourri,http://creativecommons.org/publicdomain/mark/1.0/,https://archive.org/download/sascha-muller-auf-den-punkt/%28Punkt%2013%29%2002.%20Sascha%20Muller%20-%2013.02.wav,365.7,hifidelity_potpourri,Sascha Müller; Acid; Techno; Hard Techno; Acid Techno; Trance; Acid Trance; ReBirth
sascha-muller-auf-den-punkt,Sascha Müller,(punkt 14) 01. sascha muller - 14.01,2021,hifidelity_potpourri,http://creativecommons.org/publicdomain/mark/1.0/,https://archive.org/download/sascha-muller-auf-den-punkt/%28Punkt%2014%29%2001.%20Sascha%20Muller%20-%2014.01.wav,260.3,hifidelity_potpourri,Sascha Müller; Acid; Techno; Hard Techno; Acid Techno; Trance; Acid Trance; ReBirth
sascha-muller-auf-den-punkt,Sascha Müller,(punkt 14) 02. sascha muller - 14.02,2021,hifidelity_potpourri,http://creativecommons.org/publicdomain/mark/1.0/,https://archive.org/download/sascha-muller-auf-den-punkt/%28Punkt%2014%29%2002.%20Sascha%20Muller%20-%2014.02.wav,277.9,hifidelity_potpourri,Sascha Müller; Acid; Techno; Hard Techno; Acid Techno; Trance; Acid Trance; ReBirth
sascha-muller-auf-den-punkt,Sascha Müller,(punkt 15) 01. sascha muller - 15.01,2021,hifidelity_potpourri,http://creativecommons.org/publicdomain/mark/1.0/,https://archive.org/download/sascha-muller-auf-den-punkt/%28Punkt%2015%29%2001.%20Sascha%20Muller%20-%2015.01.wav,273.6,hifidelity_potpourri,Sascha Müller; Acid; Techno; Hard Techno; Acid Techno; Trance; Acid Trance; ReBirth
sascha-muller-auf-den-punkt,Sascha Müller,(punkt 15) 02. sascha muller - 15.02,2021,hifidelity_potpourri,http://creativecommons.org/publicdomain/mark/1.0/,https://archive.org/download/sascha-muller-auf-den-punkt/%28Punkt%2015%29%2002.%20Sascha%20Muller%20-%2015.02.wav,281.5,hifidelity_potpourri,Sascha Müller; Acid; Techno; Hard Techno; Acid Techno; Trance; Acid Trance; ReBirth
sascha-muller-auf-den-punkt,Sascha Müller,(punkt 16) 01. sascha muller - 16.01,2021,hifidelity_potpourri,http://creativecommons.org/publicdomain/mark/1.0/,https://archive.org/download/sascha-muller-auf-den-punkt/%28Punkt%2016%29%2001.%20Sascha%20Muller%20-%2016.01.wav,373.7,hifidelity_potpourri,Sascha Müller; Acid; Techno; Hard Techno; Acid Techno; Trance; Acid Trance; ReBirth
sascha-muller-auf-den-punkt,Sascha Müller,(punkt 16) 02. sascha muller - 16.02,2021,hifidelity_potpourri,http://creativecommons.org/publicdomain/mark/1.0/,https://archive.org/download/sascha-muller-auf-den-punkt/%28Punkt%2016%29%2002.%20Sascha%20Muller%20-%2016.02.wav,320.2,hifidelity_potpourri,Sascha Müller; Acid; Techno; Hard Techno; Acid Techno; Trance; Acid Trance; ReBirth
sascha-muller-auf-den-punkt,Sascha Müller,(punkt 17) 01. sascha muller - 17.01,2021,hifidelity_potpourri,http://creativecommons.org/publicdomain/mark/1.0/,https://archive.org/download/sascha-muller-auf-den-punkt/%28Punkt%2017%29%2001.%20Sascha%20Muller%20-%2017.01.wav,311.2,hifidelity_potpourri,Sascha Müller; Acid; Techno; Hard Techno; Acid Techno; Trance; Acid Trance; ReBirth
sascha-muller-auf-den-punkt,Sascha Müller,(punkt 17) 02. sascha muller - 17.02,2021,hifidelity_potpourri,http://creativecommons.org/publicdomain/mark/1.0/,https://archive.org/download/sascha-muller-auf-den-punkt/%28Punkt%2017%29%2002.%20Sascha%20Muller%20-%2017.02.wav,376.9,hifidelity_potpourri,Sascha Müller; Acid; Techno; Hard Techno; Acid Techno; Trance; Acid Trance; ReBirth
sascha-muller-auf-den-punkt,Sascha Müller,(punkt 18) 01. sascha muller - 18.01,2021,hifidelity_potpourri,http://creativecommons.org/publicdomain/mark/1.0/,https://archive.org/download/sascha-muller-auf-den-punkt/%28Punkt%2018%29%2001.%20Sascha%20Muller%20-%2018.01.wav,311.5,hifidelity_potpourri,Sascha Müller; Acid; Techno; Hard Techno; Acid Techno; Trance; Acid Trance; ReBirth
sascha-muller-auf-den-punkt,Sascha Müller,(punkt 18) 02. sascha muller - 18.02,2021,hifidelity_potpourri,http://creativecommons.org/publicdomain/mark/1.0/,https://archive.org/download/sascha-muller-auf-den-punkt/%28Punkt%2018%29%2002.%20Sascha%20Muller%20-%2018.02.wav,259.8,hifidelity_potpourri,Sascha Müller; Acid; Techno; Hard Techno; Acid Techno; Trance; Acid Trance; ReBirth
sascha-muller-auf-den-punkt,Sascha Müller,(punkt 19) 01. sascha muller - 19.01,2021,hifidelity_potpourri,http://creativecommons.org/publicdomain/mark/1.0/,https://archive.org/download/sascha-muller-auf-den-punkt/%28Punkt%2019%29%2001.%20Sascha%20Muller%20-%2019.01.wav,322.3,hifidelity_potpourri,Sascha Müller; Acid; Techno; Hard Techno; Acid Techno; Trance; Acid Trance; ReBirth
sascha-muller-auf-den-punkt,Sascha Müller,(punkt 19) 02. sascha muller - 19.02,2021,hifidelity_potpourri,http://creativecommons.org/publicdomain/mark/1.0/,https://archive.org/download/sascha-muller-auf-den-punkt/%28Punkt%2019%29%2002.%20Sascha%20Muller%20-%2019.02.wav,377.6,hifidelity_potpourri,Sascha Müller; Acid; Techno; Hard Techno; Acid Techno; Trance; Acid Trance; ReBirth
sascha-muller-auf-den-punkt,Sascha Müller,(punkt 2) 01. sascha muller - 2.01,2021,hifidelity_potpourri,http://creativecommons.org/publicdomain/mark/1.0/,https://archive.org/download/sascha-muller-auf-den-punkt/%28Punkt%202%29%2001.%20Sascha%20Muller%20-%202.01.wav,273.8,hifidelity_potpourri,Sascha Müller; Acid; Techno; Hard Techno; Acid Techno; Trance; Acid Trance; ReBirth
sascha-muller-auf-den-punkt,Sascha Müller,(punkt 2) 02. sascha muller - 2.02,2021,hifidelity_potpourri,http://creativecommons.org/publicdomain/mark/1.0/,https://archive.org/download/sascha-muller-auf-den-punkt/%28Punkt%202%29%2002.%20Sascha%20Muller%20-%202.02.wav,375.6,hifidelity_potpourri,Sascha Müller; Acid; Techno; Hard Techno; Acid Techno; Trance; Acid Trance; ReBirth
sascha-muller-auf-den-punkt,Sascha Müller,(punkt 3) 01. sascha muller - 3.01,2021,hifidelity_potpourri,http://creativecommons.org/publicdomain/mark/1.0/,https://archive.org/download/sascha-muller-auf-den-punkt/%28Punkt%203%29%2001.%20Sascha%20Muller%20-%203.01.wav,299.8,hifidelity_potpourri,Sascha Müller; Acid; Techno; Hard Techno; Acid Techno; Trance; Acid Trance; ReBirth
sascha-muller-auf-den-punkt,Sascha Müller,(punkt 3) 02. sascha muller - 3.02,2021,hifidelity_potpourri,http://creativecommons.org/publicdomain/mark/1.0/,https://archive.org/download/sascha-muller-auf-den-punkt/%28Punkt%203%29%2002.%20Sascha%20Muller%20-%203.02.wav,366.4,hifidelity_potpourri,Sascha Müller; Acid; Techno; Hard Techno; Acid Techno; Trance; Acid Trance; ReBirth
sascha-muller-auf-den-punkt,Sascha Müller,(punkt 4) 01. sascha muller - 4.01,2021,hifidelity_potpourri,http://creativecommons.org/publicdomain/mark/1.0/,https://archive.org/download/sascha-muller-auf-den-punkt/%28Punkt%204%29%2001.%20Sascha%20Muller%20-%204.01.wav,260.3,hifidelity_potpourri,Sascha Müller; Acid; Techno; Hard Techno; Acid Techno; Trance; Acid Trance; ReBirth
sascha-muller-auf-den-punkt,Sascha Müller,(punkt 4) 02. sascha muller - 4.02,2021,hifidelity_potpourri,http://creativecommons.org/publicdomain/mark/1.0/,https://archive.org/download/sascha-muller-auf-den-punkt/%28Punkt%204%29%2002.%20Sascha%20Muller%20-%204.02.wav,298.3,hifidelity_potpourri,Sascha Müller; Acid; Techno; Hard Techno; Acid Techno; Trance; Acid Trance; ReBirth
sascha-muller-auf-den-punkt,Sascha Müller,(punkt 5) 01. sascha muller - 5.01,2021,hifidelity_potpourri,http://creativecommons.org/publicdomain/mark/1.0/,https://archive.org/download/sascha-muller-auf-den-punkt/%28Punkt%205%29%2001.%20Sascha%20Muller%20-%205.01.wav,275.8,hifidelity_potpourri,Sascha Müller; Acid; Techno; Hard Techno; Acid Techno; Trance; Acid Trance; ReBirth
sascha-muller-auf-den-punkt,Sascha Müller,(punkt 5) 02. sascha muller - 5.02,2021,hifidelity_potpourri,http://creativecommons.org/publicdomain/mark/1.0/,https://archive.org/download/sascha-muller-auf-den-punkt/%28Punkt%205%29%2002.%20Sascha%20Muller%20-%205.02.wav,365.4,hifidelity_potpourri,Sascha Müller; Acid; Techno; Hard Techno; Acid Techno; Trance; Acid Trance; ReBirth
sascha-muller-auf-den-punkt,Sascha Müller,(punkt 6) 01. sascha muller - 6.01,2021,hifidelity_potpourri,http://creativecommons.org/publicdomain/mark/1.0/,https://archive.org/download/sascha-muller-auf-den-punkt/%28Punkt%206%29%2001.%20Sascha%20Muller%20-%206.01.wav,277.2,hifidelity_potpourri,Sascha Müller; Acid; Techno; Hard Techno; Acid Techno; Trance; Acid Trance; ReBirth
sascha-muller-auf-den-punkt,Sascha Müller,(punkt 6) 02. sascha muller - 6.02,2021,hifidelity_potpourri,http://creativecommons.org/publicdomain/mark/1.0/,https://archive.org/download/sascha-muller-auf-den-punkt/%28Punkt%206%29%2002.%20Sascha%20Muller%20-%206.02.wav,314.4,hifidelity_potpourri,Sascha Müller; Acid; Techno; Hard Techno; Acid Techno; Trance; Acid Trance; ReBirth
sascha-muller-auf-den-punkt,Sascha Müller,(punkt 7) 01. sascha muller - 7.01,2021,hifidelity_potpourri,http://creativecommons.org/publicdomain/mark/1.0/,https://archive.org/download/sascha-muller-auf-den-punkt/%28Punkt%207%29%2001.%20Sascha%20Muller%20-%207.01.wav,277.1,hifidelity_potpourri,Sascha Müller; Acid; Techno; Hard Techno; Acid Techno; Trance; Acid Trance; ReBirth
sascha-muller-auf-den-punkt,Sascha Müller,(punkt 7) 02. sascha muller - 7.02,2021,hifidelity_potpourri,http://creativecommons.org/publicdomain/mark/1.0/,https://archive.org/download/sascha-muller-auf-den-punkt/%28Punkt%207%29%2002.%20Sascha%20Muller%20-%207.02.wav,300.2,hifidelity_potpourri,Sascha Müller; Acid; Techno; Hard Techno; Acid Techno; Trance; Acid Trance; ReBirth
sascha-muller-auf-den-punkt,Sascha Müller,(punkt 8) 01. sascha muller - 8.01,2021,hifidelity_potpourri,http://creativecommons.org/publicdomain/mark/1.0/,https://archive.org/download/sascha-muller-auf-den-punkt/%28Punkt%208%29%2001.%20Sascha%20Muller%20-%208.01.wav,276.3,hifidelity_potpourri,Sascha Müller; Acid; Techno; Hard Techno; Acid Techno; Trance; Acid Trance; ReBirth
sascha-muller-auf-den-punkt,Sascha Müller,(punkt 8) 02. sascha muller - 8.02,2021,hifidelity_potpourri,http://creativecommons.org/publicdomain/mark/1.0/,https://archive.org/download/sascha-muller-auf-den-punkt/%28Punkt%208%29%2002.%20Sascha%20Muller%20-%208.02.wav,320.2,hifidelity_potpourri,Sascha Müller; Acid; Techno; Hard Techno; Acid Techno; Trance; Acid Trance; ReBirth
sascha-muller-auf-den-punkt,Sascha Müller,(punkt 9) 01. sascha muller - 9.01,2021,hifidelity_potpourri,http://creativecommons.org/publicdomain/mark/1.0/,https://archive.org/download/sascha-muller-auf-den-punkt/%28Punkt%209%29%2001.%20Sascha%20Muller%20-%209.01.wav,307.0,hifidelity_potpourri,Sascha Müller; Acid; Techno; Hard Techno; Acid Techno; Trance; Acid Trance; ReBirth
sascha-muller-auf-den-punkt,Sascha Müller,(punkt 9) 02. sascha muller - 9.02,2021,hifidelity_potpourri,http://creativecommons.org/publicdomain/mark/1.0/,https://archive.org/download/sascha-muller-auf-den-punkt/%28Punkt%209%29%2002.%20Sascha%20Muller%20-%209.02.wav,261.2,hifidelity_potpourri,Sascha Müller; Acid; Techno; Hard Techno; Acid Techno; Trance; Acid Trance; ReBirth
sascha-muller-auf-den-punkt,Sascha Müller,sascha muller - 100.01,2021,hifidelity_potpourri,http://creativecommons.org/publicdomain/mark/1.0/,https://archive.org/download/sascha-muller-auf-den-punkt/01.%20Sascha%20Muller%20-%20100.01.wav,183.6,hifidelity_potpourri,Sascha Müller; Acid; Techno; Hard Techno; Acid Techno; Trance; Acid Trance; ReBirth
sascha-muller-auf-den-punkt,Sascha Müller,sascha muller - 40.01_punkt 40,2021,hifidelity_potpourri,http://creativecommons.org/publicdomain/mark/1.0/,https://archive.org/download/sascha-muller-auf-den-punkt/01.%20Sascha%20Muller%20-%2040.01_Punkt%2040.wav,311.1,hifidelity_potpourri,Sascha Müller; Acid; Techno; Hard Techno; Acid Techno; Trance; Acid Trance; ReBirth
sascha-muller-auf-den-punkt,Sascha Müller,sascha muller - 41.01_punkt 41,2021,hifidelity_potpourri,http://creativecommons.org/publicdomain/mark/1.0/,https://archive.org/download/sascha-muller-auf-den-punkt/01.%20Sascha%20Muller%20-%2041.01_Punkt%2041.wav,325.0,hifidelity_potpourri,Sascha Müller; Acid; Techno; Hard Techno; Acid Techno; Trance; Acid Trance; ReBirth
sascha-muller-auf-den-punkt,Sascha Müller,sascha muller - 42.01_punkt 42,2021,hifidelity_potpourri,http://creativecommons.org/publicdomain/mark/1.0/,https://archive.org/download/sascha-muller-auf-den-punkt/01.%20Sascha%20Muller%20-%2042.01_Punkt%2042.wav,311.9,hifidelity_potpourri,Sascha Müller; Acid; Techno; Hard Techno; Acid Techno; Trance; Acid Trance; ReBirth
sascha-muller-auf-den-punkt,Sascha Müller,sascha muller - 43.01_punkt 43,2021,hifidelity_potpourri,http://creativecommons.org/publicdomain/mark/1.0/,https://archive.org/download/sascha-muller-auf-den-punkt/01.%20Sascha%20Muller%20-%2043.01_Punkt%2043.wav,307.6,hifidelity_potpourri,Sascha Müller; Acid; Techno; Hard Techno; Acid Techno; Trance; Acid Trance; ReBirth
sascha-muller-auf-den-punkt,Sascha Müller,sascha muller - 44.01_punkt 44,2021,hifidelity_potpourri,http://creativecommons.org/publicdomain/mark/1.0/,https://archive.org/download/sascha-muller-auf-den-punkt/01.%20Sascha%20Muller%20-%2044.01_Punkt%2044.wav,309.3,hifidelity_potpourri,Sascha Müller; Acid; Techno; Hard Techno; Acid Techno; Trance; Acid Trance; ReBirth
sascha-muller-auf-den-punkt,Sascha Müller,sascha muller - 45.01_punkt 45,2021,hifidelity_potpourri,http://creativecommons.org/publicdomain/mark/1.0/,https://archive.org/download/sascha-muller-auf-den-punkt/01.%20Sascha%20Muller%20-%2045.01_Punkt%2045.wav,306.8,hifidelity_potpourri,Sascha Müller; Acid; Techno; Hard Techno; Acid Techno; Trance; Acid Trance; ReBirth
sascha-muller-auf-den-punkt,Sascha Müller,sascha muller - 46.01_punkt 46,2021,hifidelity_potpourri,http://creativecommons.org/publicdomain/mark/1.0/,https://archive.org/download/sascha-muller-auf-den-punkt/01.%20Sascha%20Muller%20-%2046.01_Punkt%2046.wav,273.8,hifidelity_potpourri,Sascha Müller; Acid; Techno; Hard Techno; Acid Techno; Trance; Acid Trance; ReBirth
sascha-muller-auf-den-punkt,Sascha Müller,sascha muller - 47.01_punkt 47,2021,hifidelity_potpourri,http://creativecommons.org/publicdomain/mark/1.0/,https://archive.org/download/sascha-muller-auf-den-punkt/01.%20Sascha%20Muller%20-%2047.01_Punkt%2047.wav,330.1,hifidelity_potpourri,Sascha Müller; Acid; Techno; Hard Techno; Acid Techno; Trance; Acid Trance; ReBirth
sascha-muller-auf-den-punkt,Sascha Müller,sascha muller - 48.01_punkt 48,2021,hifidelity_potpourri,http://creativecommons.org/publicdomain/mark/1.0/,https://archive.org/download/sascha-muller-auf-den-punkt/01.%20Sascha%20Muller%20-%2048.01_Punkt%2048.wav,311.2,hifidelity_potpourri,Sascha Müller; Acid; Techno; Hard Techno; Acid Techno; Trance; Acid Trance; ReBirth
sascha-muller-auf-den-punkt,Sascha Müller,sascha muller - 49.01_punkt 49,2021,hifidelity_potpourri,http://creativecommons.org/publicdomain/mark/1.0/,https://archive.org/download/sascha-muller-auf-den-punkt/01.%20Sascha%20Muller%20-%2049.01_Punkt%2049.wav,275.4,hifidelity_potpourri,Sascha Müller; Acid; Techno; Hard Techno; Acid Techno; Trance; Acid Trance; ReBirth
sascha-muller-auf-den-punkt,Sascha Müller,sascha muller - 50.01_punkt 50,2021,hifidelity_potpourri,http://creativecommons.org/publicdomain/mark/1.0/,https://archive.org/download/sascha-muller-auf-den-punkt/01.%20Sascha%20Muller%20-%2050.01_Punkt%2050.wav,309.8,hifidelity_potpourri,Sascha Müller; Acid; Techno; Hard Techno; Acid Techno; Trance; Acid Trance; ReBirth
sascha-muller-auf-den-punkt,Sascha Müller,sascha muller - 51.01_punkt 51,2021,hifidelity_potpourri,http://creativecommons.org/publicdomain/mark/1.0/,https://archive.org/download/sascha-muller-auf-den-punkt/01.%20Sascha%20Muller%20-%2051.01_Punkt%2051.wav,275.3,hifidelity_potpourri,Sascha Müller; Acid; Techno; Hard Techno; Acid Techno; Trance; Acid Trance; ReBirth
sascha-muller-auf-den-punkt,Sascha Müller,sascha muller - 52.01_punkt 52,2021,hifidelity_potpourri,http://creativecommons.org/publicdomain/mark/1.0/,https://archive.org/download/sascha-muller-auf-den-punkt/01.%20Sascha%20Muller%20-%2052.01_Punkt%2052.wav,311.1,hifidelity_potpourri,Sascha Müller; Acid; Techno; Hard Techno; Acid Techno; Trance; Acid Trance; ReBirth
sascha-muller-auf-den-punkt,Sascha Müller,sascha muller - 53.01_punkt 53,2021,hifidelity_potpourri,http://creativecommons.org/publicdomain/mark/1.0/,https://archive.org/download/sascha-muller-auf-den-punkt/01.%20Sascha%20Muller%20-%2053.01_Punkt%2053.wav,277.2,hifidelity_potpourri,Sascha Müller; Acid; Techno; Hard Techno; Acid Techno; Trance; Acid Trance; ReBirth
sascha-muller-auf-den-punkt,Sascha Müller,sascha muller - 54.01_punkt 54,2021,hifidelity_potpourri,http://creativecommons.org/publicdomain/mark/1.0/,https://archive.org/download/sascha-muller-auf-den-punkt/01.%20Sascha%20Muller%20-%2054.01_Punkt%2054.wav,310.6,hifidelity_potpourri,Sascha Müller; Acid; Techno; Hard Techno; Acid Techno; Trance; Acid Trance; ReBirth
sascha-muller-auf-den-punkt,Sascha Müller,sascha muller - 55.01_punkt 55,2021,hifidelity_potpourri,http://creativecommons.org/publicdomain/mark/1.0/,https://archive.org/download/sascha-muller-auf-den-punkt/01.%20Sascha%20Muller%20-%2055.01_Punkt%2055.wav,307.5,hifidelity_potpourri,Sascha Müller; Acid; Techno; Hard Techno; Acid Techno; Trance; Acid Trance; ReBirth
sascha-muller-auf-den-punkt,Sascha Müller,sascha muller - 56.01_punkt 56,2021,hifidelity_potpourri,http://creativecommons.org/publicdomain/mark/1.0/,https://archive.org/download/sascha-muller-auf-den-punkt/01.%20Sascha%20Muller%20-%2056.01_Punkt%2056.wav,299.6,hifidelity_potpourri,Sascha Müller; Acid; Techno; Hard Techno; Acid Techno; Trance; Acid Trance; ReBirth
sascha-muller-auf-den-punkt,Sascha Müller,sascha muller - 57.01_punkt 57,2021,hifidelity_potpourri,http://creativecommons.org/publicdomain/mark/1.0/,https://archive.org/download/sascha-muller-auf-den-punkt/01.%20Sascha%20Muller%20-%2057.01_Punkt%2057.wav,308.4,hifidelity_potpourri,Sascha Müller; Acid; Techno; Hard Techno; Acid Techno; Trance; Acid Trance; ReBirth
sascha-muller-auf-den-punkt,Sascha Müller,sascha muller - 58.01_punkt 58,2021,hifidelity_potpourri,http://creativecommons.org/publicdomain/mark/1.0/,https://archive.org/download/sascha-muller-auf-den-punkt/01.%20Sascha%20Muller%20-%2058.01_Punkt%2058.wav,311.4,hifidelity_potpourri,Sascha Müller; Acid; Techno; Hard Techno; Acid Techno; Trance; Acid Trance; ReBirth
sascha-muller-auf-den-punkt,Sascha Müller,sascha muller - 59.01_punkt59,2021,hifidelity_potpourri,http://creativecommons.org/publicdomain/mark/1.0/,https://archive.org/download/sascha-muller-auf-den-punkt/01.%20Sascha%20Muller%20-%2059.01_Punkt59.wav,273.6,hifidelity_potpourri,Sascha Müller; Acid; Techno; Hard Techno; Acid Techno; Trance; Acid Trance; ReBirth
sascha-muller-auf-den-punkt,Sascha Müller,sascha muller - 60.01,2021,hifidelity_potpourri,http://creativecommons.org/publicdomain/mark/1.0/,https://archive.org/download/sascha-muller-auf-den-punkt/01.%20Sascha%20Muller%20-%2060.01.wav,374.4,hifidelity_potpourri,Sascha Müller; Acid; Techno; Hard Techno; Acid Techno; Trance; Acid Trance; ReBirth
sascha-muller-auf-den-punkt,Sascha Müller,sascha muller - 61.01,2021,hifidelity_potpourri,http://creativecommons.org/publicdomain/mark/1.0/,https://archive.org/download/sascha-muller-auf-den-punkt/01.%20Sascha%20Muller%20-%2061.01.wav,376.2,hifidelity_potpourri,Sascha Müller; Acid; Techno; Hard Techno; Acid Techno; Trance; Acid Trance; ReBirth
sascha-muller-auf-den-punkt,Sascha Müller,sascha muller - 62.01,2021,hifidelity_potpourri,http://creativecommons.org/publicdomain/mark/1.0/,https://archive.org/download/sascha-muller-auf-den-punkt/01.%20Sascha%20Muller%20-%2062.01.wav,374.8,hifidelity_potpourri,Sascha Müller; Acid; Techno; Hard Techno; Acid Techno; Trance; Acid Trance; ReBirth
sascha-muller-auf-den-punkt,Sascha Müller,sascha muller - 63.01,2021,hifidelity_potpourri,http://creativecommons.org/publicdomain/mark/1.0/,https://archive.org/download/sascha-muller-auf-den-punkt/01.%20Sascha%20Muller%20-%2063.01.wav,308.0,hifidelity_potpourri,Sascha Müller; Acid; Techno; Hard Techno; Acid Techno; Trance; Acid Trance; ReBirth
sascha-muller-auf-den-punkt,Sascha Müller,sascha muller - 64.01,2021,hifidelity_potpourri,http://creativecommons.org/publicdomain/mark/1.0/,https://archive.org/download/sascha-muller-auf-den-punkt/01.%20Sascha%20Muller%20-%2064.01.wav,275.3,hifidelity_potpourri,Sascha Müller; Acid; Techno; Hard Techno; Acid Techno; Trance; Acid Trance; ReBirth
sascha-muller-auf-den-punkt,Sascha Müller,sascha muller - 65.01,2021,hifidelity_potpourri,http://creativecommons.org/publicdomain/mark/1.0/,https://archive.org/download/sascha-muller-auf-den-punkt/01.%20Sascha%20Muller%20-%2065.01.wav,275.8,hifidelity_potpourri,Sascha Müller; Acid; Techno; Hard Techno; Acid Techno; Trance; Acid Trance; ReBirth
sascha-muller-auf-den-punkt,Sascha Müller,sascha muller - 66.01,2021,hifidelity_potpourri,http://creativecommons.org/publicdomain/mark/1.0/,https://archive.org/download/sascha-muller-auf-den-punkt/01.%20Sascha%20Muller%20-%2066.01.wav,275.8,hifidelity_potpourri,Sascha Müller; Acid; Techno; Hard Techno; Acid Techno; Trance; Acid Trance; ReBirth
sascha-muller-auf-den-punkt,Sascha Müller,sascha muller - 67.01,2021,hifidelity_potpourri,http://creativecommons.org/publicdomain/mark/1.0/,https://archive.org/download/sascha-muller-auf-den-punkt/01.%20Sascha%20Muller%20-%2067.01.wav,259.8,hifidelity_potpourri,Sascha Müller; Acid; Techno; Hard Techno; Acid Techno; Trance; Acid Trance; ReBirth
sascha-muller-auf-den-punkt,Sascha Müller,sascha muller - 68.01,2021,hifidelity_potpourri,http://creativecommons.org/publicdomain/mark/1.0/,https://archive.org/download/sascha-muller-auf-den-punkt/01.%20Sascha%20Muller%20-%2068.01.wav,260.1,hifidelity_potpourri,Sascha Müller; Acid; Techno; Hard Techno; Acid Techno; Trance; Acid Trance; ReBirth
sascha-muller-auf-den-punkt,Sascha Müller,sascha muller - 69.01,2021,hifidelity_potpourri,http://creativecommons.org/publicdomain/mark/1.0/,https://archive.org/download/sascha-muller-auf-den-punkt/01.%20Sascha%20Muller%20-%2069.01.wav,313.4,hifidelity_potpourri,Sascha Müller; Acid; Techno; Hard Techno; Acid Techno; Trance; Acid Trance; ReBirth
sascha-muller-auf-den-punkt,Sascha Müller,sascha muller - 70.01,2021,hifidelity_potpourri,http://creativecommons.org/publicdomain/mark/1.0/,https://archive.org/download/sascha-muller-auf-den-punkt/01.%20Sascha%20Muller%20-%2070.01.wav,374.3,hifidelity_potpourri,Sascha Müller; Acid; Techno; Hard Techno; Acid Techno; Trance; Acid Trance; ReBirth
sascha-muller-auf-den-punkt,Sascha Müller,sascha muller - 71.01,2021,hifidelity_potpourri,http://creativecommons.org/publicdomain/mark/1.0/,https://archive.org/download/sascha-muller-auf-den-punkt/01.%20Sascha%20Muller%20-%2071.01.wav,311.2,hifidelity_potpourri,Sascha Müller; Acid; Techno; Hard Techno; Acid Techno; Trance; Acid Trance; ReBirth
sascha-muller-auf-den-punkt,Sascha Müller,sascha muller - 72.01,2021,hifidelity_potpourri,http://creativecommons.org/publicdomain/mark/1.0/,https://archive.org/download/sascha-muller-auf-den-punkt/01.%20Sascha%20Muller%20-%2072.01.wav,312.2,hifidelity_potpourri,Sascha Müller; Acid; Techno; Hard Techno; Acid Techno; Trance; Acid Trance; ReBirth
sascha-muller-auf-den-punkt,Sascha Müller,sascha muller - 73.01,2021,hifidelity_potpourri,http://creativecommons.org/publicdomain/mark/1.0/,https://archive.org/download/sascha-muller-auf-den-punkt/01.%20Sascha%20Muller%20-%2073.01.wav,275.7,hifidelity_potpourri,Sascha Müller; Acid; Techno; Hard Techno; Acid Techno; Trance; Acid Trance; ReBirth
sascha-muller-auf-den-punkt,Sascha Müller,sascha muller - 74.01,2021,hifidelity_potpourri,http://creativecommons.org/publicdomain/mark/1.0/,https://archive.org/download/sascha-muller-auf-den-punkt/01.%20Sascha%20Muller%20-%2074.01.wav,275.3,hifidelity_potpourri,Sascha Müller; Acid; Techno; Hard Techno; Acid Techno; Trance; Acid Trance; ReBirth
sascha-muller-auf-den-punkt,Sascha Müller,sascha muller - 75.01,2021,hifidelity_potpourri,http://creativecommons.org/publicdomain/mark/1.0/,https://archive.org/download/sascha-muller-auf-den-punkt/01.%20Sascha%20Muller%20-%2075.01.wav,274.8,hifidelity_potpourri,Sascha Müller; Acid; Techno; Hard Techno; Acid Techno; Trance; Acid Trance; ReBirth
sascha-muller-auf-den-punkt,Sascha Müller,sascha muller - 76.01,2021,hifidelity_potpourri,http://creativecommons.org/publicdomain/mark/1.0/,https://archive.org/download/sascha-muller-auf-den-punkt/01.%20Sascha%20Muller%20-%2076.01.wav,321.6,hifidelity_potpourri,Sascha Müller; Acid; Techno; Hard Techno; Acid Techno; Trance; Acid Trance; ReBirth
sascha-muller-auf-den-punkt,Sascha Müller,sascha muller - 77.01,2021,hifidelity_potpourri,http://creativecommons.org/publicdomain/mark/1.0/,https://archive.org/download/sascha-muller-auf-den-punkt/01.%20Sascha%20Muller%20-%2077.01.wav,307.2,hifidelity_potpourri,Sascha Müller; Acid; Techno; Hard Techno; Acid Techno; Trance; Acid Trance; ReBirth
sascha-muller-auf-den-punkt,Sascha Müller,sascha muller - 78.01,2021,hifidelity_potpourri,http://creativecommons.org/publicdomain/mark/1.0/,https://archive.org/download/sascha-muller-auf-den-punkt/01.%20Sascha%20Muller%20-%2078.01.wav,314.3,hifidelity_potpourri,Sascha Müller; Acid; Techno; Hard Techno; Acid Techno; Trance; Acid Trance; ReBirth
sascha-muller-auf-den-punkt,Sascha Müller,sascha muller - 79.01,2021,hifidelity_potpourri,http://creativecommons.org/publicdomain/mark/1.0/,https://archive.org/download/sascha-muller-auf-den-punkt/01.%20Sascha%20Muller%20-%2079.01.wav,276.9,hifidelity_potpourri,Sascha Müller; Acid; Techno; Hard Techno; Acid Techno; Trance; Acid Trance; ReBirth
sascha-muller-auf-den-punkt,Sascha Müller,sascha muller - 80.01,2021,hifidelity_potpourri,http://creativecommons.org/publicdomain/mark/1.0/,https://archive.org/download/sascha-muller-auf-den-punkt/01.%20Sascha%20Muller%20-%2080.01.wav,258.7,hifidelity_potpourri,Sascha Müller; Acid; Techno; Hard Techno; Acid Techno; Trance; Acid Trance; ReBirth
sascha-muller-auf-den-punkt,Sascha Müller,sascha muller - 81.01,2021,hifidelity_potpourri,http://creativecommons.org/publicdomain/mark/1.0/,https://archive.org/download/sascha-muller-auf-den-punkt/01.%20Sascha%20Muller%20-%2081.01.wav,279.0,hifidelity_potpourri,Sascha Müller; Acid; Techno; Hard Techno; Acid Techno; Trance; Acid Trance; ReBirth
sascha-muller-auf-den-punkt,Sascha Müller,sascha muller - 82.01,2021,hifidelity_potpourri,http://creativecommons.org/publicdomain/mark/1.0/,https://archive.org/download/sascha-muller-auf-den-punkt/01.%20Sascha%20Muller%20-%2082.01.wav,312.9,hifidelity_potpourri,Sascha Müller; Acid; Techno; Hard Techno; Acid Techno; Trance; Acid Trance; ReBirth
sascha-muller-auf-den-punkt,Sascha Müller,sascha muller - 83.01,2021,hifidelity_potpourri,http://creativecommons.org/publicdomain/mark/1.0/,https://archive.org/download/sascha-muller-auf-den-punkt/01.%20Sascha%20Muller%20-%2083.01.wav,313.7,hifidelity_potpourri,Sascha Müller; Acid; Techno; Hard Techno; Acid Techno; Trance; Acid Trance; ReBirth
sascha-muller-auf-den-punkt,Sascha Müller,sascha muller - 84.01,2021,hifidelity_potpourri,http://creativecommons.org/publicdomain/mark/1.0/,https://archive.org/download/sascha-muller-auf-den-punkt/01.%20Sascha%20Muller%20-%2084.01.wav,311.9,hifidelity_potpourri,Sascha Müller; Acid; Techno; Hard Techno; Acid Techno; Trance; Acid Trance; ReBirth
sascha-muller-auf-den-punkt,Sascha Müller,sascha muller - 85.01,2021,hifidelity_potpourri,http://creativecommons.org/publicdomain/mark/1.0/,https://archive.org/download/sascha-muller-auf-den-punkt/01.%20Sascha%20Muller%20-%2085.01.wav,307.4,hifidelity_potpourri,Sascha Müller; Acid; Techno; Hard Techno; Acid Techno; Trance; Acid Trance; ReBirth
sascha-muller-auf-den-punkt,Sascha Müller,sascha muller - 86.01,2021,hifidelity_potpourri,http://creativecommons.org/publicdomain/mark/1.0/,https://archive.org/download/sascha-muller-auf-den-punkt/01.%20Sascha%20Muller%20-%2086.01.wav,260.7,hifidelity_potpourri,Sascha Müller; Acid; Techno; Hard Techno; Acid Techno; Trance; Acid Trance; ReBirth
sascha-muller-auf-den-punkt,Sascha Müller,sascha muller - 87.01,2021,hifidelity_potpourri,http://creativecommons.org/publicdomain/mark/1.0/,https://archive.org/download/sascha-muller-auf-den-punkt/01.%20Sascha%20Muller%20-%2087.01.wav,312.4,hifidelity_potpourri,Sascha Müller; Acid; Techno; Hard Techno; Acid Techno; Trance; Acid Trance; ReBirth
sascha-muller-auf-den-punkt,Sascha Müller,sascha muller - 88.01,2021,hifidelity_potpourri,http://creativecommons.org/publicdomain/mark/1.0/,https://archive.org/download/sascha-muller-auf-den-punkt/01.%20Sascha%20Muller%20-%2088.01.wav,308.3,hifidelity_potpourri,Sascha Müller; Acid; Techno; Hard Techno; Acid Techno; Trance; Acid Trance; ReBirth
sascha-muller-auf-den-punkt,Sascha Müller,sascha muller - 89.01,2021,hifidelity_potpourri,http://creativecommons.org/publicdomain/mark/1.0/,https://archive.org/download/sascha-muller-auf-den-punkt/01.%20Sascha%20Muller%20-%2089.01.wav,259.1,hifidelity_potpourri,Sascha Müller; Acid; Techno; Hard Techno; Acid Techno; Trance; Acid Trance; ReBirth
sascha-muller-auf-den-punkt,Sascha Müller,sascha muller - 90.01,2021,hifidelity_potpourri,http://creativecommons.org/publicdomain/mark/1.0/,https://archive.org/download/sascha-muller-auf-den-punkt/01.%20Sascha%20Muller%20-%2090.01.wav,275.5,hifidelity_potpourri,Sascha Müller; Acid; Techno; Hard Techno; Acid Techno; Trance; Acid Trance; ReBirth
sascha-muller-auf-den-punkt,Sascha Müller,sascha muller - 91.01,2021,hifidelity_potpourri,http://creativecommons.org/publicdomain/mark/1.0/,https://archive.org/download/sascha-muller-auf-den-punkt/01.%20Sascha%20Muller%20-%2091.01.wav,275.4,hifidelity_potpourri,Sascha Müller; Acid; Techno; Hard Techno; Acid Techno; Trance; Acid Trance; ReBirth
sascha-muller-auf-den-punkt,Sascha Müller,sascha muller - 92.01,2021,hifidelity_potpourri,http://creativecommons.org/publicdomain/mark/1.0/,https://archive.org/download/sascha-muller-auf-den-punkt/01.%20Sascha%20Muller%20-%2092.01.wav,311.3,hifidelity_potpourri,Sascha Müller; Acid; Techno; Hard Techno; Acid Techno; Trance; Acid Trance; ReBirth
sascha-muller-auf-den-punkt,Sascha Müller,sascha muller - 93.01,2021,hifidelity_potpourri,http://creativecommons.org/publicdomain/mark/1.0/,https://archive.org/download/sascha-muller-auf-den-punkt/01.%20Sascha%20Muller%20-%2093.01.wav,260.3,hifidelity_potpourri,Sascha Müller; Acid; Techno; Hard Techno; Acid Techno; Trance; Acid Trance; ReBirth
sascha-muller-auf-den-punkt,Sascha Müller,sascha muller - 94.01,2021,hifidelity_potpourri,http://creativecommons.org/publicdomain/mark/1.0/,https://archive.org/download/sascha-muller-auf-den-punkt/01.%20Sascha%20Muller%20-%2094.01.wav,281.7,hifidelity_potpourri,Sascha Müller; Acid; Techno; Hard Techno; Acid Techno; Trance; Acid Trance; ReBirth
sascha-muller-auf-den-punkt,Sascha Müller,sascha muller - 95.01,2021,hifidelity_potpourri,http://creativecommons.org/publicdomain/mark/1.0/,https://archive.org/download/sascha-muller-auf-den-punkt/01.%20Sascha%20Muller%20-%2095.01.wav,307.4,hifidelity_potpourri,Sascha Müller; Acid; Techno; Hard Techno; Acid Techno; Trance; Acid Trance; ReBirth
sascha-muller-auf-den-punkt,Sascha Müller,sascha muller - 96.01,2021,hifidelity_potpourri,http://creativecommons.org/publicdomain/mark/1.0/,https://archive.org/download/sascha-muller-auf-den-punkt/01.%20Sascha%20Muller%20-%2096.01.wav,265.9,hifidelity_potpourri,Sascha Müller; Acid; Techno; Hard Techno; Acid Techno; Trance; Acid Trance; ReBirth
sascha-muller-auf-den-punkt,Sascha Müller,sascha muller - 97.01,2021,hifidelity_potpourri,http://creativecommons.org/publicdomain/mark/1.0/,https://archive.org/download/sascha-muller-auf-den-punkt/01.%20Sascha%20Muller%20-%2097.01.wav,309.4,hifidelity_potpourri,Sascha Müller; Acid; Techno; Hard Techno; Acid Techno; Trance; Acid Trance; ReBirth
sascha-muller-auf-den-punkt,Sascha Müller,sascha muller - 98.01,2021,hifidelity_potpourri,http://creativecommons.org/publicdomain/mark/1.0/,https://archive.org/download/sascha-muller-auf-den-punkt/01.%20Sascha%20Muller%20-%2098.01.wav,275.7,hifidelity_potpourri,Sascha Müller; Acid; Techno; Hard Techno; Acid Techno; Trance; Acid Trance; ReBirth
sascha-muller-auf-den-punkt,Sascha Müller,sascha muller - 99.01,2021,hifidelity_potpourri,http://creativecommons.org/publicdomain/mark/1.0/,https://archive.org/download/sascha-muller-auf-den-punkt/01.%20Sascha%20Muller%20-%2099.01.wav,311.4,hifidelity_potpourri,Sascha Müller; Acid; Techno; Hard Techno; Acid Techno; Trance; Acid Trance; ReBirth
sascha-muller-auf-den-punkt,Sascha Müller,sascha müller - 20.01,2021,hifidelity_potpourri,http://creativecommons.org/publicdomain/mark/1.0/,https://archive.org/download/sascha-muller-auf-den-punkt/01.%20Sascha%20M%C3%BCller%20-%2020.01.wav,283.1,hifidelity_potpourri,Sascha Müller; Acid; Techno; Hard Techno; Acid Techno; Trance; Acid Trance; ReBirth
sascha-muller-auf-den-punkt,Sascha Müller,sascha müller - 21.01,2021,hifidelity_potpourri,http://creativecommons.org/publicdomain/mark/1.0/,https://archive.org/download/sascha-muller-auf-den-punkt/01.%20Sascha%20M%C3%BCller%20-%2021.01.wav,311.5,hifidelity_potpourri,Sascha Müller; Acid; Techno; Hard Techno; Acid Techno; Trance; Acid Trance; ReBirth
sascha-muller-auf-den-punkt,Sascha Müller,sascha müller - 22.01,2021,hifidelity_potpourri,http://creativecommons.org/publicdomain/mark/1.0/,https://archive.org/download/sascha-muller-auf-den-punkt/01.%20Sascha%20M%C3%BCller%20-%2022.01.wav,374.6,hifidelity_potpourri,Sascha Müller; Acid; Techno; Hard Techno; Acid Techno; Trance; Acid Trance; ReBirth
sascha-muller-auf-den-punkt,Sascha Müller,sascha müller - 23.01,2021,hifidelity_potpourri,http://creativecommons.org/publicdomain/mark/1.0/,https://archive.org/download/sascha-muller-auf-den-punkt/01.%20Sascha%20M%C3%BCller%20-%2023.01.wav,308.2,hifidelity_potpourri,Sascha Müller; Acid; Techno; Hard Techno; Acid Techno; Trance; Acid Trance; ReBirth
sascha-muller-auf-den-punkt,Sascha Müller,sascha müller - 24.01,2021,hifidelity_potpourri,http://creativecommons.org/publicdomain/mark/1.0/,https://archive.org/download/sascha-muller-auf-den-punkt/01.%20Sascha%20M%C3%BCller%20-%2024.01.wav,258.1,hifidelity_potpourri,Sascha Müller; Acid; Techno; Hard Techno; Acid Techno; Trance; Acid Trance; ReBirth
sascha-muller-auf-den-punkt,Sascha Müller,sascha müller - 25.01,2021,hifidelity_potpourri,http://creativecommons.org/publicdomain/mark/1.0/,https://archive.org/download/sascha-muller-auf-den-punkt/01.%20Sascha%20M%C3%BCller%20-%2025.01.wav,374.2,hifidelity_potpourri,Sascha Müller; Acid; Techno; Hard Techno; Acid Techno; Trance; Acid Trance; ReBirth
sascha-muller-auf-den-punkt,Sascha Müller,sascha müller - 26.01,2021,hifidelity_potpourri,http://creativecommons.org/publicdomain/mark/1.0/,https://archive.org/download/sascha-muller-auf-den-punkt/01.%20Sascha%20M%C3%BCller%20-%2026.01.wav,273.6,hifidelity_potpourri,Sascha Müller; Acid; Techno; Hard Techno; Acid Techno; Trance; Acid Trance; ReBirth
sascha-muller-auf-den-punkt,Sascha Müller,sascha müller - 27.01,2021,hifidelity_potpourri,http://creativecommons.org/publicdomain/mark/1.0/,https://archive.org/download/sascha-muller-auf-den-punkt/01.%20Sascha%20M%C3%BCller%20-%2027.01.wav,261.8,hifidelity_potpourri,Sascha Müller; Acid; Techno; Hard Techno; Acid Techno; Trance; Acid Trance; ReBirth
sascha-muller-auf-den-punkt,Sascha Müller,sascha müller - 28.01,2021,hifidelity_potpourri,http://creativecommons.org/publicdomain/mark/1.0/,https://archive.org/download/sascha-muller-auf-den-punkt/01.%20Sascha%20M%C3%BCller%20-%2028.01.wav,273.9,hifidelity_potpourri,Sascha Müller; Acid; Techno; Hard Techno; Acid Techno; Trance; Acid Trance; ReBirth
sascha-muller-auf-den-punkt,Sascha Müller,sascha müller - 29.01,2021,hifidelity_potpourri,http://creativecommons.org/publicdomain/mark/1.0/,https://archive.org/download/sascha-muller-auf-den-punkt/01.%20Sascha%20M%C3%BCller%20-%2029.01.wav,312.5,hifidelity_potpourri,Sascha Müller; Acid; Techno; Hard Techno; Acid Techno; Trance; Acid Trance; ReBirth
sascha-muller-auf-den-punkt,Sascha Müller,sascha müller - 30.01,2021,hifidelity_potpourri,http://creativecommons.org/publicdomain/mark/1.0/,https://archive.org/download/sascha-muller-auf-den-punkt/01.%20Sascha%20M%C3%BCller%20-%2030.01.wav,306.9,hifidelity_potpourri,Sascha Müller; Acid; Techno; Hard Techno; Acid Techno; Trance; Acid Trance; ReBirth
sascha-muller-auf-den-punkt,Sascha Müller,sascha müller - 31.01,2021,hifidelity_potpourri,http://creativecommons.org/publicdomain/mark/1.0/,https://archive.org/download/sascha-muller-auf-den-punkt/01.%20Sascha%20M%C3%BCller%20-%2031.01.wav,280.2,hifidelity_potpourri,Sascha Müller; Acid; Techno; Hard Techno; Acid Techno; Trance; Acid Trance; ReBirth
sascha-muller-auf-den-punkt,Sascha Müller,sascha müller - 32.01,2021,hifidelity_potpourri,http://creativecommons.org/publicdomain/mark/1.0/,https://archive.org/download/sascha-muller-auf-den-punkt/01.%20Sascha%20M%C3%BCller%20-%2032.01.wav,273.6,hifidelity_potpourri,Sascha Müller; Acid; Techno; Hard Techno; Acid Techno; Trance; Acid Trance; ReBirth
sascha-muller-auf-den-punkt,Sascha Müller,sascha müller - 33.01,2021,hifidelity_potpourri,http://creativecommons.org/publicdomain/mark/1.0/,https://archive.org/download/sascha-muller-auf-den-punkt/01.%20Sascha%20M%C3%BCller%20-%2033.01.wav,309.1,hifidelity_potpourri,Sascha Müller; Acid; Techno; Hard Techno; Acid Techno; Trance; Acid Trance; ReBirth
sascha-muller-auf-den-punkt,Sascha Müller,sascha müller - 34.01,2021,hifidelity_potpourri,http://creativecommons.org/publicdomain/mark/1.0/,https://archive.org/download/sascha-muller-auf-den-punkt/01.%20Sascha%20M%C3%BCller%20-%2034.01.wav,258.9,hifidelity_potpourri,Sascha Müller; Acid; Techno; Hard Techno; Acid Techno; Trance; Acid Trance; ReBirth
sascha-muller-auf-den-punkt,Sascha Müller,sascha müller - 35.01,2021,hifidelity_potpourri,http://creativecommons.org/publicdomain/mark/1.0/,https://archive.org/download/sascha-muller-auf-den-punkt/01.%20Sascha%20M%C3%BCller%20-%2035.01.wav,307.1,hifidelity_potpourri,Sascha Müller; Acid; Techno; Hard Techno; Acid Techno; Trance; Acid Trance; ReBirth
sascha-muller-auf-den-punkt,Sascha Müller,sascha müller - 36.01,2021,hifidelity_potpourri,http://creativecommons.org/publicdomain/mark/1.0/,https://archive.org/download/sascha-muller-auf-den-punkt/01.%20Sascha%20M%C3%BCller%20-%2036.01.wav,259.4,hifidelity_potpourri,Sascha Müller; Acid; Techno; Hard Techno; Acid Techno; Trance; Acid Trance; ReBirth
sascha-muller-auf-den-punkt,Sascha Müller,sascha müller - 37.01,2021,hifidelity_potpourri,http://creativecommons.org/publicdomain/mark/1.0/,https://archive.org/download/sascha-muller-auf-den-punkt/01.%20Sascha%20M%C3%BCller%20-%2037.01.wav,275.7,hifidelity_potpourri,Sascha Müller; Acid; Techno; Hard Techno; Acid Techno; Trance; Acid Trance; ReBirth
sascha-muller-auf-den-punkt,Sascha Müller,sascha müller - 38.01,2021,hifidelity_potpourri,http://creativecommons.org/publicdomain/mark/1.0/,https://archive.org/download/sascha-muller-auf-den-punkt/01.%20Sascha%20M%C3%BCller%20-%2038.01.wav,307.1,hifidelity_potpourri,Sascha Müller; Acid; Techno; Hard Techno; Acid Techno; Trance; Acid Trance; ReBirth
sascha-muller-auf-den-punkt,Sascha Müller,sascha müller - 39.01,2021,hifidelity_potpourri,http://creativecommons.org/publicdomain/mark/1.0/,https://archive.org/download/sascha-muller-auf-den-punkt/01.%20Sascha%20M%C3%BCller%20-%2039.01.wav,307.1,hifidelity_potpourri,Sascha Müller; Acid; Techno; Hard Techno; Acid Techno; Trance; Acid Trance; ReBirth
sascha-muller-auf-den-punkt,Sascha Müller,sascha muller - 100.02,2021,hifidelity_potpourri,http://creativecommons.org/publicdomain/mark/1.0/,https://archive.org/download/sascha-muller-auf-den-punkt/02.%20Sascha%20Muller%20-%20100.02.wav,297.8,hifidelity_potpourri,Sascha Müller; Acid; Techno; Hard Techno; Acid Techno; Trance; Acid Trance; ReBirth
sascha-muller-auf-den-punkt,Sascha Müller,sascha muller - 40.02_punkt 40,2021,hifidelity_potpourri,http://creativecommons.org/publicdomain/mark/1.0/,https://archive.org/download/sascha-muller-auf-den-punkt/02.%20Sascha%20Muller%20-%2040.02_Punkt%2040.wav,276.4,hifidelity_potpourri,Sascha Müller; Acid; Techno; Hard Techno; Acid Techno; Trance; Acid Trance; ReBirth
sascha-muller-auf-den-punkt,Sascha Müller,sascha muller - 41.02_punkt 41,2021,hifidelity_potpourri,http://creativecommons.org/publicdomain/mark/1.0/,https://archive.org/download/sascha-muller-auf-den-punkt/02.%20Sascha%20Muller%20-%2041.02_Punkt%2041.wav,367.5,hifidelity_potpourri,Sascha Müller; Acid; Techno; Hard Techno; Acid Techno; Trance; Acid Trance; ReBirth
sascha-muller-auf-den-punkt,Sascha Müller,sascha muller - 42.02_punkt 42,2021,hifidelity_potpourri,http://creativecommons.org/publicdomain/mark/1.0/,https://archive.org/download/sascha-muller-auf-den-punkt/02.%20Sascha%20Muller%20-%2042.02_Punkt%2042.wav,377.8,hifidelity_potpourri,Sascha Müller; Acid; Techno; Hard Techno; Acid Techno; Trance; Acid Trance; ReBirth
sascha-muller-auf-den-punkt,Sascha Müller,sascha muller - 43.02_punkt 43,2021,hifidelity_potpourri,http://creativecommons.org/publicdomain/mark/1.0/,https://archive.org/download/sascha-muller-auf-den-punkt/02.%20Sascha%20Muller%20-%2043.02_Punkt%2043.wav,275.3,hifidelity_potpourri,Sascha Müller; Acid; Techno; Hard Techno; Acid Techno; Trance; Acid Trance; ReBirth
sascha-muller-auf-den-punkt,Sascha Müller,sascha muller - 44.02_punkt 44,2021,hifidelity_potpourri,http://creativecommons.org/publicdomain/mark/1.0/,https://archive.org/download/sascha-muller-auf-den-punkt/02.%20Sascha%20Muller%20-%2044.02_Punkt%2044.wav,275.9,hifidelity_potpourri,Sascha Müller; Acid; Techno; Hard Techno; Acid Techno; Trance; Acid Trance; ReBirth
sascha-muller-auf-den-punkt,Sascha Müller,sascha muller - 45.02_punkt 45,2021,hifidelity_potpourri,http://creativecommons.org/publicdomain/mark/1.0/,https://archive.org/download/sascha-muller-auf-den-punkt/02.%20Sascha%20Muller%20-%2045.02_Punkt%2045.wav,287.3,hifidelity_potpourri,Sascha Müller; Acid; Techno; Hard Techno; Acid Techno; Trance; Acid Trance; ReBirth
sascha-muller-auf-den-punkt,Sascha Müller,sascha muller - 46.02_punkt 46,2021,hifidelity_potpourri,http://creativecommons.org/publicdomain/mark/1.0/,https://archive.org/download/sascha-muller-auf-den-punkt/02.%20Sascha%20Muller%20-%2046.02_Punkt%2046.wav,299.0,hifidelity_potpourri,Sascha Müller; Acid; Techno; Hard Techno; Acid Techno; Trance; Acid Trance; ReBirth
sascha-muller-auf-den-punkt,Sascha Müller,sascha muller - 47.02_punkt 47,2021,hifidelity_potpourri,http://creativecommons.org/publicdomain/mark/1.0/,https://archive.org/download/sascha-muller-auf-den-punkt/02.%20Sascha%20Muller%20-%2047.02_Punkt%2047.wav,245.1,hifidelity_potpourri,Sascha Müller; Acid; Techno; Hard Techno; Acid Techno; Trance; Acid Trance; ReBirth
sascha-muller-auf-den-punkt,Sascha Müller,sascha muller - 48.02_punkt 48,2021,hifidelity_potpourri,http://creativecommons.org/publicdomain/mark/1.0/,https://archive.org/download/sascha-muller-auf-den-punkt/02.%20Sascha%20Muller%20-%2048.02_Punkt%2048.wav,298.2,hifidelity_potpourri,Sascha Müller; Acid; Techno; Hard Techno; Acid Techno; Trance; Acid Trance; ReBirth
sascha-muller-auf-den-punkt,Sascha Müller,sascha muller - 49.02_punkt 49,2021,hifidelity_potpourri,http://creativecommons.org/publicdomain/mark/1.0/,https://archive.org/download/sascha-muller-auf-den-punkt/02.%20Sascha%20Muller%20-%2049.02_Punkt%2049.wav,299.7,hifidelity_potpourri,Sascha Müller; Acid; Techno; Hard Techno; Acid Techno; Trance; Acid Trance; ReBirth
sascha-muller-auf-den-punkt,Sascha Müller,sascha muller - 50.02_punkt 50,2021,hifidelity_potpourri,http://creativecommons.org/publicdomain/mark/1.0/,https://archive.org/download/sascha-muller-auf-den-punkt/02.%20Sascha%20Muller%20-%2050.02_Punkt%2050.wav,275.5,hifidelity_potpourri,Sascha Müller; Acid; Techno; Hard Techno; Acid Techno; Trance; Acid Trance; ReBirth
sascha-muller-auf-den-punkt,Sascha Müller,sascha muller - 51.02_punkt 51,2021,hifidelity_potpourri,http://creativecommons.org/publicdomain/mark/1.0/,https://archive.org/download/sascha-muller-auf-den-punkt/02.%20Sascha%20Muller%20-%2051.02_Punkt%2051.wav,300.2,hifidelity_potpourri,Sascha Müller; Acid; Techno; Hard Techno; Acid Techno; Trance; Acid Trance; ReBirth
sascha-muller-auf-den-punkt,Sascha Müller,sascha muller - 52.02_punkt 52,2021,hifidelity_potpourri,http://creativecommons.org/publicdomain/mark/1.0/,https://archive.org/download/sascha-muller-auf-den-punkt/02.%20Sascha%20Muller%20-%2052.02_Punkt%2052.wav,301.7,hifidelity_potpourri,Sascha Müller; Acid; Techno; Hard Techno; Acid Techno; Trance; Acid Trance; ReBirth
sascha-muller-auf-den-punkt,Sascha Müller,sascha muller - 53.02_punkt 53,2021,hifidelity_potpourri,http://creativecommons.org/publicdomain/mark/1.0/,https://archive.org/download/sascha-muller-auf-den-punkt/02.%20Sascha%20Muller%20-%2053.02_Punkt%2053.wav,374.0,hifidelity_potpourri,Sascha Müller; Acid; Techno; Hard Techno; Acid Techno; Trance; Acid Trance; ReBirth
sascha-muller-auf-den-punkt,Sascha Müller,sascha muller - 54.02_punkt 54,2021,hifidelity_potpourri,http://creativecommons.org/publicdomain/mark/1.0/,https://archive.org/download/sascha-muller-auf-den-punkt/02.%20Sascha%20Muller%20-%2054.02_Punkt%2054.wav,317.4,hifidelity_potpourri,Sascha Müller; Acid; Techno; Hard Techno; Acid Techno; Trance; Acid Trance; ReBirth
sascha-muller-auf-den-punkt,Sascha Müller,sascha muller - 55.02_punkt 55,2021,hifidelity_potpourri,http://creativecommons.org/publicdomain/mark/1.0/,https://archive.org/download/sascha-muller-auf-den-punkt/02.%20Sascha%20Muller%20-%2055.02_Punkt%2055.wav,374.3,hifidelity_potpourri,Sascha Müller; Acid; Techno; Hard Techno; Acid Techno; Trance; Acid Trance; ReBirth
sascha-muller-auf-den-punkt,Sascha Müller,sascha muller - 56.02_punkt 56,2021,hifidelity_potpourri,http://creativecommons.org/publicdomain/mark/1.0/,https://archive.org/download/sascha-muller-auf-den-punkt/02.%20Sascha%20Muller%20-%2056.02_Punkt%2056.wav,245.2,hifidelity_potpourri,Sascha Müller; Acid; Techno; Hard Techno; Acid Techno; Trance; Acid Trance; ReBirth
sascha-muller-auf-den-punkt,Sascha Müller,sascha muller - 57.02_punkt 57,2021,hifidelity_potpourri,http://creativecommons.org/publicdomain/mark/1.0/,https://archive.org/download/sascha-muller-auf-den-punkt/02.%20Sascha%20Muller%20-%2057.02_Punkt%2057.wav,275.6,hifidelity_potpourri,Sascha Müller; Acid; Techno; Hard Techno; Acid Techno; Trance; Acid Trance; ReBirth
sascha-muller-auf-den-punkt,Sascha Müller,sascha muller - 58.02_punkt 58,2021,hifidelity_potpourri,http://creativecommons.org/publicdomain/mark/1.0/,https://archive.org/download/sascha-muller-auf-den-punkt/02.%20Sascha%20Muller%20-%2058.02_Punkt%2058.wav,276.5,hifidelity_potpourri,Sascha Müller; Acid; Techno; Hard Techno; Acid Techno; Trance; Acid Trance; ReBirth
sascha-muller-auf-den-punkt,Sascha Müller,sascha muller - 59.02_punkt59,2021,hifidelity_potpourri,http://creativecommons.org/publicdomain/mark/1.0/,https://archive.org/download/sascha-muller-auf-den-punkt/02.%20Sascha%20Muller%20-%2059.02_Punkt59.wav,307.8,hifidelity_potpourri,Sascha Müller; Acid; Techno; Hard Techno; Acid Techno; Trance; Acid Trance; ReBirth
sascha-muller-auf-den-punkt,Sascha Müller,sascha muller - 60.02,2021,hifidelity_potpourri,http://creativecommons.org/publicdomain/mark/1.0/,https://archive.org/download/sascha-muller-auf-den-punkt/02.%20Sascha%20Muller%20-%2060.02.wav,300.5,hifidelity_potpourri,Sascha Müller; Acid; Techno; Hard Techno; Acid Techno; Trance; Acid Trance; ReBirth
sascha-muller-auf-den-punkt,Sascha Müller,sascha muller - 61.02,2021,hifidelity_potpourri,http://creativecommons.org/publicdomain/mark/1.0/,https://archive.org/download/sascha-muller-auf-den-punkt/02.%20Sascha%20Muller%20-%2061.02.wav,320.4,hifidelity_potpourri,Sascha Müller; Acid; Techno; Hard Techno; Acid Techno; Trance; Acid Trance; ReBirth
sascha-muller-auf-den-punkt,Sascha Müller,sascha muller - 62.02,2021,hifidelity_potpourri,http://creativecommons.org/publicdomain/mark/1.0/,https://archive.org/download/sascha-muller-auf-den-punkt/02.%20Sascha%20Muller%20-%2062.02.wav,246.1,hifidelity_potpourri,Sascha Müller; Acid; Techno; Hard Techno; Acid Techno; Trance; Acid Trance; ReBirth
sascha-muller-auf-den-punkt,Sascha Müller,sascha muller - 63.02,2021,hifidelity_potpourri,http://creativecommons.org/publicdomain/mark/1.0/,https://archive.org/download/sascha-muller-auf-den-punkt/02.%20Sascha%20Muller%20-%2063.02.wav,311.0,hifidelity_potpourri,Sascha Müller; Acid; Techno; Hard Techno; Acid Techno; Trance; Acid Trance; ReBirth
sascha-muller-auf-den-punkt,Sascha Müller,sascha muller - 64.02,2021,hifidelity_potpourri,http://creativecommons.org/publicdomain/mark/1.0/,https://archive.org/download/sascha-muller-auf-den-punkt/02.%20Sascha%20Muller%20-%2064.02.wav,326.9,hifidelity_potpourri,Sascha Müller; Acid; Techno; Hard Techno; Acid Techno; Trance; Acid Trance; ReBirth
sascha-muller-auf-den-punkt,Sascha Müller,sascha muller - 65.02,2021,hifidelity_potpourri,http://creativecommons.org/publicdomain/mark/1.0/,https://archive.org/download/sascha-muller-auf-den-punkt/02.%20Sascha%20Muller%20-%2065.02.wav,374.4,hifidelity_potpourri,Sascha Müller; Acid; Techno; Hard Techno; Acid Techno; Trance; Acid Trance; ReBirth
sascha-muller-auf-den-punkt,Sascha Müller,sascha muller - 66.02,2021,hifidelity_potpourri,http://creativecommons.org/publicdomain/mark/1.0/,https://archive.org/download/sascha-muller-auf-den-punkt/02.%20Sascha%20Muller%20-%2066.02.wav,376.2,hifidelity_potpourri,Sascha Müller; Acid; Techno; Hard Techno; Acid Techno; Trance; Acid Trance; ReBirth
sascha-muller-auf-den-punkt,Sascha Müller,sascha muller - 67.02,2021,hifidelity_potpourri,http://creativecommons.org/publicdomain/mark/1.0/,https://archive.org/download/sascha-muller-auf-den-punkt/02.%20Sascha%20Muller%20-%2067.02.wav,321.1,hifidelity_potpourri,Sascha Müller; Acid; Techno; Hard Techno; Acid Techno; Trance; Acid Trance; ReBirth
sascha-muller-auf-den-punkt,Sascha Müller,sascha muller - 68.02,2021,hifidelity_potpourri,http://creativecommons.org/publicdomain/mark/1.0/,https://archive.org/download/sascha-muller-auf-den-punkt/02.%20Sascha%20Muller%20-%2068.02.wav,298.1,hifidelity_potpourri,Sascha Müller; Acid; Techno; Hard Techno; Acid Techno; Trance; Acid Trance; ReBirth
sascha-muller-auf-den-punkt,Sascha Müller,sascha muller - 69.02,2021,hifidelity_potpourri,http://creativecommons.org/publicdomain/mark/1.0/,https://archive.org/download/sascha-muller-auf-den-punkt/02.%20Sascha%20Muller%20-%2069.02.wav,278.4,hifidelity_potpourri,Sascha Müller; Acid; Techno; Hard Techno; Acid Techno; Trance; Acid Trance; ReBirth
sascha-muller-auf-den-punkt,Sascha Müller,sascha muller - 70.02,2021,hifidelity_potpourri,http://creativecommons.org/publicdomain/mark/1.0/,https://archive.org/download/sascha-muller-auf-den-punkt/02.%20Sascha%20Muller%20-%2070.02.wav,299.5,hifidelity_potpourri,Sascha Müller; Acid; Techno; Hard Techno; Acid Techno; Trance; Acid Trance; ReBirth
sascha-muller-auf-den-punkt,Sascha Müller,sascha muller - 71.02,2021,hifidelity_potpourri,http://creativecommons.org/publicdomain/mark/1.0/,https://archive.org/download/sascha-muller-auf-den-punkt/02.%20Sascha%20Muller%20-%2071.02.wav,297.9,hifidelity_potpourri,Sascha Müller; Acid; Techno; Hard Techno; Acid Techno; Trance; Acid Trance; ReBirth
sascha-muller-auf-den-punkt,Sascha Müller,sascha muller - 72.02,2021,hifidelity_potpourri,http://creativecommons.org/publicdomain/mark/1.0/,https://archive.org/download/sascha-muller-auf-den-punkt/02.%20Sascha%20Muller%20-%2072.02.wav,303.5,hifidelity_potpourri,Sascha Müller; Acid; Techno; Hard Techno; Acid Techno; Trance; Acid Trance; ReBirth
sascha-muller-auf-den-punkt,Sascha Müller,sascha muller - 73.02,2021,hifidelity_potpourri,http://creativecommons.org/publicdomain/mark/1.0/,https://archive.org/download/sascha-muller-auf-den-punkt/02.%20Sascha%20Muller%20-%2073.02.wav,313.9,hifidelity_potpourri,Sascha Müller; Acid; Techno; Hard Techno; Acid Techno; Trance; Acid Trance; ReBirth
sascha-muller-auf-den-punkt,Sascha Müller,sascha muller - 74.02,2021,hifidelity_potpourri,http://creativecommons.org/publicdomain/mark/1.0/,https://archive.org/download/sascha-muller-auf-den-punkt/02.%20Sascha%20Muller%20-%2074.02.wav,245.7,hifidelity_potpourri,Sascha Müller; Acid; Techno; Hard Techno; Acid Techno; Trance; Acid Trance; ReBirth
sascha-muller-auf-den-punkt,Sascha Müller,sascha muller - 75.02,2021,hifidelity_potpourri,http://creativecommons.org/publicdomain/mark/1.0/,https://archive.org/download/sascha-muller-auf-den-punkt/02.%20Sascha%20Muller%20-%2075.02.wav,261.2,hifidelity_potpourri,Sascha Müller; Acid; Techno; Hard Techno; Acid Techno; Trance; Acid Trance; ReBirth
sascha-muller-auf-den-punkt,Sascha Müller,sascha muller - 76.02,2021,hifidelity_potpourri,http://creativecommons.org/publicdomain/mark/1.0/,https://archive.org/download/sascha-muller-auf-den-punkt/02.%20Sascha%20Muller%20-%2076.02.wav,299.6,hifidelity_potpourri,Sascha Müller; Acid; Techno; Hard Techno; Acid Techno; Trance; Acid Trance; ReBirth
sascha-muller-auf-den-punkt,Sascha Müller,sascha muller - 77.02,2021,hifidelity_potpourri,http://creativecommons.org/publicdomain/mark/1.0/,https://archive.org/download/sascha-muller-auf-den-punkt/02.%20Sascha%20Muller%20-%2077.02.wav,382.3,hifidelity_potpourri,Sascha Müller; Acid; Techno; Hard Techno; Acid Techno; Trance; Acid Trance; ReBirth
sascha-muller-auf-den-punkt,Sascha Müller,sascha muller - 78.02,2021,hifidelity_potpourri,http://creativecommons.org/publicdomain/mark/1.0/,https://archive.org/download/sascha-muller-auf-den-punkt/02.%20Sascha%20Muller%20-%2078.02.wav,278.8,hifidelity_potpourri,Sascha Müller; Acid; Techno; Hard Techno; Acid Techno; Trance; Acid Trance; ReBirth
sascha-muller-auf-den-punkt,Sascha Müller,sascha muller - 79.02,2021,hifidelity_potpourri,http://creativecommons.org/publicdomain/mark/1.0/,https://archive.org/download/sascha-muller-auf-den-punkt/02.%20Sascha%20Muller%20-%2079.02.wav,323.5,hifidelity_potpourri,Sascha Müller; Acid; Techno; Hard Techno; Acid Techno; Trance; Acid Trance; ReBirth
sascha-muller-auf-den-punkt,Sascha Müller,sascha muller - 80.02,2021,hifidelity_potpourri,http://creativecommons.org/publicdomain/mark/1.0/,https://archive.org/download/sascha-muller-auf-den-punkt/02.%20Sascha%20Muller%20-%2080.02.wav,374.1,hifidelity_potpourri,Sascha Müller; Acid; Techno; Hard Techno; Acid Techno; Trance; Acid Trance; ReBirth
sascha-muller-auf-den-punkt,Sascha Müller,sascha muller - 81.02,2021,hifidelity_potpourri,http://creativecommons.org/publicdomain/mark/1.0/,https://archive.org/download/sascha-muller-auf-den-punkt/02.%20Sascha%20Muller%20-%2081.02.wav,247.8,hifidelity_potpourri,Sascha Müller; Acid; Techno; Hard Techno; Acid Techno; Trance; Acid Trance; ReBirth
sascha-muller-auf-den-punkt,Sascha Müller,sascha muller - 82.02,2021,hifidelity_potpourri,http://creativecommons.org/publicdomain/mark/1.0/,https://archive.org/download/sascha-muller-auf-den-punkt/02.%20Sascha%20Muller%20-%2082.02.wav,278.1,hifidelity_potpourri,Sascha Müller; Acid; Techno; Hard Techno; Acid Techno; Trance; Acid Trance; ReBirth
sascha-muller-auf-den-punkt,Sascha Müller,sascha muller - 83.02,2021,hifidelity_potpourri,http://creativecommons.org/publicdomain/mark/1.0/,https://archive.org/download/sascha-muller-auf-den-punkt/02.%20Sascha%20Muller%20-%2083.02.wav,317.4,hifidelity_potpourri,Sascha Müller; Acid; Techno; Hard Techno; Acid Techno; Trance; Acid Trance; ReBirth
sascha-muller-auf-den-punkt,Sascha Müller,sascha muller - 84.02,2021,hifidelity_potpourri,http://creativecommons.org/publicdomain/mark/1.0/,https://archive.org/download/sascha-muller-auf-den-punkt/02.%20Sascha%20Muller%20-%2084.02.wav,246.6,hifidelity_potpourri,Sascha Müller; Acid; Techno; Hard Techno; Acid Techno; Trance; Acid Trance; ReBirth
sascha-muller-auf-den-punkt,Sascha Müller,sascha muller - 85.02,2021,hifidelity_potpourri,http://creativecommons.org/publicdomain/mark/1.0/,https://archive.org/download/sascha-muller-auf-den-punkt/02.%20Sascha%20Muller%20-%2085.02.wav,258.3,hifidelity_potpourri,Sascha Müller; Acid; Techno; Hard Techno; Acid Techno; Trance; Acid Trance; ReBirth
sascha-muller-auf-den-punkt,Sascha Müller,sascha muller - 86.02,2021,hifidelity_potpourri,http://creativecommons.org/publicdomain/mark/1.0/,https://archive.org/download/sascha-muller-auf-den-punkt/02.%20Sascha%20Muller%20-%2086.02.wav,319.9,hifidelity_potpourri,Sascha Müller; Acid; Techno; Hard Techno; Acid Techno; Trance; Acid Trance; ReBirth
sascha-muller-auf-den-punkt,Sascha Müller,sascha muller - 87.02,2021,hifidelity_potpourri,http://creativecommons.org/publicdomain/mark/1.0/,https://archive.org/download/sascha-muller-auf-den-punkt/02.%20Sascha%20Muller%20-%2087.02.wav,275.7,hifidelity_potpourri,Sascha Müller; Acid; Techno; Hard Techno; Acid Techno; Trance; Acid Trance; ReBirth
sascha-muller-auf-den-punkt,Sascha Müller,sascha muller - 88.02,2021,hifidelity_potpourri,http://creativecommons.org/publicdomain/mark/1.0/,https://archive.org/download/sascha-muller-auf-den-punkt/02.%20Sascha%20Muller%20-%2088.02.wav,374.5,hifidelity_potpourri,Sascha Müller; Acid; Techno; Hard Techno; Acid Techno; Trance; Acid Trance; ReBirth
sascha-muller-auf-den-punkt,Sascha Müller,sascha muller - 89.02,2021,hifidelity_potpourri,http://creativecommons.org/publicdomain/mark/1.0/,https://archive.org/download/sascha-muller-auf-den-punkt/02.%20Sascha%20Muller%20-%2089.02.wav,373.9,hifidelity_potpourri,Sascha Müller; Acid; Techno; Hard Techno; Acid Techno; Trance; Acid Trance; ReBirth
sascha-muller-auf-den-punkt,Sascha Müller,sascha muller - 90.02,2021,hifidelity_potpourri,http://creativecommons.org/publicdomain/mark/1.0/,https://archive.org/download/sascha-muller-auf-den-punkt/02.%20Sascha%20Muller%20-%2090.02.wav,375.1,hifidelity_potpourri,Sascha Müller; Acid; Techno; Hard Techno; Acid Techno; Trance; Acid Trance; ReBirth
sascha-muller-auf-den-punkt,Sascha Müller,sascha muller - 91.02,2021,hifidelity_potpourri,http://creativecommons.org/publicdomain/mark/1.0/,https://archive.org/download/sascha-muller-auf-den-punkt/02.%20Sascha%20Muller%20-%2091.02.wav,245.3,hifidelity_potpourri,Sascha Müller; Acid; Techno; Hard Techno; Acid Techno; Trance; Acid Trance; ReBirth
sascha-muller-auf-den-punkt,Sascha Müller,sascha muller - 92.02,2021,hifidelity_potpourri,http://creativecommons.org/publicdomain/mark/1.0/,https://archive.org/download/sascha-muller-auf-den-punkt/02.%20Sascha%20Muller%20-%2092.02.wav,326.1,hifidelity_potpourri,Sascha Müller; Acid; Techno; Hard Techno; Acid Techno; Trance; Acid Trance; ReBirth
sascha-muller-auf-den-punkt,Sascha Müller,sascha muller - 93.02,2021,hifidelity_potpourri,http://creativecommons.org/publicdomain/mark/1.0/,https://archive.org/download/sascha-muller-auf-den-punkt/02.%20Sascha%20Muller%20-%2093.02.wav,245.7,hifidelity_potpourri,Sascha Müller; Acid; Techno; Hard Techno; Acid Techno; Trance; Acid Trance; ReBirth
sascha-muller-auf-den-punkt,Sascha Müller,sascha muller - 94.02,2021,hifidelity_potpourri,http://creativecommons.org/publicdomain/mark/1.0/,https://archive.org/download/sascha-muller-auf-den-punkt/02.%20Sascha%20Muller%20-%2094.02.wav,373.9,hifidelity_potpourri,Sascha Müller; Acid; Techno; Hard Techno; Acid Techno; Trance; Acid Trance; ReBirth
sascha-muller-auf-den-punkt,Sascha Müller,sascha muller - 95.02,2021,hifidelity_potpourri,http://creativecommons.org/publicdomain/mark/1.0/,https://archive.org/download/sascha-muller-auf-den-punkt/02.%20Sascha%20Muller%20-%2095.02.wav,313.4,hifidelity_potpourri,Sascha Müller; Acid; Techno; Hard Techno; Acid Techno; Trance; Acid Trance; ReBirth
sascha-muller-auf-den-punkt,Sascha Müller,sascha muller - 96.02,2021,hifidelity_potpourri,http://creativecommons.org/publicdomain/mark/1.0/,https://archive.org/download/sascha-muller-auf-den-punkt/02.%20Sascha%20Muller%20-%2096.02.wav,299.8,hifidelity_potpourri,Sascha Müller; Acid; Techno; Hard Techno; Acid Techno; Trance; Acid Trance; ReBirth
sascha-muller-auf-den-punkt,Sascha Müller,sascha muller - 97.02,2021,hifidelity_potpourri,http://creativecommons.org/publicdomain/mark/1.0/,https://archive.org/download/sascha-muller-auf-den-punkt/02.%20Sascha%20Muller%20-%2097.02.wav,325.7,hifidelity_potpourri,Sascha Müller; Acid; Techno; Hard Techno; Acid Techno; Trance; Acid Trance; ReBirth
sascha-muller-auf-den-punkt,Sascha Müller,sascha muller - 98.02,2021,hifidelity_potpourri,http://creativecommons.org/publicdomain/mark/1.0/,https://archive.org/download/sascha-muller-auf-den-punkt/02.%20Sascha%20Muller%20-%2098.02.wav,245.0,hifidelity_potpourri,Sascha Müller; Acid; Techno; Hard Techno; Acid Techno; Trance; Acid Trance; ReBirth
sascha-muller-auf-den-punkt,Sascha Müller,sascha muller - 99.02,2021,hifidelity_potpourri,http://creativecommons.org/publicdomain/mark/1.0/,https://archive.org/download/sascha-muller-auf-den-punkt/02.%20Sascha%20Muller%20-%2099.02.wav,258.5,hifidelity_potpourri,Sascha Müller; Acid; Techno; Hard Techno; Acid Techno; Trance; Acid Trance; ReBirth
sascha-muller-auf-den-punkt,Sascha Müller,sascha müller - 20.02,2021,hifidelity_potpourri,http://creativecommons.org/publicdomain/mark/1.0/,https://archive.org/download/sascha-muller-auf-den-punkt/02.%20Sascha%20M%C3%BCller%20-%2020.02.wav,366.0,hifidelity_potpourri,Sascha Müller; Acid; Techno; Hard Techno; Acid Techno; Trance; Acid Trance; ReBirth
sascha-muller-auf-den-punkt,Sascha Müller,sascha müller - 21.02,2021,hifidelity_potpourri,http://creativecommons.org/publicdomain/mark/1.0/,https://archive.org/download/sascha-muller-auf-den-punkt/02.%20Sascha%20M%C3%BCller%20-%2021.02.wav,259.2,hifidelity_potpourri,Sascha Müller; Acid; Techno; Hard Techno; Acid Techno; Trance; Acid Trance; ReBirth
sascha-muller-auf-den-punkt,Sascha Müller,sascha müller - 22.02,2021,hifidelity_potpourri,http://creativecommons.org/publicdomain/mark/1.0/,https://archive.org/download/sascha-muller-auf-den-punkt/02.%20Sascha%20M%C3%BCller%20-%2022.02.wav,245.3,hifidelity_potpourri,Sascha Müller; Acid; Techno; Hard Techno; Acid Techno; Trance; Acid Trance; ReBirth
sascha-muller-auf-den-punkt,Sascha Müller,sascha müller - 23.02,2021,hifidelity_potpourri,http://creativecommons.org/publicdomain/mark/1.0/,https://archive.org/download/sascha-muller-auf-den-punkt/02.%20Sascha%20M%C3%BCller%20-%2023.02.wav,311.0,hifidelity_potpourri,Sascha Müller; Acid; Techno; Hard Techno; Acid Techno; Trance; Acid Trance; ReBirth
sascha-muller-auf-den-punkt,Sascha Müller,sascha müller - 24.02,2021,hifidelity_potpourri,http://creativecommons.org/publicdomain/mark/1.0/,https://archive.org/download/sascha-muller-auf-den-punkt/02.%20Sascha%20M%C3%BCller%20-%2024.02.wav,374.7,hifidelity_potpourri,Sascha Müller; Acid; Techno; Hard Techno; Acid Techno; Trance; Acid Trance; ReBirth
sascha-muller-auf-den-punkt,Sascha Müller,sascha müller - 25.02,2021,hifidelity_potpourri,http://creativecommons.org/publicdomain/mark/1.0/,https://archive.org/download/sascha-muller-auf-den-punkt/02.%20Sascha%20M%C3%BCller%20-%2025.02.wav,302.9,hifidelity_potpourri,Sascha Müller; Acid; Techno; Hard Techno; Acid Techno; Trance; Acid Trance; ReBirth
sascha-muller-auf-den-punkt,Sascha Müller,sascha müller - 26.02,2021,hifidelity_potpourri,http://creativecommons.org/publicdomain/mark/1.0/,https://archive.org/download/sascha-muller-auf-den-punkt/02.%20Sascha%20M%C3%BCller%20-%2026.02.wav,275.5,hifidelity_potpourri,Sascha Müller; Acid; Techno; Hard Techno; Acid Techno; Trance; Acid Trance; ReBirth
sascha-muller-auf-den-punkt,Sascha Müller,sascha müller - 27.02,2021,hifidelity_potpourri,http://creativecommons.org/publicdomain/mark/1.0/,https://archive.org/download/sascha-muller-auf-den-punkt/02.%20Sascha%20M%C3%BCller%20-%2027.02.wav,325.4,hifidelity_potpourri,Sascha Müller; Acid; Techno; Hard Techno; Acid Techno; Trance; Acid Trance; ReBirth
sascha-muller-auf-den-punkt,Sascha Müller,sascha müller - 28.02,2021,hifidelity_potpourri,http://creativecommons.org/publicdomain/mark/1.0/,https://archive.org/download/sascha-muller-auf-den-punkt/02.%20Sascha%20M%C3%BCller%20-%2028.02.wav,320.4,hifidelity_potpourri,Sascha Müller; Acid; Techno; Hard Techno; Acid Techno; Trance; Acid Trance; ReBirth
sascha-muller-auf-den-punkt,Sascha Müller,sascha müller - 29.02,2021,hifidelity_potpourri,http://creativecommons.org/publicdomain/mark/1.0/,https://archive.org/download/sascha-muller-auf-den-punkt/02.%20Sascha%20M%C3%BCller%20-%2029.02.wav,275.8,hifidelity_potpourri,Sascha Müller; Acid; Techno; Hard Techno; Acid Techno; Trance; Acid Trance; ReBirth
sascha-muller-auf-den-punkt,Sascha Müller,sascha müller - 30.02,2021,hifidelity_potpourri,http://creativecommons.org/publicdomain/mark/1.0/,https://archive.org/download/sascha-muller-auf-den-punkt/02.%20Sascha%20M%C3%BCller%20-%2030.02.wav,258.7,hifidelity_potpourri,Sascha Müller; Acid; Techno; Hard Techno; Acid Techno; Trance; Acid Trance; ReBirth
sascha-muller-auf-den-punkt,Sascha Müller,sascha müller - 31.02,2021,hifidelity_potpourri,http://creativecommons.org/publicdomain/mark/1.0/,https://archive.org/download/sascha-muller-auf-den-punkt/02.%20Sascha%20M%C3%BCller%20-%2031.02.wav,366.4,hifidelity_potpourri,Sascha Müller; Acid; Techno; Hard Techno; Acid Techno; Trance; Acid Trance; ReBirth
sascha-muller-auf-den-punkt,Sascha Müller,sascha müller - 32.02,2021,hifidelity_potpourri,http://creativecommons.org/publicdomain/mark/1.0/,https://archive.org/download/sascha-muller-auf-den-punkt/02.%20Sascha%20M%C3%BCller%20-%2032.02.wav,259.5,hifidelity_potpourri,Sascha Müller; Acid; Techno; Hard Techno; Acid Techno; Trance; Acid Trance; ReBirth
sascha-muller-auf-den-punkt,Sascha Müller,sascha müller - 33.02,2021,hifidelity_potpourri,http://creativecommons.org/publicdomain/mark/1.0/,https://archive.org/download/sascha-muller-auf-den-punkt/02.%20Sascha%20M%C3%BCller%20-%2033.02.wav,319.9,hifidelity_potpourri,Sascha Müller; Acid; Techno; Hard Techno; Acid Techno; Trance; Acid Trance; ReBirth
sascha-muller-auf-den-punkt,Sascha Müller,sascha müller - 34.02,2021,hifidelity_potpourri,http://creativecommons.org/publicdomain/mark/1.0/,https://archive.org/download/sascha-muller-auf-den-punkt/02.%20Sascha%20M%C3%BCller%20-%2034.02.wav,286.1,hifidelity_potpourri,Sascha Müller; Acid; Techno; Hard Techno; Acid Techno; Trance; Acid Trance; ReBirth
sascha-muller-auf-den-punkt,Sascha Müller,sascha müller - 35.02,2021,hifidelity_potpourri,http://creativecommons.org/publicdomain/mark/1.0/,https://archive.org/download/sascha-muller-auf-den-punkt/02.%20Sascha%20M%C3%BCller%20-%2035.02.wav,257.9,hifidelity_potpourri,Sascha Müller; Acid; Techno; Hard Techno; Acid Techno; Trance; Acid Trance; ReBirth
sascha-muller-auf-den-punkt,Sascha Müller,sascha müller - 36.02,2021,hifidelity_potpourri,http://creativecommons.org/publicdomain/mark/1.0/,https://archive.org/download/sascha-muller-auf-den-punkt/02.%20Sascha%20M%C3%BCller%20-%2036.02.wav,375.1,hifidelity_potpourri,Sascha Müller; Acid; Techno; Hard Techno; Acid Techno; Trance; Acid Trance; ReBirth
sascha-muller-auf-den-punkt,Sascha Müller,sascha müller - 37.02,2021,hifidelity_potpourri,http://creativecommons.org/publicdomain/mark/1.0/,https://archive.org/download/sascha-muller-auf-den-punkt/02.%20Sascha%20M%C3%BCller%20-%2037.02.wav,299.6,hifidelity_potpourri,Sascha Müller; Acid; Techno; Hard Techno; Acid Techno; Trance; Acid Trance; ReBirth
sascha-muller-auf-den-punkt,Sascha Müller,sascha müller - 38.02,2021,hifidelity_potpourri,http://creativecommons.org/publicdomain/mark/1.0/,https://archive.org/download/sascha-muller-auf-den-punkt/02.%20Sascha%20M%C3%BCller%20-%2038.02.wav,316.1,hifidelity_potpourri,Sascha Müller; Acid; Techno; Hard Techno; Acid Techno; Trance; Acid Trance; ReBirth
sascha-muller-auf-den-punkt,Sascha Müller,sascha müller - 39.02,2021,hifidelity_potpourri,http://creativecommons.org/publicdomain/mark/1.0/,https://archive.org/download/sascha-muller-auf-den-punkt/02.%20Sascha%20M%C3%BCller%20-%2039.02.wav,315.8,hifidelity_potpourri,Sascha Müller; Acid; Techno; Hard Techno; Acid Techno; Trance; Acid Trance; ReBirth
sascha-muller-ssrextra86,Sascha Müller,Homage An Dr. Böhms Hobbyton,2019,hifidelity_potpourri,https://creativecommons.org/licenses/by-nc-nd/4.0/,https://archive.org/download/sascha-muller-ssrextra86/01.%20Sascha%20Muller%20-%20Homage%20An%20Dr.%20Bohms%20Hobbyton.wav,461.5,hifidelity_potpourri,Techno; Acid; Hard Techno; Acid House; House; Minimal Techno; Sascha Müller
sascha-muller-ssrextra86,Sascha Müller,Hypnoticum,2019,hifidelity_potpourri,https://creativecommons.org/licenses/by-nc-nd/4.0/,https://archive.org/download/sascha-muller-ssrextra86/02.%20Sascha%20Muller%20-%20Hypnoticum.WAV,338.6,hifidelity_potpourri,Techno; Acid; Hard Techno; Acid House; House; Minimal Techno; Sascha Müller
sascha-muller-ssrextra86,Sascha Müller,I Have Seen The Earth For 2 Minutes,2019,hifidelity_potpourri,https://creativecommons.org/licenses/by-nc-nd/4.0/,https://archive.org/download/sascha-muller-ssrextra86/03.%20Sascha%20Muller%20-%20I%20Have%20Seen%20The%20Earth%20For%202%20Minutes.WAV,314.4,hifidelity_potpourri,Techno; Acid; Hard Techno; Acid House; House; Minimal Techno; Sascha Müller
sascha-muller-ssrextra86,Sascha Müller,Induktorspule,2019,hifidelity_potpourri,https://creativecommons.org/licenses/by-nc-nd/4.0/,https://archive.org/download/sascha-muller-ssrextra86/04.%20Sascha%20Muller%20-%20Induktorspule.wav,420.6,hifidelity_potpourri,Techno; Acid; Hard Techno; Acid House; House; Minimal Techno; Sascha Müller
sascha-muller-ssrextra86,Sascha Müller,Interference Muster,2019,hifidelity_potpourri,https://creativecommons.org/licenses/by-nc-nd/4.0/,https://archive.org/download/sascha-muller-ssrextra86/05.%20Sascha%20Muller%20-%20Interference%20Muster.wav,335.4,hifidelity_potpourri,Techno; Acid; Hard Techno; Acid House; House; Minimal Techno; Sascha Müller
sascha-muller-ssrextra86,Sascha Müller,Jack Me,2019,hifidelity_potpourri,https://creativecommons.org/licenses/by-nc-nd/4.0/,https://archive.org/download/sascha-muller-ssrextra86/06.%20Sascha%20Muller%20-%20Jack%20Me.WAV,597.4,hifidelity_potpourri,Techno; Acid; Hard Techno; Acid House; House; Minimal Techno; Sascha Müller
sascha-muller-ssrextra86,Sascha Müller,Jack My Radio,2019,hifidelity_potpourri,https://creativecommons.org/licenses/by-nc-nd/4.0/,https://archive.org/download/sascha-muller-ssrextra86/07.%20Sascha%20Muller%20-%20Jack%20My%20Radio.WAV,369.4,hifidelity_potpourri,Techno; Acid; Hard Techno; Acid House; House; Minimal Techno; Sascha Müller
sascha-muller-ssrextra86,Sascha Müller,Japanese Gameroom 2,2019,hifidelity_potpourri,https://creativecommons.org/licenses/by-nc-nd/4.0/,https://archive.org/download/sascha-muller-ssrextra86/08.%20Sascha%20Muller%20-%20Japanese%20Gameroom%202.wav,300.5,hifidelity_potpourri,Techno; Acid; Hard Techno; Acid House; House; Minimal Techno; Sascha Müller
sascha-muller-ssrextra86,Sascha Müller,Kernkraft,2019,hifidelity_potpourri,https://creativecommons.org/licenses/by-nc-nd/4.0/,https://archive.org/download/sascha-muller-ssrextra86/09.%20Sascha%20Muller%20-%20Kernkraft.wav,348.2,hifidelity_potpourri,Techno; Acid; Hard Techno; Acid House; House; Minimal Techno; Sascha Müller
sascha-muller-ssrextra86,Sascha Müller,Klangformung,2019,hifidelity_potpourri,https://creativecommons.org/licenses/by-nc-nd/4.0/,https://archive.org/download/sascha-muller-ssrextra86/10.%20Sascha%20Muller%20-%20Klangformung.wav,409.2,hifidelity_potpourri,Techno; Acid; Hard Techno; Acid House; House; Minimal Techno; Sascha Müller
sascha-muller-ssrextra86,Sascha Müller,Klostermesse,2019,hifidelity_potpourri,https://creativecommons.org/licenses/by-nc-nd/4.0/,https://archive.org/download/sascha-muller-ssrextra86/11.%20Sascha%20Muller%20-%20Klostermesse.wav,335.3,hifidelity_potpourri,Techno; Acid; Hard Techno; Acid House; House; Minimal Techno; Sascha Müller
sascha-muller-ssrextra86,Sascha Müller,Komerz Epos,2019,hifidelity_potpourri,https://creativecommons.org/licenses/by-nc-nd/4.0/,https://archive.org/download/sascha-muller-ssrextra86/12.%20Sascha%20Muller%20-%20Komerz%20Epos.WAV,330.5,hifidelity_potpourri,Techno; Acid; Hard Techno; Acid House; House; Minimal Techno; Sascha Müller
sascha-muller-ssrextra76,Sascha Müller,See My Tears (Original Mix),2018,hifidelity_potpourri,https://creativecommons.org/licenses/by-nc-nd/4.0/,https://archive.org/download/sascha-muller-ssrextra76/01.%20Sascha%20Muller%20-%20See%20My%20Tears%20%28Original%20Mix%29.wav,360.0,hifidelity_potpourri,Techno; Acid; Hard Techno; Acid House; House; Minimal Techno; Sascha Müller
sascha-muller-ssrextra76,Sascha Müller,Captured By Acid,2018,hifidelity_potpourri,https://creativecommons.org/licenses/by-nc-nd/4.0/,https://archive.org/download/sascha-muller-ssrextra76/02.%20Sascha%20Muller%20-%20Captured%20By%20Acid.wav,313.2,hifidelity_potpourri,Techno; Acid; Hard Techno; Acid House; House; Minimal Techno; Sascha Müller
sascha-muller-ssrextra76,Sascha Müller,Termination X,2018,hifidelity_potpourri,https://creativecommons.org/licenses/by-nc-nd/4.0/,https://archive.org/download/sascha-muller-ssrextra76/04.%20Sascha%20Muller%20-%20Termination%20X.wav,302.3,hifidelity_potpourri,Techno; Acid; Hard Techno; Acid House; House; Minimal Techno; Sascha Müller
sascha-muller-ssrextra76,Sascha Müller,Termination XX,2018,hifidelity_potpourri,https://creativecommons.org/licenses/by-nc-nd/4.0/,https://archive.org/download/sascha-muller-ssrextra76/05.%20Sascha%20Muller%20-%20Termination%20XX.wav,364.6,hifidelity_potpourri,Techno; Acid; Hard Techno; Acid House; House; Minimal Techno; Sascha Müller
sascha-muller-ssrextra76,Sascha Müller,Termination XXX,2018,hifidelity_potpourri,https://creativecommons.org/licenses/by-nc-nd/4.0/,https://archive.org/download/sascha-muller-ssrextra76/06.%20Sascha%20Muller%20-%20Termination%20XXX.wav,363.1,hifidelity_potpourri,Techno; Acid; Hard Techno; Acid House; House; Minimal Techno; Sascha Müller
sascha-muller-ssrextra76,Sascha Müller,Cosmic Playground,2018,hifidelity_potpourri,https://creativecommons.org/licenses/by-nc-nd/4.0/,https://archive.org/download/sascha-muller-ssrextra76/07.%20Sascha%20Muller%20-%20Cosmic%20Playground.wav,372.5,hifidelity_potpourri,Techno; Acid; Hard Techno; Acid House; House; Minimal Techno; Sascha Müller
sascha-muller-ssrextra76,Sascha Müller,Acid War,2018,hifidelity_potpourri,https://creativecommons.org/licenses/by-nc-nd/4.0/,https://archive.org/download/sascha-muller-ssrextra76/08.%20Sascha%20Muller%20-%20Acid%20War.wav,284.9,hifidelity_potpourri,Techno; Acid; Hard Techno; Acid House; House; Minimal Techno; Sascha Müller
sascha-muller-ssrextra76,Sascha Müller,12345678 (Original Mix),2018,hifidelity_potpourri,https://creativecommons.org/licenses/by-nc-nd/4.0/,https://archive.org/download/sascha-muller-ssrextra76/09.%20Sascha%20Muller%20-%2012345678%20%28Original%20Mix%29.wav,329.2,hifidelity_potpourri,Techno; Acid; Hard Techno; Acid House; House; Minimal Techno; Sascha Müller
sascha-muller-ssrextra76,Sascha Müller,Airdrill,2018,hifidelity_potpourri,https://creativecommons.org/licenses/by-nc-nd/4.0/,https://archive.org/download/sascha-muller-ssrextra76/10.%20Sascha%20Muller%20-%20Airdrill.wav,275.6,hifidelity_potpourri,Techno; Acid; Hard Techno; Acid House; House; Minimal Techno; Sascha Müller
sascha-muller-ssrextra76,Sascha Müller,Train To Transilvania,2018,hifidelity_potpourri,https://creativecommons.org/licenses/by-nc-nd/4.0/,https://archive.org/download/sascha-muller-ssrextra76/11.%20Sascha%20Muller%20-%20Train%20To%20Transilvania.wav,386.1,hifidelity_potpourri,Techno; Acid; Hard Techno; Acid House; House; Minimal Techno; Sascha Müller
user037-user08779333356-geek-ep,user08779333356,Geek,2021,user-records-netlabel,https://creativecommons.org/licenses/by-nc-nd/4.0/,https://archive.org/download/user037-user08779333356-geek-ep/%28USER037%29%2001.%20user08779333356%20-%20Geek_Geek%20EP.wav,359.1,user-records-netlabel,Techno; Hard Techno; USER Records
user037-user08779333356-geek-ep,user08779333356,Dooms Day,2021,user-records-netlabel,https://creativecommons.org/licenses/by-nc-nd/4.0/,https://archive.org/download/user037-user08779333356-geek-ep/%28USER037%29%2002.%20user08779333356%20-%20Dooms%20Day_Geek%20EP.wav,382.6,user-records-netlabel,Techno; Hard Techno; USER Records
user064-user04821460007-agent-ep,user04821460007,The Agent Girls,2025,user-records-netlabel,https://creativecommons.org/licenses/by-nc-nd/4.0/,https://archive.org/download/user064-user04821460007-agent-ep/%28USER064%29%2001.%20user04821460007%20-%20The%20Agent%20Girls_Agent%20EP.wav,395.1,user-records-netlabel,Techno; Acid; Hard Techno; Hardcore; USER Records; user04821460007
user064-user04821460007-agent-ep,user04821460007,Escape,2025,user-records-netlabel,https://creativecommons.org/licenses/by-nc-nd/4.0/,https://archive.org/download/user064-user04821460007-agent-ep/%28USER064%29%2002.%20user04821460007%20-%20Escape_Agent%20EP.wav,347.2,user-records-netlabel,Techno; Acid; Hard Techno; Hardcore; USER Records; user04821460007
user067-user02358844564l-asche-ep,user02358844564,Asche Zu Asche,2025,user-records-netlabel,https://creativecommons.org/licenses/by-nc-nd/4.0/,https://archive.org/download/user067-user02358844564l-asche-ep/%28USER067%29%2001.%20user02358844564%20-%20Asche%20zu%20Asche_Asche%20EP.wav,319.0,user-records-netlabel,Techno; Hard Techno; Acid; USER Records; user02358844564
user067-user02358844564l-asche-ep,user02358844564,The Agents Funeral,2025,user-records-netlabel,https://creativecommons.org/licenses/by-nc-nd/4.0/,https://archive.org/download/user067-user02358844564l-asche-ep/%28USER067%29%2002.%20user02358844564%20-%20The%20Agents%20Funeral_Asche%20EP.wav,345.9,user-records-netlabel,Techno; Hard Techno; Acid; USER Records; user02358844564
user040-user33886060077-boy-ep_202110,user33886060077,Country Boy,2021,user-records-netlabel,https://creativecommons.org/licenses/by-nc-nd/4.0/,https://archive.org/download/user040-user33886060077-boy-ep_202110/%28USER040%29%2001.%20user33886060077%20-%20Country%20Boy_Boy%20EP.wav,216.9,user-records-netlabel,Acid; Techno; Hard Techno; Experimental; Harsh Noise Wall; Noise; USER Records
user040-user33886060077-boy-ep_202110,user33886060077,Squirrel,2021,user-records-netlabel,https://creativecommons.org/licenses/by-nc-nd/4.0/,https://archive.org/download/user040-user33886060077-boy-ep_202110/%28USER040%29%2002.%20user33886060077%20-%20Squirrel_Boy%20EP.wav,373.5,user-records-netlabel,Acid; Techno; Hard Techno; Experimental; Harsh Noise Wall; Noise; USER Records
user063-user80254894876-newsline-ep,user80254894876,Newsline Of the Agent Death,2024,user-records-netlabel,https://creativecommons.org/licenses/by-nc-nd/4.0/,https://archive.org/download/user063-user80254894876-newsline-ep/%28USER063%29%2001.%20user80254894876%20-%20Newsline%20Of%20the%20Agent%20Death_Newsline%20EP.wav,425.3,user-records-netlabel,Techno; Acid; HArd Techno; user80254894876; USER Recordis
user063-user80254894876-newsline-ep,user80254894876,Sympathikus Stimmulation,2024,user-records-netlabel,https://creativecommons.org/licenses/by-nc-nd/4.0/,https://archive.org/download/user063-user80254894876-newsline-ep/%28USER063%29%2002.%20user80254894876%20-%20Sympathikus%20Stimmulation_Newsline%20EP.wav,367.2,user-records-netlabel,Techno; Acid; HArd Techno; user80254894876; USER Recordis
user076-user10254568580-spring-ep,user10254568580,Springbreak,2026,user-records-netlabel,https://creativecommons.org/licenses/by-nc-nd/4.0/,https://archive.org/download/user076-user10254568580-spring-ep/%28USER076%29%2001.%20user10254568580%20-%20Springbreak_Spring%20EP.wav,457.1,user-records-netlabel,Techno; Acid; Hard Techno; Minimal Techno; USER Records; user10254568580
user076-user10254568580-spring-ep,user10254568580,Sun Stroke,2026,user-records-netlabel,https://creativecommons.org/licenses/by-nc-nd/4.0/,https://archive.org/download/user076-user10254568580-spring-ep/%28USER076%29%2002.%20user10254568580%20-%20Sun%20Stroke_Spring%20EP.wav,441.0,user-records-netlabel,Techno; Acid; Hard Techno; Minimal Techno; USER Records; user10254568580
alwayshorneyep,Inquieto,inquieto - always horney (original mix),2024,hifidelity_potpourri,https://creativecommons.org/licenses/by-nc-nd/4.0/,https://archive.org/download/alwayshorneyep/01%20-%20Inquieto%20-%20Always%20Horney%20%28Original%20Mix%29.mp3,418.2,hifidelity_potpourri,techno; hardtechno; hardtecno; hardcore; rave; rave music; Hard Techno; Hard Trance; Techno; DJ Tool; Net Labels; NetLab
alwayshorneyep,Inquieto,inquieto - always horney (rotura xxl remix),2024,hifidelity_potpourri,https://creativecommons.org/licenses/by-nc-nd/4.0/,https://archive.org/download/alwayshorneyep/02%20-%20Inquieto%20-%20Always%20Horney%20%28ROTURA%20XXL%20Remix%29.mp3,349.9,hifidelity_potpourri,techno; hardtechno; hardtecno; hardcore; rave; rave music; Hard Techno; Hard Trance; Techno; DJ Tool; Net Labels; NetLab
alwayshorneyep,Inquieto,inquieto - always horney (kitanov remix),2024,hifidelity_potpourri,https://creativecommons.org/licenses/by-nc-nd/4.0/,https://archive.org/download/alwayshorneyep/03%20-%20Inquieto%20-%20Always%20Horney%20%28Kitanov%20Remix%29.mp3,361.3,hifidelity_potpourri,techno; hardtechno; hardtecno; hardcore; rave; rave music; Hard Techno; Hard Trance; Techno; DJ Tool; Net Labels; NetLab
alwayshorneyep,Inquieto,inquieto - always horny (4l1en remix),2024,hifidelity_potpourri,https://creativecommons.org/licenses/by-nc-nd/4.0/,https://archive.org/download/alwayshorneyep/04%20-%20Inquieto%20-%20Always%20Horny%20%284L1EN%20Remix%29.mp3,383.7,hifidelity_potpourri,techno; hardtechno; hardtecno; hardcore; rave; rave music; Hard Techno; Hard Trance; Techno; DJ Tool; Net Labels; NetLab
alwayshorneyep,Inquieto,inquieto - always horney (exploted remix),2024,hifidelity_potpourri,https://creativecommons.org/licenses/by-nc-nd/4.0/,https://archive.org/download/alwayshorneyep/05%20-%20Inquieto%20-%20Always%20Horney%20%28Exploted%20Remix%29.mp3,316.1,hifidelity_potpourri,techno; hardtechno; hardtecno; hardcore; rave; rave music; Hard Techno; Hard Trance; Techno; DJ Tool; Net Labels; NetLab
alwayshorneyep,Inquieto,inquieto - always horney (dressgo remix),2024,hifidelity_potpourri,https://creativecommons.org/licenses/by-nc-nd/4.0/,https://archive.org/download/alwayshorneyep/06%20-%20Inquieto%20-%20Always%20Horney%20%28DRESSGO%20Remix%29.mp3,323.6,hifidelity_potpourri,techno; hardtechno; hardtecno; hardcore; rave; rave music; Hard Techno; Hard Trance; Techno; DJ Tool; Net Labels; NetLab
BVR289,Inquieto,inquieto - reploide,2025,opensource_audio,https://creativecommons.org/licenses/by-nc-nd/4.0/,https://archive.org/download/BVR289/Inquieto%20-%20Reploide.flac,310.2,opensource_audio,Schranz; Schrnz; Hardtechno; Hard techno; Techno; Schranz Techno; Net Labels; Underground Techno
BVR289,Inquieto,inquieto - schranzcupuntura,2025,opensource_audio,https://creativecommons.org/licenses/by-nc-nd/4.0/,https://archive.org/download/BVR289/Inquieto%20-%20Schranzcupuntura.flac,287.0,opensource_audio,Schranz; Schrnz; Hardtechno; Hard techno; Techno; Schranz Techno; Net Labels; Underground Techno
BVR307,Inquieto,inquieto - baila milodon,2025,hifidelity_potpourri,https://creativecommons.org/licenses/by-nc-nd/4.0/,https://archive.org/download/BVR307/Inquieto%20-%20Baila%20Milodon.flac,324.0,hifidelity_potpourri,Schranz; Schrnz; Hardtechno; Hard techno; Techno; Schranz Techno; Schranz Remix; Net Labels
BVR307,Inquieto,inquieto - friends time,2025,hifidelity_potpourri,https://creativecommons.org/licenses/by-nc-nd/4.0/,https://archive.org/download/BVR307/Inquieto%20-%20Friends%20Time.flac,324.0,hifidelity_potpourri,Schranz; Schrnz; Hardtechno; Hard techno; Techno; Schranz Techno; Schranz Remix; Net Labels
BVR307,Inquieto,inquieto - lethal force,2025,hifidelity_potpourri,https://creativecommons.org/licenses/by-nc-nd/4.0/,https://archive.org/download/BVR307/Inquieto%20-%20Lethal%20Force.flac,324.0,hifidelity_potpourri,Schranz; Schrnz; Hardtechno; Hard techno; Techno; Schranz Techno; Schranz Remix; Net Labels
dasein_202507,Inquieto,inquieto - d̥ɑza͡ɪ̯n,2025,opensource_audio,https://creativecommons.org/licenses/by-nc-nd/4.0/,https://archive.org/download/dasein_202507/Inquieto%20-%20d%CC%A5%C9%91za%CD%A1%C9%AA%CC%AFn.mp3,263.1,opensource_audio,Hard Techno; Hard Trance; Hardtrance; Hardtechno; Techno; DJ Tool; Net Labels; NetLabels; Underground Techno; Techno Har
dasein_202507,Inquieto,inquieto - wlldstyle graffiti ,2025,opensource_audio,https://creativecommons.org/licenses/by-nc-nd/4.0/,https://archive.org/download/dasein_202507/Inquieto%20-%20WlldStyle%20Graffiti%20.mp3,249.0,opensource_audio,Hard Techno; Hard Trance; Hardtrance; Hardtechno; Techno; DJ Tool; Net Labels; NetLabels; Underground Techno; Techno Har
fressen004-combat-killer-kill-em-all-ep,Combat Killer,Untitled,2018,fresscode-records-netlabel,https://creativecommons.org/licenses/by-nc-nd/4.0/,https://archive.org/download/fressen004-combat-killer-kill-em-all-ep/%28Fressen004%29%2001.%20Combat%20Killer%20-%20Untitled_Kill%20Em%20All%20EP.wav,294.1,fresscode-records-netlabel,Techno; Hard Techno; Dark Techno; Acid Techno; Schranz; Combat Killer; Fresscode Records
fressen004-combat-killer-kill-em-all-ep,Combat Killer,Global Function,2018,fresscode-records-netlabel,https://creativecommons.org/licenses/by-nc-nd/4.0/,https://archive.org/download/fressen004-combat-killer-kill-em-all-ep/%28Fressen004%29%2002.%20Combat%20Killer%20-%20Global%20Function_Kill%20Em%20All%20EP.wav,332.1,fresscode-records-netlabel,Techno; Hard Techno; Dark Techno; Acid Techno; Schranz; Combat Killer; Fresscode Records
fressen004-combat-killer-kill-em-all-ep,Combat Killer,Kalibrator,2018,fresscode-records-netlabel,https://creativecommons.org/licenses/by-nc-nd/4.0/,https://archive.org/download/fressen004-combat-killer-kill-em-all-ep/%28Fressen004%29%2003.%20Combat%20Killer%20-%20Kalibrator_Kill%20Em%20All%20EP.wav,324.9,fresscode-records-netlabel,Techno; Hard Techno; Dark Techno; Acid Techno; Schranz; Combat Killer; Fresscode Records
sascha-muller-ssrextra63,Sascha Müller,Funktionales Karma Part 02,2018,hifidelity_potpourri,https://creativecommons.org/licenses/by-nc-nd/4.0/,https://archive.org/download/sascha-muller-ssrextra63/01.%20Sascha%20Muller%20-%20Funktionales%20Karma%20Part%2002.wav,226.0,hifidelity_potpourri,Techno; Acid; Hard Techno; Acid House; House; Minimal Techno; Sascha Müller
sascha-muller-ssrextra63,Sascha Müller,Hypnotised,2018,hifidelity_potpourri,https://creativecommons.org/licenses/by-nc-nd/4.0/,https://archive.org/download/sascha-muller-ssrextra63/02.%20Sascha%20Muller%20-%20Hypnotised.wav,459.3,hifidelity_potpourri,Techno; Acid; Hard Techno; Acid House; House; Minimal Techno; Sascha Müller
sascha-muller-ssrextra63,Sascha Müller,Funktionales Karma Part 03,2018,hifidelity_potpourri,https://creativecommons.org/licenses/by-nc-nd/4.0/,https://archive.org/download/sascha-muller-ssrextra63/03.%20Sascha%20Muller%20-%20Funktionales%20Karma%20Part%2003.wav,380.4,hifidelity_potpourri,Techno; Acid; Hard Techno; Acid House; House; Minimal Techno; Sascha Müller
sascha-muller-ssrextra63,Sascha Müller,Pure Analog Part 01,2018,hifidelity_potpourri,https://creativecommons.org/licenses/by-nc-nd/4.0/,https://archive.org/download/sascha-muller-ssrextra63/04.%20Sascha%20Muller%20-%20Pure%20Analog%20Part%2001.wav,327.5,hifidelity_potpourri,Techno; Acid; Hard Techno; Acid House; House; Minimal Techno; Sascha Müller
sascha-muller-ssrextra63,Sascha Müller,The Cube,2018,hifidelity_potpourri,https://creativecommons.org/licenses/by-nc-nd/4.0/,https://archive.org/download/sascha-muller-ssrextra63/05.%20Sascha%20Muller%20-%20The%20Cube.wav,351.6,hifidelity_potpourri,Techno; Acid; Hard Techno; Acid House; House; Minimal Techno; Sascha Müller
sascha-muller-ssrextra63,Sascha Müller,Zebrabeat I,2018,hifidelity_potpourri,https://creativecommons.org/licenses/by-nc-nd/4.0/,https://archive.org/download/sascha-muller-ssrextra63/06.%20Sascha%20Muller%20-%20Zebrabeat%20I.wav,328.1,hifidelity_potpourri,Techno; Acid; Hard Techno; Acid House; House; Minimal Techno; Sascha Müller
sascha-muller-ssrextra63,Sascha Müller,Abuse Your Illusion,2018,hifidelity_potpourri,https://creativecommons.org/licenses/by-nc-nd/4.0/,https://archive.org/download/sascha-muller-ssrextra63/07.%20Sascha%20Muller%20-%20Abuse%20Your%20Illusion.wav,375.7,hifidelity_potpourri,Techno; Acid; Hard Techno; Acid House; House; Minimal Techno; Sascha Müller
sascha-muller-ssrextra63,Sascha Müller,Burnin Up My AKS,2018,hifidelity_potpourri,https://creativecommons.org/licenses/by-nc-nd/4.0/,https://archive.org/download/sascha-muller-ssrextra63/08.%20Sascha%20Muller%20-%20Burnin%20Up%20My%20AKS.wav,283.1,hifidelity_potpourri,Techno; Acid; Hard Techno; Acid House; House; Minimal Techno; Sascha Müller
sascha-muller-ssrextra63,Sascha Müller,Funktionales Karma Part 04,2018,hifidelity_potpourri,https://creativecommons.org/licenses/by-nc-nd/4.0/,https://archive.org/download/sascha-muller-ssrextra63/09.%20Sascha%20Muller%20-%20Funktionales%20Karma%20Part%2004.wav,337.2,hifidelity_potpourri,Techno; Acid; Hard Techno; Acid House; House; Minimal Techno; Sascha Müller
sascha-muller-ssrextra63,Sascha Müller,Pure Analog Part 02,2018,hifidelity_potpourri,https://creativecommons.org/licenses/by-nc-nd/4.0/,https://archive.org/download/sascha-muller-ssrextra63/11.%20Sascha%20Muller%20-%20Pure%20Analog%20Part%2002.wav,333.6,hifidelity_potpourri,Techno; Acid; Hard Techno; Acid House; House; Minimal Techno; Sascha Müller
sascha-muller-ssrextra63,Sascha Müller,Zebrabeat II,2018,hifidelity_potpourri,https://creativecommons.org/licenses/by-nc-nd/4.0/,https://archive.org/download/sascha-muller-ssrextra63/12.%20Sascha%20Muller%20-%20Zebrabeat%20II.wav,314.7,hifidelity_potpourri,Techno; Acid; Hard Techno; Acid House; House; Minimal Techno; Sascha Müller
user022-user10005668945-da-police-ep,user10005668945,Da Police,2021,user-records-netlabel,https://creativecommons.org/licenses/by-nc-nd/4.0/,https://archive.org/download/user022-user10005668945-da-police-ep/%28USER022%29%2001.%20user10005668945%20-%20Da%20Police_Da%20Police%20EP.wav,383.6,user-records-netlabel,Rave; Techno; Belgium; Hard Techno USER Records
user022-user10005668945-da-police-ep,user10005668945,Untitled 11,2021,user-records-netlabel,https://creativecommons.org/licenses/by-nc-nd/4.0/,https://archive.org/download/user022-user10005668945-da-police-ep/%28USER022%29%2002.%20user10005668945%20-%20Untitled%2011_Da%20Police%20EP.wav,254.9,user-records-netlabel,Rave; Techno; Belgium; Hard Techno USER Records
user036-user33338859021-active-ep,user33338859021,Active,2021,user-records-netlabel,https://creativecommons.org/licenses/by-nc-nd/4.0/,https://archive.org/download/user036-user33338859021-active-ep/%28USER036%29%2001.%20user33338859021%20-%20Active_Active%20EP.wav,387.9,user-records-netlabel,Techno; Hard Techno; Dark Techno; USER Records
user057-user84564100548-klapp-ep,user84564100548,Klappbong,2024,user-records-netlabel,https://creativecommons.org/licenses/by-nc-nd/4.0/,https://archive.org/download/user057-user84564100548-klapp-ep/%28USER057%29%2001.%20user84564100548%20-%20Klappbong_Klapp%20EP.wav,395.0,user-records-netlabel,Techno; Aicd; Hard Techno; Minimal Techno; user84564100548; USER Records
user057-user84564100548-klapp-ep,user84564100548,Kirschblut,2024,user-records-netlabel,https://creativecommons.org/licenses/by-nc-nd/4.0/,https://archive.org/download/user057-user84564100548-klapp-ep/%28USER057%29%2002.%20user84564100548%20-%20Kirschblut_Klapp%20EP.wav,357.1,user-records-netlabel,Techno; Aicd; Hard Techno; Minimal Techno; user84564100548; USER Records
CRR017,Inquieto,inquieto - - salsa,2026,opensource_audio,https://creativecommons.org/licenses/by-nc-nd/4.0/,https://archive.org/download/CRR017/Inquieto%20-%20-%20Salsa.mp3,339.4,opensource_audio,Hard Techno; Techno Psy; TechnoPsy; Psy techno; Hard Techno Psy; Underground HardTechno; NetLabels
user012-user54466587890-voltmeter-ep,user54466587890,Untitled 1,2021,user-records-netlabel,https://creativecommons.org/licenses/by-nc-nd/4.0/,https://archive.org/download/user012-user54466587890-voltmeter-ep/%28USER012%29%2001.%20user54466587890%20-%20Untitled%201_Voltmeter%20EP.wav,288.1,user-records-netlabel,Acid; Techno; Hard Techno; USER Records
user012-user54466587890-voltmeter-ep,user54466587890,Voltmeter,2021,user-records-netlabel,https://creativecommons.org/licenses/by-nc-nd/4.0/,https://archive.org/download/user012-user54466587890-voltmeter-ep/%28USER012%29%2002.%20user54466587890%20-%20Voltmeter_Voltmeter%20EP.wav,509.4,user-records-netlabel,Acid; Techno; Hard Techno; USER Records
user028-user85694743322-compressor-ep,user85694743322,Kurdish Violin Compressor,2021,user-records-netlabel,https://creativecommons.org/licenses/by-nc-nd/4.0/,https://archive.org/download/user028-user85694743322-compressor-ep/%28USER028%29%2001.%20user85694743322%20-%20Kurdish%20Violin%20Compressor_Compressor%20EP.wav,328.4,user-records-netlabel,Acid; Hard Techno; Schranz; USER Records
user028-user85694743322-compressor-ep,user85694743322,Untitled 8,2021,user-records-netlabel,https://creativecommons.org/licenses/by-nc-nd/4.0/,https://archive.org/download/user028-user85694743322-compressor-ep/%28USER028%29%2002.%20user85694743322%20-%20Untitled%208_Compressor%20EP.wav,311.3,user-records-netlabel,Acid; Hard Techno; Schranz; USER Records
user045-user23564112514-kidz-ep,user23564112514,Untitled 5-1,2022,user-records-netlabel,https://creativecommons.org/licenses/by-nc-nd/4.0/,https://archive.org/download/user045-user23564112514-kidz-ep/%28USER045%29%2001.%20user23564112514%20-%20Untitled%205-1_Kidz%20EP.wav,374.0,user-records-netlabel,Acid; Acid Techno; Hard Acid Techno; Acidcore; Techno; Hard Techno; USER Recordings; USER; user23564112514
user045-user23564112514-kidz-ep,user23564112514,Untitled 6-1,2022,user-records-netlabel,https://creativecommons.org/licenses/by-nc-nd/4.0/,https://archive.org/download/user045-user23564112514-kidz-ep/%28USER045%29%2002.%20user23564112514%20-%20Untitled%206-1_Kidz%20EP.wav,316.7,user-records-netlabel,Acid; Acid Techno; Hard Acid Techno; Acidcore; Techno; Hard Techno; USER Recordings; USER; user23564112514
user046-user08200140031-extra-ep,user08200140031,Untitled 1-1,2023,user-records-netlabel,https://creativecommons.org/licenses/by-nc-nd/4.0/,https://archive.org/download/user046-user08200140031-extra-ep/%28USER046%29%2001.%20user08200140031%20-%20Untitled%201-1_Extra%20EP.wav,344.4,user-records-netlabel,Techno; Acid; House; Hard Techno; Acid House; Minimal Techno; USER Recordings; user08200140031
user046-user08200140031-extra-ep,user08200140031,Untitled 2-1,2023,user-records-netlabel,https://creativecommons.org/licenses/by-nc-nd/4.0/,https://archive.org/download/user046-user08200140031-extra-ep/%28USER046%29%2002.%20user08200140031%20-%20Untitled%202-1_Extra%20EP.wav,335.4,user-records-netlabel,Techno; Acid; House; Hard Techno; Acid House; Minimal Techno; USER Recordings; user08200140031
user049-user34567443478-problems-ep,user34567443478,Untitled 7-1,2023,user-records-netlabel,https://creativecommons.org/licenses/by-nc-nd/4.0/,https://archive.org/download/user049-user34567443478-problems-ep/%28USER049%29%2001.%20user34567443478%20-%20Untitled%207-1_Problems%20EP.wav,344.5,user-records-netlabel,user34567443478; Techno; Acid; Hard Techno; USER Recordings
user049-user34567443478-problems-ep,user34567443478,Untitled 12-1,2023,user-records-netlabel,https://creativecommons.org/licenses/by-nc-nd/4.0/,https://archive.org/download/user049-user34567443478-problems-ep/%28USER049%29%2002.%20user34567443478%20-%20Untitled%2012-1_Problems%20EP.wav,412.5,user-records-netlabel,user34567443478; Techno; Acid; Hard Techno; USER Recordings
user065-user11000044425-segment-ep,user11000044425,Segment Shuffler,2025,user-records-netlabel,https://creativecommons.org/licenses/by-nc-nd/4.0/,https://archive.org/download/user065-user11000044425-segment-ep/%28USER065%29%2001.%20user11000044425%20-%20Segment%20Shuffler_Segment%20EP.wav,339.3,user-records-netlabel,Techno; Acid; Hard Techno; USER Records; user11000044425
user065-user11000044425-segment-ep,user11000044425,Spandau,2025,user-records-netlabel,https://creativecommons.org/licenses/by-nc-nd/4.0/,https://archive.org/download/user065-user11000044425-segment-ep/%28USER065%29%2002.%20user11000044425%20-%20Spandau_Segment%20EP.wav,322.1,user-records-netlabel,Techno; Acid; Hard Techno; USER Records; user11000044425
user082-user72467634894-fear-ep,user72467634894,Fear,2026,user-records-netlabel,https://creativecommons.org/licenses/by-nc-nd/4.0/,https://archive.org/download/user082-user72467634894-fear-ep/%28USER082%29%2001.%20user72467634894%20-%20Fear_Fear%20EP.wav,343.4,user-records-netlabel,Techno; Acid; Acid Techno; Gad Acid; Hard Techno; USER Records; user72467634894
user082-user72467634894-fear-ep,user72467634894,606 + 303 = 901,2026,user-records-netlabel,https://creativecommons.org/licenses/by-nc-nd/4.0/,https://archive.org/download/user082-user72467634894-fear-ep/%28USER082%29%2002.%20user72467634894%20-%20606%20%2B%20303%20%3D%20901_Fear%20EP.wav,337.3,user-records-netlabel,Techno; Acid; Acid Techno; Gad Acid; Hard Techno; USER Records; user72467634894
user083-user55864367882-deep-ep,user55864367882,Deeper,2026,user-records-netlabel,https://creativecommons.org/licenses/by-nc-nd/4.0/,https://archive.org/download/user083-user55864367882-deep-ep/%28USER083%29%2001.%20user55864367882%20-%20Deeper_Deep%20EP.wav,362.8,user-records-netlabel,Techno; Trance; Hard Techno; Acid; Acid Trance; user55864367882; USER Records
user083-user55864367882-deep-ep,user55864367882,Darkness,2026,user-records-netlabel,https://creativecommons.org/licenses/by-nc-nd/4.0/,https://archive.org/download/user083-user55864367882-deep-ep/%28USER083%29%2002.%20user55864367882%20-%20Darkness_Deep%20EP.wav,571.2,user-records-netlabel,Techno; Trance; Hard Techno; Acid; Acid Trance; user55864367882; USER Records
user088-user54875487546-expander-ep,user54875487546,Expander,2026,user-records-netlabel,https://creativecommons.org/licenses/by-nc-nd/4.0/,https://archive.org/download/user088-user54875487546-expander-ep/%28USER088%29%2001.%20user54875487546%20-%20Expander_Expander%20EP.wav,499.6,user-records-netlabel,Techno; Acid; Acid Techno; HArd Techno; USER Records; user54875487546
user088-user54875487546-expander-ep,user54875487546,Lifelike,2026,user-records-netlabel,https://creativecommons.org/licenses/by-nc-nd/4.0/,https://archive.org/download/user088-user54875487546-expander-ep/%28USER088%29%2002.%20user54875487546%20-%20Lifelike_Expander%20EP.wav,307.9,user-records-netlabel,Techno; Acid; Acid Techno; HArd Techno; USER Records; user54875487546
ZAINQ018,Inquieto,inquieto - zafiro añejo (te corto la mano),2023,opensource_audio,https://creativecommons.org/licenses/by-nc-nd/4.0/,https://archive.org/download/ZAINQ018/01.%20Inquieto%20-%20Zafiro%20An%CC%83ejo%20%28Te%20Corto%20La%20Mano%29.flac,397.2,opensource_audio,Hard Techno; Hard Techno; Hardtechno; Techno; Acid; Acid Techno; Net Labels; Underground HardTechno
sascha-muller-ssrextra90,Sascha Müller,Planet Erde,2019,hifidelity_potpourri,https://creativecommons.org/licenses/by-nc-nd/4.0/,https://archive.org/download/sascha-muller-ssrextra90/01.%20Sascha%20Muller%20-%20Planet%20Erde.WAV,501.7,hifidelity_potpourri,Techno; Acid; Hard Techno; Acid House; House; Minimal Techno; Sascha Müller
sascha-muller-ssrextra90,Sascha Müller,Planet Wobble,2019,hifidelity_potpourri,https://creativecommons.org/licenses/by-nc-nd/4.0/,https://archive.org/download/sascha-muller-ssrextra90/02.%20Sascha%20Muller%20-%20Planet%20Wobble.wav,377.0,hifidelity_potpourri,Techno; Acid; Hard Techno; Acid House; House; Minimal Techno; Sascha Müller
sascha-muller-ssrextra90,Sascha Müller,Planets,2019,hifidelity_potpourri,https://creativecommons.org/licenses/by-nc-nd/4.0/,https://archive.org/download/sascha-muller-ssrextra90/03.%20Sascha%20Muller%20-%20Planets.wav,386.0,hifidelity_potpourri,Techno; Acid; Hard Techno; Acid House; House; Minimal Techno; Sascha Müller
sascha-muller-ssrextra90,Sascha Müller,Plasmids In Motion,2019,hifidelity_potpourri,https://creativecommons.org/licenses/by-nc-nd/4.0/,https://archive.org/download/sascha-muller-ssrextra90/04.%20Sascha%20Muller%20-%20Plasmids%20In%20Motion.wav,411.1,hifidelity_potpourri,Techno; Acid; Hard Techno; Acid House; House; Minimal Techno; Sascha Müller
sascha-muller-ssrextra90,Sascha Müller,Point Basic,2019,hifidelity_potpourri,https://creativecommons.org/licenses/by-nc-nd/4.0/,https://archive.org/download/sascha-muller-ssrextra90/05.%20Sascha%20Muller%20-%20Point%20Basic.WAV,417.1,hifidelity_potpourri,Techno; Acid; Hard Techno; Acid House; House; Minimal Techno; Sascha Müller
sascha-muller-ssrextra90,Sascha Müller,Pop Acid,2019,hifidelity_potpourri,https://creativecommons.org/licenses/by-nc-nd/4.0/,https://archive.org/download/sascha-muller-ssrextra90/06.%20Sascha%20Muller%20-%20Pop%20Acid.wav,283.2,hifidelity_potpourri,Techno; Acid; Hard Techno; Acid House; House; Minimal Techno; Sascha Müller
sascha-muller-ssrextra90,Sascha Müller,Preisfragen,2019,hifidelity_potpourri,https://creativecommons.org/licenses/by-nc-nd/4.0/,https://archive.org/download/sascha-muller-ssrextra90/07.%20Sascha%20Muller%20-%20Preisfragen.WAV,272.2,hifidelity_potpourri,Techno; Acid; Hard Techno; Acid House; House; Minimal Techno; Sascha Müller
sascha-muller-ssrextra90,Sascha Müller,Proton Dancer,2019,hifidelity_potpourri,https://creativecommons.org/licenses/by-nc-nd/4.0/,https://archive.org/download/sascha-muller-ssrextra90/08.%20Sascha%20Muller%20-%20Proton%20Dancer.wav,440.4,hifidelity_potpourri,Techno; Acid; Hard Techno; Acid House; House; Minimal Techno; Sascha Müller
sascha-muller-ssrextra90,Sascha Müller,Pulsarenergie,2019,hifidelity_potpourri,https://creativecommons.org/licenses/by-nc-nd/4.0/,https://archive.org/download/sascha-muller-ssrextra90/09.%20Sascha%20Muller%20-%20Pulsarenergie.wav,391.7,hifidelity_potpourri,Techno; Acid; Hard Techno; Acid House; House; Minimal Techno; Sascha Müller
sascha-muller-ssrextra90,Sascha Müller,Raumtanz,2019,hifidelity_potpourri,https://creativecommons.org/licenses/by-nc-nd/4.0/,https://archive.org/download/sascha-muller-ssrextra90/10.%20Sascha%20Muller%20-%20Raumtanz.WAV,395.8,hifidelity_potpourri,Techno; Acid; Hard Techno; Acid House; House; Minimal Techno; Sascha Müller
sascha-muller-ssrextra90,Sascha Müller,Rubber Forces From Planet Gum,2019,hifidelity_potpourri,https://creativecommons.org/licenses/by-nc-nd/4.0/,https://archive.org/download/sascha-muller-ssrextra90/11.%20Sascha%20Muller%20-%20Rubber%20Forces%20From%20Planet%20Gum.wav,570.0,hifidelity_potpourri,Techno; Acid; Hard Techno; Acid House; House; Minimal Techno; Sascha Müller
sascha-muller-ssrextra69,Sascha Müller,Towers Of Dub,2018,hifidelity_potpourri,https://creativecommons.org/licenses/by-nc-nd/4.0/,https://archive.org/download/sascha-muller-ssrextra69/02.%20Sascha%20Muller%20-%20Towers%20Of%20Dub.wav,257.5,hifidelity_potpourri,Techno; Acid; Hard Techno; Acid House; House; Minimal Techno; Sascha Müller
sascha-muller-ssrextra69,Sascha Müller,Plug 01,2018,hifidelity_potpourri,https://creativecommons.org/licenses/by-nc-nd/4.0/,https://archive.org/download/sascha-muller-ssrextra69/03.%20Sascha%20Muller%20-%20Plug%2001.wav,337.5,hifidelity_potpourri,Techno; Acid; Hard Techno; Acid House; House; Minimal Techno; Sascha Müller
sascha-muller-ssrextra69,Sascha Müller,Seaworld,2018,hifidelity_potpourri,https://creativecommons.org/licenses/by-nc-nd/4.0/,https://archive.org/download/sascha-muller-ssrextra69/05.%20Sascha%20Muller%20-%20Seaworld.wav,338.1,hifidelity_potpourri,Techno; Acid; Hard Techno; Acid House; House; Minimal Techno; Sascha Müller
sascha-muller-ssrextra69,Sascha Müller,Temple,2018,hifidelity_potpourri,https://creativecommons.org/licenses/by-nc-nd/4.0/,https://archive.org/download/sascha-muller-ssrextra69/06.%20Sascha%20Muller%20-%20Temple.wav,182.9,hifidelity_potpourri,Techno; Acid; Hard Techno; Acid House; House; Minimal Techno; Sascha Müller
user053-user88800903441-eisen-ep,user88800903441,Eisenbass,2023,user-records-netlabel,https://creativecommons.org/licenses/by-nc-nd/4.0/,https://archive.org/download/user053-user88800903441-eisen-ep/%28USER053%29%2001.%20user88800903441%20-%20Eisenbass_Eisen%20EP.wav,482.8,user-records-netlabel,Techno; Acid; HArd Techno; Tech-House; user88800903441; USER Recordings
user053-user88800903441-eisen-ep,user88800903441,Barada,2023,user-records-netlabel,https://creativecommons.org/licenses/by-nc-nd/4.0/,https://archive.org/download/user053-user88800903441-eisen-ep/%28USER053%29%2002.%20user88800903441%20-%20Barada_Eisen%20EP.wav,415.2,user-records-netlabel,Techno; Acid; HArd Techno; Tech-House; user88800903441; USER Recordings
p102-der-schwarze-adel-fuck-society-ep,Der schwarze Adel,Fuck Society,2023,psychocandies-netlabel,https://creativecommons.org/licenses/by-nc-nd/4.0/,https://archive.org/download/p102-der-schwarze-adel-fuck-society-ep/%28P102%29%2001.%20Der%20schwarze%20Adel%20-%20Fuck%20Society_Fuck%20Society%20EP.wav,466.9,psychocandies-netlabel,Techno; Acid; Hard Techno; Acid Techno; Der schwarze Adel; Dark Techno; Psychocandies
p102-der-schwarze-adel-fuck-society-ep,Der schwarze Adel,When The Truth Is Found To Be LIES,2023,psychocandies-netlabel,https://creativecommons.org/licenses/by-nc-nd/4.0/,https://archive.org/download/p102-der-schwarze-adel-fuck-society-ep/%28P102%29%2002.%20Der%20schwarze%20Adel%20-%20When%20The%20Truth%20Is%20Found%20To%20Be%20LIES_Fuck%20Society%20EP.wav,342.9,psychocandies-netlabel,Techno; Acid; Hard Techno; Acid Techno; Der schwarze Adel; Dark Techno; Psychocandies
p156-the-d3vi7-paint-it-acid-vol.-05,THE D3VI7,Paint It Acid (VIIII),2026,psychocandies-netlabel,https://creativecommons.org/licenses/by-nc-nd/4.0/,https://archive.org/download/p156-the-d3vi7-paint-it-acid-vol.-05/%28P156%29%2001.%20THE%20D3VI7%20-%20Paint%20It%20Acid%20%28VIIII%29_Paint%20It%20Acid%20Vol.%2005.wav,267.3,psychocandies-netlabel,Acid; Acid Techno; Hard Acid Techno; Hard Techno; Brekas; Breakbeat; Psychocandies; THE D3VI7
p156-the-d3vi7-paint-it-acid-vol.-05,THE D3VI7,Paint It Acid (X),2026,psychocandies-netlabel,https://creativecommons.org/licenses/by-nc-nd/4.0/,https://archive.org/download/p156-the-d3vi7-paint-it-acid-vol.-05/%28P156%29%2002.%20THE%20D3VI7%20-%20Paint%20It%20Acid%20%28X%29_Paint%20It%20Acid%20Vol.%2005.wav,187.0,psychocandies-netlabel,Acid; Acid Techno; Hard Acid Techno; Hard Techno; Brekas; Breakbeat; Psychocandies; THE D3VI7
dfs011-the-d3vi7-the-raven-traxx-vol-01,THE D3VI7,8 Miles High,2021,dancefloor-socialism-netlabel,https://creativecommons.org/licenses/by-nc-nd/4.0/,https://archive.org/download/dfs011-the-d3vi7-the-raven-traxx-vol-01/%28DFS%20011%29%2001.%20THE%20D3VI7%20-%208%20Miles%20High_The%20Raven%20Traxx%20Vol%2001.wav,387.9,dancefloor-socialism-netlabel,Techno; Acid; Hard Techno; THE D3VI7; Dancefloor Socialism
dfs011-the-d3vi7-the-raven-traxx-vol-01,THE D3VI7,Dimension,2021,dancefloor-socialism-netlabel,https://creativecommons.org/licenses/by-nc-nd/4.0/,https://archive.org/download/dfs011-the-d3vi7-the-raven-traxx-vol-01/%28DFS%20011%29%2002.%20THE%20D3VI7%20-%20Dimension_The%20Raven%20Traxx%20Vol%2001.wav,357.1,dancefloor-socialism-netlabel,Techno; Acid; Hard Techno; THE D3VI7; Dancefloor Socialism
dfs021-various-netlabel-day-2023-techno-warriors,Cement Tea,Kubizt,2023,dancefloor-socialism-netlabel,https://creativecommons.org/licenses/by-nc-nd/4.0/,https://archive.org/download/dfs021-various-netlabel-day-2023-techno-warriors/%28DFS021%29%2001.%20Cement%20Tea%20-%20Kubizt_Netlabel%20Day%202023%20Techno%20Warriors.wav,233.1,dancefloor-socialism-netlabel,Techno; Acid; Hard Techno; Minimal Techno; Chiptune; Detroit Techno; 8-Bit Music; Cement Tea; DJ Nightnoise; duality mic
dfs021-various-netlabel-day-2023-techno-warriors,DJ Nightnoise,Erace,2023,dancefloor-socialism-netlabel,https://creativecommons.org/licenses/by-nc-nd/4.0/,https://archive.org/download/dfs021-various-netlabel-day-2023-techno-warriors/%28DFS021%29%2002.%20DJ%20Nightnoise%20-%20Erace_Netlabel%20Day%202023%20Techno%20Warriors.wav,431.4,dancefloor-socialism-netlabel,Techno; Acid; Hard Techno; Minimal Techno; Chiptune; Detroit Techno; 8-Bit Music; Cement Tea; DJ Nightnoise; duality mic
dfs021-various-netlabel-day-2023-techno-warriors,duality micro,Sidewinder,2023,dancefloor-socialism-netlabel,https://creativecommons.org/licenses/by-nc-nd/4.0/,https://archive.org/download/dfs021-various-netlabel-day-2023-techno-warriors/%28DFS021%29%2003.%20duality%20micro%20-%20Sidewinder_Netlabel%20Day%202023%20Techno%20Warriors.wav,193.7,dancefloor-socialism-netlabel,Techno; Acid; Hard Techno; Minimal Techno; Chiptune; Detroit Techno; 8-Bit Music; Cement Tea; DJ Nightnoise; duality mic
dfs021-various-netlabel-day-2023-techno-warriors,eVADE,Noises (Edit),2023,dancefloor-socialism-netlabel,https://creativecommons.org/licenses/by-nc-nd/4.0/,https://archive.org/download/dfs021-various-netlabel-day-2023-techno-warriors/%28DFS021%29%2004.%20eVADE%20-%20Noises%20%28Edit%29_Netlabel%20Day%202023%20Techno%20Warriors.wav,271.4,dancefloor-socialism-netlabel,Techno; Acid; Hard Techno; Minimal Techno; Chiptune; Detroit Techno; 8-Bit Music; Cement Tea; DJ Nightnoise; duality mic
dfs021-various-netlabel-day-2023-techno-warriors,Sascha Müller,Bang The Beat,2023,dancefloor-socialism-netlabel,https://creativecommons.org/licenses/by-nc-nd/4.0/,https://archive.org/download/dfs021-various-netlabel-day-2023-techno-warriors/%28DFS021%29%2005.%20Sascha%20M%C3%BCller%20-%20Bang%20The%20Beat_Netlabel%20Day%202023%20Techno%20Warriors.wav,370.4,dancefloor-socialism-netlabel,Techno; Acid; Hard Techno; Minimal Techno; Chiptune; Detroit Techno; 8-Bit Music; Cement Tea; DJ Nightnoise; duality mic
dfs021-various-netlabel-day-2023-techno-warriors,THE D3VI7,Technological Crime,2023,dancefloor-socialism-netlabel,https://creativecommons.org/licenses/by-nc-nd/4.0/,https://archive.org/download/dfs021-various-netlabel-day-2023-techno-warriors/%28DFS021%29%2006.%20THE%20D3VI7%20-%20Technological%20Crime_Netlabel%20Day%202023%20Techno%20Warriors.wav,334.5,dancefloor-socialism-netlabel,Techno; Acid; Hard Techno; Minimal Techno; Chiptune; Detroit Techno; 8-Bit Music; Cement Tea; DJ Nightnoise; duality mic
PTR436,"Ayako Mori, Inquieto",ayako mori - - your will [inquieto remix],2025,opensource_audio,https://creativecommons.org/licenses/by-nc-nd/4.0/,https://archive.org/download/PTR436/Ayako%20Mori%20-%20-%20Your%20Will%20%5BInquieto%20Remix%5D.flac,442.1,opensource_audio,Hard Techno; Hard Techno; Hard Trance; Hardtrance; Remix; Techno Psy; Net Labels; Hard Techno Psy
fressen012-sol-1-free-fall-ep,Sol 1,The Truth,2022,fresscode-records-netlabel,https://creativecommons.org/licenses/by-nc-nd/4.0/,https://archive.org/download/fressen012-sol-1-free-fall-ep/%28Fressen012%29%2001.%20Sol%201%20-%20The%20Truth_Free%20Fall%20EP.wav,330.2,fresscode-records-netlabel,Techno; Acid; Acid Techno; Hard Techno; Hart Techno; Sol 1; Fresscode Records
fressen012-sol-1-free-fall-ep,Sol 1,Wild Thing,2022,fresscode-records-netlabel,https://creativecommons.org/licenses/by-nc-nd/4.0/,https://archive.org/download/fressen012-sol-1-free-fall-ep/%28Fressen012%29%2002.%20Sol%201%20-%20Wild%20Thing_Free%20Fall%20EP.wav,487.8,fresscode-records-netlabel,Techno; Acid; Acid Techno; Hard Techno; Hart Techno; Sol 1; Fresscode Records
fressen012-sol-1-free-fall-ep,Sol 1,Merkwürdige Sachen,2022,fresscode-records-netlabel,https://creativecommons.org/licenses/by-nc-nd/4.0/,https://archive.org/download/fressen012-sol-1-free-fall-ep/%28Fressen012%29%2003.%20Sol%201%20-%20Merkw%C3%BCrdige%20Sachen_Free%20Fall%20EP.wav,346.0,fresscode-records-netlabel,Techno; Acid; Acid Techno; Hard Techno; Hart Techno; Sol 1; Fresscode Records
user015-user22647388499-fever-ep,USER Records,(user015) 01. user22647388499 - welcome to the fever_fever ep,2021,user-records-netlabel,https://creativecommons.org/licenses/by-nc-nd/4.0/,https://archive.org/download/user015-user22647388499-fever-ep/%28USER015%29%2001.%20user22647388499%20-%20Welcome%20To%20The%20Fever_Fever%20EP.wav,336.2,user-records-netlabel,Techno; Acid; Hard Techno; USER Records
user015-user22647388499-fever-ep,USER Records,(user015) 02. user22647388499 - cornelius_fever ep,2021,user-records-netlabel,https://creativecommons.org/licenses/by-nc-nd/4.0/,https://archive.org/download/user015-user22647388499-fever-ep/%28USER015%29%2002.%20user22647388499%20-%20Cornelius_Fever%20EP.wav,464.7,user-records-netlabel,Techno; Acid; Hard Techno; USER Records
user029-user10000667856-africa-ep,user10000667856,The Heart Of Africa,2021,user-records-netlabel,https://creativecommons.org/licenses/by-nc-nd/4.0/,https://archive.org/download/user029-user10000667856-africa-ep/%28USER029%29%2001.%20user10000667856%20-%20The%20Heart%20Of%20Africa_Africa%20EP.wav,366.1,user-records-netlabel,Hard Techno; Schranz; Techno; Acid; USER Records
user029-user10000667856-africa-ep,user10000667856,Zapata QUA,2021,user-records-netlabel,https://creativecommons.org/licenses/by-nc-nd/4.0/,https://archive.org/download/user029-user10000667856-africa-ep/%28USER029%29%2002.%20user10000667856%20-%20Zapata%20QUA_Africa%20EP.wav,640.9,user-records-netlabel,Hard Techno; Schranz; Techno; Acid; USER Records
user087-user04374532748-hell-ep,user04374532748,Acid Hell,2026,user-records-netlabel,https://creativecommons.org/licenses/by-nc-nd/4.0/,https://archive.org/download/user087-user04374532748-hell-ep/%28USER087%29%2001.%20user04374532748%20-%20Acid%20Hell_Hell%20EP.wav,380.2,user-records-netlabel,Techno; Acid; HArd Techno; HArd Acid Techno; USER Records; user04374532748
user087-user04374532748-hell-ep,user04374532748,Untitled127,2026,user-records-netlabel,https://creativecommons.org/licenses/by-nc-nd/4.0/,https://archive.org/download/user087-user04374532748-hell-ep/%28USER087%29%2002.%20user04374532748%20-%20Untitled127_Hell%20EP.wav,356.1,user-records-netlabel,Techno; Acid; HArd Techno; HArd Acid Techno; USER Records; user04374532748
user033-user77856934351-game-ep,user77856934351,End Game,2021,user-records-netlabel,https://creativecommons.org/licenses/by-nc-nd/4.0/,https://archive.org/download/user033-user77856934351-game-ep/%28USER033%29%2001.%20user77856934351%20-%20End%20Game_Game%20EP.wav,542.8,user-records-netlabel,Acid; Techno; Dark Techno; Hard Techno; Dub Techno; Tech-House; USER Records
user033-user77856934351-game-ep,user77856934351,Alante,2021,user-records-netlabel,https://creativecommons.org/licenses/by-nc-nd/4.0/,https://archive.org/download/user033-user77856934351-game-ep/%28USER033%29%2002.%20user77856934351%20-%20Alante_Game%20EP.wav,657.5,user-records-netlabel,Acid; Techno; Dark Techno; Hard Techno; Dub Techno; Tech-House; USER Records
user062-user11375674564-reform-ep,user11375674564,Reformhaus,2025,user-records-netlabel,https://creativecommons.org/licenses/by-nc-nd/4.0/,https://archive.org/download/user062-user11375674564-reform-ep/%28USER062%29%2001.%20user11375674564%20-%20Reformhaus_Reform%20EP.wav,316.8,user-records-netlabel,Techno; Hard Techno; Acid; USER Records; user11375674564
user062-user11375674564-reform-ep,user11375674564,100 Acid Tracks 004,2025,user-records-netlabel,https://creativecommons.org/licenses/by-nc-nd/4.0/,https://archive.org/download/user062-user11375674564-reform-ep/%28USER062%29%2002.%20user11375674564%20-%20100%20Acid%20Tracks%20004_Reform%20EP.wav,303.9,user-records-netlabel,Techno; Hard Techno; Acid; USER Records; user11375674564
xdd007-x.d.d.-vol-07,X.D.D.,Secret Drop,2023,xdd-x-static-dance-departement-netlabel,https://creativecommons.org/licenses/by-nc-nd/4.0/,https://archive.org/download/xdd007-x.d.d.-vol-07/%28XDD007%29%2001.%20X.D.D.%20-%20Secret%20Drop_Vol07.wav,490.0,xdd-x-static-dance-departement-netlabel,Techno; Acid; Hard Techno; X.D.D.; X-static Dance Departement
xdd007-x.d.d.-vol-07,X.D.D.,Sub Zero,2023,xdd-x-static-dance-departement-netlabel,https://creativecommons.org/licenses/by-nc-nd/4.0/,https://archive.org/download/xdd007-x.d.d.-vol-07/%28XDD007%29%2002.%20X.D.D.%20-%20Sub%20Zero_Vol07.wav,353.6,xdd-x-static-dance-departement-netlabel,Techno; Acid; Hard Techno; X.D.D.; X-static Dance Departement
p081-afflicted-dr-who-ep,AFFLICTED,Dr. Who 1,2019,psychocandies-netlabel,https://creativecommons.org/licenses/by-nc-nd/4.0/,https://archive.org/download/p081-afflicted-dr-who-ep/%28P081%29%2001.%20AFFLICTED%20-%20Dr%20Who%201_Dr%20Who%20EP.wav,337.6,psychocandies-netlabel,Acid; Acid Techno; Hard Acid Techno; techno; Hard Techno; AFFLICTED; Psychocandies
p081-afflicted-dr-who-ep,AFFLICTED,Dr. Who 2,2019,psychocandies-netlabel,https://creativecommons.org/licenses/by-nc-nd/4.0/,https://archive.org/download/p081-afflicted-dr-who-ep/%28P081%29%2002.%20AFFLICTED%20-%20Dr%20Who%202_Dr%20Who%20EP.wav,293.6,psychocandies-netlabel,Acid; Acid Techno; Hard Acid Techno; techno; Hard Techno; AFFLICTED; Psychocandies
p081-afflicted-dr-who-ep,AFFLICTED,Dr. Who 3,2019,psychocandies-netlabel,https://creativecommons.org/licenses/by-nc-nd/4.0/,https://archive.org/download/p081-afflicted-dr-who-ep/%28P081%29%2003.%20AFFLICTED%20-%20Dr%20Who%203_Dr%20Who%20EP.wav,307.6,psychocandies-netlabel,Acid; Acid Techno; Hard Acid Techno; techno; Hard Techno; AFFLICTED; Psychocandies
p085-ru-dead-42-one-1-three-3-ep,RU DEAD 42,Untitled 1-1,2020,psychocandies-netlabel,https://creativecommons.org/licenses/by-nc-nd/4.0/,https://archive.org/download/p085-ru-dead-42-one-1-three-3-ep/%28P085%29%2001.%20RU%20DEAD%2042%20-%20Untitled%201-1_One%201%20Three%203%20EP.mp3,344.4,psychocandies-netlabel,Acid; Acid Techno; Hard Acid Techno; Hard Techno; Acid House; RU DEAD 42; Psychocandies
p085-ru-dead-42-one-1-three-3-ep,RU DEAD 42,Untitled 2-1,2020,psychocandies-netlabel,https://creativecommons.org/licenses/by-nc-nd/4.0/,https://archive.org/download/p085-ru-dead-42-one-1-three-3-ep/%28P085%29%2002.%20RU%20DEAD%2042%20-%20Untitled%202-1_One%201%20Three%203%20EP.mp3,335.4,psychocandies-netlabel,Acid; Acid Techno; Hard Acid Techno; Hard Techno; Acid House; RU DEAD 42; Psychocandies
p085-ru-dead-42-one-1-three-3-ep,RU DEAD 42,Untitled 3-1,2020,psychocandies-netlabel,https://creativecommons.org/licenses/by-nc-nd/4.0/,https://archive.org/download/p085-ru-dead-42-one-1-three-3-ep/%28P085%29%2003.%20RU%20DEAD%2042%20-%20Untitled%203-1_One%201%20Three%203%20EP.mp3,356.3,psychocandies-netlabel,Acid; Acid Techno; Hard Acid Techno; Hard Techno; Acid House; RU DEAD 42; Psychocandies
p085-ru-dead-42-one-1-three-3-ep,RU DEAD 42,Untitled 9-1,2020,psychocandies-netlabel,https://creativecommons.org/licenses/by-nc-nd/4.0/,https://archive.org/download/p085-ru-dead-42-one-1-three-3-ep/%28P085%29%2004.%20RU%20DEAD%2042%20-%20Untitled%209-1_One%201%20Three%203%20EP.wav,246.4,psychocandies-netlabel,Acid; Acid Techno; Hard Acid Techno; Hard Techno; Acid House; RU DEAD 42; Psychocandies
p087-bellkatze-bellkatze-ep,BELLKATZE,Kölnisch Wasser,2020,psychocandies-netlabel,https://creativecommons.org/licenses/by-nc-nd/4.0/,https://archive.org/download/p087-bellkatze-bellkatze-ep/%28P087%29%2001.%20BELLKATZE%20-%20K%C3%B6lnisch%20Wasser_Bellkatze%20EP.wav,385.7,psychocandies-netlabel,Acid; Techno; Acid Techno; Acid House; Hard Acid Techno; Hard Techno; BELLKATZE; Psychocandies
p087-bellkatze-bellkatze-ep,BELLKATZE,Lightweight Memphis,2020,psychocandies-netlabel,https://creativecommons.org/licenses/by-nc-nd/4.0/,https://archive.org/download/p087-bellkatze-bellkatze-ep/%28P087%29%2002.%20BELLKATZE%20-%20Lightweight%20Memphis_Bellkatze%20EP.wav,359.9,psychocandies-netlabel,Acid; Techno; Acid Techno; Acid House; Hard Acid Techno; Hard Techno; BELLKATZE; Psychocandies
p087-bellkatze-bellkatze-ep,BELLKATZE,Modern War,2020,psychocandies-netlabel,https://creativecommons.org/licenses/by-nc-nd/4.0/,https://archive.org/download/p087-bellkatze-bellkatze-ep/%28P087%29%2003.%20BELLKATZE%20-%20Modern%20War_Bellkatze%20EP.wav,384.9,psychocandies-netlabel,Acid; Techno; Acid Techno; Acid House; Hard Acid Techno; Hard Techno; BELLKATZE; Psychocandies
p087-bellkatze-bellkatze-ep,BELLKATZE,Sky High,2020,psychocandies-netlabel,https://creativecommons.org/licenses/by-nc-nd/4.0/,https://archive.org/download/p087-bellkatze-bellkatze-ep/%28P087%29%2004.%20BELLKATZE%20-%20Sky%20High_Bellkatze%20EP.wav,376.0,psychocandies-netlabel,Acid; Techno; Acid Techno; Acid House; Hard Acid Techno; Hard Techno; BELLKATZE; Psychocandies
p076-el-atalaya-respect-my-ability-ep,El Atalaya,Respect My Ability (Original Mix),2019,psychocandies-netlabel,https://creativecommons.org/licenses/by-nc-nd/4.0/,https://archive.org/download/p076-el-atalaya-respect-my-ability-ep/%28P076%29%2001.%20El%20Atalaya%20-%20Respect%20My%20Ability%20%28Original%20Mix%29_Respect%20My%20Ability%20EP.wav,367.0,psychocandies-netlabel,Acid; Acid Techno; techno; Hard Techno; Hard Acid Techno; El Atalaya; Sascha Müller; Psychocandies
p076-el-atalaya-respect-my-ability-ep,El Atalaya,Respect My Ability (Version 2 Mix),2019,psychocandies-netlabel,https://creativecommons.org/licenses/by-nc-nd/4.0/,https://archive.org/download/p076-el-atalaya-respect-my-ability-ep/%28P076%29%2002.%20El%20Atalaya%20-%20Respect%20My%20Ability%20%28Version%202%20Mix%29_Respect%20My%20Ability%20EP.wav,367.1,psychocandies-netlabel,Acid; Acid Techno; techno; Hard Techno; Hard Acid Techno; El Atalaya; Sascha Müller; Psychocandies
p076-el-atalaya-respect-my-ability-ep,"El Atalaya, Sascha Müller",Respect My Ability (Sascha Müller Hard Acid Remix),2019,psychocandies-netlabel,https://creativecommons.org/licenses/by-nc-nd/4.0/,https://archive.org/download/p076-el-atalaya-respect-my-ability-ep/%28P076%29%2003.%20El%20Atalaya%20-%20Respect%20My%20Ability%20%28Sascha%20M%C3%BCller%20Hard%20Acid%20Remix%29_Respect%20My%20Ability%20EP.wav,473.6,psychocandies-netlabel,Acid; Acid Techno; techno; Hard Techno; Hard Acid Techno; El Atalaya; Sascha Müller; Psychocandies
p118-3cloneb-rpg-ep,3cloneB,RPG,2024,psychocandies-netlabel,https://creativecommons.org/licenses/by-nc-nd/4.0/,https://archive.org/download/p118-3cloneb-rpg-ep/%28P118%29%2001.%203cloneB%20-%20RPG_RPG%20EP.wav,310.9,psychocandies-netlabel,Techno; Hard Techno; Acid; Acid Techno; 3cloneB; Psychocandies
p118-3cloneb-rpg-ep,3cloneB,Chicks,2024,psychocandies-netlabel,https://creativecommons.org/licenses/by-nc-nd/4.0/,https://archive.org/download/p118-3cloneb-rpg-ep/%28P118%29%2002.%203cloneB%20-%20Chicks_RPG%20EP.wav,331.9,psychocandies-netlabel,Techno; Hard Techno; Acid; Acid Techno; 3cloneB; Psychocandies
xdd001-x.d.d.-cuba-vol-01,X.D.D.,Dark Elements,2022,xdd-x-static-dance-departement-netlabel,https://creativecommons.org/licenses/by-nc-nd/4.0/,https://archive.org/download/xdd001-x.d.d.-cuba-vol-01/%28XDD001%29%2001.%20X.D.D.%20-%20Dark%20Elements_Vol01.wav,255.7,xdd-x-static-dance-departement-netlabel,Techno; Acid; Hard Techno; Acid Techno; Dance; Departement; XDD
xdd001-x.d.d.-cuba-vol-01,X.D.D.,Cuba Connection,2022,xdd-x-static-dance-departement-netlabel,https://creativecommons.org/licenses/by-nc-nd/4.0/,https://archive.org/download/xdd001-x.d.d.-cuba-vol-01/%28XDD001%29%2002.%20X.D.D.%20-%20Cuba%20Connection_Vol01.wav,474.6,xdd-x-static-dance-departement-netlabel,Techno; Acid; Hard Techno; Acid Techno; Dance; Departement; XDD
cuts004-sascha-muller-cryptocons,Sascha Müller,Cryptocons,2024,proper-cuts-recordings,https://creativecommons.org/licenses/by-nc-nd/4.0/,https://archive.org/download/cuts004-sascha-muller-cryptocons/%28cuts004%29%2001.%20Sascha%20M%C3%BCller%20-%20Cryptocons.wav,359.2,proper-cuts-recordings,Hardgroove; Techno; Hard Techno; Sascha Müller; Vinyl; 10INCH; proper cuts recordings
valdok-melodic-waves-inquieto-remix,Inquieto,valdok - melodic waves [inquieto remix],2025,opensource_audio,https://creativecommons.org/licenses/by-nc-nd/4.0/,https://archive.org/download/valdok-melodic-waves-inquieto-remix/Valdok%20-%20Melodic%20Waves%20%5BInquieto%20Remix%5D.mp3,274.8,opensource_audio,techno; tecno; acid techno; acid; Hard Techno; Hardtechno; Net Labels; DJ Tool; NetLabels; Underground HardTechno; Melod
vislumbres-tinnitus,Vislumbres,ne,2025,opensource_audio,https://creativecommons.org/licenses/by/4.0/,https://archive.org/download/vislumbres-tinnitus/01.%20Ne.wav,157.1,opensource_audio,música; music; electrónica; electronic; dnb; drum and bass; jungle; hardstep; hard techno; braindance; idm; Chile
vislumbres-tinnitus,Vislumbres,persc,2025,opensource_audio,https://creativecommons.org/licenses/by/4.0/,https://archive.org/download/vislumbres-tinnitus/02.%20Persc.wav,315.6,opensource_audio,música; music; electrónica; electronic; dnb; drum and bass; jungle; hardstep; hard techno; braindance; idm; Chile
vislumbres-tinnitus,Vislumbres,composición,2025,opensource_audio,https://creativecommons.org/licenses/by/4.0/,https://archive.org/download/vislumbres-tinnitus/03.%20Composici%C3%B3n.wav,211.5,opensource_audio,música; music; electrónica; electronic; dnb; drum and bass; jungle; hardstep; hard techno; braindance; idm; Chile
user055-user45682211145-maschine-ep,user45682211145,Maschine,2023,user-records-netlabel,https://creativecommons.org/licenses/by-nc-nd/4.0/,https://archive.org/download/user055-user45682211145-maschine-ep/%28USER055%29%2001.%20user45682211145%20-%20Maschine_Maschine%20EP.wav,382.9,user-records-netlabel,Acid; Acid Techno; Hard Techno; Schranz; user45682211145; USER Records
user055-user45682211145-maschine-ep,user45682211145,Untitled 11-1,2023,user-records-netlabel,https://creativecommons.org/licenses/by-nc-nd/4.0/,https://archive.org/download/user055-user45682211145-maschine-ep/%28USER055%29%2002.%20user45682211145%20-%20Untitled%2011-1_Maschine%20EP.wav,330.5,user-records-netlabel,Acid; Acid Techno; Hard Techno; Schranz; user45682211145; USER Records
user092-user55454557544-blinder-ep,user55454557544,Shady Blinder,2026,user-records-netlabel,https://creativecommons.org/licenses/by-nc-nd/4.0/,https://archive.org/download/user092-user55454557544-blinder-ep/%28USER092%29%2001.%20user55454557544%20-%20Shady%20Blinder_Blinder%20EP.wav,406.1,user-records-netlabel,Techno; Acid; Acid Techno; Minimal Techno; Hard Techno; user55454557544; USER Records
user092-user55454557544-blinder-ep,user55454557544,Rolling KNARZ,2026,user-records-netlabel,https://creativecommons.org/licenses/by-nc-nd/4.0/,https://archive.org/download/user092-user55454557544-blinder-ep/%28USER092%29%2002.%20user55454557544%20-%20Rolling%20KNARZ_Blinder%20EP.wav,343.8,user-records-netlabel,Techno; Acid; Acid Techno; Minimal Techno; Hard Techno; user55454557544; USER Records
sascha-muller-ssrextra95,Sascha Müller,Track 07,2019,hifidelity_potpourri,https://creativecommons.org/licenses/by-nc-nd/4.0/,https://archive.org/download/sascha-muller-ssrextra95/01.%20Sascha%20Muller%20-%20Track%2007.wav,179.8,hifidelity_potpourri,Techno; Acid; Hard Techno; Acid House; House; Minimal Techno; Sascha Müller
sascha-muller-ssrextra95,Sascha Müller,Track 09,2019,hifidelity_potpourri,https://creativecommons.org/licenses/by-nc-nd/4.0/,https://archive.org/download/sascha-muller-ssrextra95/03.%20Sascha%20Muller%20-%20Track%2009.wav,156.9,hifidelity_potpourri,Techno; Acid; Hard Techno; Acid House; House; Minimal Techno; Sascha Müller
sascha-muller-ssrextra95,Sascha Müller,Track 10,2019,hifidelity_potpourri,https://creativecommons.org/licenses/by-nc-nd/4.0/,https://archive.org/download/sascha-muller-ssrextra95/04.%20Sascha%20Muller%20-%20Track%2010.wav,187.9,hifidelity_potpourri,Techno; Acid; Hard Techno; Acid House; House; Minimal Techno; Sascha Müller
sascha-muller-ssrextra95,Sascha Müller,Track 11,2019,hifidelity_potpourri,https://creativecommons.org/licenses/by-nc-nd/4.0/,https://archive.org/download/sascha-muller-ssrextra95/05.%20Sascha%20Muller%20-%20Track%2011.wav,161.7,hifidelity_potpourri,Techno; Acid; Hard Techno; Acid House; House; Minimal Techno; Sascha Müller
sascha-muller-ssrextra95,Sascha Müller,Track 12,2019,hifidelity_potpourri,https://creativecommons.org/licenses/by-nc-nd/4.0/,https://archive.org/download/sascha-muller-ssrextra95/06.%20Sascha%20Muller%20-%20Track%2012.wav,211.1,hifidelity_potpourri,Techno; Acid; Hard Techno; Acid House; House; Minimal Techno; Sascha Müller
sascha-muller-ssrextra95,Sascha Müller,Track 14,2019,hifidelity_potpourri,https://creativecommons.org/licenses/by-nc-nd/4.0/,https://archive.org/download/sascha-muller-ssrextra95/08.%20Sascha%20Muller%20-%20Track%2014.wav,169.1,hifidelity_potpourri,Techno; Acid; Hard Techno; Acid House; House; Minimal Techno; Sascha Müller
sascha-muller-ssrextra95,Sascha Müller,Track 16,2019,hifidelity_potpourri,https://creativecommons.org/licenses/by-nc-nd/4.0/,https://archive.org/download/sascha-muller-ssrextra95/10.%20Sascha%20Muller%20-%20Track%2016.wav,180.4,hifidelity_potpourri,Techno; Acid; Hard Techno; Acid House; House; Minimal Techno; Sascha Müller
sascha-muller-ssrextra95,Sascha Müller,Track 19,2019,hifidelity_potpourri,https://creativecommons.org/licenses/by-nc-nd/4.0/,https://archive.org/download/sascha-muller-ssrextra95/13.%20Sascha%20Muller%20-%20Track%2019.wav,154.9,hifidelity_potpourri,Techno; Acid; Hard Techno; Acid House; House; Minimal Techno; Sascha Müller
sascha-muller-ssrextra95,Sascha Müller,Wheres My Computer,2019,hifidelity_potpourri,https://creativecommons.org/licenses/by-nc-nd/4.0/,https://archive.org/download/sascha-muller-ssrextra95/14.%20Sascha%20Muller%20-%20Wheres%20My%20Computer.wav,382.1,hifidelity_potpourri,Techno; Acid; Hard Techno; Acid House; House; Minimal Techno; Sascha Müller
sascha-muller-ssrextra95,Sascha Müller,Zeigerbouncer,2019,hifidelity_potpourri,https://creativecommons.org/licenses/by-nc-nd/4.0/,https://archive.org/download/sascha-muller-ssrextra95/15.%20Sascha%20Muller%20-%20Zeigerbouncer.WAV,299.7,hifidelity_potpourri,Techno; Acid; Hard Techno; Acid House; House; Minimal Techno; Sascha Müller
sascha-muller-ssrextra95,Sascha Müller,Zeit Und Raum (30303 Mix),2019,hifidelity_potpourri,https://creativecommons.org/licenses/by-nc-nd/4.0/,https://archive.org/download/sascha-muller-ssrextra95/16.%20Sascha%20Muller%20-%20Zeit%20Und%20Raum%20%2830303%20Mix%29.wav,483.6,hifidelity_potpourri,Techno; Acid; Hard Techno; Acid House; House; Minimal Techno; Sascha Müller
sascha-muller-ssrextra95,Sascha Müller,Zeit Und Raum (Please Trance Me Mix),2019,hifidelity_potpourri,https://creativecommons.org/licenses/by-nc-nd/4.0/,https://archive.org/download/sascha-muller-ssrextra95/17.%20Sascha%20Muller%20-%20Zeit%20Und%20Raum%20%28Please%20Trance%20Me%20Mix%29.wav,482.6,hifidelity_potpourri,Techno; Acid; Hard Techno; Acid House; House; Minimal Techno; Sascha Müller
sascha-muller-ssrextra95,Sascha Müller,Zeitschaltuhr,2019,hifidelity_potpourri,https://creativecommons.org/licenses/by-nc-nd/4.0/,https://archive.org/download/sascha-muller-ssrextra95/18.%20Sascha%20Muller%20-%20Zeitschaltuhr.wav,314.5,hifidelity_potpourri,Techno; Acid; Hard Techno; Acid House; House; Minimal Techno; Sascha Müller
sascha-muller-ssrextra95,Sascha Müller,Zwergenweitwurfsimulator,2019,hifidelity_potpourri,https://creativecommons.org/licenses/by-nc-nd/4.0/,https://archive.org/download/sascha-muller-ssrextra95/19.%20Sascha%20Muller%20-%20Zwergenweitwurfsimulator.wav,465.5,hifidelity_potpourri,Techno; Acid; Hard Techno; Acid House; House; Minimal Techno; Sascha Müller
p110-p.b.r.-blunt-ep,P.B.R.,Death Row,2024,psychocandies-netlabel,https://creativecommons.org/licenses/by-nc-nd/4.0/,https://archive.org/download/p110-p.b.r.-blunt-ep/%28P110%29%2001.%20P.B.R.%20-%20Death%20Row_%20Blunt%20EP.wav,296.1,psychocandies-netlabel,Techno; Hard Techno; Acid; Psychocandies; P.B.R.
p110-p.b.r.-blunt-ep,P.B.R.,Dynamic Range,2024,psychocandies-netlabel,https://creativecommons.org/licenses/by-nc-nd/4.0/,https://archive.org/download/p110-p.b.r.-blunt-ep/%28P110%29%2002.%20P.B.R.%20-%20Dynamic%20Range_Blunt%20EP.wav,335.9,psychocandies-netlabel,Techno; Hard Techno; Acid; Psychocandies; P.B.R.
CRTX002,Inquieto,inquieto - when i was a monkey,2025,opensource_audio,https://creativecommons.org/licenses/by-nc-nd/4.0/,https://archive.org/download/CRTX002/Inquieto%20-%20When%20i%20was%20a%20monkey.flac,304.0,opensource_audio,Schranz; Schrnz; Hardtechno; Hard techno; Techno; Schranz Techno; Net Labels; Underground Techno
dfs032-mr.-jason-the-source-code-ep,Mr. Jason,The Source Code,2025,dancefloor-socialism-netlabel,https://creativecommons.org/licenses/by-nc-nd/4.0/,https://archive.org/download/dfs032-mr.-jason-the-source-code-ep/%28DFS032%29%2001.%20Mr.%20Jason%20-%20The%20Source%20Code_The%20Source%20Code%20EP.wav,344.6,dancefloor-socialism-netlabel,Techno; Acid; Hard Techno; Mr. Jason; DANCEFLOOR SOCIALISM
dfs032-mr.-jason-the-source-code-ep,Mr. Jason,Mentalin,2025,dancefloor-socialism-netlabel,https://creativecommons.org/licenses/by-nc-nd/4.0/,https://archive.org/download/dfs032-mr.-jason-the-source-code-ep/%28DFS032%29%2002.%20Mr.%20Jason%20-%20Mentalin_The%20Source%20Code%20EP.wav,332.6,dancefloor-socialism-netlabel,Techno; Acid; Hard Techno; Mr. Jason; DANCEFLOOR SOCIALISM
p154-the-d3vi7-paint-it-acid-vol.-03,THE D3VI7,Paint It Acid (V),2026,psychocandies-netlabel,https://creativecommons.org/licenses/by-nc-nd/4.0/,https://archive.org/download/p154-the-d3vi7-paint-it-acid-vol.-03/%28P154%29%2001.%20THE%20D3VI7%20-%20Paint%20It%20Acid%20%28V%29_Paint%20It%20Acid%20Vol.%2003.wav,289.5,psychocandies-netlabel,Acid; Acid Techno; Hard Techno; Acid Techno; Psychocandies; THE D3VI7
p154-the-d3vi7-paint-it-acid-vol.-03,THE D3VI7,Paint It Acid (VI),2026,psychocandies-netlabel,https://creativecommons.org/licenses/by-nc-nd/4.0/,https://archive.org/download/p154-the-d3vi7-paint-it-acid-vol.-03/%28P154%29%2002.%20THE%20D3VI7%20-%20Paint%20It%20Acid%20%28VI%29_Paint%20It%20Acid%20Vol.%2003.wav,263.6,psychocandies-netlabel,Acid; Acid Techno; Hard Techno; Acid Techno; Psychocandies; THE D3VI7
INQMC26,Inquieto,inquieto - los ritmos extraños ,2026,hifidelity_potpourri,https://creativecommons.org/licenses/by-nc-nd/4.0/,https://archive.org/download/INQMC26/01%20-%20Inquieto%20-%20Los%20Ritmos%20Extran%CC%83os%20.mp3,352.8,hifidelity_potpourri,schranz; schranz; techno; hardtechno; inquieto; EP; exclusive; sampling; Schranz; Schrnz; Hard techno; Schranz Techno; S
INQMC26,Inquieto,inquieto - a veces asustan,2026,hifidelity_potpourri,https://creativecommons.org/licenses/by-nc-nd/4.0/,https://archive.org/download/INQMC26/02%20-%20Inquieto%20-%20A%20veces%20Asustan.mp3,335.8,hifidelity_potpourri,schranz; schranz; techno; hardtechno; inquieto; EP; exclusive; sampling; Schranz; Schrnz; Hard techno; Schranz Techno; S
INQMC26,Inquieto,inquieto - coincido a los años ,2026,hifidelity_potpourri,https://creativecommons.org/licenses/by-nc-nd/4.0/,https://archive.org/download/INQMC26/03%20-%20Inquieto%20-%20Coincido%20a%20los%20an%CC%83os%20.mp3,335.8,hifidelity_potpourri,schranz; schranz; techno; hardtechno; inquieto; EP; exclusive; sampling; Schranz; Schrnz; Hard techno; Schranz Techno; S
INQMC26,Inquieto,inquieto - oasis se busca ,2026,hifidelity_potpourri,https://creativecommons.org/licenses/by-nc-nd/4.0/,https://archive.org/download/INQMC26/04%20-%20Inquieto%20-%20Oasis%20Se%20Busca%20.mp3,359.8,hifidelity_potpourri,schranz; schranz; techno; hardtechno; inquieto; EP; exclusive; sampling; Schranz; Schrnz; Hard techno; Schranz Techno; S
INQMC26,Inquieto,inquieto - mi mente la estrujo,2026,hifidelity_potpourri,https://creativecommons.org/licenses/by-nc-nd/4.0/,https://archive.org/download/INQMC26/05%20-%20Inquieto%20-%20Mi%20mente%20la%20estrujo.mp3,358.1,hifidelity_potpourri,schranz; schranz; techno; hardtechno; inquieto; EP; exclusive; sampling; Schranz; Schrnz; Hard techno; Schranz Techno; S
INQMC26,Inquieto,inquieto - por hacer lo que creo,2026,hifidelity_potpourri,https://creativecommons.org/licenses/by-nc-nd/4.0/,https://archive.org/download/INQMC26/06%20-%20Inquieto%20-%20Por%20hacer%20lo%20que%20creo.mp3,309.5,hifidelity_potpourri,schranz; schranz; techno; hardtechno; inquieto; EP; exclusive; sampling; Schranz; Schrnz; Hard techno; Schranz Techno; S
INQMC26,Inquieto,inquieto - la pocion del brujo,2026,hifidelity_potpourri,https://creativecommons.org/licenses/by-nc-nd/4.0/,https://archive.org/download/INQMC26/07%20-%20Inquieto%20-%20La%20Pocion%20Del%20Brujo.mp3,363.2,hifidelity_potpourri,schranz; schranz; techno; hardtechno; inquieto; EP; exclusive; sampling; Schranz; Schrnz; Hard techno; Schranz Techno; S
INQMC26,Inquieto,inquieto - es la solucion del deseo,2026,hifidelity_potpourri,https://creativecommons.org/licenses/by-nc-nd/4.0/,https://archive.org/download/INQMC26/08%20-%20Inquieto%20-%20Es%20La%20Solucion%20Del%20Deseo.mp3,332.8,hifidelity_potpourri,schranz; schranz; techno; hardtechno; inquieto; EP; exclusive; sampling; Schranz; Schrnz; Hard techno; Schranz Techno; S
INQMC26,Inquieto,inquieto - junto elementos,2026,hifidelity_potpourri,https://creativecommons.org/licenses/by-nc-nd/4.0/,https://archive.org/download/INQMC26/09%20-%20Inquieto%20-%20Junto%20Elementos.mp3,335.8,hifidelity_potpourri,schranz; schranz; techno; hardtechno; inquieto; EP; exclusive; sampling; Schranz; Schrnz; Hard techno; Schranz Techno; S
INQMC26,Inquieto,inquieto - indago en los textos ,2026,hifidelity_potpourri,https://creativecommons.org/licenses/by-nc-nd/4.0/,https://archive.org/download/INQMC26/10%20-%20Inquieto%20-%20Indago%20En%20Los%20Textos%20.mp3,311.8,hifidelity_potpourri,schranz; schranz; techno; hardtechno; inquieto; EP; exclusive; sampling; Schranz; Schrnz; Hard techno; Schranz Techno; S
INQMC26,Inquieto,inquieto - describo momentos,2026,hifidelity_potpourri,https://creativecommons.org/licenses/by-nc-nd/4.0/,https://archive.org/download/INQMC26/11%20-%20Inquieto%20-%20Describo%20Momentos.mp3,419.7,hifidelity_potpourri,schranz; schranz; techno; hardtechno; inquieto; EP; exclusive; sampling; Schranz; Schrnz; Hard techno; Schranz Techno; S
INQMC26,Inquieto,inquieto - adivino el acierto,2026,hifidelity_potpourri,https://creativecommons.org/licenses/by-nc-nd/4.0/,https://archive.org/download/INQMC26/12%20-%20Inquieto%20-%20Adivino%20El%20Acierto.mp3,401.7,hifidelity_potpourri,schranz; schranz; techno; hardtechno; inquieto; EP; exclusive; sampling; Schranz; Schrnz; Hard techno; Schranz Techno; S
INQMC26,Inquieto,inquieto - despues de todo,2026,hifidelity_potpourri,https://creativecommons.org/licenses/by-nc-nd/4.0/,https://archive.org/download/INQMC26/13%20-%20Inquieto%20-%20Despues%20de%20Todo.mp3,413.7,hifidelity_potpourri,schranz; schranz; techno; hardtechno; inquieto; EP; exclusive; sampling; Schranz; Schrnz; Hard techno; Schranz Techno; S
KriminalIII,Inquieto ,camila moreno - tequise [inquieto ht rework],2024,hifidelity_potpourri,https://creativecommons.org/licenses/by-nc-nd/4.0/,https://archive.org/download/KriminalIII/Camila%20Moreno%20-%20TeQuise%20%5BInquieto%20HT%20rework%5D.mp3,341.8,hifidelity_potpourri,techno; hardtechno; hardcore; electronic; party; tecno; hardtecno; underground; Schranz; Schrnz; Hardtechno; Hard techno
KriminalIII,Inquieto ,inquieto - a mi me gusta,2024,hifidelity_potpourri,https://creativecommons.org/licenses/by-nc-nd/4.0/,https://archive.org/download/KriminalIII/Inquieto%20-%20A%20mi%20me%20gusta.mp3,323.8,hifidelity_potpourri,techno; hardtechno; hardcore; electronic; party; tecno; hardtecno; underground; Schranz; Schrnz; Hardtechno; Hard techno
KriminalIII,Inquieto ,inquieto - like the sunshine,2024,hifidelity_potpourri,https://creativecommons.org/licenses/by-nc-nd/4.0/,https://archive.org/download/KriminalIII/Inquieto%20-%20Like%20the%20Sunshine.mp3,389.9,hifidelity_potpourri,techno; hardtechno; hardcore; electronic; party; tecno; hardtecno; underground; Schranz; Schrnz; Hardtechno; Hard techno
KriminalIII,Inquieto ,inquieto - shabazamu,2024,hifidelity_potpourri,https://creativecommons.org/licenses/by-nc-nd/4.0/,https://archive.org/download/KriminalIII/Inquieto%20-%20ShabaZamu.mp3,295.2,hifidelity_potpourri,techno; hardtechno; hardcore; electronic; party; tecno; hardtecno; underground; Schranz; Schrnz; Hardtechno; Hard techno
KriminalIII,Inquieto ,inquieto - 伝説になります !!,2024,hifidelity_potpourri,https://creativecommons.org/licenses/by-nc-nd/4.0/,https://archive.org/download/KriminalIII/Inquieto%20-%20%E4%BC%9D%E8%AA%AC%E3%81%AB%E3%81%AA%E3%82%8A%E3%81%BE%E3%81%99%20%21%21.mp3,384.9,hifidelity_potpourri,techno; hardtechno; hardcore; electronic; party; tecno; hardtecno; underground; Schranz; Schrnz; Hardtechno; Hard techno
kriminali,Inquieto,inquieto - cariño [hbsu version],2022,hifidelity_potpourri,https://creativecommons.org/licenses/by-nc-nd/4.0/,https://archive.org/download/kriminali/01%20-%20Inquieto%20-%20Carin%CC%83o%20%5BHBSU%20Version%5D.mp3,346.4,hifidelity_potpourri,rave; techno; hardtechno; hardcore; electronic; party; tecno; hardtecno; underground; Acid Techno; Djs; technoworld; Tec
kriminali,Inquieto,inquieto - cardumen [ht rework],2022,hifidelity_potpourri,https://creativecommons.org/licenses/by-nc-nd/4.0/,https://archive.org/download/kriminali/02%20-%20Inquieto%20-%20Cardumen%20%5BHT%20Rework%5D.mp3,439.1,hifidelity_potpourri,rave; techno; hardtechno; hardcore; electronic; party; tecno; hardtecno; underground; Acid Techno; Djs; technoworld; Tec
kriminali,Inquieto,inquieto - el amor,2022,hifidelity_potpourri,https://creativecommons.org/licenses/by-nc-nd/4.0/,https://archive.org/download/kriminali/03%20-%20Inquieto%20-%20El%20Amor.mp3,456.0,hifidelity_potpourri,rave; techno; hardtechno; hardcore; electronic; party; tecno; hardtecno; underground; Acid Techno; Djs; technoworld; Tec
kriminali,Inquieto,inquieto - subarashiki,2022,hifidelity_potpourri,https://creativecommons.org/licenses/by-nc-nd/4.0/,https://archive.org/download/kriminali/04%20-%20Inquieto%20-%20Subarashiki.mp3,451.2,hifidelity_potpourri,rave; techno; hardtechno; hardcore; electronic; party; tecno; hardtecno; underground; Acid Techno; Djs; technoworld; Tec
kriminali,Inquieto,INQUIETO - TOKYO [HT Rework],2022,hifidelity_potpourri,https://creativecommons.org/licenses/by-nc-nd/4.0/,https://archive.org/download/kriminali/05%20-%20Inquieto%20-%20Tokyo.mp3,442.0,hifidelity_potpourri,rave; techno; hardtechno; hardcore; electronic; party; tecno; hardtecno; underground; Acid Techno; Djs; technoworld; Tec
kriminali,Inquieto,INQUIETO - TITANS [HT Rework],2022,hifidelity_potpourri,https://creativecommons.org/licenses/by-nc-nd/4.0/,https://archive.org/download/kriminali/06%20-%20Inquieto%20-%20Titans.mp3,411.7,hifidelity_potpourri,rave; techno; hardtechno; hardcore; electronic; party; tecno; hardtecno; underground; Acid Techno; Djs; technoworld; Tec
kriminali,Inquieto,inquieto - monster,2022,hifidelity_potpourri,https://creativecommons.org/licenses/by-nc-nd/4.0/,https://archive.org/download/kriminali/07%20-%20Inquieto%20-%20Monster.mp3,327.1,hifidelity_potpourri,rave; techno; hardtechno; hardcore; electronic; party; tecno; hardtecno; underground; Acid Techno; Djs; technoworld; Tec
kriminali,Inquieto,inquieto - moon mens,2022,hifidelity_potpourri,https://creativecommons.org/licenses/by-nc-nd/4.0/,https://archive.org/download/kriminali/08%20-%20Inquieto%20-%20Moon%20Mens.mp3,476.3,hifidelity_potpourri,rave; techno; hardtechno; hardcore; electronic; party; tecno; hardtecno; underground; Acid Techno; Djs; technoworld; Tec
kriminali,Inquieto,inquieto - mira abajos desde el puente,2022,hifidelity_potpourri,https://creativecommons.org/licenses/by-nc-nd/4.0/,https://archive.org/download/kriminali/09%20-%20Inquieto%20-%20Mira%20abajos%20desde%20el%20puente.mp3,499.7,hifidelity_potpourri,rave; techno; hardtechno; hardcore; electronic; party; tecno; hardtecno; underground; Acid Techno; Djs; technoworld; Tec
kriminali,Inquieto,inquieto - junto a los k,2022,hifidelity_potpourri,https://creativecommons.org/licenses/by-nc-nd/4.0/,https://archive.org/download/kriminali/10%20-%20Inquieto%20-%20Junto%20a%20los%20K.mp3,362.1,hifidelity_potpourri,rave; techno; hardtechno; hardcore; electronic; party; tecno; hardtecno; underground; Acid Techno; Djs; technoworld; Tec
xdd002-x.d.d.-vol-02,X.D.D.,Exit E,2022,xdd-x-static-dance-departement-netlabel,https://creativecommons.org/licenses/by-nc-nd/4.0/,https://archive.org/download/xdd002-x.d.d.-vol-02/%28XDD002%29%2001.%20X.D.D.%20-%20Exit%20E_Vol02.wav,384.9,xdd-x-static-dance-departement-netlabel,Hard Techno; Hart Techno; Techno; Tribal; Acid; Departement; Dance; X-static Dance Departement
xdd002-x.d.d.-vol-02,X.D.D.,Geek,2022,xdd-x-static-dance-departement-netlabel,https://creativecommons.org/licenses/by-nc-nd/4.0/,https://archive.org/download/xdd002-x.d.d.-vol-02/%28XDD002%29%2002.%20X.D.D.%20-%20Geek_Vol02.wav,359.3,xdd-x-static-dance-departement-netlabel,Hard Techno; Hart Techno; Techno; Tribal; Acid; Departement; Dance; X-static Dance Departement
xdd006-x.d.d.-vol-06,X.D.D.,Super Massive Black Hole,2023,xdd-x-static-dance-departement-netlabel,https://creativecommons.org/licenses/by-nc-nd/4.0/,https://archive.org/download/xdd006-x.d.d.-vol-06/%28XDD006%29%2001.%20X.D.D.%20-%20Super%20Massive%20Black%20Hole_Vol06.wav,506.7,xdd-x-static-dance-departement-netlabel,XDD; x-static Dance Departement; Techno; Hard Techno; Acid
xdd006-x.d.d.-vol-06,X.D.D.,Teilchen,2023,xdd-x-static-dance-departement-netlabel,https://creativecommons.org/licenses/by-nc-nd/4.0/,https://archive.org/download/xdd006-x.d.d.-vol-06/%28XDD006%29%2002.%20X.D.D.%20-%20Teilchen_Vol06.wav,291.4,xdd-x-static-dance-departement-netlabel,XDD; x-static Dance Departement; Techno; Hard Techno; Acid
user008-user44496970032-computerrider-ep,user44496970032,Computerrider,2021,user-records-netlabel,https://creativecommons.org/licenses/by-nc-nd/4.0/,https://archive.org/download/user008-user44496970032-computerrider-ep/%28USER008%29%2001.%20user44496970032%20-%20Computerrider_Computerrider%20EP.wav,349.7,user-records-netlabel,Acid; Techno; Hard Techno; Tool Techno; USER Records
user008-user44496970032-computerrider-ep,user44496970032,My Brother,2021,user-records-netlabel,https://creativecommons.org/licenses/by-nc-nd/4.0/,https://archive.org/download/user008-user44496970032-computerrider-ep/%28USER008%29%2002.%20user44496970032%20-%20My%20Brother_Computerrider%20EP.wav,523.3,user-records-netlabel,Acid; Techno; Hard Techno; Tool Techno; USER Records
user034-user44856009320-system-ep,user44856009320,Missile System,2021,user-records-netlabel,https://creativecommons.org/licenses/by-nc-nd/4.0/,https://archive.org/download/user034-user44856009320-system-ep/%28USER034%29%2001.%20user44856009320%20-%20Missile%20System_System%20EP.wav,446.9,user-records-netlabel,Techno; Hard Techno; Dark Techno; USER Records
user034-user44856009320-system-ep,user44856009320,The Big Manner,2021,user-records-netlabel,https://creativecommons.org/licenses/by-nc-nd/4.0/,https://archive.org/download/user034-user44856009320-system-ep/%28USER034%29%2002.%20user44856009320%20-%20The%20Big%20Manner_System%20EP.wav,416.2,user-records-netlabel,Techno; Hard Techno; Dark Techno; USER Records
user061-user02358844564-eiswagen-ep,user22233300085,Der Eiswagen,2024,user-records-netlabel,https://creativecommons.org/licenses/by-nc-nd/4.0/,https://archive.org/download/user061-user02358844564-eiswagen-ep/%28USER061%29%2001.%20user02358844564%20-%20Der%20Eiswagen_Eiswagen%20EP.wav,348.8,user-records-netlabel,Techno; Schranz; Hard Techno; user02358844564; USER Records
user061-user02358844564-eiswagen-ep,user22233300085,Köüenick,2024,user-records-netlabel,https://creativecommons.org/licenses/by-nc-nd/4.0/,https://archive.org/download/user061-user02358844564-eiswagen-ep/%28USER061%29%2002.%20user02358844564%20-%20K%C3%B6penick_Eiswagen%20EP.wav,320.1,user-records-netlabel,Techno; Schranz; Hard Techno; user02358844564; USER Records
user006-user11508366478-night-ep,user11508366478,Nightcrawler,2021,user-records-netlabel,https://creativecommons.org/licenses/by-nc-nd/4.0/,https://archive.org/download/user006-user11508366478-night-ep/%28USER006%29%2001.%20user11508366478%20-%20Nightcrawler_Night%20EP.wav,298.0,user-records-netlabel,Techno; Acid; HArd Techno; USER Records
user006-user11508366478-night-ep,user11508366478,No10_A18,2021,user-records-netlabel,https://creativecommons.org/licenses/by-nc-nd/4.0/,https://archive.org/download/user006-user11508366478-night-ep/%28USER006%29%2002.%20user11508366478%20-%20No10_A18_Night%20EP.wav,301.9,user-records-netlabel,Techno; Acid; HArd Techno; USER Records
inquieto-andiperla-original-mix,Inquieto,inquieto - andiperla (original mix),2025,opensource_audio,https://creativecommons.org/licenses/by-nc-nd/4.0/,https://archive.org/download/inquieto-andiperla-original-mix/Inquieto%20-%20Andiperla%20%28Original%20Mix%29.mp3,383.7,opensource_audio,techno; hardtechno; hard techno; hardcore; Hard Techno; Hard Trance; Techno; DJ Tool; Net Labels; Underground Techno; Ne
inquieto-andiperla-original-mix,Inquieto,inquieto - i am atomic (original mix),2025,opensource_audio,https://creativecommons.org/licenses/by-nc-nd/4.0/,https://archive.org/download/inquieto-andiperla-original-mix/Inquieto%20-%20I%20am%20Atomic%20%28Original%20Mix%29.mp3,383.7,opensource_audio,techno; hardtechno; hard techno; hardcore; Hard Techno; Hard Trance; Techno; DJ Tool; Net Labels; Underground Techno; Ne
p080-various-psycho-kidzzz-vol.-6,P.T.B.S. & Sascha Müller,Absolut Bond (Sascha Müller My Name Is Acid Mix),2019,psychocandies-netlabel,https://creativecommons.org/licenses/by-nc-nd/4.0/,https://archive.org/download/p080-various-psycho-kidzzz-vol.-6/%28P080%29%2001.%20Sascha%20M%C3%BCller%20And%20P.T.B.S.%20%20-%20Absolut%20Bond%20%28Sascha%20M%C3%BCller%20My%20Name%20Is%20Acid%20Mix%29_Psycho%20Kidzzz%20Vol.%206.wav,365.0,psychocandies-netlabel,Acid; Acid Techno; Hard Acid Techno; Hard Techno; Minimal Techno; Acid Trance; Trance; Sascha Müller; P.T.B.S.; Datacore
p080-various-psycho-kidzzz-vol.-6,Sascha Müller,Native Destruction,2019,psychocandies-netlabel,https://creativecommons.org/licenses/by-nc-nd/4.0/,https://archive.org/download/p080-various-psycho-kidzzz-vol.-6/%28P080%29%2003.%20Sascha%20M%C3%BCller%20-%20Native%20Destruction_Psycho%20Kidzzz%20Vol.%206.wav,368.9,psychocandies-netlabel,Acid; Acid Techno; Hard Acid Techno; Hard Techno; Minimal Techno; Acid Trance; Trance; Sascha Müller; P.T.B.S.; Datacore
p080-various-psycho-kidzzz-vol.-6,Unknown War Heads,Patty Pinku,2019,psychocandies-netlabel,https://creativecommons.org/licenses/by-nc-nd/4.0/,https://archive.org/download/p080-various-psycho-kidzzz-vol.-6/%28P080%29%2004.%20Unknown%20War%20Heads%20-%20Patty%20Pinku_Psycho%20Kidzzz%20Vol.%206.wav,371.0,psychocandies-netlabel,Acid; Acid Techno; Hard Acid Techno; Hard Techno; Minimal Techno; Acid Trance; Trance; Sascha Müller; P.T.B.S.; Datacore
p080-various-psycho-kidzzz-vol.-6,Dan Mind,Klirrfaktor,2019,psychocandies-netlabel,https://creativecommons.org/licenses/by-nc-nd/4.0/,https://archive.org/download/p080-various-psycho-kidzzz-vol.-6/%28P080%29%2005.%20Dan%20Mind%20-%20Klirrfaktor_Psycho%20Kidzzz%20Vol.%206.wav,349.1,psychocandies-netlabel,Acid; Acid Techno; Hard Acid Techno; Hard Techno; Minimal Techno; Acid Trance; Trance; Sascha Müller; P.T.B.S.; Datacore
p080-various-psycho-kidzzz-vol.-6,El Atalaya,Respect My Ability (Sascha Müller Hard Acid Remix),2019,psychocandies-netlabel,https://creativecommons.org/licenses/by-nc-nd/4.0/,https://archive.org/download/p080-various-psycho-kidzzz-vol.-6/%28P080%29%2006.%20El%20Atalaya%20-%20Respect%20My%20Ability%20%28Sascha%20M%C3%BCller%20Hard%20Acid%20Remix%29_Psycho%20Kidzzz%20Vol.%206.wav,473.6,psychocandies-netlabel,Acid; Acid Techno; Hard Acid Techno; Hard Techno; Minimal Techno; Acid Trance; Trance; Sascha Müller; P.T.B.S.; Datacore
p080-various-psycho-kidzzz-vol.-6,The 808 Hillbillys,Untitled 3,2019,psychocandies-netlabel,https://creativecommons.org/licenses/by-nc-nd/4.0/,https://archive.org/download/p080-various-psycho-kidzzz-vol.-6/%28P080%29%2007.%20The%20808%20Hillbillys%20-%20Untitled%203_Psycho%20Kidzzz%20Vol.%206.wav,352.7,psychocandies-netlabel,Acid; Acid Techno; Hard Acid Techno; Hard Techno; Minimal Techno; Acid Trance; Trance; Sascha Müller; P.T.B.S.; Datacore
p080-various-psycho-kidzzz-vol.-6,DiZE7,Two Specifications,2019,psychocandies-netlabel,https://creativecommons.org/licenses/by-nc-nd/4.0/,https://archive.org/download/p080-various-psycho-kidzzz-vol.-6/%28P080%29%2008.%20DiZE7%20-%20Two%20Specifications_Psycho%20Kidzzz%20Vol.%206.wav,252.7,psychocandies-netlabel,Acid; Acid Techno; Hard Acid Techno; Hard Techno; Minimal Techno; Acid Trance; Trance; Sascha Müller; P.T.B.S.; Datacore
p080-various-psycho-kidzzz-vol.-6,3cloneB,Püppy Love,2019,psychocandies-netlabel,https://creativecommons.org/licenses/by-nc-nd/4.0/,https://archive.org/download/p080-various-psycho-kidzzz-vol.-6/%28P080%29%2009.%203cloneB%20-%20P%C3%BCppy%20Love_Psycho%20Kidzzz%20Vol.%206.wav,253.8,psychocandies-netlabel,Acid; Acid Techno; Hard Acid Techno; Hard Techno; Minimal Techno; Acid Trance; Trance; Sascha Müller; P.T.B.S.; Datacore
p080-various-psycho-kidzzz-vol.-6,Sascha Müller,Acid Delight Part 02,2019,psychocandies-netlabel,https://creativecommons.org/licenses/by-nc-nd/4.0/,https://archive.org/download/p080-various-psycho-kidzzz-vol.-6/%28P080%29%2010.%20Sascha%20M%C3%BCller%20-%20Acid%20Delight%20Part%2002_Psycho%20Kidzzz%20Vol.%206.wav,328.0,psychocandies-netlabel,Acid; Acid Techno; Hard Acid Techno; Hard Techno; Minimal Techno; Acid Trance; Trance; Sascha Müller; P.T.B.S.; Datacore
p088-the-d3vi7-slap-your-face-ep,THE D3VI7,Slap Your Face,2020,psychocandies-netlabel,https://creativecommons.org/licenses/by-nc-nd/4.0/,https://archive.org/download/p088-the-d3vi7-slap-your-face-ep/%28P087%29%2001.%20THE%20D3VI7%20-%20Slap%20Your%20Face_Slap%20Your%20Face%20EP.mp3,476.6,psychocandies-netlabel,Acid; Acid Techno; Hard Acid Techno; Hard Techno; THE D3VI7; Psychocandies
p088-the-d3vi7-slap-your-face-ep,THE D3VI7,Drop The Cat,2020,psychocandies-netlabel,https://creativecommons.org/licenses/by-nc-nd/4.0/,https://archive.org/download/p088-the-d3vi7-slap-your-face-ep/%28P087%29%2002.%20THE%20D3VI7%20-%20Drop%20The%20Cat_Slap%20Your%20Face%20EP.mp3,487.2,psychocandies-netlabel,Acid; Acid Techno; Hard Acid Techno; Hard Techno; THE D3VI7; Psychocandies
p088-the-d3vi7-slap-your-face-ep,THE D3VI7,Killing,2020,psychocandies-netlabel,https://creativecommons.org/licenses/by-nc-nd/4.0/,https://archive.org/download/p088-the-d3vi7-slap-your-face-ep/%28P087%29%2003.%20THE%20D3VI7%20-%20Killing_Slap%20Your%20Face%20EP.mp3,393.4,psychocandies-netlabel,Acid; Acid Techno; Hard Acid Techno; Hard Techno; THE D3VI7; Psychocandies
p088-the-d3vi7-slap-your-face-ep,THE D3VI7,THE D3VI7 Wants Youre Soul,2020,psychocandies-netlabel,https://creativecommons.org/licenses/by-nc-nd/4.0/,https://archive.org/download/p088-the-d3vi7-slap-your-face-ep/%28P087%29%2004.%20THE%20D3VI7%20-%20THE%20D3VI7%20Wants%20Youre%20Soul_Slap%20Your%20Face%20EP.mp3,420.3,psychocandies-netlabel,Acid; Acid Techno; Hard Acid Techno; Hard Techno; THE D3VI7; Psychocandies
p088-the-d3vi7-slap-your-face-ep,THE D3VI7,Slap Your Face,2020,psychocandies-netlabel,https://creativecommons.org/licenses/by-nc-nd/4.0/,https://archive.org/download/p088-the-d3vi7-slap-your-face-ep/%28P088%29%2001.%20THE%20D3VI7%20-%20Slap%20Your%20Face_Slap%20Your%20Face%20EP.wav,476.6,psychocandies-netlabel,Acid; Acid Techno; Hard Acid Techno; Hard Techno; THE D3VI7; Psychocandies
p088-the-d3vi7-slap-your-face-ep,THE D3VI7,Drop The Cat,2020,psychocandies-netlabel,https://creativecommons.org/licenses/by-nc-nd/4.0/,https://archive.org/download/p088-the-d3vi7-slap-your-face-ep/%28P088%29%2002.%20THE%20D3VI7%20-%20Drop%20The%20Cat_Slap%20Your%20Face%20EP.wav,487.1,psychocandies-netlabel,Acid; Acid Techno; Hard Acid Techno; Hard Techno; THE D3VI7; Psychocandies
p088-the-d3vi7-slap-your-face-ep,THE D3VI7,Killing,2020,psychocandies-netlabel,https://creativecommons.org/licenses/by-nc-nd/4.0/,https://archive.org/download/p088-the-d3vi7-slap-your-face-ep/%28P088%29%2003.%20THE%20D3VI7%20-%20Killing_Slap%20Your%20Face%20EP.wav,393.4,psychocandies-netlabel,Acid; Acid Techno; Hard Acid Techno; Hard Techno; THE D3VI7; Psychocandies
p088-the-d3vi7-slap-your-face-ep,THE D3VI7,THE D3VI7 Wants Youre Soul,2020,psychocandies-netlabel,https://creativecommons.org/licenses/by-nc-nd/4.0/,https://archive.org/download/p088-the-d3vi7-slap-your-face-ep/%28P088%29%2004.%20THE%20D3VI7%20-%20THE%20D3VI7%20Wants%20Youre%20Soul_Slap%20Your%20Face%20EP.wav,420.2,psychocandies-netlabel,Acid; Acid Techno; Hard Acid Techno; Hard Techno; THE D3VI7; Psychocandies
p095-jens-mueller-i-live-ep,Jens Mueller,I Live (Original Mix),2021,psychocandies-netlabel,https://creativecommons.org/licenses/by-nc-nd/4.0/,https://archive.org/download/p095-jens-mueller-i-live-ep/%28P095%29%2001.%20Jens%20Mueller%20-%20I%20Live%20%28Original%20Mix%29_I%20Live%20EP.wav,390.2,psychocandies-netlabel,Acid; Techno; Hard Techno; Acid Techno; Jens Mueller; AFFLICTED; THE D3VI7; Psychocandies
p095-jens-mueller-i-live-ep,"Jens Mueller, THE D3VI7",I Live (THE D3VI7 Remix),2021,psychocandies-netlabel,https://creativecommons.org/licenses/by-nc-nd/4.0/,https://archive.org/download/p095-jens-mueller-i-live-ep/%28P095%29%2002.%20Jens%20Mueller%20-%20I%20Live%20%28THE%20D3VI7%20Remix%29_I%20Live%20EP.wav,494.9,psychocandies-netlabel,Acid; Techno; Hard Techno; Acid Techno; Jens Mueller; AFFLICTED; THE D3VI7; Psychocandies
p095-jens-mueller-i-live-ep,"Jens Mueller, AFFLICTED",I Live (AFFLICTED Remix),2021,psychocandies-netlabel,https://creativecommons.org/licenses/by-nc-nd/4.0/,https://archive.org/download/p095-jens-mueller-i-live-ep/%28P095%29%2003.%20Jens%20Mueller%20-%20I%20Live%20%28AFFLICTED%20Remix%29_I%20Live%20EP.wav,354.2,psychocandies-netlabel,Acid; Techno; Hard Techno; Acid Techno; Jens Mueller; AFFLICTED; THE D3VI7; Psychocandies
p097-the-d3vi7-computer-simulation-ep,THE D3VI7,Computer Stimulation (Original Mix),2021,psychocandies-netlabel,https://creativecommons.org/licenses/by-nc-nd/4.0/,https://archive.org/download/p097-the-d3vi7-computer-simulation-ep/%28P097%29%2001.%20THE%20D3VI7%20-%20Computer%20Simulation%20%28Original%20Mix%29_Computer%20Stimulation%20EP.wav,348.3,psychocandies-netlabel,Acid; Techno; Hard Techno; Hard Acid Techno; THE D3VI7; Jens Mueller; Psychocandies
p097-the-d3vi7-computer-simulation-ep,"THE D3VI7, Jens Mueller",Computer Stimulation (Jens Mueller Remix),2021,psychocandies-netlabel,https://creativecommons.org/licenses/by-nc-nd/4.0/,https://archive.org/download/p097-the-d3vi7-computer-simulation-ep/%28P097%29%2002.%20THE%20D3VI7%20-%20Computer%20Simulation%20%28Jens%20Mueller%20Remix%29_Computer%20Simulation%20EP.wav,440.2,psychocandies-netlabel,Acid; Techno; Hard Techno; Hard Acid Techno; THE D3VI7; Jens Mueller; Psychocandies
sascha-muller-ssrextra78,Sascha Müller,8 Meter,2019,hifidelity_potpourri,https://creativecommons.org/licenses/by-nc-nd/4.0/,https://archive.org/download/sascha-muller-ssrextra78/01.%20Sascha%20Muller%20-%208%20Meter.wav,325.6,hifidelity_potpourri,Techno; Acid; Hard Techno; Acid House; House; Minimal Techno; Sascha Müller
sascha-muller-ssrextra78,Sascha Müller,Fallende Elektronen,2019,hifidelity_potpourri,https://creativecommons.org/licenses/by-nc-nd/4.0/,https://archive.org/download/sascha-muller-ssrextra78/02.%20Sascha%20Muller%20-%20Fallende%20Elektronen.wav,371.9,hifidelity_potpourri,Techno; Acid; Hard Techno; Acid House; House; Minimal Techno; Sascha Müller
sascha-muller-ssrextra78,Sascha Müller,Acinaut,2019,hifidelity_potpourri,https://creativecommons.org/licenses/by-nc-nd/4.0/,https://archive.org/download/sascha-muller-ssrextra78/03.%20Sascha%20Muller%20-%20Acinaut.wav,260.9,hifidelity_potpourri,Techno; Acid; Hard Techno; Acid House; House; Minimal Techno; Sascha Müller
sascha-muller-ssrextra78,Sascha Müller,M-kng 4 (Sascha Müller Remixed Sascha Müller),2019,hifidelity_potpourri,https://creativecommons.org/licenses/by-nc-nd/4.0/,https://archive.org/download/sascha-muller-ssrextra78/04.%20Sascha%20Muller%20-%20M-kng%204%20%28Sascha%20Muller%20Remixed%20Sascha%20Muller%29.wav,336.4,hifidelity_potpourri,Techno; Acid; Hard Techno; Acid House; House; Minimal Techno; Sascha Müller
sascha-muller-ssrextra78,Sascha Müller,12345678 (Radio Edit),2019,hifidelity_potpourri,https://creativecommons.org/licenses/by-nc-nd/4.0/,https://archive.org/download/sascha-muller-ssrextra78/05.%20Sascha%20Muller%20-%2012345678%20%28Radio%20Edit%29.wav,178.3,hifidelity_potpourri,Techno; Acid; Hard Techno; Acid House; House; Minimal Techno; Sascha Müller
sascha-muller-ssrextra78,Sascha Müller,The OS Tracks 01,2019,hifidelity_potpourri,https://creativecommons.org/licenses/by-nc-nd/4.0/,https://archive.org/download/sascha-muller-ssrextra78/06.%20Sascha%20Muller%20-%20The%20OS%20Tracks%2001.wav,211.3,hifidelity_potpourri,Techno; Acid; Hard Techno; Acid House; House; Minimal Techno; Sascha Müller
sascha-muller-ssrextra78,Sascha Müller,The OS Tracks 02,2019,hifidelity_potpourri,https://creativecommons.org/licenses/by-nc-nd/4.0/,https://archive.org/download/sascha-muller-ssrextra78/07.%20Sascha%20Muller%20-%20The%20OS%20Tracks%2002.wav,247.3,hifidelity_potpourri,Techno; Acid; Hard Techno; Acid House; House; Minimal Techno; Sascha Müller
sascha-muller-ssrextra78,Sascha Müller,The OS Tracks 03,2019,hifidelity_potpourri,https://creativecommons.org/licenses/by-nc-nd/4.0/,https://archive.org/download/sascha-muller-ssrextra78/08.%20Sascha%20Muller%20-%20The%20OS%20Tracks%2003.wav,226.8,hifidelity_potpourri,Techno; Acid; Hard Techno; Acid House; House; Minimal Techno; Sascha Müller
sascha-muller-ssrextra78,Sascha Müller,The OS Tracks 04,2019,hifidelity_potpourri,https://creativecommons.org/licenses/by-nc-nd/4.0/,https://archive.org/download/sascha-muller-ssrextra78/09.%20Sascha%20Muller%20-%20The%20OS%20Tracks%2004.wav,238.1,hifidelity_potpourri,Techno; Acid; Hard Techno; Acid House; House; Minimal Techno; Sascha Müller
sascha-muller-ssrextra78,Sascha Müller,The OS Tracks 05,2019,hifidelity_potpourri,https://creativecommons.org/licenses/by-nc-nd/4.0/,https://archive.org/download/sascha-muller-ssrextra78/10.%20Sascha%20Muller%20-%20The%20OS%20Tracks%2005.wav,212.0,hifidelity_potpourri,Techno; Acid; Hard Techno; Acid House; House; Minimal Techno; Sascha Müller
sascha-muller-ssrextra78,Sascha Müller,The OS Tracks 07,2019,hifidelity_potpourri,https://creativecommons.org/licenses/by-nc-nd/4.0/,https://archive.org/download/sascha-muller-ssrextra78/12.%20Sascha%20Muller%20-%20The%20OS%20Tracks%2007.wav,166.1,hifidelity_potpourri,Techno; Acid; Hard Techno; Acid House; House; Minimal Techno; Sascha Müller
sascha-muller-ssrextra78,Sascha Müller,The OS Tracks 08,2019,hifidelity_potpourri,https://creativecommons.org/licenses/by-nc-nd/4.0/,https://archive.org/download/sascha-muller-ssrextra78/13.%20Sascha%20Muller%20-%20The%20OS%20Tracks%2008.wav,196.2,hifidelity_potpourri,Techno; Acid; Hard Techno; Acid House; House; Minimal Techno; Sascha Müller
sascha-muller-ssrextra78,Sascha Müller,The OS Tracks 10,2019,hifidelity_potpourri,https://creativecommons.org/licenses/by-nc-nd/4.0/,https://archive.org/download/sascha-muller-ssrextra78/15.%20Sascha%20Muller%20-%20The%20OS%20Tracks%2010.wav,172.0,hifidelity_potpourri,Techno; Acid; Hard Techno; Acid House; House; Minimal Techno; Sascha Müller
sascha-muller-ssrextra78,Sascha Müller,The OS Tracks 11,2019,hifidelity_potpourri,https://creativecommons.org/licenses/by-nc-nd/4.0/,https://archive.org/download/sascha-muller-ssrextra78/16.%20Sascha%20Muller%20-%20The%20OS%20Tracks%2011.wav,220.4,hifidelity_potpourri,Techno; Acid; Hard Techno; Acid House; House; Minimal Techno; Sascha Müller
sascha-muller-ssrextra78,Sascha Müller,The OS Tracks 12,2019,hifidelity_potpourri,https://creativecommons.org/licenses/by-nc-nd/4.0/,https://archive.org/download/sascha-muller-ssrextra78/17.%20Sascha%20Muller%20-%20The%20OS%20Tracks%2012.wav,172.1,hifidelity_potpourri,Techno; Acid; Hard Techno; Acid House; House; Minimal Techno; Sascha Müller
sascha-muller-ssrextra78,Sascha Müller,The OS Tracks 13,2019,hifidelity_potpourri,https://creativecommons.org/licenses/by-nc-nd/4.0/,https://archive.org/download/sascha-muller-ssrextra78/18.%20Sascha%20Muller%20-%20The%20OS%20Tracks%2013.wav,183.2,hifidelity_potpourri,Techno; Acid; Hard Techno; Acid House; House; Minimal Techno; Sascha Müller
sascha-muller-ssrextra78,Sascha Müller,The OS Tracks 14,2019,hifidelity_potpourri,https://creativecommons.org/licenses/by-nc-nd/4.0/,https://archive.org/download/sascha-muller-ssrextra78/19.%20Sascha%20Muller%20-%20The%20OS%20Tracks%2014.wav,217.3,hifidelity_potpourri,Techno; Acid; Hard Techno; Acid House; House; Minimal Techno; Sascha Müller
sascha-muller-ssrextra78,Sascha Müller,The OS Tracks 15,2019,hifidelity_potpourri,https://creativecommons.org/licenses/by-nc-nd/4.0/,https://archive.org/download/sascha-muller-ssrextra78/20.%20Sascha%20Muller%20-%20The%20OS%20Tracks%2015.wav,238.2,hifidelity_potpourri,Techno; Acid; Hard Techno; Acid House; House; Minimal Techno; Sascha Müller
user054-user22067782234-hood-ep,user22067782234,Fluff Boyz In The Hood,2023,user-records-netlabel,https://creativecommons.org/licenses/by-nc-nd/4.0/,https://archive.org/download/user054-user22067782234-hood-ep/%28USER054%29%2001.%20user22067782234%20-%20Fluff%20Boyz%20In%20The%20Hood_Hood%20EP.wav,589.9,user-records-netlabel,Acid; Techno; Hard Techno; Acid Techno; USER Records; user22067782234
user054-user22067782234-hood-ep,user22067782234,The A-Master,2023,user-records-netlabel,https://creativecommons.org/licenses/by-nc-nd/4.0/,https://archive.org/download/user054-user22067782234-hood-ep/%28USER054%29%2002.%20user22067782234%20-%20The%20A%20Master_Hood%20EP.wav,511.6,user-records-netlabel,Acid; Techno; Hard Techno; Acid Techno; USER Records; user22067782234
user056-user17883214582-fukker-ep,user17883214582,You Cock Fukker,2023,user-records-netlabel,https://creativecommons.org/licenses/by-nc-nd/4.0/,https://archive.org/download/user056-user17883214582-fukker-ep/%28USER056%29%2001.%20user17883214582%20-%20You%20Cock%20Fukker_Fukker%20EP.wav,440.6,user-records-netlabel,Hard Techno; Acid; Techno; user17883214582; USER Records
user056-user17883214582-fukker-ep,user17883214582,5G,2023,user-records-netlabel,https://creativecommons.org/licenses/by-nc-nd/4.0/,https://archive.org/download/user056-user17883214582-fukker-ep/%28USER056%29%2002.%20user17883214582%20-%205G_Fukker%20EP.wav,264.3,user-records-netlabel,Hard Techno; Acid; Techno; user17883214582; USER Records
user001-user20684003752-aboria-ep,user20684003752,Escape From Aboria (Original Mix),2021,user-records-netlabel,https://creativecommons.org/licenses/by-nc-nd/4.0/,https://archive.org/download/user001-user20684003752-aboria-ep/%28USER001%29%2001.%20user20684003752%20-%20Escape%20From%20Aboria%20%28Original%20Mix%29_Aboria%20EP.wav,412.0,user-records-netlabel,Techno; Hard Techno; Tech-House; USER Recordings
user001-user20684003752-aboria-ep,user20684003752,Euroman,2021,user-records-netlabel,https://creativecommons.org/licenses/by-nc-nd/4.0/,https://archive.org/download/user001-user20684003752-aboria-ep/%28USER001%29%2002.%20user20684003752%20-%20Euroman_Aboria%20EP.wav,462.8,user-records-netlabel,Techno; Hard Techno; Tech-House; USER Recordings
user073-user89945677442-msut-ep,user89945677442,Machine Music,2026,user-records-netlabel,https://creativecommons.org/licenses/by-nc-nd/4.0/,https://archive.org/download/user073-user89945677442-msut-ep/%28USER073%29%2001.%20user89945677442%20-%20Machine%20Music_Msut%20EP.wav,378.9,user-records-netlabel,Techno; Acid; Hard Techno; Minimal Techno; USER Records
user073-user89945677442-msut-ep,user89945677442,Totem,2026,user-records-netlabel,https://creativecommons.org/licenses/by-nc-nd/4.0/,https://archive.org/download/user073-user89945677442-msut-ep/%28USER073%29%2002.%20user89945677442%20-%20Totem_Msut%20EP.wav,357.9,user-records-netlabel,Techno; Acid; Hard Techno; Minimal Techno; USER Records
sascha-muller-ssrextra88,Sascha Müller,Mars,2019,hifidelity_potpourri,https://creativecommons.org/licenses/by-nc-nd/4.0/,https://archive.org/download/sascha-muller-ssrextra88/01.%20Sascha%20Muller%20-%20Mars.wav,504.5,hifidelity_potpourri,Techno; Acid; Hard Techno; Acid House; House; Minimal Techno; Sascha Müller
sascha-muller-ssrextra88,Sascha Müller,Mikrostrukturen,2019,hifidelity_potpourri,https://creativecommons.org/licenses/by-nc-nd/4.0/,https://archive.org/download/sascha-muller-ssrextra88/02.%20Sascha%20Muller%20-%20Mikrostrukturen.wav,362.2,hifidelity_potpourri,Techno; Acid; Hard Techno; Acid House; House; Minimal Techno; Sascha Müller
sascha-muller-ssrextra88,Sascha Müller,Mind Machine,2019,hifidelity_potpourri,https://creativecommons.org/licenses/by-nc-nd/4.0/,https://archive.org/download/sascha-muller-ssrextra88/03.%20Sascha%20Muller%20-%20Mind%20Machine.wav,420.0,hifidelity_potpourri,Techno; Acid; Hard Techno; Acid House; House; Minimal Techno; Sascha Müller
sascha-muller-ssrextra88,Sascha Müller,Monodelay,2019,hifidelity_potpourri,https://creativecommons.org/licenses/by-nc-nd/4.0/,https://archive.org/download/sascha-muller-ssrextra88/04.%20Sascha%20Muller%20-%20Monodelay.wav,344.6,hifidelity_potpourri,Techno; Acid; Hard Techno; Acid House; House; Minimal Techno; Sascha Müller
sascha-muller-ssrextra88,Sascha Müller,MonoPoly Mit CR-78,2019,hifidelity_potpourri,https://creativecommons.org/licenses/by-nc-nd/4.0/,https://archive.org/download/sascha-muller-ssrextra88/05.%20Sascha%20Muller%20-%20MonoPoly%20Mit%20CR-78.WAV,315.6,hifidelity_potpourri,Techno; Acid; Hard Techno; Acid House; House; Minimal Techno; Sascha Müller
sascha-muller-ssrextra88,Sascha Müller,Moontrip,2019,hifidelity_potpourri,https://creativecommons.org/licenses/by-nc-nd/4.0/,https://archive.org/download/sascha-muller-ssrextra88/06.%20Sascha%20Muller%20-%20Moontrip.wav,347.7,hifidelity_potpourri,Techno; Acid; Hard Techno; Acid House; House; Minimal Techno; Sascha Müller
sascha-muller-ssrextra88,Sascha Müller,Nagelbrett,2019,hifidelity_potpourri,https://creativecommons.org/licenses/by-nc-nd/4.0/,https://archive.org/download/sascha-muller-ssrextra88/07.%20Sascha%20Muller%20-%20Nagelbrett.wav,352.4,hifidelity_potpourri,Techno; Acid; Hard Techno; Acid House; House; Minimal Techno; Sascha Müller
sascha-muller-ssrextra88,Sascha Müller,Neurotransmitter,2019,hifidelity_potpourri,https://creativecommons.org/licenses/by-nc-nd/4.0/,https://archive.org/download/sascha-muller-ssrextra88/08.%20Sascha%20Muller%20-%20Neurotransmitter.wav,332.1,hifidelity_potpourri,Techno; Acid; Hard Techno; Acid House; House; Minimal Techno; Sascha Müller
sascha-muller-ssrextra88,Sascha Müller,New Sound,2019,hifidelity_potpourri,https://creativecommons.org/licenses/by-nc-nd/4.0/,https://archive.org/download/sascha-muller-ssrextra88/09.%20Sascha%20Muller%20-%20New%20Sound.wav,385.2,hifidelity_potpourri,Techno; Acid; Hard Techno; Acid House; House; Minimal Techno; Sascha Müller
sascha-muller-ssrextra88,Sascha Müller,Niederfrequenzohm,2019,hifidelity_potpourri,https://creativecommons.org/licenses/by-nc-nd/4.0/,https://archive.org/download/sascha-muller-ssrextra88/10.%20Sascha%20Muller%20-%20Niederfrequenzohm.WAV,387.3,hifidelity_potpourri,Techno; Acid; Hard Techno; Acid House; House; Minimal Techno; Sascha Müller
sascha-muller-ssrextra88,Sascha Müller,sascha muller - ninja,2019,hifidelity_potpourri,https://creativecommons.org/licenses/by-nc-nd/4.0/,https://archive.org/download/sascha-muller-ssrextra88/11.%20Sascha%20Muller%20-%20Ninja.wav,388.5,hifidelity_potpourri,Techno; Acid; Hard Techno; Acid House; House; Minimal Techno; Sascha Müller
sascha-muller-ssrextra88,Sascha Müller,No Talk,2019,hifidelity_potpourri,https://creativecommons.org/licenses/by-nc-nd/4.0/,https://archive.org/download/sascha-muller-ssrextra88/12.%20Sascha%20Muller%20-%20No%20Talk.wav,544.0,hifidelity_potpourri,Techno; Acid; Hard Techno; Acid House; House; Minimal Techno; Sascha Müller
user090-user75894567854-drill-ep,user75894567854,The Drill,2026,user-records-netlabel,https://creativecommons.org/licenses/by-nc-nd/4.0/,https://archive.org/download/user090-user75894567854-drill-ep/%28USER090%29%2001.%20user75894567854%20-%20The%20Drill_Drill%20EP.wav,537.8,user-records-netlabel,Techno; HArd Techno; Acid; Acid Techno; Progressive; USER Records; user75894567854
user090-user75894567854-drill-ep,user75894567854,The Beat,2026,user-records-netlabel,https://creativecommons.org/licenses/by-nc-nd/4.0/,https://archive.org/download/user090-user75894567854-drill-ep/%28USER090%29%2002.%20user75894567854%20-%20The%20Beat_Drill%20EP.wav,640.2,user-records-netlabel,Techno; HArd Techno; Acid; Acid Techno; Progressive; USER Records; user75894567854
nuke015-the-d3vi7-nuke-vol.-15,THE D3VI7,Nuke Vol. 15,2022,nuke-the-planet-netlabel,https://creativecommons.org/licenses/by-nc-nd/4.0/,https://archive.org/download/nuke015-the-d3vi7-nuke-vol.-15/%28NUKE015%29%20THE%20D3VI7%20-%20NUKE%20Vol.%2015.wav,258.8,nuke-the-planet-netlabel,Techno; Hard Techno; Hardcore; THE D3VI7; NUKE THE PLANET
PTR469,"Ayako Mori, Inquieto",ayako mori - - éire - land of the wind (inquieto remix),2025,opensource_audio,https://creativecommons.org/licenses/by-nc-nd/4.0/,https://archive.org/download/PTR469/Ayako%20Mori%20-%20-%20%C3%89ire%20-%20Land%20Of%20The%20Wind%20%28Inquieto%20Remix%29.flac,279.0,opensource_audio,Hard Techno; Psy; Techno Psy; Net Labels; DJ Tool; PsyTrance Techno; Techno PsyTrance; Underground Hard techno; Hardtech
TAR213,Inquieto,inquieto - 5am en el bella,2024,opensource_audio,https://creativecommons.org/licenses/by-nc-nd/4.0/,https://archive.org/download/TAR213/Inquieto%20-%205AM%20en%20el%20Bella.flac,336.7,opensource_audio,Hard techno; Hard Techno Music; Hardtechno; Techno; Techno Underground; Electronic; TAR213; Colombia
BVR233,VA,•incøgnitø•  - no love like his ,2024,hifidelity_potpourri,https://creativecommons.org/licenses/by-nc-nd/4.0/,https://archive.org/download/BVR233/01.%20%E2%80%A2INC%C3%98GNIT%C3%98%E2%80%A2%20%20-%20No%20Love%20Like%20His%20.mp3,323.4,hifidelity_potpourri,Hard Techno; Hard Techno; Hardtechno; hard; Schranz Techno; Schranz; Schrnz; Techno
BVR233,VA,bassinlove - cant stand it ,2024,hifidelity_potpourri,https://creativecommons.org/licenses/by-nc-nd/4.0/,https://archive.org/download/BVR233/02.%20BassInLove%20-%20Cant%20Stand%20it%20.mp3,263.6,hifidelity_potpourri,Hard Techno; Hard Techno; Hardtechno; hard; Schranz Techno; Schranz; Schrnz; Techno
BVR233,VA,basstivn - fxck me (ooriginal mix)_master,2024,hifidelity_potpourri,https://creativecommons.org/licenses/by-nc-nd/4.0/,https://archive.org/download/BVR233/03.%20BASSTIVN%20-%20FXCK%20ME%20%28Ooriginal%20Mix%29_master.mp3,246.2,hifidelity_potpourri,Hard Techno; Hard Techno; Hardtechno; hard; Schranz Techno; Schranz; Schrnz; Techno
BVR233,VA,behlial - cocaina ,2024,hifidelity_potpourri,https://creativecommons.org/licenses/by-nc-nd/4.0/,https://archive.org/download/BVR233/04.%20Behlial%20-%20Cocaina%20.mp3,323.8,hifidelity_potpourri,Hard Techno; Hard Techno; Hardtechno; hard; Schranz Techno; Schranz; Schrnz; Techno
BVR233,VA,carles dj - mising ,2024,hifidelity_potpourri,https://creativecommons.org/licenses/by-nc-nd/4.0/,https://archive.org/download/BVR233/05.%20Carles%20DJ%20-%20Mising%20.mp3,322.6,hifidelity_potpourri,Hard Techno; Hard Techno; Hardtechno; hard; Schranz Techno; Schranz; Schrnz; Techno
BVR233,VA,coyote paul - will this madness ever end ,2024,hifidelity_potpourri,https://creativecommons.org/licenses/by-nc-nd/4.0/,https://archive.org/download/BVR233/06.%20Coyote%20Paul%20-%20Will%20This%20Madness%20Ever%20End%20.mp3,309.8,hifidelity_potpourri,Hard Techno; Hard Techno; Hardtechno; hard; Schranz Techno; Schranz; Schrnz; Techno
BVR233,VA,cyraxx - feel my bass ,2024,hifidelity_potpourri,https://creativecommons.org/licenses/by-nc-nd/4.0/,https://archive.org/download/BVR233/07.%20Cyraxx%20-%20Feel%20My%20Bass%20.mp3,377.5,hifidelity_potpourri,Hard Techno; Hard Techno; Hardtechno; hard; Schranz Techno; Schranz; Schrnz; Techno
BVR233,VA,dabsss - alarm ,2024,hifidelity_potpourri,https://creativecommons.org/licenses/by-nc-nd/4.0/,https://archive.org/download/BVR233/08.%20DABSSS%20-%20Alarm%20.mp3,289.7,hifidelity_potpourri,Hard Techno; Hard Techno; Hardtechno; hard; Schranz Techno; Schranz; Schrnz; Techno
BVR233,VA,industeak - hit the floor  ,2024,hifidelity_potpourri,https://creativecommons.org/licenses/by-nc-nd/4.0/,https://archive.org/download/BVR233/09.%20Industeak%20-%20Hit%20The%20Floor%20%20.mp3,237.8,hifidelity_potpourri,Hard Techno; Hard Techno; Hardtechno; hard; Schranz Techno; Schranz; Schrnz; Techno
BVR233,VA,inquieto - es un hermoso dia ,2024,hifidelity_potpourri,https://creativecommons.org/licenses/by-nc-nd/4.0/,https://archive.org/download/BVR233/10.%20Inquieto%20-%20Es%20un%20hermoso%20dia%20.mp3,466.9,hifidelity_potpourri,Hard Techno; Hard Techno; Hardtechno; hard; Schranz Techno; Schranz; Schrnz; Techno
BVR233,VA,juds - cloudy nun ,2024,hifidelity_potpourri,https://creativecommons.org/licenses/by-nc-nd/4.0/,https://archive.org/download/BVR233/11.%20JUDS%20-%20Cloudy%20Nun%20.mp3,259.9,hifidelity_potpourri,Hard Techno; Hard Techno; Hardtechno; hard; Schranz Techno; Schranz; Schrnz; Techno
BVR233,VA,kλrmφπδ - time ,2024,hifidelity_potpourri,https://creativecommons.org/licenses/by-nc-nd/4.0/,https://archive.org/download/BVR233/12.%20K%CE%9BRM%CE%A6%CE%A0%CE%94%20-%20Time%20.mp3,370.4,hifidelity_potpourri,Hard Techno; Hard Techno; Hardtechno; hard; Schranz Techno; Schranz; Schrnz; Techno
BVR233,VA,lively racket - control ,2024,hifidelity_potpourri,https://creativecommons.org/licenses/by-nc-nd/4.0/,https://archive.org/download/BVR233/13.%20Lively%20Racket%20-%20Control%20.mp3,328.4,hifidelity_potpourri,Hard Techno; Hard Techno; Hardtechno; hard; Schranz Techno; Schranz; Schrnz; Techno
BVR233,VA,marcel ruew - mental breakdown ,2024,hifidelity_potpourri,https://creativecommons.org/licenses/by-nc-nd/4.0/,https://archive.org/download/BVR233/14.%20Marcel%20Ruew%20-%20Mental%20Breakdown%20.mp3,336.6,hifidelity_potpourri,Hard Techno; Hard Techno; Hardtechno; hard; Schranz Techno; Schranz; Schrnz; Techno
BVR233,VA,mattra - streicheltasche ,2024,hifidelity_potpourri,https://creativecommons.org/licenses/by-nc-nd/4.0/,https://archive.org/download/BVR233/15.%20MaTTrA%20-%20Streicheltasche%20.mp3,352.2,hifidelity_potpourri,Hard Techno; Hard Techno; Hardtechno; hard; Schranz Techno; Schranz; Schrnz; Techno
BVR233,VA,niki snow - in my house ,2024,hifidelity_potpourri,https://creativecommons.org/licenses/by-nc-nd/4.0/,https://archive.org/download/BVR233/16.%20Niki%20Snow%20-%20In%20My%20House%20.mp3,390.1,hifidelity_potpourri,Hard Techno; Hard Techno; Hardtechno; hard; Schranz Techno; Schranz; Schrnz; Techno
BVR233,VA,procopis gkouklias - ralgory ,2024,hifidelity_potpourri,https://creativecommons.org/licenses/by-nc-nd/4.0/,https://archive.org/download/BVR233/17.%20Procopis%20Gkouklias%20-%20Ralgory%20.mp3,358.2,hifidelity_potpourri,Hard Techno; Hard Techno; Hardtechno; hard; Schranz Techno; Schranz; Schrnz; Techno
BVR233,VA,reäkttor- how blue can you get ,2024,hifidelity_potpourri,https://creativecommons.org/licenses/by-nc-nd/4.0/,https://archive.org/download/BVR233/18.%20RE%C3%84KTTOR-%20How%20Blue%20Can%20you%20Get%20.mp3,412.2,hifidelity_potpourri,Hard Techno; Hard Techno; Hardtechno; hard; Schranz Techno; Schranz; Schrnz; Techno
BVR233,VA,rotura xxl - impulso vital r,2024,hifidelity_potpourri,https://creativecommons.org/licenses/by-nc-nd/4.0/,https://archive.org/download/BVR233/19.%20ROTURA%20XXL%20-%20Impulso%20Vital%20r.mp3,344.7,hifidelity_potpourri,Hard Techno; Hard Techno; Hardtechno; hard; Schranz Techno; Schranz; Schrnz; Techno
BVR233,VA,sebastianred - resistence ,2024,hifidelity_potpourri,https://creativecommons.org/licenses/by-nc-nd/4.0/,https://archive.org/download/BVR233/20.%20SebastianRed%20-%20RESISTENCE%20.mp3,427.3,hifidelity_potpourri,Hard Techno; Hard Techno; Hardtechno; hard; Schranz Techno; Schranz; Schrnz; Techno
BVR233,VA,space cabaret - malfunction 1102 ,2024,hifidelity_potpourri,https://creativecommons.org/licenses/by-nc-nd/4.0/,https://archive.org/download/BVR233/21.%20Space%20Cabaret%20-%20Malfunction%201102%20.mp3,313.2,hifidelity_potpourri,Hard Techno; Hard Techno; Hardtechno; hard; Schranz Techno; Schranz; Schrnz; Techno
BVR233,VA,sr.lloth - wellcome to the dead zone ,2024,hifidelity_potpourri,https://creativecommons.org/licenses/by-nc-nd/4.0/,https://archive.org/download/BVR233/22.%20SR.LLOTH%20-%20Wellcome%20To%20The%20Dead%20Zone%20.mp3,321.9,hifidelity_potpourri,Hard Techno; Hard Techno; Hardtechno; hard; Schranz Techno; Schranz; Schrnz; Techno
BVR233,VA,tkg - radical rebellion ,2024,hifidelity_potpourri,https://creativecommons.org/licenses/by-nc-nd/4.0/,https://archive.org/download/BVR233/23.%20TKG%20-%20Radical%20Rebellion%20.mp3,342.0,hifidelity_potpourri,Hard Techno; Hard Techno; Hardtechno; hard; Schranz Techno; Schranz; Schrnz; Techno
BVR233,VA,xta6 - break ,2024,hifidelity_potpourri,https://creativecommons.org/licenses/by-nc-nd/4.0/,https://archive.org/download/BVR233/24.%20XTA6%20-%20Break%20.mp3,342.6,hifidelity_potpourri,Hard Techno; Hard Techno; Hardtechno; hard; Schranz Techno; Schranz; Schrnz; Techno
p142-sascha-muller-t8cid-traxx-vol.-19,Sascha Müller,T8CiD a35,2025,psychocandies-netlabel,https://creativecommons.org/licenses/by-nc-nd/4.0/,https://archive.org/download/p142-sascha-muller-t8cid-traxx-vol.-19/%28P142%29%2001.%20Sascha%20M%C3%BCller%20-%20T8CiD%20a35_T8CID%20Traxx%20Vol.%2019.wav,302.0,psychocandies-netlabel,Acid; Acid Techno; Techno; HArd Techno; Psychocandies; Sascha Müller
p142-sascha-muller-t8cid-traxx-vol.-19,Sascha Müller,T8CiD a35,2025,psychocandies-netlabel,https://creativecommons.org/licenses/by-nc-nd/4.0/,https://archive.org/download/p142-sascha-muller-t8cid-traxx-vol.-19/%28P142%29%2002.%20Sascha%20M%C3%BCller%20-%20T8CiD%20a36_T8CID%20Traxx%20Vol.%2019.wav,306.0,psychocandies-netlabel,Acid; Acid Techno; Techno; HArd Techno; Psychocandies; Sascha Müller
dfs035-johann-schwengel-mindscape-ep,Johann Schwengel,Mindscape,2025,dancefloor-socialism-netlabel,https://creativecommons.org/licenses/by-nc-nd/4.0/,https://archive.org/download/dfs035-johann-schwengel-mindscape-ep/%28DFS035%29%2001.%20%20Johann%20Schwengel%20-%20Mindscape_Mindscape%20EP.wav,255.8,dancefloor-socialism-netlabel,Techno; Hard Techno; Tech Trance; Trance; DANCEFLOOR SOCIALISM; Johann Schwengel
dfs035-johann-schwengel-mindscape-ep,Johann Schwengel,Marathon Man,2025,dancefloor-socialism-netlabel,https://creativecommons.org/licenses/by-nc-nd/4.0/,https://archive.org/download/dfs035-johann-schwengel-mindscape-ep/%28DFS035%29%2002.%20%20Johann%20Schwengel%20-%20Marathon%20Man_Mindscape%20EP.wav,300.9,dancefloor-socialism-netlabel,Techno; Hard Techno; Tech Trance; Trance; DANCEFLOOR SOCIALISM; Johann Schwengel
dfs038-dr.-walker-and-sascha-muller-mini-split-ep,Dr. Walker,Very Bad Acid (Sascha Müller Remix),2026,dancefloor-socialism-netlabel,https://creativecommons.org/licenses/by-nc-nd/4.0/,https://archive.org/download/dfs038-dr.-walker-and-sascha-muller-mini-split-ep/%28DFS038%29%2001.%20Dr.%20Walker%20-%20Very%20Bad%20Acid%20%28Sascha%20M%C3%BCller%20Remix%29_Mini%20Split%20EP.wav,410.8,dancefloor-socialism-netlabel,Acid. Acid Techno; Techno; Hard Techno; Dr. Walker; Sascha Müller; DANCEFLOOR SOCIALISM
dfs038-dr.-walker-and-sascha-muller-mini-split-ep,Sascha Müller,Acidbahn,2026,dancefloor-socialism-netlabel,https://creativecommons.org/licenses/by-nc-nd/4.0/,https://archive.org/download/dfs038-dr.-walker-and-sascha-muller-mini-split-ep/%28DFS038%29%2002.%20Sascha%20M%C3%BCller%20-%20Acidbahn_Mini%20Split%20EP.wav,315.0,dancefloor-socialism-netlabel,Acid. Acid Techno; Techno; Hard Techno; Dr. Walker; Sascha Müller; DANCEFLOOR SOCIALISM
20260613_20260613_0543,SYSTEM,Sinister - Hemoglyphic Disarray,2020,opensource_audio,https://creativecommons.org/publicdomain/zero/1.0/,https://archive.org/download/20260613_20260613_0543/1%20SINISTER%20HEMOGLYPHIC%20DISARRAY%20-%20SYSTEM.mp3,303.8,opensource_audio,Bochka; бочка; hard techno; industrial; hardcore; shm9m9
20260613_20260613_0543,SYSTEM,Mrook - I I Iii I,2020,opensource_audio,https://creativecommons.org/publicdomain/zero/1.0/,https://archive.org/download/20260613_20260613_0543/2%20MROOK%20I%20I%20III%20I%20-%20SYSTEM.mp3,400.7,opensource_audio,Bochka; бочка; hard techno; industrial; hardcore; shm9m9
20260613_20260613_0543,SYSTEM,2fel - Gladiantri Kp70,2020,opensource_audio,https://creativecommons.org/publicdomain/zero/1.0/,https://archive.org/download/20260613_20260613_0543/2fel%20-%20Gladiantri%20Kp70%20-%20SYSTEM.mp3,356.0,opensource_audio,Bochka; бочка; hard techno; industrial; hardcore; shm9m9
20260613_20260613_0543,"2FEL, KAHAN, MROOK, MARKWON, MENNACEANNIHILATION, MMCCCXCIX, NEGATIVE, PARAPHER",fel_-_gladiantri_kp70_klickaud,2020,opensource_audio,https://creativecommons.org/publicdomain/zero/1.0/,https://archive.org/download/20260613_20260613_0543/2FEL_-_GLADIANTRI_KP70_KLICKAUD.mp3,356.0,opensource_audio,Bochka; бочка; hard techno; industrial; hardcore; shm9m9
20260613_20260613_0543,"2FEL, KAHAN, MROOK, MARKWON, MENNACEANNIHILATION, MMCCCXCIX, NEGATIVE, PARAPHER",fel_x_kahan_-_atrocious_thoughts_haunting_me_klickaud,2020,opensource_audio,https://creativecommons.org/publicdomain/zero/1.0/,https://archive.org/download/20260613_20260613_0543/2FEL_X_KAHAN_-_Atrocious_Thoughts_Haunting_Me_KLICKAUD.mp3,300.5,opensource_audio,Bochka; бочка; hard techno; industrial; hardcore; shm9m9
20260613_20260613_0543,"2FEL, KAHAN, MROOK, MARKWON, MENNACEANNIHILATION, MMCCCXCIX, NEGATIVE, PARAPHER",buckshot roulette - before every load (hard techno remix),2020,opensource_audio,https://creativecommons.org/publicdomain/zero/1.0/,https://archive.org/download/20260613_20260613_0543/Buckshot%20Roulette%20-%20Before%20Every%20Load%20%28Hard%20Techno%20Remix%29.mp3,195.3,opensource_audio,Bochka; бочка; hard techno; industrial; hardcore; shm9m9
20260613_20260613_0543,"2FEL, KAHAN, MROOK, MARKWON, MENNACEANNIHILATION, MMCCCXCIX, NEGATIVE, PARAPHER",mentally_ill_klickaud,2020,opensource_audio,https://creativecommons.org/publicdomain/zero/1.0/,https://archive.org/download/20260613_20260613_0543/MENTALLY_ILL_KLICKAUD.mp3,312.1,opensource_audio,Bochka; бочка; hard techno; industrial; hardcore; shm9m9
20260613_20260613_0543,"2FEL, KAHAN, MROOK, MARKWON, MENNACEANNIHILATION, MMCCCXCIX, NEGATIVE, PARAPHER",mmcccxcix_x_negative_-_saqar_klickaud,2020,opensource_audio,https://creativecommons.org/publicdomain/zero/1.0/,https://archive.org/download/20260613_20260613_0543/MMCCCXCIX_X_NEGATIVE_-_SAQAR_KLICKAUD.mp3,377.4,opensource_audio,Bochka; бочка; hard techno; industrial; hardcore; shm9m9
20260613_20260613_0543,"2FEL, KAHAN, MROOK, MARKWON, MENNACEANNIHILATION, MMCCCXCIX, NEGATIVE, PARAPHER",premiere_parapher_x_negative_-_yelatif_sunthoid012_klickaud,2020,opensource_audio,https://creativecommons.org/publicdomain/zero/1.0/,https://archive.org/download/20260613_20260613_0543/Premiere_PARAPHER_x_NEGATIVE_-_YELATIF_SUNTHOID012_KLICKAUD.mp3,395.8,opensource_audio,Bochka; бочка; hard techno; industrial; hardcore; shm9m9
20260613_20260613_0543,"2FEL, KAHAN, MROOK, MARKWON, MENNACEANNIHILATION, MMCCCXCIX, NEGATIVE, PARAPHER",это_бочка_сила_klickaud,2020,opensource_audio,https://creativecommons.org/publicdomain/zero/1.0/,https://archive.org/download/20260613_20260613_0543/%D0%AD%D0%A2%D0%9E_%D0%91%D0%9E%D0%A7%D0%9A%D0%90_%D0%A1%D0%98%D0%9B%D0%90_KLICKAUD.mp3,303.2,opensource_audio,Bochka; бочка; hard techno; industrial; hardcore; shm9m9
20260613_20260613_0543,"2FEL, KAHAN, MROOK, MARKWON, MENNACEANNIHILATION, MMCCCXCIX, NEGATIVE, PARAPHER",𝐌𝐀𝐑𝐊𝐖ø𝐍_𝐗_𝐌𝐄𝐍𝐀𝐂𝐄𝐀𝐍𝐍𝐈𝐇𝐈𝐋𝐀𝐓𝐈𝐎𝐍_-_𝐑𝐔𝐍_𝐁𝐔𝐓_𝐘𝐎𝐔_𝐂𝐀𝐍𝐓_𝐄𝐒𝐂𝐀𝐏𝐄_klickaud,2020,opensource_audio,https://creativecommons.org/publicdomain/zero/1.0/,https://archive.org/download/20260613_20260613_0543/%F0%9D%90%8C%F0%9D%90%80%F0%9D%90%91%F0%9D%90%8A%F0%9D%90%96%C3%98%F0%9D%90%8D_%F0%9D%90%97_%F0%9D%90%8C%F0%9D%90%84%F0%9D%90%8D%F0%9D%90%80%F0%9D%90%82%F0%9D%90%84%F0%9D%90%80%F0%9D%90%8D%F0%9D%90%8D%F0%9D%90%88%F0%9D%90%87%F0%9D%90%88%F0%9D%90%8B%F0%9D%90%80%F0%9D%90%93%F0%9D%90%88%F0%9D%90%8E%F0%9D%90%8D_-_%F0%9D%90%91%F0%9D%90%94%F0%9D%90%8D_%F0%9D%90%81%F0%9D%90%94%F0%9D%90%93_%F0%9D%90%98%F0%9D%90%8E%F0%9D%90%94_%F0%9D%90%82%F0%9D%90%80%F0%9D%90%8D%F0%9D%90%93_%F0%9D%90%84%F0%9D%90%92%F0%9D%90%82%F0%9D%90%80%F0%9D%90%8F%F0%9D%90%84_KLICKAUD.mp3,325.5,opensource_audio,Bochka; бочка; hard techno; industrial; hardcore; shm9m9
02-lively-racket-techno-killer-inquieto-remix-xxl-mastering,Inquieto,lively racket - techno killer (inquieto remix)_xxl_mastering,2024,opensource_audio,https://creativecommons.org/licenses/by-nc-nd/4.0/,https://archive.org/download/02-lively-racket-techno-killer-inquieto-remix-xxl-mastering/02%20-%20Lively%20Racket%20-%20Techno%20Killer%20%28Inquieto%20Remix%29_xxl_mastering.mp3,364.4,opensource_audio,#rave; Hard Techno; Hard Trance; Hardtrance; Hardtechno; Techno; DJ Tool; Net Labels; NetLabels; Underground Hard Techno
ayako-mori-bodhisattva-inquieto-remix,"Ayako Mori, Inquieto",ayako mori - bodhisattva (inquieto remix),2024,opensource_audio,https://creativecommons.org/licenses/by-nc-nd/4.0/,https://archive.org/download/ayako-mori-bodhisattva-inquieto-remix/Ayako%20Mori%20-%20Bodhisattva%20%28Inquieto%20Remix%29.mp3,415.7,opensource_audio,Techno; Hardtechno; Techno Remix; Tecno; Hardtecno; Deep Web; Hard techno; Remix; Hard Trance; Hardtrance; Psy Techno; 3
nuke020-the-d3vi7-nuke-vol.-20,THE D3VI7,Nuke Vol. 20,2024,nuke-the-planet-netlabel,https://creativecommons.org/licenses/by-nc-nd/4.0/,https://archive.org/download/nuke020-the-d3vi7-nuke-vol.-20/NUKE020%20THE%20D3VI7%20-%20Nuke%20Vol.%2020.wav,262.4,nuke-the-planet-netlabel,Hard Techno; Hardcore; Gabba; THE D3VI7; NUKE THE PLANET
smsm021-sascha-muller-orchestral-movement,Sascha Müller,Orchestral Movement,2018,hifidelity_potpourri,https://creativecommons.org/licenses/by-nc-nd/4.0/,https://archive.org/download/smsm021-sascha-muller-orchestral-movement/%28SMSM021%29%2001.%20Sascha%20M%C3%BCller%20-%20Orchestral%20Movement_Orchestral%20Movement.wav,387.1,hifidelity_potpourri,Techno; Hard Techno; Detroit Techno; Acid; Sascha Müller; sascha müller music
smsm021-sascha-muller-orchestral-movement,Sascha Müller,Express,2018,hifidelity_potpourri,https://creativecommons.org/licenses/by-nc-nd/4.0/,https://archive.org/download/smsm021-sascha-muller-orchestral-movement/%28SMSM021%29%2002.%20Sascha%20M%C3%BCller%20-%20Express_Orchestral%20Movement.wav,369.5,hifidelity_potpourri,Techno; Hard Techno; Detroit Techno; Acid; Sascha Müller; sascha müller music
fressen002-techno-botts-techno-brett-ep,TechnoBotts,Dampframme,2018,fresscode-records-netlabel,https://creativecommons.org/licenses/by-nc-nd/4.0/,https://archive.org/download/fressen002-techno-botts-techno-brett-ep/%28Fressen02%29%2001.%20TechnoBotts%20-%20Dampframme_TechnoBrett%20EP.wav,375.7,fresscode-records-netlabel,Techno; Hard Techno; Dark Techno; Acid Techno; Schranz; Techno Botts; Fresscode Records
fressen002-techno-botts-techno-brett-ep,TechnoBotts,In Motion,2018,fresscode-records-netlabel,https://creativecommons.org/licenses/by-nc-nd/4.0/,https://archive.org/download/fressen002-techno-botts-techno-brett-ep/%28Fressen02%29%2002.%20TechnoBotts%20-%20In%20Motion_TechnoBrett%20EP.wav,389.6,fresscode-records-netlabel,Techno; Hard Techno; Dark Techno; Acid Techno; Schranz; Techno Botts; Fresscode Records
fressen002-techno-botts-techno-brett-ep,TechnoBotts,Solism,2018,fresscode-records-netlabel,https://creativecommons.org/licenses/by-nc-nd/4.0/,https://archive.org/download/fressen002-techno-botts-techno-brett-ep/%28Fressen02%29%2003.%20TechnoBotts%20-%20Solism_TechnoBrett%20EP.wav,343.5,fresscode-records-netlabel,Techno; Hard Techno; Dark Techno; Acid Techno; Schranz; Techno Botts; Fresscode Records
xdd003-x.d.d.-vol-03,X.D.D.,Free Fall,2022,xdd-x-static-dance-departement-netlabel,https://creativecommons.org/licenses/by-nc-nd/4.0/,https://archive.org/download/xdd003-x.d.d.-vol-03/%28XDD003%29%2001.%20X.D.D.%20-%20Free%20Fall_Vol03.wav,446.1,xdd-x-static-dance-departement-netlabel,Techno; Acid; Hard Techno; Acid Techno; Hard Acid; X.D.D.; X-static Dance Departement
xdd003-x.d.d.-vol-03,X.D.D.,With Love From Moscow,2022,xdd-x-static-dance-departement-netlabel,https://creativecommons.org/licenses/by-nc-nd/4.0/,https://archive.org/download/xdd003-x.d.d.-vol-03/%28XDD003%29%2002.%20X.D.D.%20-%20With%20Love%20From%20Moscow_Vol03.wav,543.0,xdd-x-static-dance-departement-netlabel,Techno; Acid; Hard Techno; Acid Techno; Hard Acid; X.D.D.; X-static Dance Departement
user020-user33478776888-dilemma-ep,user33478776888,Dilemma,2021,user-records-netlabel,https://creativecommons.org/licenses/by-nc-nd/4.0/,https://archive.org/download/user020-user33478776888-dilemma-ep/%28USER020%29%2001.%20user33478776888%20-%20Dilemma_Dilemma%20EP.wav,410.9,user-records-netlabel,Acid; Hard Techno; Techno; USER Records
user020-user33478776888-dilemma-ep,Sascha Muller,Streamin Black Hole,2021,user-records-netlabel,https://creativecommons.org/licenses/by-nc-nd/4.0/,https://archive.org/download/user020-user33478776888-dilemma-ep/%28USER020%29%2002.%20user33478776888%20-%20Streamin%20Black%20Hole_Dilemma%20EP.wav,300.9,user-records-netlabel,Acid; Hard Techno; Techno; USER Records
user068-user78654786842-over-ep,user78654786842,PullOver,2025,user-records-netlabel,https://creativecommons.org/licenses/by-nc-nd/4.0/,https://archive.org/download/user068-user78654786842-over-ep/%28USER068%29%2001.%20user78654786842%20-%20PullOver_Over%20EP.wav,287.6,user-records-netlabel,Techno; Acid; Hard Techno; user78654786842; USER Records
user068-user78654786842-over-ep,user78654786842,3 a.m.,2025,user-records-netlabel,https://creativecommons.org/licenses/by-nc-nd/4.0/,https://archive.org/download/user068-user78654786842-over-ep/%28USER068%29%2002.%20user78654786842%20-%203am_Over%20EP.wav,411.9,user-records-netlabel,Techno; Acid; Hard Techno; user78654786842; USER Records
user069-user12400003580-eternity-ep,user12400003580,Eternity,2025,user-records-netlabel,https://creativecommons.org/licenses/by-nc-nd/4.0/,https://archive.org/download/user069-user12400003580-eternity-ep/%28USER069%29%2001.%20user12400003580%20-%20Eternity_Eternity%20EP.wav,391.1,user-records-netlabel,Techno; Trance; Hard Techno; Hard Trance; Tech-House; user12400003580; USER Records
user069-user12400003580-eternity-ep,user12400003580,The B-Master,2025,user-records-netlabel,https://creativecommons.org/licenses/by-nc-nd/4.0/,https://archive.org/download/user069-user12400003580-eternity-ep/%28USER069%29%2002.%20user12400003580%20-%20The%20B%20Master_Eternity%20EP.wav,492.8,user-records-netlabel,Techno; Trance; Hard Techno; Hard Trance; Tech-House; user12400003580; USER Records
user086-user66866546841-cold-ep,user66866546841,Cold Shaker,2026,user-records-netlabel,https://creativecommons.org/licenses/by-nc-nd/4.0/,https://archive.org/download/user086-user66866546841-cold-ep/%28USER086%29%2001.%20user66866546841%20-%20Cold%20Shaker_Cold%20EP.wav,301.4,user-records-netlabel,Techno; Acid; Acid Techno; HArd Techno; Industrial Techno; user66866546841; USER Records
user086-user66866546841-cold-ep,user66866546841,Acid Embargo (Part 1),2026,user-records-netlabel,https://creativecommons.org/licenses/by-nc-nd/4.0/,https://archive.org/download/user086-user66866546841-cold-ep/%28USER086%29%2002.%20user66866546841%20-%20Acid%20Embargo%20%28Part%201%29_Cold%20EP.wav,386.4,user-records-netlabel,Techno; Acid; Acid Techno; HArd Techno; Industrial Techno; user66866546841; USER Records
sascha-muller-ssrextra97,Sascha Müller,Chain Reaction,2019,hifidelity_potpourri,https://creativecommons.org/licenses/by-nc-nd/4.0/,https://archive.org/download/sascha-muller-ssrextra97/01.%20Sascha%20Muller%20-%20Chain%20Reaction.wav,380.2,hifidelity_potpourri,Techno; Acid; Hard Techno; Acid House; House; Minimal Techno; Sascha Müller
sascha-muller-ssrextra97,Sascha Müller,Chamber 2,2019,hifidelity_potpourri,https://creativecommons.org/licenses/by-nc-nd/4.0/,https://archive.org/download/sascha-muller-ssrextra97/02.%20Sascha%20Muller%20-%20Chamber%202.wav,342.5,hifidelity_potpourri,Techno; Acid; Hard Techno; Acid House; House; Minimal Techno; Sascha Müller
sascha-muller-ssrextra97,Sascha Müller,Chamber 3,2019,hifidelity_potpourri,https://creativecommons.org/licenses/by-nc-nd/4.0/,https://archive.org/download/sascha-muller-ssrextra97/03.%20Sascha%20M%C3%BCller%20-%20Chamber%203.wav,297.8,hifidelity_potpourri,Techno; Acid; Hard Techno; Acid House; House; Minimal Techno; Sascha Müller
sascha-muller-ssrextra97,Sascha Müller,Mond Phase,2019,hifidelity_potpourri,https://creativecommons.org/licenses/by-nc-nd/4.0/,https://archive.org/download/sascha-muller-ssrextra97/04.%20Sascha%20Muller%20-%20Mond%20Phase.wav,456.7,hifidelity_potpourri,Techno; Acid; Hard Techno; Acid House; House; Minimal Techno; Sascha Müller
sascha-muller-ssrextra97,Sascha Müller,No8_A13,2019,hifidelity_potpourri,https://creativecommons.org/licenses/by-nc-nd/4.0/,https://archive.org/download/sascha-muller-ssrextra97/05.%20Sascha%20Muller%20-%20No8_A13.wav,374.5,hifidelity_potpourri,Techno; Acid; Hard Techno; Acid House; House; Minimal Techno; Sascha Müller
sascha-muller-ssrextra97,Sascha Müller,Ragnamöji 02,2019,hifidelity_potpourri,https://creativecommons.org/licenses/by-nc-nd/4.0/,https://archive.org/download/sascha-muller-ssrextra97/06.%20Sascha%20Muller%20-%20Ragnamoji%2002.wav,287.3,hifidelity_potpourri,Techno; Acid; Hard Techno; Acid House; House; Minimal Techno; Sascha Müller
sascha-muller-ssrextra97,Sascha Müller,Redemption,2019,hifidelity_potpourri,https://creativecommons.org/licenses/by-nc-nd/4.0/,https://archive.org/download/sascha-muller-ssrextra97/07.%20Sascha%20Muller%20-%20Redemption.wav,321.3,hifidelity_potpourri,Techno; Acid; Hard Techno; Acid House; House; Minimal Techno; Sascha Müller
sascha-muller-ssrextra97,Sascha Müller,Turtle Power,2019,hifidelity_potpourri,https://creativecommons.org/licenses/by-nc-nd/4.0/,https://archive.org/download/sascha-muller-ssrextra97/07.%20Sascha%20Muller%20-%20Turtle%20Power.wav,256.4,hifidelity_potpourri,Techno; Acid; Hard Techno; Acid House; House; Minimal Techno; Sascha Müller
sascha-muller-ssrextra97,Sascha Müller,Untitled 2,2019,hifidelity_potpourri,https://creativecommons.org/licenses/by-nc-nd/4.0/,https://archive.org/download/sascha-muller-ssrextra97/09.%20Sascha%20Muller%20-%20Untitled%202.wav,307.3,hifidelity_potpourri,Techno; Acid; Hard Techno; Acid House; House; Minimal Techno; Sascha Müller
sascha-muller-ssrextra97,Sascha Müller,A3,2019,hifidelity_potpourri,https://creativecommons.org/licenses/by-nc-nd/4.0/,https://archive.org/download/sascha-muller-ssrextra97/11.%20Sascha%20Muller%20-%20A3.wav,325.2,hifidelity_potpourri,Techno; Acid; Hard Techno; Acid House; House; Minimal Techno; Sascha Müller
sascha-muller-ssrextra97,Sascha Müller,Drop Briggs,2019,hifidelity_potpourri,https://creativecommons.org/licenses/by-nc-nd/4.0/,https://archive.org/download/sascha-muller-ssrextra97/12.%20Sascha%20Muller%20-%20Drop%20Briggs.wav,275.6,hifidelity_potpourri,Techno; Acid; Hard Techno; Acid House; House; Minimal Techno; Sascha Müller
sascha-muller-ssrextra97,Sascha Müller,Exoplanet,2019,hifidelity_potpourri,https://creativecommons.org/licenses/by-nc-nd/4.0/,https://archive.org/download/sascha-muller-ssrextra97/13.%20Sascha%20Muller%20-%20Exoplanet.wav,566.1,hifidelity_potpourri,Techno; Acid; Hard Techno; Acid House; House; Minimal Techno; Sascha Müller
fressen010-the-d3vi7-back-on-you-ep,THE D3VI7,Back To House,2022,fresscode-records-netlabel,https://creativecommons.org/licenses/by-nc-nd/4.0/,https://archive.org/download/fressen010-the-d3vi7-back-on-you-ep/%28Fressen010%29%2001.%20THE%20D3VI7%20-%20Back%20To%20House_Back%20On%20You%20EP.wav,359.0,fresscode-records-netlabel,Techno; Hard Techno; Minimal Techno; THE D3VI7; Fresscode Records
fressen010-the-d3vi7-back-on-you-ep,THE D3VI7,On You,2022,fresscode-records-netlabel,https://creativecommons.org/licenses/by-nc-nd/4.0/,https://archive.org/download/fressen010-the-d3vi7-back-on-you-ep/%28Fressen010%29%2002.%20THE%20D3VI7%20-%20On%20You_Back%20On%20You%20EP.wav,396.5,fresscode-records-netlabel,Techno; Hard Techno; Minimal Techno; THE D3VI7; Fresscode Records
fressen010-the-d3vi7-back-on-you-ep,THE D3VI7,Bum Bum Bum,2022,fresscode-records-netlabel,https://creativecommons.org/licenses/by-nc-nd/4.0/,https://archive.org/download/fressen010-the-d3vi7-back-on-you-ep/%28Fressen010%29%2003.%20THE%20D3VI7%20-%20Bum%20Bum%20Bum_Back%20On%20You%20EP.wav,362.9,fresscode-records-netlabel,Techno; Hard Techno; Minimal Techno; THE D3VI7; Fresscode Records
p159-sascha-muller-2-min-30-acid-warning-iii-iiii,Sascha Müller,2 Min 30 Acid Warning III,2026,psychocandies-netlabel,https://creativecommons.org/licenses/by-nc-nd/4.0/,https://archive.org/download/p159-sascha-muller-2-min-30-acid-warning-iii-iiii/%28P159%29%2001.%20Sascha%20M%C3%BCller%20-%202%20Min%2030%20Acid%20Warning%20III_2%20Min%2030%20Acid%20Warning%20III%20%26%20IIII.wav,168.0,psychocandies-netlabel,Acid; Techno; HArd Techno; Acid Techno; Psychocandies; Sascha Müller
p159-sascha-muller-2-min-30-acid-warning-iii-iiii,Sascha Müller,2 Min 30 Acid Warning IIII,2026,psychocandies-netlabel,https://creativecommons.org/licenses/by-nc-nd/4.0/,https://archive.org/download/p159-sascha-muller-2-min-30-acid-warning-iii-iiii/%28P159%29%2002.%20Sascha%20M%C3%BCller%20-%202%20Min%2030%20Acid%20Warning%20IIII_2%20Min%2030%20Acid%20Warning%20III%20%26%20IIII.wav,172.3,psychocandies-netlabel,Acid; Techno; HArd Techno; Acid Techno; Psychocandies; Sascha Müller
sascha-muller-ssrextra75,Sascha Müller,Slut My MS20,2018,hifidelity_potpourri,https://creativecommons.org/licenses/by-nc-nd/4.0/,https://archive.org/download/sascha-muller-ssrextra75/02.%20Sascha%20Muller%20-%20Slut%20My%20MS20.wav,397.6,hifidelity_potpourri,Techno; Acid; Hard Techno; Acid House; House; Minimal Techno; Sascha Müller
sascha-muller-ssrextra75,Sascha Müller,Pleasure With My 808,2018,hifidelity_potpourri,https://creativecommons.org/licenses/by-nc-nd/4.0/,https://archive.org/download/sascha-muller-ssrextra75/03.%20Sascha%20Muller%20-%20Pleasure%20With%20My%20808.wav,393.1,hifidelity_potpourri,Techno; Acid; Hard Techno; Acid House; House; Minimal Techno; Sascha Müller
sascha-muller-ssrextra75,Sascha Müller,Nummer 1,2018,hifidelity_potpourri,https://creativecommons.org/licenses/by-nc-nd/4.0/,https://archive.org/download/sascha-muller-ssrextra75/04.%20Sascha%20Muller%20-%20Nummer%201.wav,265.9,hifidelity_potpourri,Techno; Acid; Hard Techno; Acid House; House; Minimal Techno; Sascha Müller
sascha-muller-ssrextra75,Sascha Müller,Nummer 2,2018,hifidelity_potpourri,https://creativecommons.org/licenses/by-nc-nd/4.0/,https://archive.org/download/sascha-muller-ssrextra75/05.%20Sascha%20Muller%20-%20Nummer%202.wav,311.1,hifidelity_potpourri,Techno; Acid; Hard Techno; Acid House; House; Minimal Techno; Sascha Müller
sascha-muller-ssrextra75,Sascha Müller,Nummer 3,2018,hifidelity_potpourri,https://creativecommons.org/licenses/by-nc-nd/4.0/,https://archive.org/download/sascha-muller-ssrextra75/06.%20Sascha%20Muller%20-%20Nummer%203.wav,310.2,hifidelity_potpourri,Techno; Acid; Hard Techno; Acid House; House; Minimal Techno; Sascha Müller
sascha-muller-ssrextra75,Sascha Müller,Nummer 4,2018,hifidelity_potpourri,https://creativecommons.org/licenses/by-nc-nd/4.0/,https://archive.org/download/sascha-muller-ssrextra75/07.%20Sascha%20Muller%20-%20Nummer%204.wav,310.2,hifidelity_potpourri,Techno; Acid; Hard Techno; Acid House; House; Minimal Techno; Sascha Müller
sascha-muller-ssrextra75,Sascha Müller,Untitled,2018,hifidelity_potpourri,https://creativecommons.org/licenses/by-nc-nd/4.0/,https://archive.org/download/sascha-muller-ssrextra75/09.%20Sascha%20Muller%20-%20Untitled.wav,170.5,hifidelity_potpourri,Techno; Acid; Hard Techno; Acid House; House; Minimal Techno; Sascha Müller
sascha-muller-ssrextra75,Sascha Müller,Raumschnitt,2018,hifidelity_potpourri,https://creativecommons.org/licenses/by-nc-nd/4.0/,https://archive.org/download/sascha-muller-ssrextra75/10.%20Sascha%20Muller%20-%20Raumschnitt.wav,248.8,hifidelity_potpourri,Techno; Acid; Hard Techno; Acid House; House; Minimal Techno; Sascha Müller
sascha-muller-ssrextra75,Sascha Müller,SID On Acid,2018,hifidelity_potpourri,https://creativecommons.org/licenses/by-nc-nd/4.0/,https://archive.org/download/sascha-muller-ssrextra75/11.%20Sascha%20Muller%20-%20SID%20On%20Acid.wav,280.8,hifidelity_potpourri,Techno; Acid; Hard Techno; Acid House; House; Minimal Techno; Sascha Müller
sascha-muller-ssrextra82,Sascha Müller,Classified Human,2019,hifidelity_potpourri,https://creativecommons.org/licenses/by-nc-nd/4.0/,https://archive.org/download/sascha-muller-ssrextra82/01.%20Sascha%20Muller%20-%20Classified%20Human.wav,404.4,hifidelity_potpourri,Techno; Acid; Hard Techno; Acid House; House; Minimal Techno; Sascha Müller
sascha-muller-ssrextra82,Sascha Müller,Come Shot,2019,hifidelity_potpourri,https://creativecommons.org/licenses/by-nc-nd/4.0/,https://archive.org/download/sascha-muller-ssrextra82/02.%20Sascha%20Muller%20-%20Come%20Shot.wav,456.5,hifidelity_potpourri,Techno; Acid; Hard Techno; Acid House; House; Minimal Techno; Sascha Müller
sascha-muller-ssrextra82,Sascha Müller,Computerrider,2019,hifidelity_potpourri,https://creativecommons.org/licenses/by-nc-nd/4.0/,https://archive.org/download/sascha-muller-ssrextra82/03.%20Sascha%20Muller%20-%20Computerrider.wav,349.7,hifidelity_potpourri,Techno; Acid; Hard Techno; Acid House; House; Minimal Techno; Sascha Müller
sascha-muller-ssrextra82,Sascha Müller,Crispy Crackers,2019,hifidelity_potpourri,https://creativecommons.org/licenses/by-nc-nd/4.0/,https://archive.org/download/sascha-muller-ssrextra82/04.%20Sascha%20Muller%20-%20Crispy%20Crackers.wav,300.5,hifidelity_potpourri,Techno; Acid; Hard Techno; Acid House; House; Minimal Techno; Sascha Müller
sascha-muller-ssrextra82,Sascha Müller,Cyborg Wars,2019,hifidelity_potpourri,https://creativecommons.org/licenses/by-nc-nd/4.0/,https://archive.org/download/sascha-muller-ssrextra82/05.%20Sascha%20Muller%20-%20Cyborg%20Wars.WAV,410.6,hifidelity_potpourri,Techno; Acid; Hard Techno; Acid House; House; Minimal Techno; Sascha Müller
sascha-muller-ssrextra82,Sascha Müller,Dark Room,2019,hifidelity_potpourri,https://creativecommons.org/licenses/by-nc-nd/4.0/,https://archive.org/download/sascha-muller-ssrextra82/06.%20Sascha%20Muller%20-%20Dark%20Room.WAV,340.2,hifidelity_potpourri,Techno; Acid; Hard Techno; Acid House; House; Minimal Techno; Sascha Müller
sascha-muller-ssrextra82,Sascha Müller,Das SETI Projekt,2019,hifidelity_potpourri,https://creativecommons.org/licenses/by-nc-nd/4.0/,https://archive.org/download/sascha-muller-ssrextra82/07.%20Sascha%20Muller%20-%20Das%20SETI%20Projekt.wav,382.0,hifidelity_potpourri,Techno; Acid; Hard Techno; Acid House; House; Minimal Techno; Sascha Müller
sascha-muller-ssrextra82,Sascha Müller,Das Spiegelbild,2019,hifidelity_potpourri,https://creativecommons.org/licenses/by-nc-nd/4.0/,https://archive.org/download/sascha-muller-ssrextra82/08.%20Sascha%20Muller%20-%20Das%20Spiegelbild.wav,445.5,hifidelity_potpourri,Techno; Acid; Hard Techno; Acid House; House; Minimal Techno; Sascha Müller
sascha-muller-ssrextra82,Sascha Müller,Datentransfer,2019,hifidelity_potpourri,https://creativecommons.org/licenses/by-nc-nd/4.0/,https://archive.org/download/sascha-muller-ssrextra82/09.%20Sascha%20Muller%20-%20Datentransfer.wav,338.8,hifidelity_potpourri,Techno; Acid; Hard Techno; Acid House; House; Minimal Techno; Sascha Müller
sascha-muller-ssrextra82,Sascha Müller,Deep Space One,2019,hifidelity_potpourri,https://creativecommons.org/licenses/by-nc-nd/4.0/,https://archive.org/download/sascha-muller-ssrextra82/10.%20Sascha%20Muller%20-%20Deep%20Space%20One.wav,371.8,hifidelity_potpourri,Techno; Acid; Hard Techno; Acid House; House; Minimal Techno; Sascha Müller
sascha-muller-ssrextra82,Sascha Müller,Deleted,2019,hifidelity_potpourri,https://creativecommons.org/licenses/by-nc-nd/4.0/,https://archive.org/download/sascha-muller-ssrextra82/11.%20Sascha%20Muller%20-%20Deleted.wav,385.0,hifidelity_potpourri,Techno; Acid; Hard Techno; Acid House; House; Minimal Techno; Sascha Müller
sascha-muller-ssrextra82,Sascha Müller,Der Augenblick Des Moments,2019,hifidelity_potpourri,https://creativecommons.org/licenses/by-nc-nd/4.0/,https://archive.org/download/sascha-muller-ssrextra82/12.%20Sascha%20Muller%20-%20Der%20Augenblick%20Des%20Moments.WAV,416.7,hifidelity_potpourri,Techno; Acid; Hard Techno; Acid House; House; Minimal Techno; Sascha Müller
sascha-muller-ssrextra100,Sascha Müller,Orion Rising Part IV,2020,hifidelity_potpourri,https://creativecommons.org/licenses/by-nc-nd/4.0/,https://archive.org/download/sascha-muller-ssrextra100/01.%20Sascha%20Muller%20-%20Orion%20Rising%20Part%20IV.wav,328.4,hifidelity_potpourri,Techno; Acid; Hard Techno; Acid House; House; Minimal Techno; Sascha Müller
sascha-muller-ssrextra100,Sascha Müller,Orion Rising Part V,2020,hifidelity_potpourri,https://creativecommons.org/licenses/by-nc-nd/4.0/,https://archive.org/download/sascha-muller-ssrextra100/02.%20Sascha%20Muller%20-%20Orion%20Rising%20Part%20V.wav,329.3,hifidelity_potpourri,Techno; Acid; Hard Techno; Acid House; House; Minimal Techno; Sascha Müller
sascha-muller-ssrextra100,Sascha Müller,01,2020,hifidelity_potpourri,https://creativecommons.org/licenses/by-nc-nd/4.0/,https://archive.org/download/sascha-muller-ssrextra100/03.%20Sascha%20Muller%20-%2001.wav,357.8,hifidelity_potpourri,Techno; Acid; Hard Techno; Acid House; House; Minimal Techno; Sascha Müller
sascha-muller-ssrextra100,Sascha Müller,02,2020,hifidelity_potpourri,https://creativecommons.org/licenses/by-nc-nd/4.0/,https://archive.org/download/sascha-muller-ssrextra100/04.%20Sascha%20Muller%20-%2002.wav,470.7,hifidelity_potpourri,Techno; Acid; Hard Techno; Acid House; House; Minimal Techno; Sascha Müller
sascha-muller-ssrextra100,Sascha Müller,03,2020,hifidelity_potpourri,https://creativecommons.org/licenses/by-nc-nd/4.0/,https://archive.org/download/sascha-muller-ssrextra100/06.%20Sascha%20Muller%20-%2003.wav,225.9,hifidelity_potpourri,Techno; Acid; Hard Techno; Acid House; House; Minimal Techno; Sascha Müller
sascha-muller-ssrextra100,Sascha Müller,04,2020,hifidelity_potpourri,https://creativecommons.org/licenses/by-nc-nd/4.0/,https://archive.org/download/sascha-muller-ssrextra100/07.%20Sascha%20Muller%20-%2004.wav,331.5,hifidelity_potpourri,Techno; Acid; Hard Techno; Acid House; House; Minimal Techno; Sascha Müller
sascha-muller-ssrextra100,Sascha Müller,Acid In My Brain,2020,hifidelity_potpourri,https://creativecommons.org/licenses/by-nc-nd/4.0/,https://archive.org/download/sascha-muller-ssrextra100/08.%20Sascha%20Muller%20-%20Acid%20%20In%20My%20Brain.wav,649.9,hifidelity_potpourri,Techno; Acid; Hard Techno; Acid House; House; Minimal Techno; Sascha Müller
sascha-muller-ssrextra100,Sascha Muller,City Rain,2020,hifidelity_potpourri,https://creativecommons.org/licenses/by-nc-nd/4.0/,https://archive.org/download/sascha-muller-ssrextra100/09.%20Sascha%20Muller%20-%20City%20Rain.wav,273.4,hifidelity_potpourri,Techno; Acid; Hard Techno; Acid House; House; Minimal Techno; Sascha Müller
sascha-muller-ssrextra100,Sascha Müller,Die Stille,2020,hifidelity_potpourri,https://creativecommons.org/licenses/by-nc-nd/4.0/,https://archive.org/download/sascha-muller-ssrextra100/10.%20Sascha%20Muller%20-%20Die%20Stille.wav,237.2,hifidelity_potpourri,Techno; Acid; Hard Techno; Acid House; House; Minimal Techno; Sascha Müller
sascha-muller-ssrextra100,Sascha Müller,Editing The World,2020,hifidelity_potpourri,https://creativecommons.org/licenses/by-nc-nd/4.0/,https://archive.org/download/sascha-muller-ssrextra100/11.%20Sascha%20Muller%20-%20Editing%20The%20World.wav,492.3,hifidelity_potpourri,Techno; Acid; Hard Techno; Acid House; House; Minimal Techno; Sascha Müller
sascha-muller-ssrextra100,Sascha Müller,Eject The System,2020,hifidelity_potpourri,https://creativecommons.org/licenses/by-nc-nd/4.0/,https://archive.org/download/sascha-muller-ssrextra100/12.%20Sascha%20Muller%20-%20Eject%20The%20System.wav,273.2,hifidelity_potpourri,Techno; Acid; Hard Techno; Acid House; House; Minimal Techno; Sascha Müller
sascha-muller-ssrextra100,Sascha Müller,Elements Of Power,2020,hifidelity_potpourri,https://creativecommons.org/licenses/by-nc-nd/4.0/,https://archive.org/download/sascha-muller-ssrextra100/13.%20Sascha%20Muller%20-%20Elements%20Of%20Power.wav,299.3,hifidelity_potpourri,Techno; Acid; Hard Techno; Acid House; House; Minimal Techno; Sascha Müller
user035-user66788884902-the-face-ep,user66788884902,The Face Of Destruction,2021,user-records-netlabel,https://creativecommons.org/licenses/by-nc-nd/4.0/,https://archive.org/download/user035-user66788884902-the-face-ep/%28USER035%29%2001.%20user66788884902%20-%20The%20Face%20Of%20Destruction_The%20Face%20EP.wav,568.6,user-records-netlabel,Techno; Hard Techno; Acid; Acid Techno; Acidcore; USER Records
user035-user66788884902-the-face-ep,user66788884902,Untitled 9-1,2021,user-records-netlabel,https://creativecommons.org/licenses/by-nc-nd/4.0/,https://archive.org/download/user035-user66788884902-the-face-ep/%28USER035%29%2002.%20user66788884902%20-%20Untitled%209-1_The%20Face%20EP.wav,355.9,user-records-netlabel,Techno; Hard Techno; Acid; Acid Techno; Acidcore; USER Records
user042-user87742587412-oha-ep,user87742587412,Oha,2022,user-records-netlabel,https://creativecommons.org/licenses/by-nc-nd/4.0/,https://archive.org/download/user042-user87742587412-oha-ep/%28USER042%29%2001.%20user87742587412%20-%20Oha_Oha%20EP.wav,363.0,user-records-netlabel,Techno; Acid; Acid Techno; Hard Techno; USER; USER Records
user042-user87742587412-oha-ep,user87742587412,Border,2022,user-records-netlabel,https://creativecommons.org/licenses/by-nc-nd/4.0/,https://archive.org/download/user042-user87742587412-oha-ep/%28USER042%29%2002.%20user87742587412%20-%20Border_Oha%20EP.wav,263.6,user-records-netlabel,Techno; Acid; Acid Techno; Hard Techno; USER; USER Records
user074-user04574546444-ident-ep,user04574546444,Mistaken Identity_,2026,user-records-netlabel,https://creativecommons.org/licenses/by-nc-nd/4.0/,https://archive.org/download/user074-user04574546444-ident-ep/%28USER074%29%2001.%20user04574546444%20-%20Mistaken%20Identity_Ident%20EP.wav,340.3,user-records-netlabel,Techno; Acid; Hard Techno; Acid; user04574546444; USER Records
user074-user04574546444-ident-ep,user04574546444,606 + 303 = 904,2026,user-records-netlabel,https://creativecommons.org/licenses/by-nc-nd/4.0/,https://archive.org/download/user074-user04574546444-ident-ep/%28USER074%29%2002.%20user04574546444%20-%20606%20%2B%20303%20%3D%20904_Ident%20EP.wav,295.2,user-records-netlabel,Techno; Acid; Hard Techno; Acid; user04574546444; USER Records
p157-sascha-muller-self-murderation-ep,Sascha Müller,Self Murderation,2026,psychocandies-netlabel,https://creativecommons.org/licenses/by-nc-nd/4.0/,https://archive.org/download/p157-sascha-muller-self-murderation-ep/%28P157%29%2001.%20Sascha%20M%C3%BCller%20-%20Self%20Murderation_Self%20Murderation%20EP.wav,362.7,psychocandies-netlabel,Acid; Acid Tehno; Hard Techno; Hard Acid Techno; Acidcore; Sascha Müller; Psychocandies
p157-sascha-muller-self-murderation-ep,Sascha Müller,Umlage,2026,psychocandies-netlabel,https://creativecommons.org/licenses/by-nc-nd/4.0/,https://archive.org/download/p157-sascha-muller-self-murderation-ep/%28P157%29%2002.%20Sascha%20M%C3%BCller%20-%20Umlage_Self%20Murderation%20EP.wav,360.1,psychocandies-netlabel,Acid; Acid Tehno; Hard Techno; Hard Acid Techno; Acidcore; Sascha Müller; Psychocandies
ESFINQ015,Inquieto,inquieto - elisa de fiesta,2023,opensource_audio,https://creativecommons.org/licenses/by-nc-nd/4.0/,https://archive.org/download/ESFINQ015/1.%20Inquieto%20-%20Elisa%20de%20fiesta.flac,427.0,opensource_audio,Hard Techno; Hardtechno; Techno; Net Labels; Underground Techno; TechnoHard; Underground; T99; INQ015; Acid; Acid Techno
ESFINQ015,Inquieto,inquieto - la fiesta de elisa,2023,opensource_audio,https://creativecommons.org/licenses/by-nc-nd/4.0/,https://archive.org/download/ESFINQ015/2.%20Inquieto%20-%20La%20fiesta%20de%20Elisa.flac,419.1,opensource_audio,Hard Techno; Hardtechno; Techno; Net Labels; Underground Techno; TechnoHard; Underground; T99; INQ015; Acid; Acid Techno
pro-opportunity-or-not...,Svecent,Pro opportunity or not...,2022,opensource_audio,https://creativecommons.org/licenses/by-nc-sa/4.0/,https://archive.org/download/pro-opportunity-or-not.../Pro%20opportunity%20or%20not....wav,320.0,opensource_audio,Techno; Hard Techno
sascha-muller-ssrextra66,Sascha Müller,My Mother,2018,hifidelity_potpourri,https://creativecommons.org/licenses/by-nc-nd/4.0/,https://archive.org/download/sascha-muller-ssrextra66/02.%20Sascha%20Muller%20-%20My%20Mother.wav,384.2,hifidelity_potpourri,Techno; Acid; Hard Techno; Acid House; House; Minimal Techno; Sascha Müller
sascha-muller-ssrextra66,Sascha Müller,Played Dead,2018,hifidelity_potpourri,https://creativecommons.org/licenses/by-nc-nd/4.0/,https://archive.org/download/sascha-muller-ssrextra66/03.%20Sascha%20Muller%20-%20Played%20Dead.wav,323.3,hifidelity_potpourri,Techno; Acid; Hard Techno; Acid House; House; Minimal Techno; Sascha Müller
sascha-muller-ssrextra66,Sascha Müller,Telecaster,2018,hifidelity_potpourri,https://creativecommons.org/licenses/by-nc-nd/4.0/,https://archive.org/download/sascha-muller-ssrextra66/04.%20Sascha%20Muller%20-%20Telecaster.wav,418.5,hifidelity_potpourri,Techno; Acid; Hard Techno; Acid House; House; Minimal Techno; Sascha Müller
sascha-muller-ssrextra66,Sascha Müller,773,2018,hifidelity_potpourri,https://creativecommons.org/licenses/by-nc-nd/4.0/,https://archive.org/download/sascha-muller-ssrextra66/05.%20Sascha%20Muller%20-%20773.wav,291.8,hifidelity_potpourri,Techno; Acid; Hard Techno; Acid House; House; Minimal Techno; Sascha Müller
sascha-muller-ssrextra66,Sascha Müller,Ambient 2,2018,hifidelity_potpourri,https://creativecommons.org/licenses/by-nc-nd/4.0/,https://archive.org/download/sascha-muller-ssrextra66/06.%20Sascha%20Muller%20-%20Ambient%202.wav,187.8,hifidelity_potpourri,Techno; Acid; Hard Techno; Acid House; House; Minimal Techno; Sascha Müller
sascha-muller-ssrextra66,Sascha Müller,High Wire,2018,hifidelity_potpourri,https://creativecommons.org/licenses/by-nc-nd/4.0/,https://archive.org/download/sascha-muller-ssrextra66/07.%20Sascha%20Muller%20-%20High%20Wire.wav,422.9,hifidelity_potpourri,Techno; Acid; Hard Techno; Acid House; House; Minimal Techno; Sascha Müller
sascha-muller-ssrextra66,Sascha Müller,774,2018,hifidelity_potpourri,https://creativecommons.org/licenses/by-nc-nd/4.0/,https://archive.org/download/sascha-muller-ssrextra66/08.%20Sascha%20Muller%20-%20774.wav,341.1,hifidelity_potpourri,Techno; Acid; Hard Techno; Acid House; House; Minimal Techno; Sascha Müller
sascha-muller-ssrextra66,Sascha Müller,Ambient 3,2018,hifidelity_potpourri,https://creativecommons.org/licenses/by-nc-nd/4.0/,https://archive.org/download/sascha-muller-ssrextra66/09.%20Sascha%20Muller%20-%20Ambient%203.wav,319.4,hifidelity_potpourri,Techno; Acid; Hard Techno; Acid House; House; Minimal Techno; Sascha Müller
sascha-muller-ssrextra66,Sascha Müller,Daddy Rip It Up,2018,hifidelity_potpourri,https://creativecommons.org/licenses/by-nc-nd/4.0/,https://archive.org/download/sascha-muller-ssrextra66/10.%20Sascha%20Muller%20-%20Daddy%20Rip%20It%20Up.wav,351.2,hifidelity_potpourri,Techno; Acid; Hard Techno; Acid House; House; Minimal Techno; Sascha Müller
sascha-muller-ssrextra66,Sascha Müller,775,2018,hifidelity_potpourri,https://creativecommons.org/licenses/by-nc-nd/4.0/,https://archive.org/download/sascha-muller-ssrextra66/11.%20Sascha%20Muller%20-%20775.wav,189.9,hifidelity_potpourri,Techno; Acid; Hard Techno; Acid House; House; Minimal Techno; Sascha Müller
sascha-muller-ssrextra66,Sascha Müller,Ambient 4,2018,hifidelity_potpourri,https://creativecommons.org/licenses/by-nc-nd/4.0/,https://archive.org/download/sascha-muller-ssrextra66/12.%20Sascha%20Muller%20-%20Ambient%204.wav,314.9,hifidelity_potpourri,Techno; Acid; Hard Techno; Acid House; House; Minimal Techno; Sascha Müller
sascha-muller-ssrextra66,Sascha Müller,Analog Snake Part 01,2018,hifidelity_potpourri,https://creativecommons.org/licenses/by-nc-nd/4.0/,https://archive.org/download/sascha-muller-ssrextra66/13.%20Sascha%20Muller%20-%20Analog%20Snake%20Part%2001.wav,357.8,hifidelity_potpourri,Techno; Acid; Hard Techno; Acid House; House; Minimal Techno; Sascha Müller
dfs033-various-netlabel-day-2025-techno-warriors,Dr. Walker,Very Bad Acid (Sascha Müller Not Bad Enough Remix),2025,dancefloor-socialism-netlabel,https://creativecommons.org/licenses/by-nc-nd/4.0/,https://archive.org/download/dfs033-various-netlabel-day-2025-techno-warriors/%28DFS033%29%2001.%20Dr.%20Walker%20-%20Very%20Bad%20Acid%20%28Sascha%20M%C3%BCller%20Not%20Bad%20Enough%20Remix%29_Netlabel%20Day%202025%20Techno%20Warriors.wav,364.8,dancefloor-socialism-netlabel,Techno; Acid; Hard Techno; Acid House; House; Tech-House; Minimal; Minimal Techno; Electro; Breaks; Schranz; Hardgroove;
dfs033-various-netlabel-day-2025-techno-warriors,TheIncredibleKno,Die Tauben auf Dem Dach,2025,dancefloor-socialism-netlabel,https://creativecommons.org/licenses/by-nc-nd/4.0/,https://archive.org/download/dfs033-various-netlabel-day-2025-techno-warriors/%28DFS033%29%2002.%20TheIncredibleKno%20-%20Die%20Tauben%20auf%20dem%20Dach_Netlabel%20Day%202025%20Techno%20Warriors.wav,511.4,dancefloor-socialism-netlabel,Techno; Acid; Hard Techno; Acid House; House; Tech-House; Minimal; Minimal Techno; Electro; Breaks; Schranz; Hardgroove;
dfs033-various-netlabel-day-2025-techno-warriors,TieFenRauSch,Baikal,2025,dancefloor-socialism-netlabel,https://creativecommons.org/licenses/by-nc-nd/4.0/,https://archive.org/download/dfs033-various-netlabel-day-2025-techno-warriors/%28DFS033%29%2003.%20TieFenRauSch%20-%20Baikal_Netlabel%20Day%202025%20Techno%20Warriors.wav,396.9,dancefloor-socialism-netlabel,Techno; Acid; Hard Techno; Acid House; House; Tech-House; Minimal; Minimal Techno; Electro; Breaks; Schranz; Hardgroove;
dfs033-various-netlabel-day-2025-techno-warriors,Jerzz,Aurora Borealis,2025,dancefloor-socialism-netlabel,https://creativecommons.org/licenses/by-nc-nd/4.0/,https://archive.org/download/dfs033-various-netlabel-day-2025-techno-warriors/%28DFS033%29%2004.%20Jerzz%20-%20Aurora%20Borealis_Netlabel%20Day%202025%20Techno%20Warriors.wav,314.7,dancefloor-socialism-netlabel,Techno; Acid; Hard Techno; Acid House; House; Tech-House; Minimal; Minimal Techno; Electro; Breaks; Schranz; Hardgroove;
dfs033-various-netlabel-day-2025-techno-warriors,Sascha Müller,Pastell,2025,dancefloor-socialism-netlabel,https://creativecommons.org/licenses/by-nc-nd/4.0/,https://archive.org/download/dfs033-various-netlabel-day-2025-techno-warriors/%28DFS033%29%2005.%20Sascha%20M%C3%BCller%20-%20Pastell_Netlabel%20Day%202025%20Techno%20Warriors.wav,333.1,dancefloor-socialism-netlabel,Techno; Acid; Hard Techno; Acid House; House; Tech-House; Minimal; Minimal Techno; Electro; Breaks; Schranz; Hardgroove;
dfs033-various-netlabel-day-2025-techno-warriors,Stanley Hottek,Hardwired,2025,dancefloor-socialism-netlabel,https://creativecommons.org/licenses/by-nc-nd/4.0/,https://archive.org/download/dfs033-various-netlabel-day-2025-techno-warriors/%28DFS033%29%2006.%20Stanley%20Hottek%20-%20Hardwired_Netlabel%20Day%202025%20Techno%20Warriors.wav,386.8,dancefloor-socialism-netlabel,Techno; Acid; Hard Techno; Acid House; House; Tech-House; Minimal; Minimal Techno; Electro; Breaks; Schranz; Hardgroove;
dfs033-various-netlabel-day-2025-techno-warriors,AFFLICED,Natural Desaster,2025,dancefloor-socialism-netlabel,https://creativecommons.org/licenses/by-nc-nd/4.0/,https://archive.org/download/dfs033-various-netlabel-day-2025-techno-warriors/%28DFS033%29%2007.%20AFFLICTED%20-%20Natural%20Desaster_Netlabel%20Day%202025%20Techno%20Warriors.wav,353.5,dancefloor-socialism-netlabel,Techno; Acid; Hard Techno; Acid House; House; Tech-House; Minimal; Minimal Techno; Electro; Breaks; Schranz; Hardgroove;
dfs033-various-netlabel-day-2025-techno-warriors,P.T.B.S. & Sascha Müller,Buschlecke,2025,dancefloor-socialism-netlabel,https://creativecommons.org/licenses/by-nc-nd/4.0/,https://archive.org/download/dfs033-various-netlabel-day-2025-techno-warriors/%28DFS033%29%2008.%20P.T.B.S.%20%26%20Sascha%20M%C3%BCller%20-%20Buschlecke_Netlabel%20Day%202025%20Techno%20Warriors.wav,344.2,dancefloor-socialism-netlabel,Techno; Acid; Hard Techno; Acid House; House; Tech-House; Minimal; Minimal Techno; Electro; Breaks; Schranz; Hardgroove;
dfs033-various-netlabel-day-2025-techno-warriors,Pasquale Maassen Vs. Peter Mummert,Ho Em Ah,2025,dancefloor-socialism-netlabel,https://creativecommons.org/licenses/by-nc-nd/4.0/,https://archive.org/download/dfs033-various-netlabel-day-2025-techno-warriors/%28DFS033%29%2009.%20Pasquale%20Maassen%20Vs.%20Peter%20Mummert%20-%20Ho%20Em%20Ah_Netlabel%20Day%202025%20Techno%20Warriors.wav,297.6,dancefloor-socialism-netlabel,Techno; Acid; Hard Techno; Acid House; House; Tech-House; Minimal; Minimal Techno; Electro; Breaks; Schranz; Hardgroove;
dfs033-various-netlabel-day-2025-techno-warriors,eVADE,NLD25,2025,dancefloor-socialism-netlabel,https://creativecommons.org/licenses/by-nc-nd/4.0/,https://archive.org/download/dfs033-various-netlabel-day-2025-techno-warriors/%28DFS033%29%2010.%20eVADE%20-%20NLD25_Netlabel%20Day%202025%20Techno%20Warriors.wav,234.1,dancefloor-socialism-netlabel,Techno; Acid; Hard Techno; Acid House; House; Tech-House; Minimal; Minimal Techno; Electro; Breaks; Schranz; Hardgroove;
dfs006-dj-muthafukka-turkish-delight-ep,DJ Muthafukka,Turkish Delight (Original Mix),2020,dancefloor-socialism-netlabel,https://creativecommons.org/licenses/by-nc-nd/4.0/,https://archive.org/download/dfs006-dj-muthafukka-turkish-delight-ep/%28DFS%20006%29%2001.%20DJ%20Muthafukka%20-%20Turkish%20Delight%20%28Original%20Mix%29.wav,378.9,dancefloor-socialism-netlabel,PsyTrance; Techno; Hard Techno; Dj Muthafukka; The D3VI7; Dancefloor Socialism
dfs006-dj-muthafukka-turkish-delight-ep,DJ Muthafukka,Turkish Delight (THE D3VI7 Psy Remix),2020,dancefloor-socialism-netlabel,https://creativecommons.org/licenses/by-nc-nd/4.0/,https://archive.org/download/dfs006-dj-muthafukka-turkish-delight-ep/%28DFS%20006%29%2002.%20DJ%20Muthafukka%20-%20Turkish%20Delight%20%28THE%20D3VI7%20Psy%20Remix%29.wav,424.3,dancefloor-socialism-netlabel,PsyTrance; Techno; Hard Techno; Dj Muthafukka; The D3VI7; Dancefloor Socialism
CTRX011,Inquieto,inquieto - noppera - bo,2025,opensource_audio,https://creativecommons.org/licenses/by-nc-nd/4.0/,https://archive.org/download/CTRX011/Inquieto%20-%20Noppera%20-%20Bo.flac,360.0,opensource_audio,Schranz; Schrnz; Hardtechno; Hard techno; Techno; Schranz Techno; Schranz Remix; Net Labels
nuke016-euro-latam-techno-alliance-nuke-vol.16,EURO-LATAM Techno Alliance,Nuke Vol. 16,2023,nuke-the-planet-netlabel,https://creativecommons.org/licenses/by-nc-nd/4.0/,https://archive.org/download/nuke016-euro-latam-techno-alliance-nuke-vol.16/%28NUKE016%29%20EURO-LATAM%20Techno%20Alliance%20-%20Nuke%20Vol.%2016.wav,206.5,nuke-the-planet-netlabel,Hardcore; Habba; Hard Techno; EURO-LATAM Techno Alliance
INQMCR,Inquieto,inquieto - murni charicha [hard mix],2026,opensource_audio,https://creativecommons.org/licenses/by-nc-nd/4.0/,https://archive.org/download/INQMCR/Inquieto%20-%20Murni%20Charicha%20%5BHard%20mix%5D.mp3,296.8,opensource_audio,techno; hardtechno; remixes; bootleg; hard techno; techno; melodic mix; hard mix; free download; 320k files; netlabels
INQMCR,Inquieto,inquieto - murni charicha [melodic mix],2026,opensource_audio,https://creativecommons.org/licenses/by-nc-nd/4.0/,https://archive.org/download/INQMCR/Inquieto%20-%20Murni%20Charicha%20%5BMelodic%20Mix%5D.mp3,339.8,opensource_audio,techno; hardtechno; remixes; bootleg; hard techno; techno; melodic mix; hard mix; free download; 320k files; netlabels
fressen020-pasquale-maassen-demonica-ep,Pasquale Maassen,Demonica,2026,fresscode-records-netlabel,https://creativecommons.org/licenses/by-nc-nd/4.0/,https://archive.org/download/fressen020-pasquale-maassen-demonica-ep/%28Fressen020%29%2001.%20Pasquale%20Maassen%20-%20Demonica_Demonica%20EP.wav,362.7,fresscode-records-netlabel,Techno; Detroit; Hard Techno; Pasquale Maassen; Fresscode Records
fressen020-pasquale-maassen-demonica-ep,Pasquale Maassen,Stompin #2,2026,fresscode-records-netlabel,https://creativecommons.org/licenses/by-nc-nd/4.0/,https://archive.org/download/fressen020-pasquale-maassen-demonica-ep/%28Fressen020%29%2002.%20Pasquale%20Maassen%20-%20Stompin%20%232_Demonica%20EP.wav,366.7,fresscode-records-netlabel,Techno; Detroit; Hard Techno; Pasquale Maassen; Fresscode Records
fressen020-pasquale-maassen-demonica-ep,Pasquale Maassen,Vandal Hearts,2026,fresscode-records-netlabel,https://creativecommons.org/licenses/by-nc-nd/4.0/,https://archive.org/download/fressen020-pasquale-maassen-demonica-ep/%28Fressen020%29%2003.%20Pasquale%20Maassen%20-%20Vandal%20Hearts_Demonica%20EP.wav,563.8,fresscode-records-netlabel,Techno; Detroit; Hard Techno; Pasquale Maassen; Fresscode Records
PPFGSINQ016,Inquieto,inquieto - ppfgs,2023,opensource_audio,https://creativecommons.org/licenses/by-nc-nd/4.0/,https://archive.org/download/PPFGSINQ016/01.%20Inquieto%20-%20PPFGs.flac,345.6,opensource_audio,HardTechno; Hardtechno; Techno; Net Labels; Underground HardTechno; Techno Hard; Hard techno; Hard; Underground Hard Tec
p082-4zzz1-brain-fuckers-ep,4ZZZ1,Untitled 5,2019,psychocandies-netlabel,https://creativecommons.org/licenses/by-nc-nd/4.0/,https://archive.org/download/p082-4zzz1-brain-fuckers-ep/%28P082%29%2001.%204ZZZ1%20-%20Untitled%205_Brain%20Fuckers%20EP.wav,300.9,psychocandies-netlabel,Acid; Techno; Acid Techno; Hard Techno; Hard Acid Techno; 4ZZZ1; Psychocandies
p082-4zzz1-brain-fuckers-ep,4ZZZ1,Untitled 6,2019,psychocandies-netlabel,https://creativecommons.org/licenses/by-nc-nd/4.0/,https://archive.org/download/p082-4zzz1-brain-fuckers-ep/%28P082%29%2002.%204ZZZ1%20-%20Untitled%206_Brain%20Fuckers%20EP.wav,281.6,psychocandies-netlabel,Acid; Techno; Acid Techno; Hard Techno; Hard Acid Techno; 4ZZZ1; Psychocandies
p082-4zzz1-brain-fuckers-ep,4ZZZ1,Untitled 7,2019,psychocandies-netlabel,https://creativecommons.org/licenses/by-nc-nd/4.0/,https://archive.org/download/p082-4zzz1-brain-fuckers-ep/%28P082%29%2003.%204ZZZ1%20-%20Untitled%207_Brain%20Fuckers%20EP.wav,368.6,psychocandies-netlabel,Acid; Techno; Acid Techno; Hard Techno; Hard Acid Techno; 4ZZZ1; Psychocandies
fressen001-pakistan-techno-force-fergus-ep,Pakistand Techno Force,Creed,2018,fresscode-records-netlabel,https://creativecommons.org/licenses/by-nc-nd/4.0/,https://archive.org/download/fressen001-pakistan-techno-force-fergus-ep/%28Fressen001%29%2001.%20Pakistan%20Techno%20Force%20-%20Creed_Fergus%20EP.wav,329.2,fresscode-records-netlabel,Techno; Hard Techno; Dark Techno; Schranz; Pakistan Techno Force; Fresscode Records
fressen001-pakistan-techno-force-fergus-ep,Pakistand Techno Force,DropBall,2018,fresscode-records-netlabel,https://creativecommons.org/licenses/by-nc-nd/4.0/,https://archive.org/download/fressen001-pakistan-techno-force-fergus-ep/%28Fressen001%29%2002.%20Pakistan%20Techno%20Force%20-%20DropBall_Fergus%20EP.wav,322.6,fresscode-records-netlabel,Techno; Hard Techno; Dark Techno; Schranz; Pakistan Techno Force; Fresscode Records
fressen001-pakistan-techno-force-fergus-ep,Pakistand Techno Force,Katakombs,2018,fresscode-records-netlabel,https://creativecommons.org/licenses/by-nc-nd/4.0/,https://archive.org/download/fressen001-pakistan-techno-force-fergus-ep/%28Fressen001%29%2003.%20Pakistan%20Techno%20Force%20-%20Katakombs_Fergus%20EP.wav,315.9,fresscode-records-netlabel,Techno; Hard Techno; Dark Techno; Schranz; Pakistan Techno Force; Fresscode Records
01-inquieto-tunel-68-original-mix-master,Inquieto,inquieto - tunel 68 (original mix)_master,2025,hifidelity_potpourri,https://creativecommons.org/licenses/by-nc-nd/4.0/,https://archive.org/download/01-inquieto-tunel-68-original-mix-master/01%20-%20Inquieto%20-%20Tunel%2068%20%28Original%20Mix%29_master.mp3,408.5,hifidelity_potpourri,Hard Techno; Hardtechno; Hardtrance; Hard Trance; Techno; DJ Tool; Net Labels; NetLabels; Underground HardTechno; Techno
01-inquieto-tunel-68-original-mix-master,Inquieto,inquieto - tunel 68 (james jamz riddell remix)_master,2025,hifidelity_potpourri,https://creativecommons.org/licenses/by-nc-nd/4.0/,https://archive.org/download/01-inquieto-tunel-68-original-mix-master/02%20-%20Inquieto%20-%20Tunel%2068%20%28James%20Jamz%20Riddell%20Remix%29_master.mp3,343.8,hifidelity_potpourri,Hard Techno; Hardtechno; Hardtrance; Hard Trance; Techno; DJ Tool; Net Labels; NetLabels; Underground HardTechno; Techno
01-inquieto-tunel-68-original-mix-master,Inquieto,inquieto - tunel 68 (lively racket remix)_master,2025,hifidelity_potpourri,https://creativecommons.org/licenses/by-nc-nd/4.0/,https://archive.org/download/01-inquieto-tunel-68-original-mix-master/03%20-%20Inquieto%20-%20Tunel%2068%20%28Lively%20Racket%20Remix%29_master.mp3,297.9,hifidelity_potpourri,Hard Techno; Hardtechno; Hardtrance; Hard Trance; Techno; DJ Tool; Net Labels; NetLabels; Underground HardTechno; Techno
01-inquieto-tunel-68-original-mix-master,Inquieto,inquieto - tunel 68 (p4xv remix)_master,2025,hifidelity_potpourri,https://creativecommons.org/licenses/by-nc-nd/4.0/,https://archive.org/download/01-inquieto-tunel-68-original-mix-master/04%20-%20Inquieto%20-%20Tunel%2068%20%28P4XV%20Remix%29_master.mp3,312.9,hifidelity_potpourri,Hard Techno; Hardtechno; Hardtrance; Hard Trance; Techno; DJ Tool; Net Labels; NetLabels; Underground HardTechno; Techno
01-inquieto-tunel-68-original-mix-master,Inquieto,inquieto - tunel 68 (heroescat_ remix)_master,2025,hifidelity_potpourri,https://creativecommons.org/licenses/by-nc-nd/4.0/,https://archive.org/download/01-inquieto-tunel-68-original-mix-master/05%20-%20Inquieto%20-%20Tunel%2068%20%28heroescat_%20Remix%29_master.mp3,326.8,hifidelity_potpourri,Hard Techno; Hardtechno; Hardtrance; Hard Trance; Techno; DJ Tool; Net Labels; NetLabels; Underground HardTechno; Techno
01-inquieto-tunel-68-original-mix-master,Inquieto,inquieto - tunel 68 (niki snow remix)_master,2025,hifidelity_potpourri,https://creativecommons.org/licenses/by-nc-nd/4.0/,https://archive.org/download/01-inquieto-tunel-68-original-mix-master/06%20-%20Inquieto%20-%20Tunel%2068%20%28Niki%20Snow%20Remix%29_master.mp3,395.7,hifidelity_potpourri,Hard Techno; Hardtechno; Hardtrance; Hard Trance; Techno; DJ Tool; Net Labels; NetLabels; Underground HardTechno; Techno
01-inquieto-tunel-68-original-mix-master,Inquieto,inquieto - tunel 68 (debuggin remix)_master,2025,hifidelity_potpourri,https://creativecommons.org/licenses/by-nc-nd/4.0/,https://archive.org/download/01-inquieto-tunel-68-original-mix-master/07%20-%20Inquieto%20-%20Tunel%2068%20%28Debuggin%20Remix%29_master.mp3,335.6,hifidelity_potpourri,Hard Techno; Hardtechno; Hardtrance; Hard Trance; Techno; DJ Tool; Net Labels; NetLabels; Underground HardTechno; Techno
user093-user99899889988-cave-ep,user99899889988,Cavemen,2026,opensource_audio,https://creativecommons.org/licenses/by-nc-nd/4.0/,https://archive.org/download/user093-user99899889988-cave-ep/%28USER093%29%2001.%20user99899889988%20-%20Cavemen_Cave%20EP.wav,325.8,opensource_audio,Techno; Acid; HArd Techno; USER Records; user99899889988
user093-user99899889988-cave-ep,user99899889988,Energy,2026,opensource_audio,https://creativecommons.org/licenses/by-nc-nd/4.0/,https://archive.org/download/user093-user99899889988-cave-ep/%28USER093%29%2002.%20user99899889988%20-%20Energy_Cave%20EP.wav,387.5,opensource_audio,Techno; Acid; HArd Techno; USER Records; user99899889988
INQTRS022,Inquieto,inquieto - de madrugada ,01/0,opensource_audio,https://creativecommons.org/licenses/by-nc-nd/4.0/,https://archive.org/download/INQTRS022/INQUIETO%20-%20DE%20MADRUGADA%20.wav,506.3,opensource_audio,ep; techno; hardtechno; micelaneous; acid techno; technic; Hard Techno; Hard Trance; Hardtechno; Techno; DJ Tool; Net La
INQTRS022,Inquieto,inquieto - pirotecnico ,01/0,opensource_audio,https://creativecommons.org/licenses/by-nc-nd/4.0/,https://archive.org/download/INQTRS022/INQUIETO%20-%20PIROTECNICO%20.wav,503.2,opensource_audio,ep; techno; hardtechno; micelaneous; acid techno; technic; Hard Techno; Hard Trance; Hardtechno; Techno; DJ Tool; Net La
fressen008-techno-botts-bretter-techno-ep,TechnoBotts,I V Reaction,2020,fresscode-records-netlabel,https://creativecommons.org/licenses/by-nc-nd/4.0/,https://archive.org/download/fressen008-techno-botts-bretter-techno-ep/%28Fressen008%29%2001.%20TechnoBotts%20-%20I%20V%20Reaction_Bretter%20Techno%20EP.wav,308.3,fresscode-records-netlabel,Techno; Hard Techno; Acid Techno; Dark Techno; Techno Botts; Fresscode Records
fressen008-techno-botts-bretter-techno-ep,TechnoBotts,Self Propellered Gun,2020,fresscode-records-netlabel,https://creativecommons.org/licenses/by-nc-nd/4.0/,https://archive.org/download/fressen008-techno-botts-bretter-techno-ep/%28Fressen008%29%2002.%20TechnoBotts%20-%20Self%20Propellered%20Gun_Bretter%20Techno%20EP.wav,338.1,fresscode-records-netlabel,Techno; Hard Techno; Acid Techno; Dark Techno; Techno Botts; Fresscode Records
fressen008-techno-botts-bretter-techno-ep,TechnoBotts,The Boy From Ipanema,2020,fresscode-records-netlabel,https://creativecommons.org/licenses/by-nc-nd/4.0/,https://archive.org/download/fressen008-techno-botts-bretter-techno-ep/%28Fressen008%29%2003.%20TechnoBotts%20-%20The%20Boy%20From%20Ipanema_Bretter%20Techno%20EP.wav,357.9,fresscode-records-netlabel,Techno; Hard Techno; Acid Techno; Dark Techno; Techno Botts; Fresscode Records
p155-the-d3vi7-paint-it-acid-vol.-04,THE D3VI7,Paint It Acid (VII),2026,psychocandies-netlabel,https://creativecommons.org/licenses/by-nc-nd/4.0/,https://archive.org/download/p155-the-d3vi7-paint-it-acid-vol.-04/%28P155%29%2001.%20THE%20D3VI7%20-%20Paint%20It%20Acid%20%28VII%29_Paint%20It%20Acid%20Vol.%2004.wav,223.4,psychocandies-netlabel,Techno; Hard Techno; Industrial Techno; Breaks; Acid; Acid Techno; THE D3VI7; Psychocandies
p155-the-d3vi7-paint-it-acid-vol.-04,THE D3VI7,Paint It Acid (VIII),2026,psychocandies-netlabel,https://creativecommons.org/licenses/by-nc-nd/4.0/,https://archive.org/download/p155-the-d3vi7-paint-it-acid-vol.-04/%28P155%29%2002.%20THE%20D3VI7%20-%20Paint%20It%20Acid%20%28VIII%29_Paint%20It%20Acid%20Vol.%2004.wav,239.4,psychocandies-netlabel,Techno; Hard Techno; Industrial Techno; Breaks; Acid; Acid Techno; THE D3VI7; Psychocandies
p073-unknown-war-heads-timebomb-ep,Unknown War Heads,Daddys Riders,2019,psychocandies-netlabel,https://creativecommons.org/licenses/by-nc-nd/4.0/,https://archive.org/download/p073-unknown-war-heads-timebomb-ep/%28P073%29%2001.%20Unknown%20War%20Heads%20-%20Daddys%20Riders_Timebomb%20EP.wav,337.3,psychocandies-netlabel,Acid; Techno; Hard Techno; Hard Acid Techno; UUnknown War Heads; Psychcoandies
p073-unknown-war-heads-timebomb-ep,Unknown War Heads,Kalium,2019,psychocandies-netlabel,https://creativecommons.org/licenses/by-nc-nd/4.0/,https://archive.org/download/p073-unknown-war-heads-timebomb-ep/%28P073%29%2002.%20Unknown%20War%20Heads%20-%20Kalium_Timebomb%20EP.wav,360.4,psychocandies-netlabel,Acid; Techno; Hard Techno; Hard Acid Techno; UUnknown War Heads; Psychcoandies
p073-unknown-war-heads-timebomb-ep,Unknown War Heads,Pretty Pinku,2019,psychocandies-netlabel,https://creativecommons.org/licenses/by-nc-nd/4.0/,https://archive.org/download/p073-unknown-war-heads-timebomb-ep/%28P073%29%2003.%20Unknown%20War%20Heads%20-%20Patty%20Pinku_Timebomb%20EP.wav,371.0,psychocandies-netlabel,Acid; Techno; Hard Techno; Hard Acid Techno; UUnknown War Heads; Psychcoandies
3.-berba-dishes-mmm,Berba PT,Cooking Cookies,2023,opensource_audio,https://creativecommons.org/licenses/by-nd/4.0/,https://archive.org/download/3.-berba-dishes-mmm/1.%20Berba%20-%20Cooking%20%20Cookies%20MMM.mp3,378.0,opensource_audio,dark; techno; electronic; hard techno; underground techno; dystopian; electronica; hardtechno; idm; industrial; industri
3.-berba-dishes-mmm,Berba PT,Mechanical Body,2023,opensource_audio,https://creativecommons.org/licenses/by-nd/4.0/,https://archive.org/download/3.-berba-dishes-mmm/2.%20Berba%20-%20Mechanical%20Body%20MMM.mp3,377.2,opensource_audio,dark; techno; electronic; hard techno; underground techno; dystopian; electronica; hardtechno; idm; industrial; industri
3.-berba-dishes-mmm,Berba PT,Dishes,2023,opensource_audio,https://creativecommons.org/licenses/by-nd/4.0/,https://archive.org/download/3.-berba-dishes-mmm/3.%20Berba%20-%20Dishes%20MMM.mp3,389.3,opensource_audio,dark; techno; electronic; hard techno; underground techno; dystopian; electronica; hardtechno; idm; industrial; industri
3.-berba-dishes-mmm,Berba PT,911,2023,opensource_audio,https://creativecommons.org/licenses/by-nd/4.0/,https://archive.org/download/3.-berba-dishes-mmm/4.%20Berba%20-%20911%20MMM.mp3,295.0,opensource_audio,dark; techno; electronic; hard techno; underground techno; dystopian; electronica; hardtechno; idm; industrial; industri
fressen007-afflicted-district-ep,AFFLICTED,District,2020,fresscode-records-netlabel,https://creativecommons.org/licenses/by-nc-nd/4.0/,https://archive.org/download/fressen007-afflicted-district-ep/01.%20AFFLICTED%20-%20District.wav,336.7,fresscode-records-netlabel,Techno; Hard Techno; Dark Techno; Schranz; Acid Techno; AFFLICTED; Fresscode Records
fressen007-afflicted-district-ep,AFFLICTED,E.W.T.B.S.,2020,fresscode-records-netlabel,https://creativecommons.org/licenses/by-nc-nd/4.0/,https://archive.org/download/fressen007-afflicted-district-ep/02.%20AFFLICTED%20-%20E.W.T.B.S.wav,385.0,fresscode-records-netlabel,Techno; Hard Techno; Dark Techno; Schranz; Acid Techno; AFFLICTED; Fresscode Records
fressen007-afflicted-district-ep,AFFLICTED,Psychodoc,2020,fresscode-records-netlabel,https://creativecommons.org/licenses/by-nc-nd/4.0/,https://archive.org/download/fressen007-afflicted-district-ep/03.%20AFFLICTED%20-%20Psychodoc.wav,371.0,fresscode-records-netlabel,Techno; Hard Techno; Dark Techno; Schranz; Acid Techno; AFFLICTED; Fresscode Records
spp_20241010,Inquieto,Solo para profesionales,11/0,opensource_audio,https://creativecommons.org/licenses/by-nc-nd/4.0/,https://archive.org/download/spp_20241010/Inquieto%20-%20Solo%20para%20profesionales.mp3,460.2,opensource_audio,#rave; Hard Techno; Hardtechno; Techno; DJ Tool; Net Labels; NetLabels; Underground Techno; Techno Hard; TechnoHard; Und
dfs023-atheist-if-jesus-was-a-raver-ep,Atheist,If Jesus Was A Raver,2023,dancefloor-socialism-netlabel,https://creativecommons.org/licenses/by-nc-nd/4.0/,https://archive.org/download/dfs023-atheist-if-jesus-was-a-raver-ep/%28DFS023%29%2001.%20Atheist%20-%20If%20Jesus%20Was%20A%20Raver_If%20Jesus%20Was%20A%20Raver%20EP.wav,394.0,dancefloor-socialism-netlabel,Techno; Hard Techno; Schranz; Hardgroove; Atheist; DANCEFLOOR SOCIALISM
dfs023-atheist-if-jesus-was-a-raver-ep,Atheist,The Horns Of Jericho,2023,dancefloor-socialism-netlabel,https://creativecommons.org/licenses/by-nc-nd/4.0/,https://archive.org/download/dfs023-atheist-if-jesus-was-a-raver-ep/%28DFS023%29%2002.%20Atheist%20-%20The%20Horns%20Of%20Jericho_If%20Jesus%20Was%20A%20Raver%20EP.wav,502.3,dancefloor-socialism-netlabel,Techno; Hard Techno; Schranz; Hardgroove; Atheist; DANCEFLOOR SOCIALISM
ACR002,Inquieto,inquieto - kidagakash [original mix],2026,opensource_audio,https://creativecommons.org/licenses/by-nc-nd/4.0/,https://archive.org/download/ACR002/Inquieto%20-%20Kidagakash%20%5BOriginal%20mix%5D.flac,306.0,opensource_audio,Hard Techno; Hard Techno; Hard Trance; Techno; Net Labels; Underground HardTechno; Techno Psy; Techno Hard
user089-user01324534577-fast-ep,user01324534577,Fast Pace (Main Mix),2026,user-records-netlabel,https://creativecommons.org/licenses/by-nc-nd/4.0/,https://archive.org/download/user089-user01324534577-fast-ep/%28USER089%29%2001.%20user01324534577%20-%20Fast%20Pace%20%28Main%20Mix%29_Fast%20EP.wav,443.1,user-records-netlabel,Techno; Trance; Hard Techno; Acid; Acid Techno; user01324534577; USER REcords
user089-user01324534577-fast-ep,user01324534577,Kultur Ist Kein Luxus,2026,user-records-netlabel,https://creativecommons.org/licenses/by-nc-nd/4.0/,https://archive.org/download/user089-user01324534577-fast-ep/%28USER089%29%2002.%20user01324534577%20-%20Kultur%20Ist%20Kein%20Luxus_Fast%20EP.wav,450.1,user-records-netlabel,Techno; Trance; Hard Techno; Acid; Acid Techno; user01324534577; USER REcords
inquieto-and-o-inco-gnitoo-you-call-that-schranz,Inquieto,inquieto and •incøgnitø• - techno malfunction,2025,opensource_audio,https://creativecommons.org/licenses/by-nc-nd/4.0/,https://archive.org/download/inquieto-and-o-inco-gnitoo-you-call-that-schranz/Inquieto%20And%20%E2%80%A2INC%C3%98GNIT%C3%98%E2%80%A2%20-%20Techno%20Malfunction.mp3,346.7,opensource_audio,rave; Hard Techno; Hardtechno; Techno; DJ Tool; Net Labels; Underground HardTechno; NetLabels; Schranz; Schrnz; Schranz 
inquieto-and-o-inco-gnitoo-you-call-that-schranz,Inquieto,inquieto and •incøgnitø• - you call that schranz,2025,opensource_audio,https://creativecommons.org/licenses/by-nc-nd/4.0/,https://archive.org/download/inquieto-and-o-inco-gnitoo-you-call-that-schranz/Inquieto%20And%20%E2%80%A2INC%C3%98GNIT%C3%98%E2%80%A2%20-%20You%20call%20that%20schranz.mp3,381.6,opensource_audio,rave; Hard Techno; Hardtechno; Techno; DJ Tool; Net Labels; Underground HardTechno; NetLabels; Schranz; Schrnz; Schranz 
dfs024--technobotts-reaction-ep,TechnoBotts,Reaction,2024,dancefloor-socialism-netlabel,https://creativecommons.org/licenses/by-nc-nd/4.0/,https://archive.org/download/dfs024--technobotts-reaction-ep/%28DFS024%29%2001.%20TechnoBotts%20-%20Reaction_Reaction%20EP.wav,359.1,dancefloor-socialism-netlabel,Techno; Hard Techno; Acid; TechnoBotts; DANCEFLOOR SOCIALISM
dfs024--technobotts-reaction-ep,TechnoBotts,Old Money,2024,dancefloor-socialism-netlabel,https://creativecommons.org/licenses/by-nc-nd/4.0/,https://archive.org/download/dfs024--technobotts-reaction-ep/%28DFS024%29%2002.%20TechnoBotts%20-%20Old%20Money_Reaction%20EP.wav,330.2,dancefloor-socialism-netlabel,Techno; Hard Techno; Acid; TechnoBotts; DANCEFLOOR SOCIALISM
SinretornoEP,Inquieto,inquieto - full me the pipe (original mix),2024,hifidelity_potpourri,https://creativecommons.org/licenses/by-nc-nd/4.0/,https://archive.org/download/SinretornoEP/Inquieto%20-%20Full%20me%20the%20Pipe%20%28Original%20Mix%29.mp3,400.3,hifidelity_potpourri,techno; Techno.; techno-industrial; techno and variations; tecno; acid; acid techno; acidtechno; Hard Techno; Hard Tranc
SinretornoEP,Inquieto,inquieto - la vilca (original mix),2024,hifidelity_potpourri,https://creativecommons.org/licenses/by-nc-nd/4.0/,https://archive.org/download/SinretornoEP/Inquieto%20-%20La%20Vilca%20%28Original%20Mix%29.mp3,419.3,hifidelity_potpourri,techno; Techno.; techno-industrial; techno and variations; tecno; acid; acid techno; acidtechno; Hard Techno; Hard Tranc
SinretornoEP,Inquieto,inquieto - metalic dog (original mix),2024,hifidelity_potpourri,https://creativecommons.org/licenses/by-nc-nd/4.0/,https://archive.org/download/SinretornoEP/Inquieto%20-%20Metalic%20Dog%20%28Original%20Mix%29.mp3,328.1,hifidelity_potpourri,techno; Techno.; techno-industrial; techno and variations; tecno; acid; acid techno; acidtechno; Hard Techno; Hard Tranc
fressen017-pakistan-techno-force-bugs-in-space-ep_202407,Pakistan Techno Force,Bugs In Space,2024,fresscode-records-netlabel,https://creativecommons.org/licenses/by-nc-nd/4.0/,https://archive.org/download/fressen017-pakistan-techno-force-bugs-in-space-ep_202407/%28Fressen017%29%2001.%20Pakistan%20Techno%20Force%20-%20Bugs%20in%20Space_Bugs%20In%20Space%20EP.wav,355.3,fresscode-records-netlabel,Techno; Hard Techno; Pakistan Techno Force; Fresscode Records
fressen017-pakistan-techno-force-bugs-in-space-ep_202407,Pakistan Techno Force,Bouncer,2024,fresscode-records-netlabel,https://creativecommons.org/licenses/by-nc-nd/4.0/,https://archive.org/download/fressen017-pakistan-techno-force-bugs-in-space-ep_202407/%28Fressen017%29%2002.%20Pakistan%20Techno%20Force%20-%20Bouncer_Bugs%20In%20Space%20EP.wav,355.5,fresscode-records-netlabel,Techno; Hard Techno; Pakistan Techno Force; Fresscode Records
fressen017-pakistan-techno-force-bugs-in-space-ep_202407,Pakistan Techno Force,Randomise,2024,fresscode-records-netlabel,https://creativecommons.org/licenses/by-nc-nd/4.0/,https://archive.org/download/fressen017-pakistan-techno-force-bugs-in-space-ep_202407/%28Fressen017%29%2003.%20Pakistan%20Techno%20Force%20-%20Radomise_Bugs%20In%20Space%20EP.wav,367.8,fresscode-records-netlabel,Techno; Hard Techno; Pakistan Techno Force; Fresscode Records
dfs004-the-d3vi7-temple-ep,THE D3VI7,Temple (Original Mix),2020,dancefloor-socialism-netlabel,https://creativecommons.org/licenses/by-nc-nd/4.0/,https://archive.org/download/dfs004-the-d3vi7-temple-ep/%28DFS%20004%29%2001.%20THE%20D3VI7%20-%20Temple%20%28Original%20Mix%29_Temple%20EP%20%2B%20P.T.B.S.%20%26%20Hanzzo%20Remixes.wav,368.1,dancefloor-socialism-netlabel,Techno; Hard Techno; Acid; The DE3VI7; Hanzzo; P.T.B.S.; Remix; Dancefloor Socialism
dfs004-the-d3vi7-temple-ep,THE D3VI7,Temple (P.T.B.S. Remix),2020,dancefloor-socialism-netlabel,https://creativecommons.org/licenses/by-nc-nd/4.0/,https://archive.org/download/dfs004-the-d3vi7-temple-ep/%28DFS%20004%29%2002.%20THE%20D3VI7%20-%20Temple%20%28P.T.B.S.%20Remix%29_Temple%20EP%20%2B%20P.T.B.S.%20%26%20Hanzzo%20Remixes.wav,346.9,dancefloor-socialism-netlabel,Techno; Hard Techno; Acid; The DE3VI7; Hanzzo; P.T.B.S.; Remix; Dancefloor Socialism
dfs004-the-d3vi7-temple-ep,THE D3VI7,Temple (Hanzzo Remix),2020,dancefloor-socialism-netlabel,https://creativecommons.org/licenses/by-nc-nd/4.0/,https://archive.org/download/dfs004-the-d3vi7-temple-ep/%28DFS%20004%29%2003.%20THE%20D3VI7%20-%20Temple%20%28Hanzzo%20Remix%29_Temple%20EP.wav,374.8,dancefloor-socialism-netlabel,Techno; Hard Techno; Acid; The DE3VI7; Hanzzo; P.T.B.S.; Remix; Dancefloor Socialism
rotura-xxl-the-crow-inquieto-remix,"Rotura XXL, Inquieto",rotura xxl - the crow (inquieto remix),2024,opensource_audio,https://creativecommons.org/licenses/by-nc-nd/4.0/,https://archive.org/download/rotura-xxl-the-crow-inquieto-remix/ROTURA%20XXL%20-%20The%20Crow%20%28Inquieto%20Remix%29.mp3,396.9,opensource_audio,techno; hardtechno; hardcore; hardtecno; underground; techno; Hard Techno; Hard Trance; Hardtrance; Hardtechno; Techno; 
dfs-022-afflicted-hanzzo--du-weib-ep,AFFLICTED & Hanzzo,Du Weib (Original Mix),2023,dancefloor-socialism-netlabel,https://creativecommons.org/licenses/by-nc-nd/4.0/,https://archive.org/download/dfs-022-afflicted-hanzzo--du-weib-ep/%28DFS022%29%2001.%20AFFLICTED%20%26%20Hanzzo%20-%20Du%20Weib%20%28Original%20Mix%29_Du%20Weib%20EP.wav,323.9,dancefloor-socialism-netlabel,Techno; Hard Techno; Tech-House; AFFLICTED; DJ Nightnoise; DANCEFLOOR SOCIALISM
dfs-022-afflicted-hanzzo--du-weib-ep,AFFLICTED & Hanzzo,Du Weib (DJ Nightnoise Deep Atmosphere Remix),2023,dancefloor-socialism-netlabel,https://creativecommons.org/licenses/by-nc-nd/4.0/,https://archive.org/download/dfs-022-afflicted-hanzzo--du-weib-ep/%28DFS022%29%2002.%20AFFLICTED%20%26%20Hanzzo%20-%20Du%20Weib%20%28DJ%20Nightnoise%20Deep%20Atmosphere%20Remix%29_Du%20Weib%20EP.wav,452.8,dancefloor-socialism-netlabel,Techno; Hard Techno; Tech-House; AFFLICTED; DJ Nightnoise; DANCEFLOOR SOCIALISM
dfs020-johann-schwengel-strange-things-ep,Johann Schwengel,Vitalpower,2023,dancefloor-socialism-netlabel,https://creativecommons.org/licenses/by-nc-nd/4.0/,https://archive.org/download/dfs020-johann-schwengel-strange-things-ep/%28DFS020%29%2001.%20Johann%20Schwengel%20-%20Vitalpower_Strange%20Things%20EP.wav,359.4,dancefloor-socialism-netlabel,Techno; Acid; HArd Techno; Johann Schwengel; DANCEFLOOR SOCIALISM
dfs020-johann-schwengel-strange-things-ep,Johann Schwengel,Strange Things,2023,dancefloor-socialism-netlabel,https://creativecommons.org/licenses/by-nc-nd/4.0/,https://archive.org/download/dfs020-johann-schwengel-strange-things-ep/%28DFS020%29%2002.%20Johann%20Schwengel%20-%20Strange%20Things_Strange%20Things%20EP.wav,344.0,dancefloor-socialism-netlabel,Techno; Acid; HArd Techno; Johann Schwengel; DANCEFLOOR SOCIALISM
TI4MDF,Inquieto,inquieto - detected,2024,opensource_audio,https://creativecommons.org/licenses/by-nc-nd/4.0/,https://archive.org/download/TI4MDF/Inquieto%20-%20Detected.mp3,413.7,opensource_audio,rave; techno; hardtechno; hardcore; hardtecno; tecno; Hard Techno; Hard Trance; Hardtrance; Hardtechno; Techno; Deep Web
TI4MDF,Inquieto,inquieto - this is for my dead friends,2024,opensource_audio,https://creativecommons.org/licenses/by-nc-nd/4.0/,https://archive.org/download/TI4MDF/Inquieto%20-%20This%20is%20for%20my%20dead%20friends.mp3,399.7,opensource_audio,rave; techno; hardtechno; hardcore; hardtecno; tecno; Hard Techno; Hard Trance; Hardtrance; Hardtechno; Techno; Deep Web
sex-production,Matias Jose Espejo Antognoli = Svecent,sex production,2023,opensource_audio,https://creativecommons.org/licenses/by-nc-nd/4.0/,https://archive.org/download/sex-production/Sex%20Production.wav,270.2,opensource_audio,Hard techno
fressen003-johann-schwengel-techno-love-ep,Johann Schwengel,Love,2018,fresscode-records-netlabel,https://creativecommons.org/licenses/by-nc-nd/4.0/,https://archive.org/download/fressen003-johann-schwengel-techno-love-ep/%28Fressen003%29%2001.%20Johann%20Schwengel%20-%20Love_Techno%20Love%20EP.wav,334.5,fresscode-records-netlabel,Techno; Hard Techno; Acid Techno; Dark Techno; Schranz; Johann Schwengel; Fresscode Records
fressen003-johann-schwengel-techno-love-ep,Johann Schwengel,Solo Talent,2018,fresscode-records-netlabel,https://creativecommons.org/licenses/by-nc-nd/4.0/,https://archive.org/download/fressen003-johann-schwengel-techno-love-ep/%28Fressen003%29%2002.%20Johann%20Schwengel%20-%20Solo%20Talent_Techno%20Love%20EP.wav,347.9,fresscode-records-netlabel,Techno; Hard Techno; Acid Techno; Dark Techno; Schranz; Johann Schwengel; Fresscode Records
fressen003-johann-schwengel-techno-love-ep,Johann Schwengel,Steppin Out,2018,fresscode-records-netlabel,https://creativecommons.org/licenses/by-nc-nd/4.0/,https://archive.org/download/fressen003-johann-schwengel-techno-love-ep/%28Fressen003%29%2003.%20Johann%20Schwengel%20-%20Steppin%20Out_Techno%20Love%20EP.wav,389.6,fresscode-records-netlabel,Techno; Hard Techno; Acid Techno; Dark Techno; Schranz; Johann Schwengel; Fresscode Records
fressen005-sascha-muller-travel-by-cap-ep,Sascha Müller,Travel By Cap,2019,fresscode-records-netlabel,https://creativecommons.org/licenses/by-nc-nd/4.0/,https://archive.org/download/fressen005-sascha-muller-travel-by-cap-ep/%28Fressen005%29%2001.%20Sascha%20M%C3%BCller%20-%20Travel%20By%20Cap_Travel%20By%20Cap%20EP.wav,390.0,fresscode-records-netlabel,Techno; Hard Techno; Dark Techno; Acid Techno; Schranz; Sascha Müller; Fresscode Records
fressen005-sascha-muller-travel-by-cap-ep,Sascha Müller,Torus,2019,fresscode-records-netlabel,https://creativecommons.org/licenses/by-nc-nd/4.0/,https://archive.org/download/fressen005-sascha-muller-travel-by-cap-ep/%28Fressen005%29%2002.%20Sascha%20M%C3%BCller%20-%20Torus_Travel%20By%20Cap%20EP.wav,382.3,fresscode-records-netlabel,Techno; Hard Techno; Dark Techno; Acid Techno; Schranz; Sascha Müller; Fresscode Records
fressen005-sascha-muller-travel-by-cap-ep,Sascha Müller,Break Night,2019,fresscode-records-netlabel,https://creativecommons.org/licenses/by-nc-nd/4.0/,https://archive.org/download/fressen005-sascha-muller-travel-by-cap-ep/%28Fressen005%29%2003.%20Sascha%20M%C3%BCller%20-%20Break%20Night_Travel%20By%20Cap%20EP.wav,675.1,fresscode-records-netlabel,Techno; Hard Techno; Dark Techno; Acid Techno; Schranz; Sascha Müller; Fresscode Records
dfs016-afflicted-p.t.b.s.-legends-ep,P.T.B.S.,B.T.M. (KNARZ Maschine Remix),2022,dancefloor-socialism-netlabel,https://creativecommons.org/licenses/by-nc-nd/4.0/,https://archive.org/download/dfs016-afflicted-p.t.b.s.-legends-ep/%28DFS016%29%2001.%20P.T.B.S.%20-%20B.T.M.%20%28KNARZ%20Maschine%20Remix%29_Legends%20EP.wav,459.2,dancefloor-socialism-netlabel,Acid; Acid Techno; Hard Techno; Hardcore; Techno; AFFLICTED; P.T.B.S.; THE D3VI7; KNARZ Maschine; DANCEFLOOR SOCIALISM
dfs016-afflicted-p.t.b.s.-legends-ep,AFFLICTED,Kill Somebody (THE D3VI7 Kill Em All Remix),2022,dancefloor-socialism-netlabel,https://creativecommons.org/licenses/by-nc-nd/4.0/,https://archive.org/download/dfs016-afflicted-p.t.b.s.-legends-ep/%28DFS016%29%2002.%20AFFLICTED%20-%20Kill%20Somebody%20%28THE%20D3VI7%20Kill%20Em%20All%20Remix%29_Legends%20EP.wav,264.4,dancefloor-socialism-netlabel,Acid; Acid Techno; Hard Techno; Hardcore; Techno; AFFLICTED; P.T.B.S.; THE D3VI7; KNARZ Maschine; DANCEFLOOR SOCIALISM
p108-ru-dead-42-acid-to-acid-ep,RU DEAD 42,Acid To Acid,2023,psychocandies-netlabel,https://creativecommons.org/licenses/by-nc-nd/4.0/,https://archive.org/download/p108-ru-dead-42-acid-to-acid-ep/%28P108%29%2001.%20RU%20DEAD%2042%20-%20Acid%20To%20Acid_Acid%20To%20Acid%20EP.wav,299.8,psychocandies-netlabel,Acid; Techno; Acid Techno; HArd Techno; RU DEAD 42; Psychocandies
p108-ru-dead-42-acid-to-acid-ep,RU DEAD 42,Acid Jackson,2023,psychocandies-netlabel,https://creativecommons.org/licenses/by-nc-nd/4.0/,https://archive.org/download/p108-ru-dead-42-acid-to-acid-ep/%28P108%29%2002.%20RU%20DEAD%2041%20-%20Acid%20Jackson_Acid%20To%20Acid%20EP.wav,273.3,psychocandies-netlabel,Acid; Techno; Acid Techno; HArd Techno; RU DEAD 42; Psychocandies
p108-ru-dead-42-acid-to-acid-ep,RU DEAD 42,Acid Jackson,2023,psychocandies-netlabel,https://creativecommons.org/licenses/by-nc-nd/4.0/,https://archive.org/download/p108-ru-dead-42-acid-to-acid-ep/%28P108%29%2002.%20RU%20DEAD%2042%20-%20Acid%20Jackson_Acid%20To%20Acid%20EP.mp3,273.3,psychocandies-netlabel,Acid; Techno; Acid Techno; HArd Techno; RU DEAD 42; Psychocandies
p101-the-d3vi7-mantel-der-nacht-ep,THE D3VI7,Der Mantel Der Nacht,2023,psychocandies-netlabel,https://creativecommons.org/licenses/by-nc-nd/4.0/,https://archive.org/download/p101-the-d3vi7-mantel-der-nacht-ep/%28P101%29%2001.%20THE%20D3VI7%20-%20Der%20Mantel%20Der%20Nacht_Mantel%20Der%20Nacht%20EP.wav,411.1,psychocandies-netlabel,Acid; Acid Techno; Hard Acid Techno; Hard Techno; Techno; Psychocandies; THE D3VI7
p101-the-d3vi7-mantel-der-nacht-ep,THE D3VI7,Live In Berlin,2023,psychocandies-netlabel,https://creativecommons.org/licenses/by-nc-nd/4.0/,https://archive.org/download/p101-the-d3vi7-mantel-der-nacht-ep/%28P101%29%2002.%20THE%20D3VI7%20-%20Live%20In%20Berlin_Mantel%20Der%20Nacht%20EP.wav,649.9,psychocandies-netlabel,Acid; Acid Techno; Hard Acid Techno; Hard Techno; Techno; Psychocandies; THE D3VI7
user095-user12121325544-sea-ep,user12121325544,Seaside,2026,user-records-netlabel,https://creativecommons.org/licenses/by-nc-nd/4.0/,https://archive.org/download/user095-user12121325544-sea-ep/%28USER095%29%2001.%20user12121325544%20-%20Seaside_Sea%20EP.wav,371.4,user-records-netlabel,Techno; Acid; HArd Techno; Acid Techno; USER Records; user12121325544
user095-user12121325544-sea-ep,user12121325544,The Source,2026,user-records-netlabel,https://creativecommons.org/licenses/by-nc-nd/4.0/,https://archive.org/download/user095-user12121325544-sea-ep/%28USER095%29%2002.%20user12121325544%20-%20The%20Source_Sea%20EP.wav,500.4,user-records-netlabel,Techno; Acid; HArd Techno; Acid Techno; USER Records; user12121325544
p090-4zzz1-black-acid-ep,4ZZZ1,Black Acid 1,2020,psychocandies-netlabel,https://creativecommons.org/licenses/by-nc-nd/4.0/,https://archive.org/download/p090-4zzz1-black-acid-ep/%28P090%29%2001.%204ZZZ1%20-%20Black%20Acid%201_Black%20Acid%20EP.wav,407.3,psychocandies-netlabel,Acid; Acid Techno; Techno; Hard Techno; Hard Acid Techno; 4ZZZ1; Psychocandies
p090-4zzz1-black-acid-ep,4ZZZ1,Black Acid 2,2020,psychocandies-netlabel,https://creativecommons.org/licenses/by-nc-nd/4.0/,https://archive.org/download/p090-4zzz1-black-acid-ep/%28P090%29%2002.%204ZZZ1%20-%20Black%20Acid%202_Black%20Acid%20EP.wav,328.3,psychocandies-netlabel,Acid; Acid Techno; Techno; Hard Techno; Hard Acid Techno; 4ZZZ1; Psychocandies
p063-3cloneb-true-war-ep,3cloneB,Kanbarra,2018,psychocandies-netlabel,https://creativecommons.org/licenses/by-nc-nd/4.0/,https://archive.org/download/p063-3cloneb-true-war-ep/%28P063%29%2001.%203cloneB%20-%20Kanbarra_True%20War%20EP.wav,381.7,psychocandies-netlabel,Acid; Acid Techno; Hard Techno; Hard Acid Techno; 3cloneB; Psychocandies
p063-3cloneb-true-war-ep,3cloneB,Katapult,2018,psychocandies-netlabel,https://creativecommons.org/licenses/by-nc-nd/4.0/,https://archive.org/download/p063-3cloneb-true-war-ep/%28P063%29%2002.%203cloneB%20-%20Katapult_True%20War%20EP.wav,281.8,psychocandies-netlabel,Acid; Acid Techno; Hard Techno; Hard Acid Techno; 3cloneB; Psychocandies
p063-3cloneb-true-war-ep,3cloneB,On Range,2018,psychocandies-netlabel,https://creativecommons.org/licenses/by-nc-nd/4.0/,https://archive.org/download/p063-3cloneb-true-war-ep/%28P063%29%2003.%203cloneB%20-%20On%20Range_True%20War%20EP.wav,444.5,psychocandies-netlabel,Acid; Acid Techno; Hard Techno; Hard Acid Techno; 3cloneB; Psychocandies
pragmatic,Fraction Studio,a1 - austerity,2022,hifidelity_potpourri,http://creativecommons.org/publicdomain/mark/1.0/,https://archive.org/download/pragmatic/A1%20-%20Austerity.mp3,336.9,hifidelity_potpourri,M.NOMIZED; Blacksmith Productions; K7; noises; hard techno; experimental; distribution
pragmatic,Fraction Studio,a2 - bigamous noises,2022,hifidelity_potpourri,http://creativecommons.org/publicdomain/mark/1.0/,https://archive.org/download/pragmatic/A2%20-%20Bigamous%20Noises.mp3,394.2,hifidelity_potpourri,M.NOMIZED; Blacksmith Productions; K7; noises; hard techno; experimental; distribution
pragmatic,Fraction Studio,a3 - complicated whales,2022,hifidelity_potpourri,http://creativecommons.org/publicdomain/mark/1.0/,https://archive.org/download/pragmatic/A3%20-%20Complicated%20Whales.mp3,467.2,hifidelity_potpourri,M.NOMIZED; Blacksmith Productions; K7; noises; hard techno; experimental; distribution
pragmatic,Fraction Studio,a4 - ruthless girl,2022,hifidelity_potpourri,http://creativecommons.org/publicdomain/mark/1.0/,https://archive.org/download/pragmatic/A4%20-%20Ruthless%20Girl.mp3,450.2,hifidelity_potpourri,M.NOMIZED; Blacksmith Productions; K7; noises; hard techno; experimental; distribution
pragmatic,Fraction Studio,b1 - orphan,2022,hifidelity_potpourri,http://creativecommons.org/publicdomain/mark/1.0/,https://archive.org/download/pragmatic/B1%20-%20Orphan.mp3,599.2,hifidelity_potpourri,M.NOMIZED; Blacksmith Productions; K7; noises; hard techno; experimental; distribution
pragmatic,Fraction Studio,b2 - pragmatic movement,2022,hifidelity_potpourri,http://creativecommons.org/publicdomain/mark/1.0/,https://archive.org/download/pragmatic/B2%20-%20Pragmatic%20Movement.mp3,541.4,hifidelity_potpourri,M.NOMIZED; Blacksmith Productions; K7; noises; hard techno; experimental; distribution
pragmatic,Fraction Studio,b3 - horror mess,2022,hifidelity_potpourri,http://creativecommons.org/publicdomain/mark/1.0/,https://archive.org/download/pragmatic/B3%20-%20Horror%20Mess.mp3,433.4,hifidelity_potpourri,M.NOMIZED; Blacksmith Productions; K7; noises; hard techno; experimental; distribution
dfs007-the-d3vi7-razor-boy-ep,THE D3VI7,Razor Boy (Original Mix),2020,dancefloor-socialism-netlabel,https://creativecommons.org/licenses/by-nc-nd/4.0/,https://archive.org/download/dfs007-the-d3vi7-razor-boy-ep/%28DFS%20007%29%2001.%20THE%20D3VI7%20-%20Razor%20Boy%20%28Original%20Mix%29_Razor%20Boy%20EP.wav,341.1,dancefloor-socialism-netlabel,Hard Techno; Techno; THE D3VI7; Hanzzo; Dancefloor Socialism
dfs007-the-d3vi7-razor-boy-ep,THE D3VI7,Razor Boy (Hanzzo Chaos Remix),2020,dancefloor-socialism-netlabel,https://creativecommons.org/licenses/by-nc-nd/4.0/,https://archive.org/download/dfs007-the-d3vi7-razor-boy-ep/%28DFS%20007%29%2002.%20THE%20D3VI7%20-%20Razor%20Boy%20%28Hanzzo%20Chaos%20Remix%29.wav,364.2,dancefloor-socialism-netlabel,Hard Techno; Techno; THE D3VI7; Hanzzo; Dancefloor Socialism
dfs028-various-netlabel-day-2024-techno-warriors,Sascha Müller,Ibiza,2024,dancefloor-socialism-netlabel,https://creativecommons.org/licenses/by-nc-nd/4.0/,https://archive.org/download/dfs028-various-netlabel-day-2024-techno-warriors/%28DFS028%29%2001.%20Sascha%20M%C3%BCller%20-%20Ibiza_Netlabel%20Day%202024%20Techno%20Warriors.wav,346.8,dancefloor-socialism-netlabel,Techno; Acid; Hard Techno; Tech-House; Minimal Techno; 8-Bit; DANCEFLOOR SOCIALISM
dfs028-various-netlabel-day-2024-techno-warriors,Stanley Hottek,Stupid Love,2024,dancefloor-socialism-netlabel,https://creativecommons.org/licenses/by-nc-nd/4.0/,https://archive.org/download/dfs028-various-netlabel-day-2024-techno-warriors/%28DFS028%29%2002.%20Stanley%20Hottek%20-%20Stupid%20Love_Netlabel%20Day%202024%20Techno%20Warriors.wav,368.2,dancefloor-socialism-netlabel,Techno; Acid; Hard Techno; Tech-House; Minimal Techno; 8-Bit; DANCEFLOOR SOCIALISM
dfs028-various-netlabel-day-2024-techno-warriors,Ohrchitekt,Vollpfosten,2024,dancefloor-socialism-netlabel,https://creativecommons.org/licenses/by-nc-nd/4.0/,https://archive.org/download/dfs028-various-netlabel-day-2024-techno-warriors/%28DFS028%29%2003.%20Ohrchitekt%20-%20Vollpfosten_Netlabel%20Day%202024%20Techno%20Warriors.wav,212.7,dancefloor-socialism-netlabel,Techno; Acid; Hard Techno; Tech-House; Minimal Techno; 8-Bit; DANCEFLOOR SOCIALISM
dfs028-various-netlabel-day-2024-techno-warriors,THE D3VI7,Glue Bond,2024,dancefloor-socialism-netlabel,https://creativecommons.org/licenses/by-nc-nd/4.0/,https://archive.org/download/dfs028-various-netlabel-day-2024-techno-warriors/%28DFS028%29%2004.%20THE%20D3VI7%20-%20Glue%20Bond_Netlabel%20Day%202024%20Techno%20Warriors.wav,423.5,dancefloor-socialism-netlabel,Techno; Acid; Hard Techno; Tech-House; Minimal Techno; 8-Bit; DANCEFLOOR SOCIALISM
dfs028-various-netlabel-day-2024-techno-warriors,Widerwille,Entasis,2024,dancefloor-socialism-netlabel,https://creativecommons.org/licenses/by-nc-nd/4.0/,https://archive.org/download/dfs028-various-netlabel-day-2024-techno-warriors/%28DFS028%29%2005.%20Widerwille%20-%20Entasis_Netlabel%20Day%202024%20Techno%20Warriors.wav,272.0,dancefloor-socialism-netlabel,Techno; Acid; Hard Techno; Tech-House; Minimal Techno; 8-Bit; DANCEFLOOR SOCIALISM
dfs028-various-netlabel-day-2024-techno-warriors,Computer 4000,Temp 9,2024,dancefloor-socialism-netlabel,https://creativecommons.org/licenses/by-nc-nd/4.0/,https://archive.org/download/dfs028-various-netlabel-day-2024-techno-warriors/%28DFS028%29%2006.%20Computer%204000%20-%20Temp%209_Netlabel%20Day%202024%20Techno%20Warriors.wav,312.1,dancefloor-socialism-netlabel,Techno; Acid; Hard Techno; Tech-House; Minimal Techno; 8-Bit; DANCEFLOOR SOCIALISM
dfs028-various-netlabel-day-2024-techno-warriors,"P.T.B.S., Hanzzo & THE D3VI7",Space,2024,dancefloor-socialism-netlabel,https://creativecommons.org/licenses/by-nc-nd/4.0/,https://archive.org/download/dfs028-various-netlabel-day-2024-techno-warriors/%28DFS028%29%2007.%20P.T.B.S.%2C%20Hanzzo%20%26%20THE%20D3VI7%20-%20Space_Netlabel%20Day%202024%20Techno%20Warriors.wav,445.0,dancefloor-socialism-netlabel,Techno; Acid; Hard Techno; Tech-House; Minimal Techno; 8-Bit; DANCEFLOOR SOCIALISM
dfs028-various-netlabel-day-2024-techno-warriors,TieFenRauSch,Anatomy,2024,dancefloor-socialism-netlabel,https://creativecommons.org/licenses/by-nc-nd/4.0/,https://archive.org/download/dfs028-various-netlabel-day-2024-techno-warriors/%28DFS028%29%2008.%20TieFenRauSch%20-%20Anatomy_Netlabel%20Day%202024%20Techno%20Warriors.wav,430.1,dancefloor-socialism-netlabel,Techno; Acid; Hard Techno; Tech-House; Minimal Techno; 8-Bit; DANCEFLOOR SOCIALISM
dfs028-various-netlabel-day-2024-techno-warriors,Nitrogene,Lost Transmission Planet Earth,2024,dancefloor-socialism-netlabel,https://creativecommons.org/licenses/by-nc-nd/4.0/,https://archive.org/download/dfs028-various-netlabel-day-2024-techno-warriors/%28DFS028%29%2009.%20Nitrogene%20-%20Lost%20Transmission%20Planet%20Earth_Netlabel%20Day%202024%20Techno%20Warriors.wav,296.0,dancefloor-socialism-netlabel,Techno; Acid; Hard Techno; Tech-House; Minimal Techno; 8-Bit; DANCEFLOOR SOCIALISM
dfs028-various-netlabel-day-2024-techno-warriors,duality micro & Sascha Müller,Press Start (Edit02),2024,dancefloor-socialism-netlabel,https://creativecommons.org/licenses/by-nc-nd/4.0/,https://archive.org/download/dfs028-various-netlabel-day-2024-techno-warriors/%28DFS028%29%2010.%20duality%20micro%20%26%20Sascha%20M%C3%BCller%20-%20Press%20Start%20%28Edit02%29_Netlabel%20Day%202024%20Techno%20Warriors.wav,441.9,dancefloor-socialism-netlabel,Techno; Acid; Hard Techno; Tech-House; Minimal Techno; 8-Bit; DANCEFLOOR SOCIALISM
dfs037-pasquale-maassen-stompin,Pasquale Maassen,Stompin,2025,dancefloor-socialism-netlabel,https://creativecommons.org/licenses/by-nc-nd/4.0/,https://archive.org/download/dfs037-pasquale-maassen-stompin/%28DFS037%29%2001.%20Pasquale%20Maassen%20-%20Stompin_Stompin.wav,248.7,dancefloor-socialism-netlabel,Techno; Detroit; Detroit Techno; Hard Techno; Pasquale Maassen
dfs037-pasquale-maassen-stompin,Pasquale Maassen,Stompin #2,2025,dancefloor-socialism-netlabel,https://creativecommons.org/licenses/by-nc-nd/4.0/,https://archive.org/download/dfs037-pasquale-maassen-stompin/%28DFS037%29%2002.%20Pasquale%20Maassen%20-%20Stompin%20%232_Stompin.wav,365.8,dancefloor-socialism-netlabel,Techno; Detroit; Detroit Techno; Hard Techno; Pasquale Maassen
sascha-muller-ssrextra92,Sascha Müller,Sluch,2019,hifidelity_potpourri,https://creativecommons.org/licenses/by-nc-nd/4.0/,https://archive.org/download/sascha-muller-ssrextra92/01.%20Sascha%20Muller%20-%20Sluch.WAV,377.1,hifidelity_potpourri,Techno; Acid; Hard Techno; Acid House; House; Minimal Techno; Sascha Müller
sascha-muller-ssrextra92,Sascha Müller,Sommernachtstraume,2019,hifidelity_potpourri,https://creativecommons.org/licenses/by-nc-nd/4.0/,https://archive.org/download/sascha-muller-ssrextra92/02.%20Sascha%20Muller%20-%20Sommernachtstraume.wav,342.5,hifidelity_potpourri,Techno; Acid; Hard Techno; Acid House; House; Minimal Techno; Sascha Müller
sascha-muller-ssrextra92,Sascha Müller,Sounds Of Life,2019,hifidelity_potpourri,https://creativecommons.org/licenses/by-nc-nd/4.0/,https://archive.org/download/sascha-muller-ssrextra92/03.%20Sascha%20Muller%20-%20Sounds%20Of%20Life.wav,351.5,hifidelity_potpourri,Techno; Acid; Hard Techno; Acid House; House; Minimal Techno; Sascha Müller
sascha-muller-ssrextra92,Sascha Müller,Southern Fried Chicken Wheel,2019,hifidelity_potpourri,https://creativecommons.org/licenses/by-nc-nd/4.0/,https://archive.org/download/sascha-muller-ssrextra92/04.%20Sascha%20Muller%20-%20Southern%20Fried%20Chicken%20Wheel.WAV,284.1,hifidelity_potpourri,Techno; Acid; Hard Techno; Acid House; House; Minimal Techno; Sascha Müller
sascha-muller-ssrextra92,Sascha Müller,Space (MIR Mix),2019,hifidelity_potpourri,https://creativecommons.org/licenses/by-nc-nd/4.0/,https://archive.org/download/sascha-muller-ssrextra92/05.%20Sascha%20Muller%20-%20Space%20%28MIR%20Mix%29.WAV,416.0,hifidelity_potpourri,Techno; Acid; Hard Techno; Acid House; House; Minimal Techno; Sascha Müller
sascha-muller-ssrextra92,Sascha Müller,Space (Raumflug Mix),2019,hifidelity_potpourri,https://creativecommons.org/licenses/by-nc-nd/4.0/,https://archive.org/download/sascha-muller-ssrextra92/06.%20Sascha%20Muller%20-%20Space%20%28Raumflug%20Mix%29.wav,414.5,hifidelity_potpourri,Techno; Acid; Hard Techno; Acid House; House; Minimal Techno; Sascha Müller
sascha-muller-ssrextra92,Sascha Müller,Spacebox,2019,hifidelity_potpourri,https://creativecommons.org/licenses/by-nc-nd/4.0/,https://archive.org/download/sascha-muller-ssrextra92/07.%20Sascha%20Muller%20-%20Spacebox.wav,319.9,hifidelity_potpourri,Techno; Acid; Hard Techno; Acid House; House; Minimal Techno; Sascha Müller
sascha-muller-ssrextra92,Sascha Müller,Spacelab,2019,hifidelity_potpourri,https://creativecommons.org/licenses/by-nc-nd/4.0/,https://archive.org/download/sascha-muller-ssrextra92/08.%20Sascha%20Muller%20-%20Spacelab.wav,427.2,hifidelity_potpourri,Techno; Acid; Hard Techno; Acid House; House; Minimal Techno; Sascha Müller
sascha-muller-ssrextra92,Sascha Müller,Start Automatik,2019,hifidelity_potpourri,https://creativecommons.org/licenses/by-nc-nd/4.0/,https://archive.org/download/sascha-muller-ssrextra92/09.%20Sascha%20Muller%20-%20Start%20Automatik.wav,321.0,hifidelity_potpourri,Techno; Acid; Hard Techno; Acid House; House; Minimal Techno; Sascha Müller
sascha-muller-ssrextra92,Sascha Müller,Sterntaler,2019,hifidelity_potpourri,https://creativecommons.org/licenses/by-nc-nd/4.0/,https://archive.org/download/sascha-muller-ssrextra92/10.%20Sascha%20Muller%20-%20Sterntaler.wav,360.0,hifidelity_potpourri,Techno; Acid; Hard Techno; Acid House; House; Minimal Techno; Sascha Müller
sascha-muller-ssrextra92,Sascha Müller,Steuerreform,2019,hifidelity_potpourri,https://creativecommons.org/licenses/by-nc-nd/4.0/,https://archive.org/download/sascha-muller-ssrextra92/11.%20Sascha%20Muller%20-%20Steuerreform.wav,367.2,hifidelity_potpourri,Techno; Acid; Hard Techno; Acid House; House; Minimal Techno; Sascha Müller
sascha-muller-ssrextra92,Sascha Müller,Struggle Of Power,2019,hifidelity_potpourri,https://creativecommons.org/licenses/by-nc-nd/4.0/,https://archive.org/download/sascha-muller-ssrextra92/12.%20Sascha%20Muller%20-%20Struggle%20Of%20Power.wav,419.5,hifidelity_potpourri,Techno; Acid; Hard Techno; Acid House; House; Minimal Techno; Sascha Müller
sascha-muller-ssrextra94,Sascha Müller,The Matix,2019,hifidelity_potpourri,https://creativecommons.org/licenses/by-nc-nd/4.0/,https://archive.org/download/sascha-muller-ssrextra94/01.%20Sascha%20Muller%20-%20The%20Matix.wav,690.4,hifidelity_potpourri,Techno; Acid; Hard Techno; Acid House; House; Minimal Techno; Sascha Müller
sascha-muller-ssrextra94,Sascha Müller,TOC,2019,hifidelity_potpourri,https://creativecommons.org/licenses/by-nc-nd/4.0/,https://archive.org/download/sascha-muller-ssrextra94/02.%20Sascha%20Muller%20-%20TOC.WAV,386.9,hifidelity_potpourri,Techno; Acid; Hard Techno; Acid House; House; Minimal Techno; Sascha Müller
sascha-muller-ssrextra94,Sascha Müller,Transmission,2019,hifidelity_potpourri,https://creativecommons.org/licenses/by-nc-nd/4.0/,https://archive.org/download/sascha-muller-ssrextra94/03.%20Sascha%20Muller%20-%20Transmission.wav,334.4,hifidelity_potpourri,Techno; Acid; Hard Techno; Acid House; House; Minimal Techno; Sascha Müller
sascha-muller-ssrextra94,Sascha Müller,TRap The System,2019,hifidelity_potpourri,https://creativecommons.org/licenses/by-nc-nd/4.0/,https://archive.org/download/sascha-muller-ssrextra94/04.%20Sascha%20Muller%20-%20TRap%20The%20System.wav,400.7,hifidelity_potpourri,Techno; Acid; Hard Techno; Acid House; House; Minimal Techno; Sascha Müller
sascha-muller-ssrextra94,Sascha Müller,Traumphase,2019,hifidelity_potpourri,https://creativecommons.org/licenses/by-nc-nd/4.0/,https://archive.org/download/sascha-muller-ssrextra94/05.%20Sascha%20Muller%20-%20Traumphase.wav,363.8,hifidelity_potpourri,Techno; Acid; Hard Techno; Acid House; House; Minimal Techno; Sascha Müller
sascha-muller-ssrextra94,Sascha Müller,Travelbox,2019,hifidelity_potpourri,https://creativecommons.org/licenses/by-nc-nd/4.0/,https://archive.org/download/sascha-muller-ssrextra94/06.%20Sascha%20Muller%20-%20Travelbox.wav,204.2,hifidelity_potpourri,Techno; Acid; Hard Techno; Acid House; House; Minimal Techno; Sascha Müller
sascha-muller-ssrextra94,Sascha Müller,Triebkraft,2019,hifidelity_potpourri,https://creativecommons.org/licenses/by-nc-nd/4.0/,https://archive.org/download/sascha-muller-ssrextra94/07.%20Sascha%20Muller%20-%20Triebkraft.WAV,380.2,hifidelity_potpourri,Techno; Acid; Hard Techno; Acid House; House; Minimal Techno; Sascha Müller
sascha-muller-ssrextra94,Sascha Müller,UKW (Original Mix),2019,hifidelity_potpourri,https://creativecommons.org/licenses/by-nc-nd/4.0/,https://archive.org/download/sascha-muller-ssrextra94/08.%20Sascha%20Muller%20-%20UKW%20%28Original%20Mix%29.wav,403.5,hifidelity_potpourri,Techno; Acid; Hard Techno; Acid House; House; Minimal Techno; Sascha Müller
sascha-muller-ssrextra94,Sascha Müller,UKW (Smash The Radio Mix),2019,hifidelity_potpourri,https://creativecommons.org/licenses/by-nc-nd/4.0/,https://archive.org/download/sascha-muller-ssrextra94/09.%20Sascha%20Muller%20-%20UKW%20%28Smash%20The%20Radio%20Mix%29.wav,368.0,hifidelity_potpourri,Techno; Acid; Hard Techno; Acid House; House; Minimal Techno; Sascha Müller
sascha-muller-ssrextra94,Sascha Müller,Unidentified Objects,2019,hifidelity_potpourri,https://creativecommons.org/licenses/by-nc-nd/4.0/,https://archive.org/download/sascha-muller-ssrextra94/10.%20Sascha%20Muller%20-%20Unidentified%20Objects.wav,337.7,hifidelity_potpourri,Techno; Acid; Hard Techno; Acid House; House; Minimal Techno; Sascha Müller
sascha-muller-ssrextra94,Sascha Müller,Vorlauffunktion,2019,hifidelity_potpourri,https://creativecommons.org/licenses/by-nc-nd/4.0/,https://archive.org/download/sascha-muller-ssrextra94/11.%20Sascha%20Muller%20-%20Vorlauffunktion.wav,435.6,hifidelity_potpourri,Techno; Acid; Hard Techno; Acid House; House; Minimal Techno; Sascha Müller
sascha-muller-ssrextra94,Sascha Müller,Wellenbereich,2019,hifidelity_potpourri,https://creativecommons.org/licenses/by-nc-nd/4.0/,https://archive.org/download/sascha-muller-ssrextra94/12.%20Sascha%20Muller%20-%20Wellenbereich.wav,405.4,hifidelity_potpourri,Techno; Acid; Hard Techno; Acid House; House; Minimal Techno; Sascha Müller
sascha-muller-ssrextra64,Sascha Müller,Intergalactic Highway,2018,hifidelity_potpourri,https://creativecommons.org/licenses/by-nc-nd/4.0/,https://archive.org/download/sascha-muller-ssrextra64/01.%20Sascha%20Muller%20-%20Intergalactic%20Highway.wav,397.7,hifidelity_potpourri,Techno; Acid; Hard Techno; Acid House; House; Minimal Techno; Sascha Müller
sascha-muller-ssrextra64,Sascha Müller,AKS Imagination,2018,hifidelity_potpourri,https://creativecommons.org/licenses/by-nc-nd/4.0/,https://archive.org/download/sascha-muller-ssrextra64/02.%20Sascha%20Muller%20-%20AKS%20Imagination.wav,447.8,hifidelity_potpourri,Techno; Acid; Hard Techno; Acid House; House; Minimal Techno; Sascha Müller
sascha-muller-ssrextra64,Sascha Müller,Needle Drama,2018,hifidelity_potpourri,https://creativecommons.org/licenses/by-nc-nd/4.0/,https://archive.org/download/sascha-muller-ssrextra64/04.%20Sascha%20Muller%20-%20Needle%20Drama.wav,299.8,hifidelity_potpourri,Techno; Acid; Hard Techno; Acid House; House; Minimal Techno; Sascha Müller
sascha-muller-ssrextra64,Sascha Müller,Pure Analog Part 03,2018,hifidelity_potpourri,https://creativecommons.org/licenses/by-nc-nd/4.0/,https://archive.org/download/sascha-muller-ssrextra64/05.%20Sascha%20Muller%20-%20Pure%20Analog%20Part%2003.wav,290.3,hifidelity_potpourri,Techno; Acid; Hard Techno; Acid House; House; Minimal Techno; Sascha Müller
sascha-muller-ssrextra64,Sascha Müller,Zebrabeat III,2018,hifidelity_potpourri,https://creativecommons.org/licenses/by-nc-nd/4.0/,https://archive.org/download/sascha-muller-ssrextra64/06.%20Sascha%20Muller%20-%20Zebrabeat%20III.wav,383.2,hifidelity_potpourri,Techno; Acid; Hard Techno; Acid House; House; Minimal Techno; Sascha Müller
sascha-muller-ssrextra64,Sascha Müller,Beat Manager,2018,hifidelity_potpourri,https://creativecommons.org/licenses/by-nc-nd/4.0/,https://archive.org/download/sascha-muller-ssrextra64/07.%20Sascha%20Muller%20-%20Beat%20Manager.wav,310.0,hifidelity_potpourri,Techno; Acid; Hard Techno; Acid House; House; Minimal Techno; Sascha Müller
sascha-muller-ssrextra64,Sascha Müller,Pure Analog Part 04,2018,hifidelity_potpourri,https://creativecommons.org/licenses/by-nc-nd/4.0/,https://archive.org/download/sascha-muller-ssrextra64/08.%20Sascha%20Muller%20-%20Pure%20Analog%20Part%2004.wav,268.1,hifidelity_potpourri,Techno; Acid; Hard Techno; Acid House; House; Minimal Techno; Sascha Müller
sascha-muller-ssrextra64,Sascha Müller,The AKS Dimensions,2018,hifidelity_potpourri,https://creativecommons.org/licenses/by-nc-nd/4.0/,https://archive.org/download/sascha-muller-ssrextra64/09.%20Sascha%20Muller%20-%20The%20AKS%20Dimensions.wav,267.0,hifidelity_potpourri,Techno; Acid; Hard Techno; Acid House; House; Minimal Techno; Sascha Müller
sascha-muller-ssrextra64,Sascha Müller,Zebrabeat IV,2018,hifidelity_potpourri,https://creativecommons.org/licenses/by-nc-nd/4.0/,https://archive.org/download/sascha-muller-ssrextra64/10.%20Sascha%20Muller%20-%20Zebrabeat%20IV.wav,369.2,hifidelity_potpourri,Techno; Acid; Hard Techno; Acid House; House; Minimal Techno; Sascha Müller
sascha-muller-ssrextra64,Sascha Müller,707+101=MS20,2018,hifidelity_potpourri,https://creativecommons.org/licenses/by-nc-nd/4.0/,https://archive.org/download/sascha-muller-ssrextra64/11.%20Sascha%20Muller%20-%20707%2B101%3DMS20.wav,387.5,hifidelity_potpourri,Techno; Acid; Hard Techno; Acid House; House; Minimal Techno; Sascha Müller
sascha-muller-ssrextra64,Sascha Müller,Drop Out,2018,hifidelity_potpourri,https://creativecommons.org/licenses/by-nc-nd/4.0/,https://archive.org/download/sascha-muller-ssrextra64/12.%20Sascha%20Muller%20-%20Drop%20Out.wav,447.4,hifidelity_potpourri,Techno; Acid; Hard Techno; Acid House; House; Minimal Techno; Sascha Müller
sascha-muller-ssrextra64,Sascha Müller,Pure Analog Part 05,2018,hifidelity_potpourri,https://creativecommons.org/licenses/by-nc-nd/4.0/,https://archive.org/download/sascha-muller-ssrextra64/14.%20Sascha%20Muller%20-%20Pure%20Analog%20Part%2005.wav,279.5,hifidelity_potpourri,Techno; Acid; Hard Techno; Acid House; House; Minimal Techno; Sascha Müller
gz-iso-oo6-sascha-muller-eskalation-ep,Sascha Müller,3AM,2023,hifidelity_potpourri,https://creativecommons.org/licenses/by-nc-nd/4.0/,https://archive.org/download/gz-iso-oo6-sascha-muller-eskalation-ep/01.%20Sascha%20M%C3%BCller%20-%203am.wav,411.9,hifidelity_potpourri,Schranz; Hard Techno; Sascha Müller; Ground Zero Technocamp
gz-iso-oo6-sascha-muller-eskalation-ep,Sascha Müller,Asche zu Asche,2023,hifidelity_potpourri,https://creativecommons.org/licenses/by-nc-nd/4.0/,https://archive.org/download/gz-iso-oo6-sascha-muller-eskalation-ep/02.%20Sascha%20M%C3%BCller%20-%20Asche%20zu%20Asche.wav,319.0,hifidelity_potpourri,Schranz; Hard Techno; Sascha Müller; Ground Zero Technocamp
gz-iso-oo6-sascha-muller-eskalation-ep,Sascha Müller,Sympathikus Stimulation,2023,hifidelity_potpourri,https://creativecommons.org/licenses/by-nc-nd/4.0/,https://archive.org/download/gz-iso-oo6-sascha-muller-eskalation-ep/03.%20Sascha%20M%C3%BCller%20-%20Sympathikus%20Stimmulation.wav,367.2,hifidelity_potpourri,Schranz; Hard Techno; Sascha Müller; Ground Zero Technocamp
gz-iso-oo6-sascha-muller-eskalation-ep,Sascha Müller,Der Eiswagen,2023,hifidelity_potpourri,https://creativecommons.org/licenses/by-nc-nd/4.0/,https://archive.org/download/gz-iso-oo6-sascha-muller-eskalation-ep/04.%20Sascha%20M%C3%BCller%20-%20Der%20Eiswagen.wav,348.8,hifidelity_potpourri,Schranz; Hard Techno; Sascha Müller; Ground Zero Technocamp
p068-p.t.b.s.-out-of-control-ep,P.T.B.S.,Out Of Control (Original Mix),2018,psychocandies-netlabel,https://creativecommons.org/licenses/by-nc-nd/4.0/,https://archive.org/download/p068-p.t.b.s.-out-of-control-ep/%28P068%29%2001.%20P.T.B.S.%20-%20Out%20Of%20Control%20%28Instrumental%20Version%29_Out%20Of%20Control%20EP.wav,446.0,psychocandies-netlabel,Acid; Techno; Hard Techno; Tech-House; Minimal Techno; P.T.B.S.; Sascha Müller; Psychocandies
p068-p.t.b.s.-out-of-control-ep,"P.T.B.S., Sascha Müller",Out Of Control (Sascha Müller Breakbeat Remix),2018,psychocandies-netlabel,https://creativecommons.org/licenses/by-nc-nd/4.0/,https://archive.org/download/p068-p.t.b.s.-out-of-control-ep/%28P068%29%2002.%20P.T.B.S.%20-%20Out%20Of%20Control%20%28Sascha%20M%C3%BCller%20Breakbeat%20Remix%29_Out%20Of%20Control%20EP.wav,338.4,psychocandies-netlabel,Acid; Techno; Hard Techno; Tech-House; Minimal Techno; P.T.B.S.; Sascha Müller; Psychocandies
p068-p.t.b.s.-out-of-control-ep,P.T.B.S.,Up! (Kalkmis Mix),2018,psychocandies-netlabel,https://creativecommons.org/licenses/by-nc-nd/4.0/,https://archive.org/download/p068-p.t.b.s.-out-of-control-ep/%28P068%29%2003.%20P.T.B.S.%20-%20Up%21%20%28Kalkmis%20Mix%29_Out%20Of%20Control%20EP.wav,486.0,psychocandies-netlabel,Acid; Techno; Hard Techno; Tech-House; Minimal Techno; P.T.B.S.; Sascha Müller; Psychocandies
nuke021-jerzz-sascha-muller-nuke-vol.-21,Jerzz & Sascha Müller,Nuke Vol. 21,2025,nuke-the-planet-netlabel,https://creativecommons.org/licenses/by-nc-nd/4.0/,https://archive.org/download/nuke021-jerzz-sascha-muller-nuke-vol.-21/NUKE021%20Jerzz%20%26%20Sascha%20M%C3%BCller%20-%20Nuke%20Vol.%2021.wav,229.7,nuke-the-planet-netlabel,Hardcore; Hard Techno; Hardtekk; Gabba; Hardstyle; Jerzz; Sascha Müller
smuo001-p-t-b-s-and-sascha-muller-split-ep,P.T.B.S. & Sascha Müller,Absolut Bond (Sascha Müller My Name Is Acid Mix),2018,psychocandies-netlabel,https://creativecommons.org/licenses/by-nc-nd/4.0/,https://archive.org/download/smuo001-p-t-b-s-and-sascha-muller-split-ep/A1.%20Sascha%20M%C3%BCller%20And%20P.T.B.S.%20%20-%20Absolut%20Bond%20%28Sascha%20M%C3%BCller%20My%20Name%20Is%20Acid%20Mix%29.wav,364.2,psychocandies-netlabel,Acid; Acid Techno; Hard Techno; Hard Acid Techno; Minimal techno; Breakbeat; Drum N Bass; P.T.B.S.; Sascha Müller; Psych
smuo001-p-t-b-s-and-sascha-muller-split-ep,P.T.B.S. & Sascha Müller,What I Mean (Great Evening Mix),2018,psychocandies-netlabel,https://creativecommons.org/licenses/by-nc-nd/4.0/,https://archive.org/download/smuo001-p-t-b-s-and-sascha-muller-split-ep/A2.%20Sascha%20M%C3%BCller%20And%20P.T.B.S.%20%20-%20What%20I%20Mean%20%28Great%20Evening%20Mix%29.wav,398.1,psychocandies-netlabel,Acid; Acid Techno; Hard Techno; Hard Acid Techno; Minimal techno; Breakbeat; Drum N Bass; P.T.B.S.; Sascha Müller; Psych
smuo001-p-t-b-s-and-sascha-muller-split-ep,Sascha Müller,Work My 303,2018,psychocandies-netlabel,https://creativecommons.org/licenses/by-nc-nd/4.0/,https://archive.org/download/smuo001-p-t-b-s-and-sascha-muller-split-ep/B1.%20Sascha%20M%C3%BCller%20-%20Work%20My%20303.wav,583.1,psychocandies-netlabel,Acid; Acid Techno; Hard Techno; Hard Acid Techno; Minimal techno; Breakbeat; Drum N Bass; P.T.B.S.; Sascha Müller; Psych
smuo001-p-t-b-s-and-sascha-muller-split-ep,Sascha Müller,Generator Man,2018,psychocandies-netlabel,https://creativecommons.org/licenses/by-nc-nd/4.0/,https://archive.org/download/smuo001-p-t-b-s-and-sascha-muller-split-ep/B2.%20Sascha%20M%C3%BCller%20-%20Generator%20Man.wav,336.0,psychocandies-netlabel,Acid; Acid Techno; Hard Techno; Hard Acid Techno; Minimal techno; Breakbeat; Drum N Bass; P.T.B.S.; Sascha Müller; Psych
dfs015-knarz-maschine-ost-deutschland,KNARZ Maschine,Ost Deutschland (Original Mix),2022,dancefloor-socialism-netlabel,https://creativecommons.org/licenses/by-nc-nd/4.0/,https://archive.org/download/dfs015-knarz-maschine-ost-deutschland/%28DFS015%29%2001.%20KNARZ%20Maschine%20-%20Ost%20Deutschland%20%28Original%20Mix%29_Ost%20Deutschland.wav,478.0,dancefloor-socialism-netlabel,Techno; Hard Techno; Schranz; Breaks; Acid; DANCEFLOOR SOCIALISM; KNARZ Maschine; Cement Tea
dfs015-knarz-maschine-ost-deutschland,KNARZ Maschine,Ost Deutschland (Cement Tea Remix),2022,dancefloor-socialism-netlabel,https://creativecommons.org/licenses/by-nc-nd/4.0/,https://archive.org/download/dfs015-knarz-maschine-ost-deutschland/%28DFS015%29%2002.%20KNARZ%20Maschine%20-%20Ost%20Deutschland%20%28Cement%20Tea%20Remix%29_Ost%20Deutschland.wav,267.9,dancefloor-socialism-netlabel,Techno; Hard Techno; Schranz; Breaks; Acid; DANCEFLOOR SOCIALISM; KNARZ Maschine; Cement Tea
dfs018-bitterfeld-death-is-coming-ep,Bitterfeld,Death Is Coming,2023,dancefloor-socialism-netlabel,https://creativecommons.org/licenses/by-nc-nd/4.0/,https://archive.org/download/dfs018-bitterfeld-death-is-coming-ep/%28DFS018%29%2001.%20Bitterfeld%20-%20Death%20Is%20Coming_Death%20Is%20Coming%20EP.wav,341.0,dancefloor-socialism-netlabel,Hard Techno; Techno; Bitterfeld; DANCEFLOOR SOCIALISM
dfs018-bitterfeld-death-is-coming-ep,Bitterfeld,I V Reaction,2023,dancefloor-socialism-netlabel,https://creativecommons.org/licenses/by-nc-nd/4.0/,https://archive.org/download/dfs018-bitterfeld-death-is-coming-ep/%28DFS018%29%2002.%20Bitterfeld%20-%20I%20V%20Reaction_Death%20Is%20Coming%20EP.wav,309.5,dancefloor-socialism-netlabel,Hard Techno; Techno; Bitterfeld; DANCEFLOOR SOCIALISM
inquieto-phantom-troupe,Inquieto,inquieto - phantom troupe,2025,opensource_audio,https://creativecommons.org/licenses/by-nc-nd/4.0/,https://archive.org/download/inquieto-phantom-troupe/Inquieto%20-%20Phantom%20Troupe.mp3,264.5,opensource_audio,Hard Techno; Hardtechno; Techno; DJ Tool; Net Labels; Deep Techno; Deep; Banger Techno ; Underground Techno; PTR455; Phy
ontheground_202401,Inquieto,inquieto - la casa de las aguilas,2023,hifidelity_potpourri,https://creativecommons.org/licenses/by-nc-nd/4.0/,https://archive.org/download/ontheground_202401/Inquieto%20-%20La%20Casa%20de%20las%20Aguilas.wav,416.0,hifidelity_potpourri,Acid techno; Acid tecno; Acid music; Techno; Underground; Freemusic; Inquietomusik; Ambient techno; Minimal Techno; Ghet
ontheground_202401,Inquieto,inquieto - la casa de los zorros,2023,hifidelity_potpourri,https://creativecommons.org/licenses/by-nc-nd/4.0/,https://archive.org/download/ontheground_202401/Inquieto%20-%20La%20casa%20de%20los%20zorros.wav,559.7,hifidelity_potpourri,Acid techno; Acid tecno; Acid music; Techno; Underground; Freemusic; Inquietomusik; Ambient techno; Minimal Techno; Ghet
ontheground_202401,Inquieto,inquieto - lagarto de campo,2023,hifidelity_potpourri,https://creativecommons.org/licenses/by-nc-nd/4.0/,https://archive.org/download/ontheground_202401/Inquieto%20-%20Lagarto%20de%20campo.wav,492.0,hifidelity_potpourri,Acid techno; Acid tecno; Acid music; Techno; Underground; Freemusic; Inquietomusik; Ambient techno; Minimal Techno; Ghet
sascha-muller-ssrextra87,Sascha Müller,Kommando,2019,hifidelity_potpourri,https://creativecommons.org/licenses/by-nc-nd/4.0/,https://archive.org/download/sascha-muller-ssrextra87/01.%20Sascha%20Muller%20-%20Kommando.wav,689.5,hifidelity_potpourri,Techno; Acid; Hard Techno; Acid House; House; Minimal Techno; Sascha Müller
sascha-muller-ssrextra87,Sascha Müller,Kompakt,2019,hifidelity_potpourri,https://creativecommons.org/licenses/by-nc-nd/4.0/,https://archive.org/download/sascha-muller-ssrextra87/02.%20Sascha%20Muller%20-%20Kompakt.wav,488.0,hifidelity_potpourri,Techno; Acid; Hard Techno; Acid House; House; Minimal Techno; Sascha Müller
sascha-muller-ssrextra87,Sascha Müller,Kopfgeld,2019,hifidelity_potpourri,https://creativecommons.org/licenses/by-nc-nd/4.0/,https://archive.org/download/sascha-muller-ssrextra87/03.%20Sascha%20Muller%20-%20Kopfgeld.wav,366.5,hifidelity_potpourri,Techno; Acid; Hard Techno; Acid House; House; Minimal Techno; Sascha Müller
sascha-muller-ssrextra87,Sascha Müller,Krach,2019,hifidelity_potpourri,https://creativecommons.org/licenses/by-nc-nd/4.0/,https://archive.org/download/sascha-muller-ssrextra87/04.%20Sascha%20Muller%20-%20Krach.WAV,393.5,hifidelity_potpourri,Techno; Acid; Hard Techno; Acid House; House; Minimal Techno; Sascha Müller
sascha-muller-ssrextra87,Sascha Müller,Living On A Highway,2019,hifidelity_potpourri,https://creativecommons.org/licenses/by-nc-nd/4.0/,https://archive.org/download/sascha-muller-ssrextra87/05.%20Sascha%20Muller%20-%20Living%20On%20A%20Highway.wav,316.4,hifidelity_potpourri,Techno; Acid; Hard Techno; Acid House; House; Minimal Techno; Sascha Müller
sascha-muller-ssrextra87,Sascha Müller,Lock Down,2019,hifidelity_potpourri,https://creativecommons.org/licenses/by-nc-nd/4.0/,https://archive.org/download/sascha-muller-ssrextra87/06.%20Sascha%20Muller%20-%20Lock%20Down.wav,372.0,hifidelity_potpourri,Techno; Acid; Hard Techno; Acid House; House; Minimal Techno; Sascha Müller
sascha-muller-ssrextra87,Sascha Müller,Machine-Made,2019,hifidelity_potpourri,https://creativecommons.org/licenses/by-nc-nd/4.0/,https://archive.org/download/sascha-muller-ssrextra87/07.%20Sascha%20Muller%20-%20Machine-Made.wav,561.9,hifidelity_potpourri,Techno; Acid; Hard Techno; Acid House; House; Minimal Techno; Sascha Müller
sascha-muller-ssrextra87,Sascha Müller,Maria Himmelfahrt,2019,hifidelity_potpourri,https://creativecommons.org/licenses/by-nc-nd/4.0/,https://archive.org/download/sascha-muller-ssrextra87/08.%20Sascha%20Muller%20-%20Maria%20Himmelfahrt.wav,371.4,hifidelity_potpourri,Techno; Acid; Hard Techno; Acid House; House; Minimal Techno; Sascha Müller
sascha-muller-ssrextra87,Sascha Müller,Medusas Child,2019,hifidelity_potpourri,https://creativecommons.org/licenses/by-nc-nd/4.0/,https://archive.org/download/sascha-muller-ssrextra87/09.%20Sascha%20Muller%20-%20Medusas%20Child.wav,364.7,hifidelity_potpourri,Techno; Acid; Hard Techno; Acid House; House; Minimal Techno; Sascha Müller
sascha-muller-ssrextra87,Sascha Müller,Metabolism,2019,hifidelity_potpourri,https://creativecommons.org/licenses/by-nc-nd/4.0/,https://archive.org/download/sascha-muller-ssrextra87/10.%20Sascha%20Muller%20-%20Metabolism.wav,373.3,hifidelity_potpourri,Techno; Acid; Hard Techno; Acid House; House; Minimal Techno; Sascha Müller
sascha-muller-ssrextra87,Sascha Müller,Metal Forces,2019,hifidelity_potpourri,https://creativecommons.org/licenses/by-nc-nd/4.0/,https://archive.org/download/sascha-muller-ssrextra87/11.%20Sascha%20Muller%20-%20Metal%20Forces.wav,330.3,hifidelity_potpourri,Techno; Acid; Hard Techno; Acid House; House; Minimal Techno; Sascha Müller
user066-user99457585343-dom-ep,user99457585343,We Want Freedom,2025,user-records-netlabel,https://creativecommons.org/licenses/by-nc-nd/4.0/,https://archive.org/download/user066-user99457585343-dom-ep/%28USER066%29%2001.%20user99457585343%20-%20We%20Want%20Freedom_DOM%20EP.wav,360.3,user-records-netlabel,Techno; Hard Techno; user99457585343; USER Records
user066-user99457585343-dom-ep,user99457585343,Death Of An Agent,2025,user-records-netlabel,https://creativecommons.org/licenses/by-nc-nd/4.0/,https://archive.org/download/user066-user99457585343-dom-ep/%28USER066%29%2002.%20user99457585343%20-%20Death%20Of%20An%20Agent_DOM%20EP.wav,275.1,user-records-netlabel,Techno; Hard Techno; user99457585343; USER Records
user081-user25244578642-sequencer-ep,user25244578642,The Sequencer,2026,user-records-netlabel,https://creativecommons.org/licenses/by-nc-nd/4.0/,https://archive.org/download/user081-user25244578642-sequencer-ep/%28USER081%29%2001.%20user25244578642%20-%20The%20Sequencer_Sequencer%20EP.wav,402.7,user-records-netlabel,Techno; Acid; Acid House; Acid Techno; Hard Techno; user25244578642; USER Records
user081-user25244578642-sequencer-ep,user25244578642,606 + 303 = 903,2026,user-records-netlabel,https://creativecommons.org/licenses/by-nc-nd/4.0/,https://archive.org/download/user081-user25244578642-sequencer-ep/%28USER081%29%2002.%20user25244578642%20-%20606%20%2B%20303%20%3D%20903_Sequencer%20EP.wav,291.7,user-records-netlabel,Techno; Acid; Acid House; Acid Techno; Hard Techno; user25244578642; USER Records
inquieto-snakes-congress,Inquieto,inquieto - snakes congress,2025,opensource_audio,https://creativecommons.org/licenses/by-nc-nd/4.0/,https://archive.org/download/inquieto-snakes-congress/Inquieto%20-%20Snakes%20Congress.mp3,443.2,opensource_audio,Hard Techno; Hardtechno; DJ Tool; Techno; Net Labels; NetLabels; Underground HardTechno; TechnoHard; Physical Techno Rec
k4_20241130,Inquieto,inquieto - mugre morada ,2024,hifidelity_potpourri,https://creativecommons.org/licenses/by-nc-nd/4.0/,https://archive.org/download/k4_20241130/01%20-%20Inquieto%20-%20Mugre%20Morada%20.mp3,383.7,hifidelity_potpourri,rave; techno; hardtechno; hardcore; tecno; hardtecno; underground; Djs; technoworld; Technorave; Technofamily; Schranz; 
k4_20241130,Inquieto,inquieto - noutre amour arrive ,2024,hifidelity_potpourri,https://creativecommons.org/licenses/by-nc-nd/4.0/,https://archive.org/download/k4_20241130/02%20-%20Inquieto%20-%20Noutre%20Amour%20Arrive%20.mp3,347.8,hifidelity_potpourri,rave; techno; hardtechno; hardcore; tecno; hardtecno; underground; Djs; technoworld; Technorave; Technofamily; Schranz; 
k4_20241130,Inquieto,inquieto - pura,2024,hifidelity_potpourri,https://creativecommons.org/licenses/by-nc-nd/4.0/,https://archive.org/download/k4_20241130/03%20-%20Inquieto%20-%20Pura.mp3,359.8,hifidelity_potpourri,rave; techno; hardtechno; hardcore; tecno; hardtecno; underground; Djs; technoworld; Technorave; Technofamily; Schranz; 
k4_20241130,Inquieto,inquieto - infinite ,2024,hifidelity_potpourri,https://creativecommons.org/licenses/by-nc-nd/4.0/,https://archive.org/download/k4_20241130/04%20-%20Inquieto%20-%20Infinite%20.mp3,381.4,hifidelity_potpourri,rave; techno; hardtechno; hardcore; tecno; hardtecno; underground; Djs; technoworld; Technorave; Technofamily; Schranz; 
k4_20241130,Inquieto,inquieto - see you in space ,2024,hifidelity_potpourri,https://creativecommons.org/licenses/by-nc-nd/4.0/,https://archive.org/download/k4_20241130/05%20-%20Inquieto%20-%20See%20You%20In%20Space%20.mp3,413.7,hifidelity_potpourri,rave; techno; hardtechno; hardcore; tecno; hardtecno; underground; Djs; technoworld; Technorave; Technofamily; Schranz; 
oink_20250102,Inquieto,inquieto - oink,2024,opensource_audio,https://creativecommons.org/licenses/by-nc-nd/4.0/,https://archive.org/download/oink_20250102/Inquieto%20-%20Oink.mp3,445.6,opensource_audio,#rave; Hard Techno; Hard Trance; Hardtrance; Hardtechno; Techno; DJ Tool; Net Labels; NetLabels; Underground Techno; Tec
xdd005-x.d.d.-vol-05,X.D.D.,Hard Hit,2023,xdd-x-static-dance-departement-netlabel,https://creativecommons.org/licenses/by-nc-nd/4.0/,https://archive.org/download/xdd005-x.d.d.-vol-05/%28XDD005%29%2001.%20X.D.D.%20-%20Hard%20Hit_Vol05.wav,343.5,xdd-x-static-dance-departement-netlabel,Acid; Techno; Hard Techno; X.D.D.; X-static Dance Departement
xdd005-x.d.d.-vol-05,X.D.D.,Self Propellered Gun,2023,xdd-x-static-dance-departement-netlabel,https://creativecommons.org/licenses/by-nc-nd/4.0/,https://archive.org/download/xdd005-x.d.d.-vol-05/%28XDD005%29%2002.%20X.D.D.%20-%20Self%20Propellered%20Gun_Vol05.wav,340.0,xdd-x-static-dance-departement-netlabel,Acid; Techno; Hard Techno; X.D.D.; X-static Dance Departement
inq005,Inquieto,inqueto - ummmammmummmuse,2025,hifidelity_potpourri,https://creativecommons.org/licenses/by-nc-nd/4.0/,https://archive.org/download/inq005/Inqueto%20-%20ummmammmummmuse.mp3,282.9,hifidelity_potpourri,techno; hardtechno; schranz; remix; bootleg; Schrnz; Hardtechno; Hard techno; Schranz Techno; Schranz Remix; DJ Tool; Sc
inq005,Inquieto,inquieto - samurai ,2025,hifidelity_potpourri,https://creativecommons.org/licenses/by-nc-nd/4.0/,https://archive.org/download/inq005/Inquieto%20-%20Samurai%20.mp3,335.8,hifidelity_potpourri,techno; hardtechno; schranz; remix; bootleg; Schrnz; Hardtechno; Hard techno; Schranz Techno; Schranz Remix; DJ Tool; Sc
inq005,Inquieto,inquieto - sol que nace,2025,hifidelity_potpourri,https://creativecommons.org/licenses/by-nc-nd/4.0/,https://archive.org/download/inq005/Inquieto%20-%20Sol%20Que%20Nace.mp3,359.8,hifidelity_potpourri,techno; hardtechno; schranz; remix; bootleg; Schrnz; Hardtechno; Hard techno; Schranz Techno; Schranz Remix; DJ Tool; Sc
inq005,Inquieto,ralph myers - keep on [inquieto remix],2025,hifidelity_potpourri,https://creativecommons.org/licenses/by-nc-nd/4.0/,https://archive.org/download/inq005/Ralph%20Myers%20-%20Keep%20on%20%5BInquieto%20Remix%5D.mp3,369.0,hifidelity_potpourri,techno; hardtechno; schranz; remix; bootleg; Schrnz; Hardtechno; Hard techno; Schranz Techno; Schranz Remix; DJ Tool; Sc
inq005,Inquieto,落ち着きのない  --  たましかさねて ,2025,hifidelity_potpourri,https://creativecommons.org/licenses/by-nc-nd/4.0/,https://archive.org/download/inq005/%E8%90%BD%E3%81%A1%E7%9D%80%E3%81%8D%E3%81%AE%E3%81%AA%E3%81%84%20%20--%20%20%E3%81%9F%E3%81%BE%E3%81%97%E3%81%8B%E3%81%95%E3%81%AD%E3%81%A6%20.mp3,359.8,hifidelity_potpourri,techno; hardtechno; schranz; remix; bootleg; Schrnz; Hardtechno; Hard techno; Schranz Techno; Schranz Remix; DJ Tool; Sc
inquieto-el-pavo-de-navidad-bonus-cd-track,Inquieto,inquieto - el pavo de navidad [bonus cd track],2023,hifidelity_potpourri,https://creativecommons.org/licenses/by-nc-nd/4.0/,https://archive.org/download/inquieto-el-pavo-de-navidad-bonus-cd-track/Inquieto%20-%20El%20pavo%20de%20navidad%20%5BBonus%20CD%20Track%5D.flac,429.2,hifidelity_potpourri,"techno; underground; bootlegs; hardtechno; hardcore; undergroun tecno; Schranz, Schrnz, Hardtechno, Hard techno, Techno,"
inquieto-el-pavo-de-navidad-bonus-cd-track,Inquieto,inquieto - nanimo tabetenai,2023,hifidelity_potpourri,https://creativecommons.org/licenses/by-nc-nd/4.0/,https://archive.org/download/inquieto-el-pavo-de-navidad-bonus-cd-track/Inquieto%20-%20Nanimo%20Tabetenai.flac,402.0,hifidelity_potpourri,"techno; underground; bootlegs; hardtechno; hardcore; undergroun tecno; Schranz, Schrnz, Hardtechno, Hard techno, Techno,"
inquieto-el-pavo-de-navidad-bonus-cd-track,Inquieto,inquieto - scooby ,2023,hifidelity_potpourri,https://creativecommons.org/licenses/by-nc-nd/4.0/,https://archive.org/download/inquieto-el-pavo-de-navidad-bonus-cd-track/Inquieto%20-%20Scooby%20.flac,334.2,hifidelity_potpourri,"techno; underground; bootlegs; hardtechno; hardcore; undergroun tecno; Schranz, Schrnz, Hardtechno, Hard techno, Techno,"
inquieto-el-pavo-de-navidad-bonus-cd-track,Inquieto,inquieto - tienes que saber,2023,hifidelity_potpourri,https://creativecommons.org/licenses/by-nc-nd/4.0/,https://archive.org/download/inquieto-el-pavo-de-navidad-bonus-cd-track/Inquieto%20-%20Tienes%20que%20saber.flac,405.7,hifidelity_potpourri,"techno; underground; bootlegs; hardtechno; hardcore; undergroun tecno; Schranz, Schrnz, Hardtechno, Hard techno, Techno,"
inquieto-el-pavo-de-navidad-bonus-cd-track,Inquieto,inquieto - vacaciones,2023,hifidelity_potpourri,https://creativecommons.org/licenses/by-nc-nd/4.0/,https://archive.org/download/inquieto-el-pavo-de-navidad-bonus-cd-track/Inquieto%20-%20Vacaciones.flac,348.1,hifidelity_potpourri,"techno; underground; bootlegs; hardtechno; hardcore; undergroun tecno; Schranz, Schrnz, Hardtechno, Hard techno, Techno,"
inquieto-eruption,Inquieto,inquieto - chaf flares,2025,hifidelity_potpourri,https://creativecommons.org/licenses/by-nc-nd/4.0/,https://archive.org/download/inquieto-eruption/Inquieto%20-%20Chaf%20Flares.mp3,261.6,hifidelity_potpourri,Industrial; techno; music; 320K; tecno; hardtechno; Bochka; Hardcore; Industrial Techno; IndustrialTechno; HardTechno; H
inquieto-eruption,Inquieto,inquieto - eruption ,2025,hifidelity_potpourri,https://creativecommons.org/licenses/by-nc-nd/4.0/,https://archive.org/download/inquieto-eruption/Inquieto%20-%20Eruption%20.mp3,277.4,hifidelity_potpourri,Industrial; techno; music; 320K; tecno; hardtechno; Bochka; Hardcore; Industrial Techno; IndustrialTechno; HardTechno; H
inquieto-eruption,Inquieto,inquieto - zona de avistamientos ,2025,hifidelity_potpourri,https://creativecommons.org/licenses/by-nc-nd/4.0/,https://archive.org/download/inquieto-eruption/Inquieto%20-%20Zona%20de%20avistamientos%20.mp3,258.8,hifidelity_potpourri,Industrial; techno; music; 320K; tecno; hardtechno; Bochka; Hardcore; Industrial Techno; IndustrialTechno; HardTechno; H
p115-the-d3vi7-budget-acid-ep,THE D3VI7,Budget Acid,2024,psychocandies-netlabel,https://creativecommons.org/licenses/by-nc-nd/4.0/,https://archive.org/download/p115-the-d3vi7-budget-acid-ep/%28P115%29%2001.%20THE%20D3VI7%20-%20Budget%20Acid_Budget%20Acid%20EP.wav,405.4,psychocandies-netlabel,Acid; Techno; Hard Techno; Acid Techno; THE D3VI7; Psychocandies
p115-the-d3vi7-budget-acid-ep,THE D3VI7,All-Time,2024,psychocandies-netlabel,https://creativecommons.org/licenses/by-nc-nd/4.0/,https://archive.org/download/p115-the-d3vi7-budget-acid-ep/%28P115%29%2002.%20THE%20D3VI7%20-%20All-Time_Budget%20Acid%20EP.wav,349.9,psychocandies-netlabel,Acid; Techno; Hard Techno; Acid Techno; THE D3VI7; Psychocandies
p153-the-d3vi7-paint-it-acid-vol.-02,THE D3VI7,Paint It Acid (III),2026,psychocandies-netlabel,https://creativecommons.org/licenses/by-nc-nd/4.0/,https://archive.org/download/p153-the-d3vi7-paint-it-acid-vol.-02/%28P153%29%2001.%20THE%20D3VI7%20-%20Paint%20It%20Acid%20%28III%29_Paint%20It%20Acid%20Vol.%2002.wav,277.4,psychocandies-netlabel,Aid; Acid Techno; Hard Techno; Industrial; Breaks; Psychocandies THE D3VI7
p153-the-d3vi7-paint-it-acid-vol.-02,THE D3VI7,Paint It Acid (IV),2026,psychocandies-netlabel,https://creativecommons.org/licenses/by-nc-nd/4.0/,https://archive.org/download/p153-the-d3vi7-paint-it-acid-vol.-02/%28P153%29%2002.%20THE%20D3VI7%20-%20Paint%20It%20Acid%20%28IV%29_Paint%20It%20Acid%20Vol.%2002.wav,223.8,psychocandies-netlabel,Aid; Acid Techno; Hard Techno; Industrial; Breaks; Psychocandies THE D3VI7
nuke018-brutal-rave-bastards-nuke-vol.18,Brutal Rave Bastards,NUKE Vol. 18,2023,nuke-the-planet-netlabel,https://creativecommons.org/licenses/by-nc-nd/4.0/,https://archive.org/download/nuke018-brutal-rave-bastards-nuke-vol.18/%28NUKE018%29%20Brutal%20Rave%20Bastards%20-%20NUKE%20Vol.%2018.wav,278.1,nuke-the-planet-netlabel,Hardcore; Acid; Acidcore; Techno; Hard Techno; Brutal Rave Bastards; Nuke The Planet
p098-jens-mueller-marudi-ep,Jens Mueller,Marudi (Original Mix),2021,psychocandies-netlabel,https://creativecommons.org/licenses/by-nc-nd/4.0/,https://archive.org/download/p098-jens-mueller-marudi-ep/%28P098%29%2001.%20Jens%20Mueller%20-%20Marudi%20%28Original%20Mix%29_Marudi%20EP.wav,382.9,psychocandies-netlabel,Acid; Techno; Acid Techno; Hard Acid Techno; Hard Techno; Jens Mueller; AFFLICTED; P.T.B.S.; Psychocandies
p098-jens-mueller-marudi-ep,"Jens Mueller, P.T.B.S.",Marudi (P.T.B.S. Remix),2021,psychocandies-netlabel,https://creativecommons.org/licenses/by-nc-nd/4.0/,https://archive.org/download/p098-jens-mueller-marudi-ep/%28P098%29%2002.%20Jens%20Mueller%20-%20Marudi%20%28P.T.B.S.%20Remix%29_Marudi%20EP.wav,371.5,psychocandies-netlabel,Acid; Techno; Acid Techno; Hard Acid Techno; Hard Techno; Jens Mueller; AFFLICTED; P.T.B.S.; Psychocandies
p098-jens-mueller-marudi-ep,"Jens Mueller, AFFLICTED",Marudi (AFFLICTED Remix),2021,psychocandies-netlabel,https://creativecommons.org/licenses/by-nc-nd/4.0/,https://archive.org/download/p098-jens-mueller-marudi-ep/%28P098%29%2003.%20Jens%20Mueller%20-%20Marudi%20%28AFFLICTED%20Remix%29_Marudi%20EP.wav,354.7,psychocandies-netlabel,Acid; Techno; Acid Techno; Hard Acid Techno; Hard Techno; Jens Mueller; AFFLICTED; P.T.B.S.; Psychocandies
p105-the-d3vi7-ausstieg-umstieg,THE D3VI7,Ausstieg,2023,psychocandies-netlabel,https://creativecommons.org/licenses/by-nc-nd/4.0/,https://archive.org/download/p105-the-d3vi7-ausstieg-umstieg/%28P105%29%2001.%20THE%20D3VI7%20-%20Ausstieg_Ausstieg-Umstieg.wav,360.5,psychocandies-netlabel,Acid; Hard Techno; Techno; Acid Techno; Psychocandies; THE D3VI7
p105-the-d3vi7-ausstieg-umstieg,THE D3VI7,Umstieg,2023,psychocandies-netlabel,https://creativecommons.org/licenses/by-nc-nd/4.0/,https://archive.org/download/p105-the-d3vi7-ausstieg-umstieg/%28P105%29%2002.%20THE%20D3VI7%20-%20Umstieg_Ausstieg-Umstieg.wav,335.3,psychocandies-netlabel,Acid; Hard Techno; Techno; Acid Techno; Psychocandies; THE D3VI7
sascha-muller-ssrextra85,Sascha Müller,Earthlander,2019,hifidelity_potpourri,https://creativecommons.org/licenses/by-nc-nd/4.0/,https://archive.org/download/sascha-muller-ssrextra85/01.%20Sascha%20Muller%20-%20Earthlander.WAV,354.4,hifidelity_potpourri,Techno; Acid; Hard Techno; Acid House; House; Minimal Techno; Sascha Müller
sascha-muller-ssrextra85,Sascha Müller,Fresh Killed Landfield,2019,hifidelity_potpourri,https://creativecommons.org/licenses/by-nc-nd/4.0/,https://archive.org/download/sascha-muller-ssrextra85/02.%20Sascha%20Muller%20-%20Fresh%20Killed%20Landfield.wav,376.3,hifidelity_potpourri,Techno; Acid; Hard Techno; Acid House; House; Minimal Techno; Sascha Müller
sascha-muller-ssrextra85,Sascha Müller,Future Punk Part 01,2019,hifidelity_potpourri,https://creativecommons.org/licenses/by-nc-nd/4.0/,https://archive.org/download/sascha-muller-ssrextra85/03.%20Sascha%20Muller%20-%20Future%20Punk%20Part%2001.wav,325.8,hifidelity_potpourri,Techno; Acid; Hard Techno; Acid House; House; Minimal Techno; Sascha Müller
sascha-muller-ssrextra85,Sascha Müller,Future Punk Part 02,2019,hifidelity_potpourri,https://creativecommons.org/licenses/by-nc-nd/4.0/,https://archive.org/download/sascha-muller-ssrextra85/04.%20Sascha%20Muller%20-%20Future%20Punk%20Part%2002.wav,320.0,hifidelity_potpourri,Techno; Acid; Hard Techno; Acid House; House; Minimal Techno; Sascha Müller
sascha-muller-ssrextra85,Sascha Müller,Gefahrenzone,2019,hifidelity_potpourri,https://creativecommons.org/licenses/by-nc-nd/4.0/,https://archive.org/download/sascha-muller-ssrextra85/05.%20Sascha%20Muller%20-%20Gefahrenzone.WAV,383.9,hifidelity_potpourri,Techno; Acid; Hard Techno; Acid House; House; Minimal Techno; Sascha Müller
sascha-muller-ssrextra85,Sascha Müller,Geistige Aktivitäten,2019,hifidelity_potpourri,https://creativecommons.org/licenses/by-nc-nd/4.0/,https://archive.org/download/sascha-muller-ssrextra85/06.%20Sascha%20Muller%20-%20Geistige%20Aktivitaten.wav,509.9,hifidelity_potpourri,Techno; Acid; Hard Techno; Acid House; House; Minimal Techno; Sascha Müller
sascha-muller-ssrextra85,Sascha Müller,Geprüft Und Abgesegnet,2019,hifidelity_potpourri,https://creativecommons.org/licenses/by-nc-nd/4.0/,https://archive.org/download/sascha-muller-ssrextra85/07.%20Sascha%20Muller%20-%20Gepruft%20Und%20Abgesegnet.wav,355.8,hifidelity_potpourri,Techno; Acid; Hard Techno; Acid House; House; Minimal Techno; Sascha Müller
sascha-muller-ssrextra85,Sascha Müller,Gesellschaftsspiele,2019,hifidelity_potpourri,https://creativecommons.org/licenses/by-nc-nd/4.0/,https://archive.org/download/sascha-muller-ssrextra85/08.%20Sascha%20Muller%20-%20Gesellschaftsspiele.WAV,449.6,hifidelity_potpourri,Techno; Acid; Hard Techno; Acid House; House; Minimal Techno; Sascha Müller
sascha-muller-ssrextra85,Sascha Müller,Götterdämmerung,2019,hifidelity_potpourri,https://creativecommons.org/licenses/by-nc-nd/4.0/,https://archive.org/download/sascha-muller-ssrextra85/09.%20Sascha%20Muller%20-%20Gotterdammerung.WAV,413.9,hifidelity_potpourri,Techno; Acid; Hard Techno; Acid House; House; Minimal Techno; Sascha Müller
sascha-muller-ssrextra85,Sascha Müller,Haare Schneiden,2019,hifidelity_potpourri,https://creativecommons.org/licenses/by-nc-nd/4.0/,https://archive.org/download/sascha-muller-ssrextra85/10.%20Sascha%20Muller%20-%20Haare%20Schneiden.WAV,346.9,hifidelity_potpourri,Techno; Acid; Hard Techno; Acid House; House; Minimal Techno; Sascha Müller
sascha-muller-ssrextra85,Sascha Müller,Handyman,2019,hifidelity_potpourri,https://creativecommons.org/licenses/by-nc-nd/4.0/,https://archive.org/download/sascha-muller-ssrextra85/11.%20Sascha%20Muller%20-%20Handyman.wav,486.0,hifidelity_potpourri,Techno; Acid; Hard Techno; Acid House; House; Minimal Techno; Sascha Müller
sascha-muller-ssrextra85,Sascha Müller,Holodeck Warrior,2019,hifidelity_potpourri,https://creativecommons.org/licenses/by-nc-nd/4.0/,https://archive.org/download/sascha-muller-ssrextra85/12.%20Sascha%20Muller%20-%20Holodeck%20Warrior.WAV,350.4,hifidelity_potpourri,Techno; Acid; Hard Techno; Acid House; House; Minimal Techno; Sascha Müller
p094-the-d3vi7-the-d-3-vi-7s-mantra-ep,THE D3VI7,Mantra,2020,psychocandies-netlabel,https://creativecommons.org/licenses/by-nc-nd/4.0/,https://archive.org/download/p094-the-d3vi7-the-d-3-vi-7s-mantra-ep/%28P094%29%2001.%20THE%20D3VI7%20-%20Mantra_THE%20D3VI7s%20Mantra%20EP.wav,414.0,psychocandies-netlabel,Acid; Acid Techno; Techno; Hardcore; Acidcore; Hard Techno; Hard Acid Techno; THE D3VI7; Psychocandies
p094-the-d3vi7-the-d-3-vi-7s-mantra-ep,THE D3VI7,Randale,2020,psychocandies-netlabel,https://creativecommons.org/licenses/by-nc-nd/4.0/,https://archive.org/download/p094-the-d3vi7-the-d-3-vi-7s-mantra-ep/%28P094%29%2002.%20THE%20D3VI7%20-%20Randale_THE%20D3VI7s%20Mantra%20EP.wav,348.5,psychocandies-netlabel,Acid; Acid Techno; Techno; Hardcore; Acidcore; Hard Techno; Hard Acid Techno; THE D3VI7; Psychocandies
p094-the-d3vi7-the-d-3-vi-7s-mantra-ep,THE D3VI7,Sub Zero,2020,psychocandies-netlabel,https://creativecommons.org/licenses/by-nc-nd/4.0/,https://archive.org/download/p094-the-d3vi7-the-d-3-vi-7s-mantra-ep/%28P094%29%2003.%20THE%20D3VI7%20-%20Sub%20Zero_THE%20D3VI7s%20Mantra%20EP.wav,352.7,psychocandies-netlabel,Acid; Acid Techno; Techno; Hardcore; Acidcore; Hard Techno; Hard Acid Techno; THE D3VI7; Psychocandies
sascha-muller-ssrextra80,Sascha Müller,Android Wargames,2019,hifidelity_potpourri,https://creativecommons.org/licenses/by-nc-nd/4.0/,https://archive.org/download/sascha-muller-ssrextra80/01.%20Sascha%20Muller%20-%20Android%20Wargames.wav,497.6,hifidelity_potpourri,Techno; Acid; Hard Techno; Acid House; House; Minimal Techno; Sascha Müller
sascha-muller-ssrextra80,Sascha Müller,Arctic Summer,2019,hifidelity_potpourri,https://creativecommons.org/licenses/by-nc-nd/4.0/,https://archive.org/download/sascha-muller-ssrextra80/02.%20Sascha%20Muller%20-%20Arctic%20Summer.wav,567.8,hifidelity_potpourri,Techno; Acid; Hard Techno; Acid House; House; Minimal Techno; Sascha Müller
sascha-muller-ssrextra80,Sascha Müller,Audio Buzzer,2019,hifidelity_potpourri,https://creativecommons.org/licenses/by-nc-nd/4.0/,https://archive.org/download/sascha-muller-ssrextra80/03.%20Sascha%20Muller%20-%20Audio%20Buzzer.WAV,420.6,hifidelity_potpourri,Techno; Acid; Hard Techno; Acid House; House; Minimal Techno; Sascha Müller
sascha-muller-ssrextra80,Sascha Müller,Audiogramm,2019,hifidelity_potpourri,https://creativecommons.org/licenses/by-nc-nd/4.0/,https://archive.org/download/sascha-muller-ssrextra80/04.%20Sascha%20Muller%20-%20Audiogramm.wav,475.4,hifidelity_potpourri,Techno; Acid; Hard Techno; Acid House; House; Minimal Techno; Sascha Müller
sascha-muller-ssrextra80,Sascha Müller,Bahnexpress,2019,hifidelity_potpourri,https://creativecommons.org/licenses/by-nc-nd/4.0/,https://archive.org/download/sascha-muller-ssrextra80/05.%20Sascha%20Muller%20-%20Bahnexpress.wav,301.8,hifidelity_potpourri,Techno; Acid; Hard Techno; Acid House; House; Minimal Techno; Sascha Müller
sascha-muller-ssrextra80,Sascha Müller,Bankok,2019,hifidelity_potpourri,https://creativecommons.org/licenses/by-nc-nd/4.0/,https://archive.org/download/sascha-muller-ssrextra80/06.%20Sascha%20Muller%20-%20Bankok.WAV,334.5,hifidelity_potpourri,Techno; Acid; Hard Techno; Acid House; House; Minimal Techno; Sascha Müller
sascha-muller-ssrextra80,Sascha Müller,Bass Damage,2019,hifidelity_potpourri,https://creativecommons.org/licenses/by-nc-nd/4.0/,https://archive.org/download/sascha-muller-ssrextra80/07.%20Sascha%20Muller%20-%20Bass%20Damage.wav,435.7,hifidelity_potpourri,Techno; Acid; Hard Techno; Acid House; House; Minimal Techno; Sascha Müller
sascha-muller-ssrextra80,Sascha Müller,Beast Wars,2019,hifidelity_potpourri,https://creativecommons.org/licenses/by-nc-nd/4.0/,https://archive.org/download/sascha-muller-ssrextra80/08.%20Sascha%20Muller%20-%20Beast%20Wars.wav,387.4,hifidelity_potpourri,Techno; Acid; Hard Techno; Acid House; House; Minimal Techno; Sascha Müller
sascha-muller-ssrextra80,Sascha Müller,Beefcake,2019,hifidelity_potpourri,https://creativecommons.org/licenses/by-nc-nd/4.0/,https://archive.org/download/sascha-muller-ssrextra80/09.%20Sascha%20Muller%20-%20Beefcake.wav,333.1,hifidelity_potpourri,Techno; Acid; Hard Techno; Acid House; House; Minimal Techno; Sascha Müller
sascha-muller-ssrextra80,Sascha Müller,Bits And Bites,2019,hifidelity_potpourri,https://creativecommons.org/licenses/by-nc-nd/4.0/,https://archive.org/download/sascha-muller-ssrextra80/10.%20Sascha%20Muller%20-%20Bits%20And%20Bites.wav,455.3,hifidelity_potpourri,Techno; Acid; Hard Techno; Acid House; House; Minimal Techno; Sascha Müller
sascha-muller-ssrextra80,Sascha Müller,Black Day,2019,hifidelity_potpourri,https://creativecommons.org/licenses/by-nc-nd/4.0/,https://archive.org/download/sascha-muller-ssrextra80/11.%20Sascha%20Muller%20-%20Black%20Day.wav,327.5,hifidelity_potpourri,Techno; Acid; Hard Techno; Acid House; House; Minimal Techno; Sascha Müller
user097-user75468548102-rouge-ep,user75468548102,Rouge One,2026,user-records-netlabel,https://creativecommons.org/licenses/by-nc-nd/4.0/,https://archive.org/download/user097-user75468548102-rouge-ep/%28USER097%29%2001.%20user75468548102%20-%20Rogue%20One_Rouge%20EP.wav,445.0,user-records-netlabel,Acid; Techno; Hard Techno; user75468548102; USER Records
user097-user75468548102-rouge-ep,user75468548102,No Big Deal,2026,user-records-netlabel,https://creativecommons.org/licenses/by-nc-nd/4.0/,https://archive.org/download/user097-user75468548102-rouge-ep/%28USER097%29%2002.%20user75468548102%20-%20No%20Big%20Deal_Rouge%20EP.wav,432.1,user-records-netlabel,Acid; Techno; Hard Techno; user75468548102; USER Records
schwarzfahrer_202411,Inquieto,tony mafia - schwarzfahrer (inquieto remix),2024,opensource_audio,https://creativecommons.org/licenses/by-nc-nd/4.0/,https://archive.org/download/schwarzfahrer_202411/Tony%20Mafia%20-%20SCHWARZFAHRER%20%28Inquieto%20Remix%29.mp3,463.2,opensource_audio,hardtechno; tecno; techno; hardtecno; Hard Techno; Hardtechno; Techno; DJ Tool; Net Labels; NetLabels; Underground HardT
sascha-muller-ssrextra67,Sascha Müller,Analog Snake Part 02,2018,hifidelity_potpourri,https://creativecommons.org/licenses/by-nc-nd/4.0/,https://archive.org/download/sascha-muller-ssrextra67/01.%20Sascha%20Muller%20-Analog%20Snake%20Part%2002.wav,225.9,hifidelity_potpourri,Techno; Acid; Hard Techno; Acid House; House; Minimal Techno; Sascha Müller
sascha-muller-ssrextra67,Sascha Müller,Skill Level,2018,hifidelity_potpourri,https://creativecommons.org/licenses/by-nc-nd/4.0/,https://archive.org/download/sascha-muller-ssrextra67/02.%20Sascha%20Muller%20-%20Skill%20Level.wav,334.0,hifidelity_potpourri,Techno; Acid; Hard Techno; Acid House; House; Minimal Techno; Sascha Müller
sascha-muller-ssrextra67,Sascha Müller,Soundtank,2018,hifidelity_potpourri,https://creativecommons.org/licenses/by-nc-nd/4.0/,https://archive.org/download/sascha-muller-ssrextra67/03.%20Sascha%20Muller%20-%20Soundtank.wav,296.2,hifidelity_potpourri,Techno; Acid; Hard Techno; Acid House; House; Minimal Techno; Sascha Müller
sascha-muller-ssrextra67,Sascha Müller,Analog Snake Part 03,2018,hifidelity_potpourri,https://creativecommons.org/licenses/by-nc-nd/4.0/,https://archive.org/download/sascha-muller-ssrextra67/04.%20Sascha%20Muller%20-%20Analog%20Snake%20Part%2003.wav,331.5,hifidelity_potpourri,Techno; Acid; Hard Techno; Acid House; House; Minimal Techno; Sascha Müller
sascha-muller-ssrextra67,Sascha Müller,Swamp Chamber,2018,hifidelity_potpourri,https://creativecommons.org/licenses/by-nc-nd/4.0/,https://archive.org/download/sascha-muller-ssrextra67/05.%20Sascha%20Muller%20-%20Swamp%20Chamber.wav,331.9,hifidelity_potpourri,Techno; Acid; Hard Techno; Acid House; House; Minimal Techno; Sascha Müller
sascha-muller-ssrextra67,Sascha Müller,Test,2018,hifidelity_potpourri,https://creativecommons.org/licenses/by-nc-nd/4.0/,https://archive.org/download/sascha-muller-ssrextra67/06.%20Sascha%20Muller%20-%20Test.wav,393.1,hifidelity_potpourri,Techno; Acid; Hard Techno; Acid House; House; Minimal Techno; Sascha Müller
sascha-muller-ssrextra67,Sascha Müller,Ambient 5,2018,hifidelity_potpourri,https://creativecommons.org/licenses/by-nc-nd/4.0/,https://archive.org/download/sascha-muller-ssrextra67/07.%20Sascha%20Muller%20-%20Ambient%205.wav,323.9,hifidelity_potpourri,Techno; Acid; Hard Techno; Acid House; House; Minimal Techno; Sascha Müller
sascha-muller-ssrextra67,Sascha Müller,From My Ear To Your Brain,2018,hifidelity_potpourri,https://creativecommons.org/licenses/by-nc-nd/4.0/,https://archive.org/download/sascha-muller-ssrextra67/08.%20Sascha%20Muller%20-%20From%20My%20Ear%20To%20Your%20Brain.wav,319.2,hifidelity_potpourri,Techno; Acid; Hard Techno; Acid House; House; Minimal Techno; Sascha Müller
sascha-muller-ssrextra67,Sascha Müller,Hellboy,2018,hifidelity_potpourri,https://creativecommons.org/licenses/by-nc-nd/4.0/,https://archive.org/download/sascha-muller-ssrextra67/09.%20Sascha%20Muller%20-%20Hellboy.wav,292.2,hifidelity_potpourri,Techno; Acid; Hard Techno; Acid House; House; Minimal Techno; Sascha Müller
sascha-muller-ssrextra67,Sascha Müller,Rainman,2018,hifidelity_potpourri,https://creativecommons.org/licenses/by-nc-nd/4.0/,https://archive.org/download/sascha-muller-ssrextra67/10.%20Sascha%20Muller%20-%20Rainman.wav,470.7,hifidelity_potpourri,Techno; Acid; Hard Techno; Acid House; House; Minimal Techno; Sascha Müller
sascha-muller-ssrextra67,Sascha Müller,Ambient 6,2018,hifidelity_potpourri,https://creativecommons.org/licenses/by-nc-nd/4.0/,https://archive.org/download/sascha-muller-ssrextra67/11.%20Sascha%20Muller%20-%20Ambient%206.wav,401.4,hifidelity_potpourri,Techno; Acid; Hard Techno; Acid House; House; Minimal Techno; Sascha Müller
sascha-muller-ssrextra67,Sascha Müller,Bad Dreams,2018,hifidelity_potpourri,https://creativecommons.org/licenses/by-nc-nd/4.0/,https://archive.org/download/sascha-muller-ssrextra67/12.%20Sascha%20Muller%20-%20Bad%20Dreams.wav,459.2,hifidelity_potpourri,Techno; Acid; Hard Techno; Acid House; House; Minimal Techno; Sascha Müller
user068-user78654786842-over-ep_202506,user78654786842,PullOver,2025,user-records-netlabel,https://creativecommons.org/licenses/by-nc-nd/4.0/,https://archive.org/download/user068-user78654786842-over-ep_202506/%28USER068%29%2001.%20user78654786842%20-%20PullOver_Over%20EP.wav,287.6,user-records-netlabel,Techno; Schranz; Hard Techno; USER Records
user068-user78654786842-over-ep_202506,user78654786842,3 a.m.,2025,user-records-netlabel,https://creativecommons.org/licenses/by-nc-nd/4.0/,https://archive.org/download/user068-user78654786842-over-ep_202506/%28USER068%29%2002.%20user78654786842%20-%203am_Over%20EP.wav,411.9,user-records-netlabel,Techno; Schranz; Hard Techno; USER Records
user075-user11188078453-heit-ep,user11188078453,Fahrenheit 3.1,2026,user-records-netlabel,https://creativecommons.org/licenses/by-nc-nd/4.0/,https://archive.org/download/user075-user11188078453-heit-ep/%28USER075%29%2001.%20user11188078453%20-%20Fahrenheit%203_1_Heit%20EP.wav,407.0,user-records-netlabel,Techno; Acid; Hard Techno; USER REcords; user11188078453
user075-user11188078453-heit-ep,user11188078453,606 + 303 = 902,2026,user-records-netlabel,https://creativecommons.org/licenses/by-nc-nd/4.0/,https://archive.org/download/user075-user11188078453-heit-ep/%28USER075%29%2002.%20user11188078453%20-%20606%20%2B%20303%20%3D%20902_Heit%20EP.wav,320.0,user-records-netlabel,Techno; Acid; Hard Techno; USER REcords; user11188078453
dfs036-p.t.b.s.-sascha-muller-content-waveshaper,P.T.B.S. & Sascha Müller,Content,2025,dancefloor-socialism-netlabel,https://creativecommons.org/licenses/by-nc-nd/4.0/,https://archive.org/download/dfs036-p.t.b.s.-sascha-muller-content-waveshaper/%28DFS036%29%2001.%20P.T.B.S.%20%26%20Sascha%20M%C3%BCller%20-%20Content_Content%20Waveshaper.wav,360.0,dancefloor-socialism-netlabel,TEchno; Hard Techno; Acid; Acid Techno; Hard Trance; P.T.B.S.; DANCEFLOOR SOCIALISM
dfs036-p.t.b.s.-sascha-muller-content-waveshaper,P.T.B.S. & Sascha Müller,Waveshaper,2025,dancefloor-socialism-netlabel,https://creativecommons.org/licenses/by-nc-nd/4.0/,https://archive.org/download/dfs036-p.t.b.s.-sascha-muller-content-waveshaper/%28DFS036%29%2002.%20P.T.B.S.%20%26%20Sascha%20M%C3%BCller%20-%20Waveshaper_Content%20Waveshaper.wav,380.0,dancefloor-socialism-netlabel,TEchno; Hard Techno; Acid; Acid Techno; Hard Trance; P.T.B.S.; DANCEFLOOR SOCIALISM
fressen013-johann-schwengel-manhatten-ep,Johann Schwengel,Manhatten,2023,fresscode-records-netlabel,https://creativecommons.org/licenses/by-nc-nd/4.0/,https://archive.org/download/fressen013-johann-schwengel-manhatten-ep/%28Fressen013%29%2001.%20Johann%20Schwengel%20-%20Manhatten_Manhatten%20EP.wav,380.3,fresscode-records-netlabel,Techno; Acid; Hard Techno; Johann Schwengel; Fresscode Records
fressen013-johann-schwengel-manhatten-ep,Johann Schwengel,Springbreak,2023,fresscode-records-netlabel,https://creativecommons.org/licenses/by-nc-nd/4.0/,https://archive.org/download/fressen013-johann-schwengel-manhatten-ep/%28Fressen013%29%2002.%20Johann%20Schwengel%20-%20Springbreak_Manhatten%20EP.wav,443.5,fresscode-records-netlabel,Techno; Acid; Hard Techno; Johann Schwengel; Fresscode Records
fressen013-johann-schwengel-manhatten-ep,Johann Schwengel,3,2023,fresscode-records-netlabel,https://creativecommons.org/licenses/by-nc-nd/4.0/,https://archive.org/download/fressen013-johann-schwengel-manhatten-ep/%28Fressen013%29%2003.%20Johann%20Schwengel%20-%203_Manhatten%20EP.wav,342.7,fresscode-records-netlabel,Techno; Acid; Hard Techno; Johann Schwengel; Fresscode Records
user098-user83254130235-emergancy-ep,user83254130235,(user098) 01. user83254130235 - emergency_emergancy ep,2026,user-records-netlabel,https://creativecommons.org/licenses/by-nc-nd/4.0/,https://archive.org/download/user098-user83254130235-emergancy-ep/%28USER098%29%2001.%20user83254130235%20-%20Emergency_Emergancy%20EP.wav,461.4,user-records-netlabel,Acid; Techno; Hard Techno; USER Records; user83254130235
user098-user83254130235-emergancy-ep,user83254130235,The Gentleman,2026,user-records-netlabel,https://creativecommons.org/licenses/by-nc-nd/4.0/,https://archive.org/download/user098-user83254130235-emergancy-ep/%28USER098%29%2002.%20user83254130235%20-%20The%20Genleman_Emergancy%20EP.wav,347.4,user-records-netlabel,Acid; Techno; Hard Techno; USER Records; user83254130235
RLINQ033,Inquieto,inquieto - hablame sobre la ira,2026,opensource_audio,https://creativecommons.org/licenses/by-nc-nd/4.0/,https://archive.org/download/RLINQ033/Inquieto%20-%20Hablame%20Sobre%20La%20Ira.mp3,269.8,opensource_audio,Hard techno; Hard Techno; Hardtechno; Techno; Hard Techno Psy; Techno Psy; Techno Hard; Underground; Underground Hard Te
RLINQ033,Inquieto,inquieto - hablame sobre la ira (remix),2026,opensource_audio,https://creativecommons.org/licenses/by-nc-nd/4.0/,https://archive.org/download/RLINQ033/Inquieto%20-%20Hablame%20Sobre%20La%20Ira%20%28Remix%29.mp3,261.8,opensource_audio,Hard techno; Hard Techno; Hardtechno; Techno; Hard Techno Psy; Techno Psy; Techno Hard; Underground; Underground Hard Te
user044-user88745774467-bravados-ep,user88745774467,Untitled 3-1,2022,user-records-netlabel,https://creativecommons.org/licenses/by-nc-nd/4.0/,https://archive.org/download/user044-user88745774467-bravados-ep/%28USER044%29%2001.%20user88745774467%20-%20Untitled%203-1_Bravados%20EP.wav,356.3,user-records-netlabel,Acid; Acid Techno; Hard Acid Techno; Acidcore; Techno; Hardtechno; USER Records; user88745774467
user044-user88745774467-bravados-ep,user88745774467,Untitled 4-1,2022,user-records-netlabel,https://creativecommons.org/licenses/by-nc-nd/4.0/,https://archive.org/download/user044-user88745774467-bravados-ep/%28USER044%29%2002.%20user88745774467%20-%20Untitled%204-1_Bravados%20EP.wav,330.2,user-records-netlabel,Acid; Acid Techno; Hard Acid Techno; Acidcore; Techno; Hardtechno; USER Records; user88745774467
stanley-hottek-fratzencenter-01-cola-kevin,Stanley Hottek,ColaKevin,2021,opensource_audio,https://creativecommons.org/licenses/by-nd/4.0/,https://archive.org/download/stanley-hottek-fratzencenter-01-cola-kevin/Stanley%20Hottek%20-%20Fratzencenter%20-%2001%20ColaKevin.mp3,441.4,opensource_audio,Schranz; Techno; Hardtechno; Electronic; Germany; Rave; Club; Underground; Dark; Industrial; Heavy; Driving; Beats; Inte
stanley-hottek-fratzencenter-01-cola-kevin,Stanley Hottek,SelterSiggy,2021,opensource_audio,https://creativecommons.org/licenses/by-nd/4.0/,https://archive.org/download/stanley-hottek-fratzencenter-01-cola-kevin/Stanley%20Hottek%20-%20Fratzencenter%20-%2002%20SelterSiggy.mp3,395.6,opensource_audio,Schranz; Techno; Hardtechno; Electronic; Germany; Rave; Club; Underground; Dark; Industrial; Heavy; Driving; Beats; Inte
stanley-hottek-fratzencenter-01-cola-kevin,Stanley Hottek,KlatschSabine,2021,opensource_audio,https://creativecommons.org/licenses/by-nd/4.0/,https://archive.org/download/stanley-hottek-fratzencenter-01-cola-kevin/Stanley%20Hottek%20-%20Fratzencenter%20-%2003%20KlatschSabine.mp3,294.7,opensource_audio,Schranz; Techno; Hardtechno; Electronic; Germany; Rave; Club; Underground; Dark; Industrial; Heavy; Driving; Beats; Inte
stanley-hottek-fratzencenter-01-cola-kevin,Stanley Hottek,RaveRudi,2021,opensource_audio,https://creativecommons.org/licenses/by-nd/4.0/,https://archive.org/download/stanley-hottek-fratzencenter-01-cola-kevin/Stanley%20Hottek%20-%20Fratzencenter%20-%2004%20RaveRudi.mp3,459.0,opensource_audio,Schranz; Techno; Hardtechno; Electronic; Germany; Rave; Club; Underground; Dark; Industrial; Heavy; Driving; Beats; Inte
02-kalter-schweiss,void:r,Nachtzug,2023,opensource_audio,https://creativecommons.org/licenses/by-nd/4.0/,https://archive.org/download/02-kalter-schweiss/01%20-%20Nachtzug.mp3,310.6,opensource_audio,techno; schranz; dystopian; psychedelic; lo-fi; lofi; beats; free; hardtechno; industrial; technovintage; future; rave; 
02-kalter-schweiss,void:r,Kalter Schweiß,2023,opensource_audio,https://creativecommons.org/licenses/by-nd/4.0/,https://archive.org/download/02-kalter-schweiss/02%20-%20Kalter%20Schwei%C3%9F.mp3,394.9,opensource_audio,techno; schranz; dystopian; psychedelic; lo-fi; lofi; beats; free; hardtechno; industrial; technovintage; future; rave; 
02-kalter-schweiss,void:r,Gestohlene Zeit,2023,opensource_audio,https://creativecommons.org/licenses/by-nd/4.0/,https://archive.org/download/02-kalter-schweiss/03%20-%20Gestohlene%20Zeit.mp3,310.4,opensource_audio,techno; schranz; dystopian; psychedelic; lo-fi; lofi; beats; free; hardtechno; industrial; technovintage; future; rave; 
stanley-hottek-remind-in-noise-03-gnome,Stanley Hottek,Flame,2021,hifidelity_potpourri,https://creativecommons.org/licenses/by-nc-nd/4.0/,https://archive.org/download/stanley-hottek-remind-in-noise-03-gnome/Stanley%20Hottek%20-%20Remind%20in%20Noise%20-%2001%20Flame.mp3,249.8,hifidelity_potpourri,Techno; schranz; dystopian; psychedelic; lo-fi; lofi; beats; free; hardtechno; industrial; technovintage; future; rave; 
stanley-hottek-remind-in-noise-03-gnome,Stanley Hottek,Interference,2021,hifidelity_potpourri,https://creativecommons.org/licenses/by-nc-nd/4.0/,https://archive.org/download/stanley-hottek-remind-in-noise-03-gnome/Stanley%20Hottek%20-%20Remind%20in%20Noise%20-%2002%20Interference.mp3,290.0,hifidelity_potpourri,Techno; schranz; dystopian; psychedelic; lo-fi; lofi; beats; free; hardtechno; industrial; technovintage; future; rave; 
stanley-hottek-remind-in-noise-03-gnome,Stanley Hottek,Gnome,2021,hifidelity_potpourri,https://creativecommons.org/licenses/by-nc-nd/4.0/,https://archive.org/download/stanley-hottek-remind-in-noise-03-gnome/Stanley%20Hottek%20-%20Remind%20in%20Noise%20-%2003%20Gnome.mp3,330.0,hifidelity_potpourri,Techno; schranz; dystopian; psychedelic; lo-fi; lofi; beats; free; hardtechno; industrial; technovintage; future; rave; 
INQRPL022,Inquieto,inquieto - de viento,2025,hifidelity_potpourri,https://creativecommons.org/licenses/by-nc-nd/4.0/,https://archive.org/download/INQRPL022/Inquieto%20-%20De%20Viento.wav,455.2,hifidelity_potpourri,rave; techno; hardtechno; hardcore; tecno hardtecno; underground Djs Technorave; hardcore techno; labelsnet; inquieto; a
INQRPL022,Inquieto,inquieto - el extraviado,2025,hifidelity_potpourri,https://creativecommons.org/licenses/by-nc-nd/4.0/,https://archive.org/download/INQRPL022/Inquieto%20-%20El%20Extraviado.wav,507.9,hifidelity_potpourri,rave; techno; hardtechno; hardcore; tecno hardtecno; underground Djs Technorave; hardcore techno; labelsnet; inquieto; a
INQRPL022,Inquieto,inquieto - el preso,2025,hifidelity_potpourri,https://creativecommons.org/licenses/by-nc-nd/4.0/,https://archive.org/download/INQRPL022/Inquieto%20-%20El%20preso.wav,341.3,hifidelity_potpourri,rave; techno; hardtechno; hardcore; tecno hardtecno; underground Djs Technorave; hardcore techno; labelsnet; inquieto; a
INQRPL022,Inquieto,inquieto - el reclamo,2025,hifidelity_potpourri,https://creativecommons.org/licenses/by-nc-nd/4.0/,https://archive.org/download/INQRPL022/Inquieto%20-%20El%20Reclamo.wav,245.8,hifidelity_potpourri,rave; techno; hardtechno; hardcore; tecno hardtecno; underground Djs Technorave; hardcore techno; labelsnet; inquieto; a
INQRPL022,Inquieto,inquieto - extorsion,2025,hifidelity_potpourri,https://creativecommons.org/licenses/by-nc-nd/4.0/,https://archive.org/download/INQRPL022/Inquieto%20-%20Extorsion.wav,384.0,hifidelity_potpourri,rave; techno; hardtechno; hardcore; tecno hardtecno; underground Djs Technorave; hardcore techno; labelsnet; inquieto; a
INQRPL022,Inquieto,inquieto - extracto digestivo ,2025,hifidelity_potpourri,https://creativecommons.org/licenses/by-nc-nd/4.0/,https://archive.org/download/INQRPL022/Inquieto%20-%20Extracto%20Digestivo%20.wav,220.2,hifidelity_potpourri,rave; techno; hardtechno; hardcore; tecno hardtecno; underground Djs Technorave; hardcore techno; labelsnet; inquieto; a
INQRPL022,Inquieto,inquieto - lo que es ,2025,hifidelity_potpourri,https://creativecommons.org/licenses/by-nc-nd/4.0/,https://archive.org/download/INQRPL022/Inquieto%20-%20Lo%20que%20es%20.wav,487.3,hifidelity_potpourri,rave; techno; hardtechno; hardcore; tecno hardtecno; underground Djs Technorave; hardcore techno; labelsnet; inquieto; a
INQTOD022,Inquieto,inquieto - tomalo o dejalo,2022,opensource_audio,https://creativecommons.org/licenses/by-nc-nd/4.0/,https://archive.org/download/INQTOD022/INQUIETO%20-%20TOMALO%20O%20DEJALO.wav,483.2,opensource_audio,rave; techno; hardtechno; hardcore; tecno hardtecno; underground Djs Technorave; hardcore techno; labelsnet; inquieto; a
INQTOD022,Inquieto,inquieto - tool ,2022,opensource_audio,https://creativecommons.org/licenses/by-nc-nd/4.0/,https://archive.org/download/INQTOD022/INQUIETO%20-%20TOOL%20.wav,356.6,opensource_audio,rave; techno; hardtechno; hardcore; tecno hardtecno; underground Djs Technorave; hardcore techno; labelsnet; inquieto; a
EOTF01,Klangbild,Pausenbrot,2022,opensource_audio,https://creativecommons.org/publicdomain/zero/1.0/,https://archive.org/download/EOTF01/Klangbild%20-%20EOTF01%20-%2001%20Pausenbrot.mp3,340.7,opensource_audio,Techno; schranz; dystopian; psychedelic; lo-fi; lofi; beats; free; hardtechno; industrial; technovintage; future; rave; 
EOTF01,Klangbild,Teppichklopfer,2022,opensource_audio,https://creativecommons.org/publicdomain/zero/1.0/,https://archive.org/download/EOTF01/Klangbild%20-%20EOTF01%20-%2002%20Teppichklopfer.mp3,293.5,opensource_audio,Techno; schranz; dystopian; psychedelic; lo-fi; lofi; beats; free; hardtechno; industrial; technovintage; future; rave; 
EOTF01,Klangbild,Kartoffelstampf (Andreas Gehm forever),2022,opensource_audio,https://creativecommons.org/publicdomain/zero/1.0/,https://archive.org/download/EOTF01/Klangbild%20-%20EOTF01%20-%2003%20Kartoffelstampf%20%28Andreas%20Gehm%20forever%29.mp3,280.0,opensource_audio,Techno; schranz; dystopian; psychedelic; lo-fi; lofi; beats; free; hardtechno; industrial; technovintage; future; rave; 
EOTF01,Klangbild,Kompetenzgerangel,2022,opensource_audio,https://creativecommons.org/publicdomain/zero/1.0/,https://archive.org/download/EOTF01/Klangbild%20-%20EOTF01%20-%2004%20Kompetenzgerangel.mp3,472.8,opensource_audio,Techno; schranz; dystopian; psychedelic; lo-fi; lofi; beats; free; hardtechno; industrial; technovintage; future; rave; 
EOTF01,Klangbild,Stolperstein,2022,opensource_audio,https://creativecommons.org/publicdomain/zero/1.0/,https://archive.org/download/EOTF01/Klangbild%20-%20EOTF01%20-%2005%20Stolperstein.mp3,562.0,opensource_audio,Techno; schranz; dystopian; psychedelic; lo-fi; lofi; beats; free; hardtechno; industrial; technovintage; future; rave; 
EOTF01,Klangbild,Optimist,2022,opensource_audio,https://creativecommons.org/publicdomain/zero/1.0/,https://archive.org/download/EOTF01/Klangbild%20-%20EOTF01%20-%2006%20Optimist.mp3,261.2,opensource_audio,Techno; schranz; dystopian; psychedelic; lo-fi; lofi; beats; free; hardtechno; industrial; technovintage; future; rave; 
EOTF01,Klangbild,Wellenbad,2022,opensource_audio,https://creativecommons.org/publicdomain/zero/1.0/,https://archive.org/download/EOTF01/Klangbild%20-%20EOTF01%20-%2007%20Wellenbad.mp3,432.1,opensource_audio,Techno; schranz; dystopian; psychedelic; lo-fi; lofi; beats; free; hardtechno; industrial; technovintage; future; rave; 
EOTF01,Klangbild,Dinkelschock,2022,opensource_audio,https://creativecommons.org/publicdomain/zero/1.0/,https://archive.org/download/EOTF01/Klangbild%20-%20EOTF01%20-%2008%20Dinkelschock.mp3,511.9,opensource_audio,Techno; schranz; dystopian; psychedelic; lo-fi; lofi; beats; free; hardtechno; industrial; technovintage; future; rave; 
EOTF01,Klangbild,Klotzgeschiebe,2022,opensource_audio,https://creativecommons.org/publicdomain/zero/1.0/,https://archive.org/download/EOTF01/Klangbild%20-%20EOTF01%20-%2009%20Klotzgeschiebe.mp3,320.8,opensource_audio,Techno; schranz; dystopian; psychedelic; lo-fi; lofi; beats; free; hardtechno; industrial; technovintage; future; rave; 
EOTF01,Klangbild,Randnotiz,2022,opensource_audio,https://creativecommons.org/publicdomain/zero/1.0/,https://archive.org/download/EOTF01/Klangbild%20-%20EOTF01%20-%2010%20Randnotiz.mp3,256.5,opensource_audio,Techno; schranz; dystopian; psychedelic; lo-fi; lofi; beats; free; hardtechno; industrial; technovintage; future; rave; 
stromtod,Stromtod,Reaktor,2022,opensource_audio,http://creativecommons.org/licenses/by-nc-nd/4.0/,https://archive.org/download/stromtod/01.%20Reaktor.mp3,298.6,opensource_audio,"Techno, schranz, dystopian, psychedelic, lo-fi, lofi, beats, free, hardtechno, industrial, technovintage, future, rave, "
stromtod,Stromtod,Zeit,2022,opensource_audio,http://creativecommons.org/licenses/by-nc-nd/4.0/,https://archive.org/download/stromtod/02.%20Zeit.mp3,366.1,opensource_audio,"Techno, schranz, dystopian, psychedelic, lo-fi, lofi, beats, free, hardtechno, industrial, technovintage, future, rave, "
stromtod,Stromtod,Ein Endloser Kreislauf,2022,opensource_audio,http://creativecommons.org/licenses/by-nc-nd/4.0/,https://archive.org/download/stromtod/03.%20Ein%20Endloser%20Kreislauf.mp3,272.0,opensource_audio,"Techno, schranz, dystopian, psychedelic, lo-fi, lofi, beats, free, hardtechno, industrial, technovintage, future, rave, "
stromtod,Stromtod,Bootstrap,2022,opensource_audio,http://creativecommons.org/licenses/by-nc-nd/4.0/,https://archive.org/download/stromtod/04.%20Bootstrap.mp3,324.2,opensource_audio,"Techno, schranz, dystopian, psychedelic, lo-fi, lofi, beats, free, hardtechno, industrial, technovintage, future, rave, "
stromtod,Stanley Hottek,Ein Endloser Kreislauf (Rmx Stanley Hottek),2022,opensource_audio,http://creativecommons.org/licenses/by-nc-nd/4.0/,https://archive.org/download/stromtod/05.%20Ein%20Endloser%20Kreislauf%20Remix%20%28Stanley%20Hottek%29.mp3,285.4,opensource_audio,"Techno, schranz, dystopian, psychedelic, lo-fi, lofi, beats, free, hardtechno, industrial, technovintage, future, rave, "
stromtod,Sans-Fin,Zeit (Rmx Sans-Fin),2022,opensource_audio,http://creativecommons.org/licenses/by-nc-nd/4.0/,https://archive.org/download/stromtod/06.%20Zeit%20Remix%20%28Sans-Fin%29.mp3,267.5,opensource_audio,"Techno, schranz, dystopian, psychedelic, lo-fi, lofi, beats, free, hardtechno, industrial, technovintage, future, rave, "
stromtod,Stahlschlag,Zeit (Rmx Stahlschlag),2022,opensource_audio,http://creativecommons.org/licenses/by-nc-nd/4.0/,https://archive.org/download/stromtod/07.%20Zeit%20Remix%20%28Stahlschlag%29.mp3,264.9,opensource_audio,"Techno, schranz, dystopian, psychedelic, lo-fi, lofi, beats, free, hardtechno, industrial, technovintage, future, rave, "
stromtod,Maschienekrieger KR52,Zeit (Rmx Maschinenkrieger KR52),2022,opensource_audio,http://creativecommons.org/licenses/by-nc-nd/4.0/,https://archive.org/download/stromtod/08.%20Zeit%20Remix%20%28Maschinenkrieger%20KR52%29.mp3,331.0,opensource_audio,"Techno, schranz, dystopian, psychedelic, lo-fi, lofi, beats, free, hardtechno, industrial, technovintage, future, rave, "
stromtod,16Pad Noise Terrorist,Zeit (Rmx 16Pad Noise Terrorist),2022,opensource_audio,http://creativecommons.org/licenses/by-nc-nd/4.0/,https://archive.org/download/stromtod/09.%20Zeit%20Remix%20%2816%20Pad%20Noise%20Terrorist%29.mp3,297.6,opensource_audio,"Techno, schranz, dystopian, psychedelic, lo-fi, lofi, beats, free, hardtechno, industrial, technovintage, future, rave, "
stromtod,Stanley Hottek,Zeit (Rmx Stanley Hottek),2022,opensource_audio,http://creativecommons.org/licenses/by-nc-nd/4.0/,https://archive.org/download/stromtod/10.%20Zeit%20Remix%20%28Stanley%20Hottek%29.mp3,432.7,opensource_audio,"Techno, schranz, dystopian, psychedelic, lo-fi, lofi, beats, free, hardtechno, industrial, technovintage, future, rave, "
dont-sleep-assey,Assey,don't sleep(mastered) ,2022,opensource_audio,https://creativecommons.org/licenses/by-nc-nd/4.0/,https://archive.org/download/dont-sleep-assey/DON%27T%20SLEEP%28mastered%29%20.wav,170.9,opensource_audio,techno; electronicmusic; bassmusic; assey; clubmusic; dancemusic; instrumental; music; hardtechno
psy-shepherd-x-ethnomite-pux-x-invisible-illusion-the-desert-ears,Psy Shepherd X Ethnomite Pux X Invisible Illusion,in memory of sahel - psy shepherd x invisible illusion - the desert ears,2023,le-colibri-necrophile,https://creativecommons.org/licenses/by-nc-sa/4.0/,https://archive.org/download/psy-shepherd-x-ethnomite-pux-x-invisible-illusion-the-desert-ears/01.In%20Memory%20Of%20Sahel%20-%20Psy%20Shepherd%20X%20Invisible%20Illusion%20-%20THE%20DESERT%20EARS.wav,245.5,le-colibri-necrophile,Colibri Necrophile; Ethnomite Pux; Psy Sheperd; Invisible Illusion; Electronics; Desert; Industrial music; Serial music;
psy-shepherd-x-ethnomite-pux-x-invisible-illusion-the-desert-ears,Psy Shepherd X Ethnomite Pux X Invisible Illusion,slow burner - invisible illusion - the desert ears,2023,le-colibri-necrophile,https://creativecommons.org/licenses/by-nc-sa/4.0/,https://archive.org/download/psy-shepherd-x-ethnomite-pux-x-invisible-illusion-the-desert-ears/02.Slow%20Burner%20-%20Invisible%20Illusion%20-%20THE%20DESERT%20EARS.wav,420.6,le-colibri-necrophile,Colibri Necrophile; Ethnomite Pux; Psy Sheperd; Invisible Illusion; Electronics; Desert; Industrial music; Serial music;
psy-shepherd-x-ethnomite-pux-x-invisible-illusion-the-desert-ears,Psy Shepherd X Ethnomite Pux X Invisible Illusion,nomad robot blues - ethnomite pux x invisible illusion - the desert ears,2023,le-colibri-necrophile,https://creativecommons.org/licenses/by-nc-sa/4.0/,https://archive.org/download/psy-shepherd-x-ethnomite-pux-x-invisible-illusion-the-desert-ears/03.Nomad%20Robot%20Blues%20-%20Ethnomite%20Pux%20X%20Invisible%20Illusion%20-%20THE%20DESERT%20EARS.wav,213.0,le-colibri-necrophile,Colibri Necrophile; Ethnomite Pux; Psy Sheperd; Invisible Illusion; Electronics; Desert; Industrial music; Serial music;
psy-shepherd-x-ethnomite-pux-x-invisible-illusion-the-desert-ears,Psy Shepherd X Ethnomite Pux X Invisible Illusion,electronic quicksands iii - ethnomite pux - the desert ears,2023,le-colibri-necrophile,https://creativecommons.org/licenses/by-nc-sa/4.0/,https://archive.org/download/psy-shepherd-x-ethnomite-pux-x-invisible-illusion-the-desert-ears/04.Electronic%20Quicksands%20III%20-%20Ethnomite%20Pux%20-%20THE%20DESERT%20EARS.wav,255.1,le-colibri-necrophile,Colibri Necrophile; Ethnomite Pux; Psy Sheperd; Invisible Illusion; Electronics; Desert; Industrial music; Serial music;
psy-shepherd-x-ethnomite-pux-x-invisible-illusion-the-desert-ears,Psy Shepherd X Ethnomite Pux X Invisible Illusion,electronic quicksands iv - ethnomite pux - the desert ears,2023,le-colibri-necrophile,https://creativecommons.org/licenses/by-nc-sa/4.0/,https://archive.org/download/psy-shepherd-x-ethnomite-pux-x-invisible-illusion-the-desert-ears/06.Electronic%20Quicksands%20IV%20-%20Ethnomite%20Pux%20-%20THE%20DESERT%20EARS.wav,595.7,le-colibri-necrophile,Colibri Necrophile; Ethnomite Pux; Psy Sheperd; Invisible Illusion; Electronics; Desert; Industrial music; Serial music;
psy-shepherd-x-ethnomite-pux-x-invisible-illusion-the-desert-ears,Psy Shepherd X Ethnomite Pux X Invisible Illusion,malikat alwuhush - psy shepherd x invisible illusion - the desert ears,2023,le-colibri-necrophile,https://creativecommons.org/licenses/by-nc-sa/4.0/,https://archive.org/download/psy-shepherd-x-ethnomite-pux-x-invisible-illusion-the-desert-ears/08.Malikat%20Alwuhush%20-%20Psy%20Shepherd%20X%20Invisible%20Illusion%20-%20THE%20DESERT%20EARS.wav,405.0,le-colibri-necrophile,Colibri Necrophile; Ethnomite Pux; Psy Sheperd; Invisible Illusion; Electronics; Desert; Industrial music; Serial music;
psy-shepherd-x-ethnomite-pux-x-invisible-illusion-the-desert-ears,Psy Shepherd X Ethnomite Pux X Invisible Illusion,triops phase patterns ii a - invisible illusion - the desert ears,2023,le-colibri-necrophile,https://creativecommons.org/licenses/by-nc-sa/4.0/,https://archive.org/download/psy-shepherd-x-ethnomite-pux-x-invisible-illusion-the-desert-ears/11.Triops%20Phase%20Patterns%20II%20A%20-%20Invisible%20Illusion%20-%20THE%20DESERT%20EARS.wav,614.2,le-colibri-necrophile,Colibri Necrophile; Ethnomite Pux; Psy Sheperd; Invisible Illusion; Electronics; Desert; Industrial music; Serial music;
psy-shepherd-x-ethnomite-pux-x-invisible-illusion-the-desert-ears,Psy Shepherd X Ethnomite Pux X Invisible Illusion,triops mutant patterns iii - invisible illusion - the desert ears,2023,le-colibri-necrophile,https://creativecommons.org/licenses/by-nc-sa/4.0/,https://archive.org/download/psy-shepherd-x-ethnomite-pux-x-invisible-illusion-the-desert-ears/13.Triops%20Mutant%20patterns%20III%20-%20Invisible%20Illusion%20-%20THE%20DESERT%20EARS.wav,403.2,le-colibri-necrophile,Colibri Necrophile; Ethnomite Pux; Psy Sheperd; Invisible Illusion; Electronics; Desert; Industrial music; Serial music;
psy-shepherd-x-ethnomite-pux-x-invisible-illusion-the-desert-ears,Psy Shepherd X Ethnomite Pux X Invisible Illusion,electronic quicksands ii - ethnomite pux - the desert ears,2023,le-colibri-necrophile,https://creativecommons.org/licenses/by-nc-sa/4.0/,https://archive.org/download/psy-shepherd-x-ethnomite-pux-x-invisible-illusion-the-desert-ears/14.Electronic%20Quicksands%20II%20-%20Ethnomite%20Pux%20-%20THE%20DESERT%20EARS.wav,154.2,le-colibri-necrophile,Colibri Necrophile; Ethnomite Pux; Psy Sheperd; Invisible Illusion; Electronics; Desert; Industrial music; Serial music;
psy-shepherd-x-ethnomite-pux-x-invisible-illusion-the-desert-ears,Psy Shepherd X Ethnomite Pux X Invisible Illusion,triops phase patterns ii b - invisible illusion - the desert ears,2023,le-colibri-necrophile,https://creativecommons.org/licenses/by-nc-sa/4.0/,https://archive.org/download/psy-shepherd-x-ethnomite-pux-x-invisible-illusion-the-desert-ears/15.Triops%20Phase%20Patterns%20II%20B%20-%20Invisible%20Illusion%20-%20THE%20DESERT%20EARS.wav,487.8,le-colibri-necrophile,Colibri Necrophile; Ethnomite Pux; Psy Sheperd; Invisible Illusion; Electronics; Desert; Industrial music; Serial music;
psy-shepherd-x-ethnomite-pux-x-invisible-illusion-the-desert-ears,Psy Shepherd X Ethnomite Pux X Invisible Illusion,triops minimal patterns i b - invisible illusion - the desert ears,2023,le-colibri-necrophile,https://creativecommons.org/licenses/by-nc-sa/4.0/,https://archive.org/download/psy-shepherd-x-ethnomite-pux-x-invisible-illusion-the-desert-ears/16.Triops%20Minimal%20Patterns%20I%20B%20-%20Invisible%20Illusion%20-%20THE%20DESERT%20EARS.wav,211.1,le-colibri-necrophile,Colibri Necrophile; Ethnomite Pux; Psy Sheperd; Invisible Illusion; Electronics; Desert; Industrial music; Serial music;
psy-shepherd-x-ethnomite-pux-x-invisible-illusion-the-desert-ears,Psy Shepherd X Ethnomite Pux X Invisible Illusion,triops mutant patterns iii b - invisible illusion - the desert ears,2023,le-colibri-necrophile,https://creativecommons.org/licenses/by-nc-sa/4.0/,https://archive.org/download/psy-shepherd-x-ethnomite-pux-x-invisible-illusion-the-desert-ears/18.Triops%20Mutant%20Patterns%20III%20B%20-%20Invisible%20Illusion%20-%20THE%20DESERT%20EARS.wav,429.3,le-colibri-necrophile,Colibri Necrophile; Ethnomite Pux; Psy Sheperd; Invisible Illusion; Electronics; Desert; Industrial music; Serial music;
psy-shepherd-x-ethnomite-pux-x-invisible-illusion-the-desert-ears,Psy Shepherd X Ethnomite Pux X Invisible Illusion,triops phase patterns ii c - invisible illusion - the desert ears,2023,le-colibri-necrophile,https://creativecommons.org/licenses/by-nc-sa/4.0/,https://archive.org/download/psy-shepherd-x-ethnomite-pux-x-invisible-illusion-the-desert-ears/19.Triops%20Phase%20Patterns%20II%20C%20-%20Invisible%20Illusion%20-%20THE%20DESERT%20EARS.wav,709.7,le-colibri-necrophile,Colibri Necrophile; Ethnomite Pux; Psy Sheperd; Invisible Illusion; Electronics; Desert; Industrial music; Serial music;
psy-shepherd-x-ethnomite-pux-x-invisible-illusion-the-desert-ears,Psy Shepherd X Ethnomite Pux X Invisible Illusion,triops minimal patterns i c - invisible illusion - the desert ears,2023,le-colibri-necrophile,https://creativecommons.org/licenses/by-nc-sa/4.0/,https://archive.org/download/psy-shepherd-x-ethnomite-pux-x-invisible-illusion-the-desert-ears/20.Triops%20Minimal%20Patterns%20I%20C%20-%20Invisible%20Illusion%20-%20THE%20DESERT%20EARS.wav,213.3,le-colibri-necrophile,Colibri Necrophile; Ethnomite Pux; Psy Sheperd; Invisible Illusion; Electronics; Desert; Industrial music; Serial music;
psy-shepherd-x-ethnomite-pux-x-invisible-illusion-the-desert-ears,Psy Shepherd X Ethnomite Pux X Invisible Illusion,triops mutant patterns iii c - invisible illusion - the desert ears,2023,le-colibri-necrophile,https://creativecommons.org/licenses/by-nc-sa/4.0/,https://archive.org/download/psy-shepherd-x-ethnomite-pux-x-invisible-illusion-the-desert-ears/21.Triops%20Mutant%20Patterns%20III%20C%20-%20Invisible%20Illusion%20-%20THE%20DESERT%20EARS.wav,354.7,le-colibri-necrophile,Colibri Necrophile; Ethnomite Pux; Psy Sheperd; Invisible Illusion; Electronics; Desert; Industrial music; Serial music;
psy-shepherd-x-ethnomite-pux-x-invisible-illusion-the-desert-ears,Psy Shepherd X Ethnomite Pux X Invisible Illusion,distant signals - psy shepherd x invisible illusion - the desert ears,2023,le-colibri-necrophile,https://creativecommons.org/licenses/by-nc-sa/4.0/,https://archive.org/download/psy-shepherd-x-ethnomite-pux-x-invisible-illusion-the-desert-ears/23.Distant%20Signals%20-%20Psy%20Shepherd%20X%20Invisible%20Illusion%20-%20THE%20DESERT%20EARS.wav,531.2,le-colibri-necrophile,Colibri Necrophile; Ethnomite Pux; Psy Sheperd; Invisible Illusion; Electronics; Desert; Industrial music; Serial music;
psy-shepherd-x-ethnomite-pux-x-invisible-illusion-the-desert-ears,Psy Shepherd X Ethnomite Pux X Invisible Illusion,slow burner blues - invisible illusion - the desert ears,2023,le-colibri-necrophile,https://creativecommons.org/licenses/by-nc-sa/4.0/,https://archive.org/download/psy-shepherd-x-ethnomite-pux-x-invisible-illusion-the-desert-ears/24.Slow%20Burner%20Blues%20-%20Invisible%20Illusion%20-%20THE%20DESERT%20EARS.wav,403.5,le-colibri-necrophile,Colibri Necrophile; Ethnomite Pux; Psy Sheperd; Invisible Illusion; Electronics; Desert; Industrial music; Serial music;
psy-shepherd-x-ethnomite-pux-x-invisible-illusion-the-desert-ears,Psy Shepherd X Ethnomite Pux X Invisible Illusion,low throat noise emission - invisible illusion - the desert ears,2023,le-colibri-necrophile,https://creativecommons.org/licenses/by-nc-sa/4.0/,https://archive.org/download/psy-shepherd-x-ethnomite-pux-x-invisible-illusion-the-desert-ears/25.Low%20Throat%20Noise%20Emission%20-%20Invisible%20Illusion%20-%20THE%20DESERT%20EARS.wav,445.1,le-colibri-necrophile,Colibri Necrophile; Ethnomite Pux; Psy Sheperd; Invisible Illusion; Electronics; Desert; Industrial music; Serial music;
psy-shepherd-x-ethnomite-pux-x-invisible-illusion-the-desert-ears,Psy Shepherd X Ethnomite Pux X Invisible Illusion,electronic quicksands vi - ethnomite pux - the desert ears,2023,le-colibri-necrophile,https://creativecommons.org/licenses/by-nc-sa/4.0/,https://archive.org/download/psy-shepherd-x-ethnomite-pux-x-invisible-illusion-the-desert-ears/26.Electronic%20Quicksands%20VI%20-%20Ethnomite%20Pux%20-%20THE%20DESERT%20EARS.wav,167.8,le-colibri-necrophile,Colibri Necrophile; Ethnomite Pux; Psy Sheperd; Invisible Illusion; Electronics; Desert; Industrial music; Serial music;
psy-shepherd-x-ethnomite-pux-x-invisible-illusion-the-desert-ears,Psy Shepherd X Ethnomite Pux X Invisible Illusion,this is living in burning man - invisible illusion - the desert ears,2023,le-colibri-necrophile,https://creativecommons.org/licenses/by-nc-sa/4.0/,https://archive.org/download/psy-shepherd-x-ethnomite-pux-x-invisible-illusion-the-desert-ears/27.This%20Is%20Living%20In%20Burning%20Man%20-%20Invisible%20Illusion%20-%20THE%20DESERT%20EARS.wav,417.1,le-colibri-necrophile,Colibri Necrophile; Ethnomite Pux; Psy Sheperd; Invisible Illusion; Electronics; Desert; Industrial music; Serial music;
dtrash231,QUOTE THE JOKER,The Gateway,2023,opensource_audio,https://creativecommons.org/licenses/by/4.0/,https://archive.org/download/dtrash231/QUOTE%20THE%20JOKER%20-%20DTRASH231%20-%20Face%20Your%20Demons%20-%2001%20The%20Gateway.mp3,374.1,opensource_audio,industrial rock; electronic music; hardcore techno; quote The joker; ritual music; Satan; industrial techno; devil music
dtrash231,QUOTE THE JOKER,The Demon,2023,opensource_audio,https://creativecommons.org/licenses/by/4.0/,https://archive.org/download/dtrash231/QUOTE%20THE%20JOKER%20-%20DTRASH231%20-%20Face%20Your%20Demons%20-%2002%20The%20Demon.mp3,435.0,opensource_audio,industrial rock; electronic music; hardcore techno; quote The joker; ritual music; Satan; industrial techno; devil music
dtrash231,QUOTE THE JOKER,True Evil,2023,opensource_audio,https://creativecommons.org/licenses/by/4.0/,https://archive.org/download/dtrash231/QUOTE%20THE%20JOKER%20-%20DTRASH231%20-%20Face%20Your%20Demons%20-%2003%20True%20Evil.mp3,498.6,opensource_audio,industrial rock; electronic music; hardcore techno; quote The joker; ritual music; Satan; industrial techno; devil music
dtrash231,QUOTE THE JOKER,From Out Of The Darkness,2023,opensource_audio,https://creativecommons.org/licenses/by/4.0/,https://archive.org/download/dtrash231/QUOTE%20THE%20JOKER%20-%20DTRASH231%20-%20Face%20Your%20Demons%20-%2004%20From%20Out%20Of%20The%20Darkness.mp3,346.5,opensource_audio,industrial rock; electronic music; hardcore techno; quote The joker; ritual music; Satan; industrial techno; devil music
dtrash231,QUOTE THE JOKER,Die Machinae,2023,opensource_audio,https://creativecommons.org/licenses/by/4.0/,https://archive.org/download/dtrash231/QUOTE%20THE%20JOKER%20-%20DTRASH231%20-%20Face%20Your%20Demons%20-%2005%20Die%20Machinae.mp3,333.0,opensource_audio,industrial rock; electronic music; hardcore techno; quote The joker; ritual music; Satan; industrial techno; devil music
dtrash231,QUOTE THE JOKER,Celtic Frost (Remix),2023,opensource_audio,https://creativecommons.org/licenses/by/4.0/,https://archive.org/download/dtrash231/QUOTE%20THE%20JOKER%20-%20DTRASH231%20-%20Face%20Your%20Demons%20-%2006%20Celtic%20Frost%20%28Remix%29.mp3,208.5,opensource_audio,industrial rock; electronic music; hardcore techno; quote The joker; ritual music; Satan; industrial techno; devil music
sansetatcivil-2022-rav-flac,SansetatciviL,01 2021 fight.club 2 flac,2022,hifidelity_potpourri,https://creativecommons.org/licenses/by-nc-nd/4.0/,https://archive.org/download/sansetatcivil-2022-rav-flac/01%202021%20fight%20club%202%20flac.flac,369.4,hifidelity_potpourri,SansetatciviL; rec280570; technoise; techno; industrial techno; braindance; electronic; glitch
sansetatcivil-2022-rav-flac,SansetatciviL,02 2021 stalker 79 (pt1) flac,2022,hifidelity_potpourri,https://creativecommons.org/licenses/by-nc-nd/4.0/,https://archive.org/download/sansetatcivil-2022-rav-flac/02%202021%20stalker%2079%20%28pt1%29%20flac.flac,215.1,hifidelity_potpourri,SansetatciviL; rec280570; technoise; techno; industrial techno; braindance; electronic; glitch
sansetatcivil-2022-rav-flac,SansetatciviL,02 2021 stalker 79 (pt2) flac,2022,hifidelity_potpourri,https://creativecommons.org/licenses/by-nc-nd/4.0/,https://archive.org/download/sansetatcivil-2022-rav-flac/03%202021%20stalker%2079%20%28pt2%29%20flac.flac,186.8,hifidelity_potpourri,SansetatciviL; rec280570; technoise; techno; industrial techno; braindance; electronic; glitch
sansetatcivil-2022-rav-flac,SansetatciviL,03 2021 rave melancolia 2 (pt1) flac,2022,hifidelity_potpourri,https://creativecommons.org/licenses/by-nc-nd/4.0/,https://archive.org/download/sansetatcivil-2022-rav-flac/04%202021%20rave%20melancolia%202%20%28pt1%29%20flac.flac,374.1,hifidelity_potpourri,SansetatciviL; rec280570; technoise; techno; industrial techno; braindance; electronic; glitch
sansetatcivil-2022-rav-flac,SansetatciviL,03 2021 rave melancolia 2 (pt2) flac,2022,hifidelity_potpourri,https://creativecommons.org/licenses/by-nc-nd/4.0/,https://archive.org/download/sansetatcivil-2022-rav-flac/05%202021%20rave%20melancolia%202%20%28pt2%29%20flac.flac,382.9,hifidelity_potpourri,SansetatciviL; rec280570; technoise; techno; industrial techno; braindance; electronic; glitch
sansetatcivil-2022-rav-flac,SansetatciviL,04 2021 no cov19 84 flac,2022,hifidelity_potpourri,https://creativecommons.org/licenses/by-nc-nd/4.0/,https://archive.org/download/sansetatcivil-2022-rav-flac/06%202021%20no%20cov19%2084%20flac.flac,345.6,hifidelity_potpourri,SansetatciviL; rec280570; technoise; techno; industrial techno; braindance; electronic; glitch
sansetatcivil-2022-rav-flac,SansetatciviL,05 2021 brut & basic pt 1 (demo) flac,2022,hifidelity_potpourri,https://creativecommons.org/licenses/by-nc-nd/4.0/,https://archive.org/download/sansetatcivil-2022-rav-flac/07%202021%20brut%20%26%20basic%20pt%201%20%28demo%29%20flac.flac,271.6,hifidelity_potpourri,SansetatciviL; rec280570; technoise; techno; industrial techno; braindance; electronic; glitch
sansetatcivil-2022-rav-flac,SansetatciviL,05 2021 brut & basic pt 2 (demo) flac,2022,hifidelity_potpourri,https://creativecommons.org/licenses/by-nc-nd/4.0/,https://archive.org/download/sansetatcivil-2022-rav-flac/08%202021%20brut%20%26%20basic%20pt%202%20%28demo%29%20flac.flac,254.3,hifidelity_potpourri,SansetatciviL; rec280570; technoise; techno; industrial techno; braindance; electronic; glitch
sansetatcivil-2022-rav-flac,SansetatciviL,06 2022 grog (mu mu land mix 2) flac,2022,hifidelity_potpourri,https://creativecommons.org/licenses/by-nc-nd/4.0/,https://archive.org/download/sansetatcivil-2022-rav-flac/09%202022%20grog%20%28mu%20mu%20land%20mix%202%29%20flac.flac,412.0,hifidelity_potpourri,SansetatciviL; rec280570; technoise; techno; industrial techno; braindance; electronic; glitch
sansetatcivil-2022-rav-flac,SansetatciviL,07 2022 melancolia acid pt 1 flac,2022,hifidelity_potpourri,https://creativecommons.org/licenses/by-nc-nd/4.0/,https://archive.org/download/sansetatcivil-2022-rav-flac/10%202022%20melancolia%20acid%20pt%201%20flac.flac,288.1,hifidelity_potpourri,SansetatciviL; rec280570; technoise; techno; industrial techno; braindance; electronic; glitch
sansetatcivil-2022-rav-flac,SansetatciviL,07 2022 melancolia acid pt 2 flac,2022,hifidelity_potpourri,https://creativecommons.org/licenses/by-nc-nd/4.0/,https://archive.org/download/sansetatcivil-2022-rav-flac/11%202022%20melancolia%20acid%20pt%202%20flac.flac,317.0,hifidelity_potpourri,SansetatciviL; rec280570; technoise; techno; industrial techno; braindance; electronic; glitch
sansetatcivil-2022-rav-flac,SansetatciviL,08 2022 f..k the great reset .flac,2022,hifidelity_potpourri,https://creativecommons.org/licenses/by-nc-nd/4.0/,https://archive.org/download/sansetatcivil-2022-rav-flac/12%202022%20f..k%20the%20great%20reset%20.flac.flac,386.3,hifidelity_potpourri,SansetatciviL; rec280570; technoise; techno; industrial techno; braindance; electronic; glitch
sansetatcivil-2022-rav-flac,SansetatciviL,09 2022 grog (rav mix) flac,2022,hifidelity_potpourri,https://creativecommons.org/licenses/by-nc-nd/4.0/,https://archive.org/download/sansetatcivil-2022-rav-flac/13%202022%20grog%20%28rav%20mix%29%20flac.flac,557.4,hifidelity_potpourri,SansetatciviL; rec280570; technoise; techno; industrial techno; braindance; electronic; glitch
sansetatcivil-2022-rav-flac,SansetatciviL,10 2022 duckduckgo .flac,2022,hifidelity_potpourri,https://creativecommons.org/licenses/by-nc-nd/4.0/,https://archive.org/download/sansetatcivil-2022-rav-flac/14%202022%20duckduckgo%20.flac.flac,333.6,hifidelity_potpourri,SansetatciviL; rec280570; technoise; techno; industrial techno; braindance; electronic; glitch
sansetatcivil-2022-rav-flac,SansetatciviL,11 2022 the ghost of kamikazes,2022,hifidelity_potpourri,https://creativecommons.org/licenses/by-nc-nd/4.0/,https://archive.org/download/sansetatcivil-2022-rav-flac/15%202022%20the%20ghost%20of%20kamikazes.flac,428.4,hifidelity_potpourri,SansetatciviL; rec280570; technoise; techno; industrial techno; braindance; electronic; glitch
sansetatcivil-2022-rav-flac,SansetatciviL,13 2022 suramine resistance .flac,2022,hifidelity_potpourri,https://creativecommons.org/licenses/by-nc-nd/4.0/,https://archive.org/download/sansetatcivil-2022-rav-flac/17%202022%20suramine%20resistance%20.flac.flac,336.1,hifidelity_potpourri,SansetatciviL; rec280570; technoise; techno; industrial techno; braindance; electronic; glitch
sansetatcivil-2022-rav-flac,SansetatciviL,14 2022 solar is 72 (vocal) flac,2022,hifidelity_potpourri,https://creativecommons.org/licenses/by-nc-nd/4.0/,https://archive.org/download/sansetatcivil-2022-rav-flac/18%202022%20solar%20is%2072%20%28vocal%29%20flac.flac,591.2,hifidelity_potpourri,SansetatciviL; rec280570; technoise; techno; industrial techno; braindance; electronic; glitch
sansetatcivil-2022-rav-flac,SansetatciviL,15 2022 - 313 .flac,2022,hifidelity_potpourri,https://creativecommons.org/licenses/by-nc-nd/4.0/,https://archive.org/download/sansetatcivil-2022-rav-flac/19%202022%20-%20313%20.flac.flac,352.2,hifidelity_potpourri,SansetatciviL; rec280570; technoise; techno; industrial techno; braindance; electronic; glitch
sansetatcivil-2022-rav-flac,SansetatciviL,16 2022 - 303 (part 1) flac,2022,hifidelity_potpourri,https://creativecommons.org/licenses/by-nc-nd/4.0/,https://archive.org/download/sansetatcivil-2022-rav-flac/20%202022%20-%20303%20%28part%201%29%20flac.flac,322.6,hifidelity_potpourri,SansetatciviL; rec280570; technoise; techno; industrial techno; braindance; electronic; glitch
sansetatcivil-2022-rav-flac,SansetatciviL,16 2022 - 303 (part 2) flac,2022,hifidelity_potpourri,https://creativecommons.org/licenses/by-nc-nd/4.0/,https://archive.org/download/sansetatcivil-2022-rav-flac/21%202022%20-%20303%20%28part%202%29%20flac.flac,184.4,hifidelity_potpourri,SansetatciviL; rec280570; technoise; techno; industrial techno; braindance; electronic; glitch
sansetatcivil-2022-rav-flac,SansetatciviL,17 2022 g g (fem mix) flac,2022,hifidelity_potpourri,https://creativecommons.org/licenses/by-nc-nd/4.0/,https://archive.org/download/sansetatcivil-2022-rav-flac/22%202022%20g%20g%20%28fem%20mix%29%20flac.flac,382.1,hifidelity_potpourri,SansetatciviL; rec280570; technoise; techno; industrial techno; braindance; electronic; glitch
sansetatcivil-2022-rav-flac,SansetatciviL,18 2022 solar is 72 (remix v2) flac,2022,hifidelity_potpourri,https://creativecommons.org/licenses/by-nc-nd/4.0/,https://archive.org/download/sansetatcivil-2022-rav-flac/23%202022%20solar%20is%2072%20%28remix%20v2%29%20flac.flac,691.9,hifidelity_potpourri,SansetatciviL; rec280570; technoise; techno; industrial techno; braindance; electronic; glitch
sansetatcivil-2022-rav-flac,SansetatciviL,19 2022 Spike protein attack .flac,2022,hifidelity_potpourri,https://creativecommons.org/licenses/by-nc-nd/4.0/,https://archive.org/download/sansetatcivil-2022-rav-flac/24%202022%20Spike%20protein%20attack%20.flac.flac,258.7,hifidelity_potpourri,SansetatciviL; rec280570; technoise; techno; industrial techno; braindance; electronic; glitch
sansetatcivil-2022-rav-flac,SansetatciviL,20 2022 g g (house fly mix) flac,2022,hifidelity_potpourri,https://creativecommons.org/licenses/by-nc-nd/4.0/,https://archive.org/download/sansetatcivil-2022-rav-flac/25%202022%20g%20g%20%28house%20fly%20mix%29%20flac.flac,469.8,hifidelity_potpourri,SansetatciviL; rec280570; technoise; techno; industrial techno; braindance; electronic; glitch
sansetatcivil-2022-rav-flac,SansetatciviL,22 2022 ( T D ) Bonus Track,2022,hifidelity_potpourri,https://creativecommons.org/licenses/by-nc-nd/4.0/,https://archive.org/download/sansetatcivil-2022-rav-flac/27%202022%20%28%20T%20D%20%29%20.flac,400.7,hifidelity_potpourri,SansetatciviL; rec280570; technoise; techno; industrial techno; braindance; electronic; glitch
angel-0.01,Angel's Domain,"These Days, Black and White Just Dissolve Into Greyscale",2026,opensource_audio,https://creativecommons.org/licenses/by-sa/4.0/,https://archive.org/download/angel-0.01/0.01final.flac,680.9,opensource_audio,industrial techno; dub techno; experimental
Elf-Girl-001-Through-009-MP3s-320kbps,Steven Casteel & Udio v1.5,Dúath Maethor,2024,opensource_audio,https://creativecommons.org/publicdomain/zero/1.0/,https://archive.org/download/Elf-Girl-001-Through-009-MP3s-320kbps/001_01%20-%20Du%CC%81ath%20Maethor.mp3,189.1,opensource_audio,Drum & Bass; DnB; Liquid; Jungle; Breakbeat; Guitar; Indian; Hindi; Bhangra; Carnatic; Gothic; Alternative; Rock; Pop; F
Elf-Girl-001-Through-009-MP3s-320kbps,Steven Casteel & Udio v1.5,Falas Îdh,2024,opensource_audio,https://creativecommons.org/publicdomain/zero/1.0/,https://archive.org/download/Elf-Girl-001-Through-009-MP3s-320kbps/001_02%20-%20Falas%20I%CC%82dh.mp3,296.3,opensource_audio,Drum & Bass; DnB; Liquid; Jungle; Breakbeat; Guitar; Indian; Hindi; Bhangra; Carnatic; Gothic; Alternative; Rock; Pop; F
Elf-Girl-001-Through-009-MP3s-320kbps,Steven Casteel & Udio v1.5,Mîltaurath,2024,opensource_audio,https://creativecommons.org/publicdomain/zero/1.0/,https://archive.org/download/Elf-Girl-001-Through-009-MP3s-320kbps/002_01%20-%20Mi%CC%82ltaurath.mp3,697.2,opensource_audio,Drum & Bass; DnB; Liquid; Jungle; Breakbeat; Guitar; Indian; Hindi; Bhangra; Carnatic; Gothic; Alternative; Rock; Pop; F
Elf-Girl-001-Through-009-MP3s-320kbps,Steven Casteel & Udio v1.5,Odog Mîl,2024,opensource_audio,https://creativecommons.org/publicdomain/zero/1.0/,https://archive.org/download/Elf-Girl-001-Through-009-MP3s-320kbps/003_07%20-%20Odog%20Mi%CC%82l.mp3,183.3,opensource_audio,Drum & Bass; DnB; Liquid; Jungle; Breakbeat; Guitar; Indian; Hindi; Bhangra; Carnatic; Gothic; Alternative; Rock; Pop; F
Elf-Girl-001-Through-009-MP3s-320kbps,Steven Casteel & Udio v1.5,Cor Amarth,2024,opensource_audio,https://creativecommons.org/publicdomain/zero/1.0/,https://archive.org/download/Elf-Girl-001-Through-009-MP3s-320kbps/003_12%20-%20Cor%20Amarth.mp3,179.4,opensource_audio,Drum & Bass; DnB; Liquid; Jungle; Breakbeat; Guitar; Indian; Hindi; Bhangra; Carnatic; Gothic; Alternative; Rock; Pop; F
Elf-Girl-001-Through-009-MP3s-320kbps,Steven Casteel & Udio v1.5,Garo Den?,2024,opensource_audio,https://creativecommons.org/publicdomain/zero/1.0/,https://archive.org/download/Elf-Girl-001-Through-009-MP3s-320kbps/003_17%20-%20Garo%20Den%3F.mp3,196.3,opensource_audio,Drum & Bass; DnB; Liquid; Jungle; Breakbeat; Guitar; Indian; Hindi; Bhangra; Carnatic; Gothic; Alternative; Rock; Pop; F
Elf-Girl-001-Through-009-MP3s-320kbps,Steven Casteel & Udio v1.5,Avgarth,2024,opensource_audio,https://creativecommons.org/publicdomain/zero/1.0/,https://archive.org/download/Elf-Girl-001-Through-009-MP3s-320kbps/003_26%20-%20Avgarth.mp3,177.9,opensource_audio,Drum & Bass; DnB; Liquid; Jungle; Breakbeat; Guitar; Indian; Hindi; Bhangra; Carnatic; Gothic; Alternative; Rock; Pop; F
Elf-Girl-001-Through-009-MP3s-320kbps,Steven Casteel & Udio v1.5,Edraith o Rhach,2024,opensource_audio,https://creativecommons.org/publicdomain/zero/1.0/,https://archive.org/download/Elf-Girl-001-Through-009-MP3s-320kbps/004_05%20-%20Edraith%20o%20Rhach.mp3,344.2,opensource_audio,Drum & Bass; DnB; Liquid; Jungle; Breakbeat; Guitar; Indian; Hindi; Bhangra; Carnatic; Gothic; Alternative; Rock; Pop; F
Elf-Girl-001-Through-009-MP3s-320kbps,Steven Casteel & Udio v1.5,Lairelossë Nîth,2024,opensource_audio,https://creativecommons.org/publicdomain/zero/1.0/,https://archive.org/download/Elf-Girl-001-Through-009-MP3s-320kbps/004_07%20-%20Lairelosse%CC%88%20Ni%CC%82th.mp3,324.5,opensource_audio,Drum & Bass; DnB; Liquid; Jungle; Breakbeat; Guitar; Indian; Hindi; Bhangra; Carnatic; Gothic; Alternative; Rock; Pop; F
Elf-Girl-001-Through-009-MP3s-320kbps,Steven Casteel & Udio v1.5,Sereg Glîr,2024,opensource_audio,https://creativecommons.org/publicdomain/zero/1.0/,https://archive.org/download/Elf-Girl-001-Through-009-MP3s-320kbps/004_09%20-%20Sereg%20Gli%CC%82r.mp3,234.9,opensource_audio,Drum & Bass; DnB; Liquid; Jungle; Breakbeat; Guitar; Indian; Hindi; Bhangra; Carnatic; Gothic; Alternative; Rock; Pop; F
Elf-Girl-001-Through-009-MP3s-320kbps,Steven Casteel & Udio v1.5,Sogol vi Orodrim Hithui,2024,opensource_audio,https://creativecommons.org/publicdomain/zero/1.0/,https://archive.org/download/Elf-Girl-001-Through-009-MP3s-320kbps/004_10%20-%20Sogol%20vi%20Orodrim%20Hithui.mp3,547.7,opensource_audio,Drum & Bass; DnB; Liquid; Jungle; Breakbeat; Guitar; Indian; Hindi; Bhangra; Carnatic; Gothic; Alternative; Rock; Pop; F
Elf-Girl-001-Through-009-MP3s-320kbps,Steven Casteel & Udio v1.5,Aerlind,2024,opensource_audio,https://creativecommons.org/publicdomain/zero/1.0/,https://archive.org/download/Elf-Girl-001-Through-009-MP3s-320kbps/004_16%20-%20Aerlind.mp3,188.8,opensource_audio,Drum & Bass; DnB; Liquid; Jungle; Breakbeat; Guitar; Indian; Hindi; Bhangra; Carnatic; Gothic; Alternative; Rock; Pop; F
Elf-Girl-001-Through-009-MP3s-320kbps,Steven Casteel & Udio v1.5,Gonod Menel,2024,opensource_audio,https://creativecommons.org/publicdomain/zero/1.0/,https://archive.org/download/Elf-Girl-001-Through-009-MP3s-320kbps/004_18%20-%20Gonod%20Menel.mp3,196.2,opensource_audio,Drum & Bass; DnB; Liquid; Jungle; Breakbeat; Guitar; Indian; Hindi; Bhangra; Carnatic; Gothic; Alternative; Rock; Pop; F
Elf-Girl-001-Through-009-MP3s-320kbps,Steven Casteel & Udio v1.5,Liquis Ëar,2024,opensource_audio,https://creativecommons.org/publicdomain/zero/1.0/,https://archive.org/download/Elf-Girl-001-Through-009-MP3s-320kbps/005_02%20-%20Liquis%20E%CC%88ar.mp3,379.7,opensource_audio,Drum & Bass; DnB; Liquid; Jungle; Breakbeat; Guitar; Indian; Hindi; Bhangra; Carnatic; Gothic; Alternative; Rock; Pop; F
Elf-Girl-001-Through-009-MP3s-320kbps,Steven Casteel & Udio v1.5,Alassëa Lómë,2024,opensource_audio,https://creativecommons.org/publicdomain/zero/1.0/,https://archive.org/download/Elf-Girl-001-Through-009-MP3s-320kbps/005_04%20-%20Alasse%CC%88a%20Lo%CC%81me%CC%88.mp3,189.5,opensource_audio,Drum & Bass; DnB; Liquid; Jungle; Breakbeat; Guitar; Indian; Hindi; Bhangra; Carnatic; Gothic; Alternative; Rock; Pop; F
Elf-Girl-001-Through-009-MP3s-320kbps,Steven Casteel & Udio v1.5,Silmë Oialë,2024,opensource_audio,https://creativecommons.org/publicdomain/zero/1.0/,https://archive.org/download/Elf-Girl-001-Through-009-MP3s-320kbps/005_06%20-%20Silme%CC%88%20Oiale%CC%88.mp3,211.7,opensource_audio,Drum & Bass; DnB; Liquid; Jungle; Breakbeat; Guitar; Indian; Hindi; Bhangra; Carnatic; Gothic; Alternative; Rock; Pop; F
Elf-Girl-001-Through-009-MP3s-320kbps,Steven Casteel & Udio v1.5,Lim Gwilith,2024,opensource_audio,https://creativecommons.org/publicdomain/zero/1.0/,https://archive.org/download/Elf-Girl-001-Through-009-MP3s-320kbps/005_07%20-%20Lim%20Gwilith.mp3,339.0,opensource_audio,Drum & Bass; DnB; Liquid; Jungle; Breakbeat; Guitar; Indian; Hindi; Bhangra; Carnatic; Gothic; Alternative; Rock; Pop; F
Elf-Girl-001-Through-009-MP3s-320kbps,Steven Casteel & Udio v1.5,Rocco Lairëa,2024,opensource_audio,https://creativecommons.org/publicdomain/zero/1.0/,https://archive.org/download/Elf-Girl-001-Through-009-MP3s-320kbps/005_08%20-%20Rocco%20Laire%CC%88a.mp3,251.0,opensource_audio,Drum & Bass; DnB; Liquid; Jungle; Breakbeat; Guitar; Indian; Hindi; Bhangra; Carnatic; Gothic; Alternative; Rock; Pop; F
Elf-Girl-001-Through-009-MP3s-320kbps,Steven Casteel & Udio v1.5,Aqua Yárë Yén,2024,opensource_audio,https://creativecommons.org/publicdomain/zero/1.0/,https://archive.org/download/Elf-Girl-001-Through-009-MP3s-320kbps/005_11%20-%20Aqua%20Ya%CC%81re%CC%88%20Ye%CC%81n.mp3,167.6,opensource_audio,Drum & Bass; DnB; Liquid; Jungle; Breakbeat; Guitar; Indian; Hindi; Bhangra; Carnatic; Gothic; Alternative; Rock; Pop; F
Elf-Girl-001-Through-009-MP3s-320kbps,Steven Casteel & Udio v1.5,Laurëa Undómë,2024,opensource_audio,https://creativecommons.org/publicdomain/zero/1.0/,https://archive.org/download/Elf-Girl-001-Through-009-MP3s-320kbps/005_13%20-%20Laure%CC%88a%20Undo%CC%81me%CC%88.mp3,327.4,opensource_audio,Drum & Bass; DnB; Liquid; Jungle; Breakbeat; Guitar; Indian; Hindi; Bhangra; Carnatic; Gothic; Alternative; Rock; Pop; F
Elf-Girl-001-Through-009-MP3s-320kbps,Steven Casteel & Udio v1.5,Tulca Fëa,2024,opensource_audio,https://creativecommons.org/publicdomain/zero/1.0/,https://archive.org/download/Elf-Girl-001-Through-009-MP3s-320kbps/005_15%20-%20Tulca%20Fe%CC%88a.mp3,384.6,opensource_audio,Drum & Bass; DnB; Liquid; Jungle; Breakbeat; Guitar; Indian; Hindi; Bhangra; Carnatic; Gothic; Alternative; Rock; Pop; F
Elf-Girl-001-Through-009-MP3s-320kbps,Steven Casteel & Udio v1.5,Nwalma Indo,2024,opensource_audio,https://creativecommons.org/publicdomain/zero/1.0/,https://archive.org/download/Elf-Girl-001-Through-009-MP3s-320kbps/005_17%20-%20Nwalma%20Indo.mp3,240.6,opensource_audio,Drum & Bass; DnB; Liquid; Jungle; Breakbeat; Guitar; Indian; Hindi; Bhangra; Carnatic; Gothic; Alternative; Rock; Pop; F
Elf-Girl-001-Through-009-MP3s-320kbps,Steven Casteel & Udio v1.5,Glawar Urulókë,2024,opensource_audio,https://creativecommons.org/publicdomain/zero/1.0/,https://archive.org/download/Elf-Girl-001-Through-009-MP3s-320kbps/006_03%20-%20Glawar%20Urulo%CC%81ke%CC%88.mp3,157.2,opensource_audio,Drum & Bass; DnB; Liquid; Jungle; Breakbeat; Guitar; Indian; Hindi; Bhangra; Carnatic; Gothic; Alternative; Rock; Pop; F
Elf-Girl-001-Through-009-MP3s-320kbps,Steven Casteel & Udio v1.5,Morn Amlug,2024,opensource_audio,https://creativecommons.org/publicdomain/zero/1.0/,https://archive.org/download/Elf-Girl-001-Through-009-MP3s-320kbps/006_09%20-%20Morn%20Amlug.mp3,424.9,opensource_audio,Drum & Bass; DnB; Liquid; Jungle; Breakbeat; Guitar; Indian; Hindi; Bhangra; Carnatic; Gothic; Alternative; Rock; Pop; F
Elf-Girl-001-Through-009-MP3s-320kbps,Steven Casteel & Udio v1.5,Estel Mornië,2024,opensource_audio,https://creativecommons.org/publicdomain/zero/1.0/,https://archive.org/download/Elf-Girl-001-Through-009-MP3s-320kbps/006_11%20-%20Estel%20Mornie%CC%88.mp3,184.6,opensource_audio,Drum & Bass; DnB; Liquid; Jungle; Breakbeat; Guitar; Indian; Hindi; Bhangra; Carnatic; Gothic; Alternative; Rock; Pop; F
Elf-Girl-001-Through-009-MP3s-320kbps,Steven Casteel & Udio v1.5,Ondo Cálë,2024,opensource_audio,https://creativecommons.org/publicdomain/zero/1.0/,https://archive.org/download/Elf-Girl-001-Through-009-MP3s-320kbps/006_12%20-%20Ondo%20Ca%CC%81le%CC%88.mp3,195.3,opensource_audio,Drum & Bass; DnB; Liquid; Jungle; Breakbeat; Guitar; Indian; Hindi; Bhangra; Carnatic; Gothic; Alternative; Rock; Pop; F
Elf-Girl-001-Through-009-MP3s-320kbps,Steven Casteel & Udio v1.5,Lissë Lenda,2024,opensource_audio,https://creativecommons.org/publicdomain/zero/1.0/,https://archive.org/download/Elf-Girl-001-Through-009-MP3s-320kbps/006_13%20-%20Lisse%CC%88%20Lenda.mp3,192.6,opensource_audio,Drum & Bass; DnB; Liquid; Jungle; Breakbeat; Guitar; Indian; Hindi; Bhangra; Carnatic; Gothic; Alternative; Rock; Pop; F
Elf-Girl-001-Through-009-MP3s-320kbps,Steven Casteel & Udio v1.5,Tingilya Morë,2024,opensource_audio,https://creativecommons.org/publicdomain/zero/1.0/,https://archive.org/download/Elf-Girl-001-Through-009-MP3s-320kbps/006_16%20-%20Tingilya%20More%CC%88.mp3,164.4,opensource_audio,Drum & Bass; DnB; Liquid; Jungle; Breakbeat; Guitar; Indian; Hindi; Bhangra; Carnatic; Gothic; Alternative; Rock; Pop; F
Elf-Girl-001-Through-009-MP3s-320kbps,Steven Casteel & Udio v1.5,Mallen Loth,2024,opensource_audio,https://creativecommons.org/publicdomain/zero/1.0/,https://archive.org/download/Elf-Girl-001-Through-009-MP3s-320kbps/006_17%20-%20Mallen%20Loth.mp3,201.4,opensource_audio,Drum & Bass; DnB; Liquid; Jungle; Breakbeat; Guitar; Indian; Hindi; Bhangra; Carnatic; Gothic; Alternative; Rock; Pop; F
Elf-Girl-001-Through-009-MP3s-320kbps,Steven Casteel & Udio v1.5,Elen Síla,2024,opensource_audio,https://creativecommons.org/publicdomain/zero/1.0/,https://archive.org/download/Elf-Girl-001-Through-009-MP3s-320kbps/006_18%20-%20Elen%20Si%CC%81la.mp3,429.2,opensource_audio,Drum & Bass; DnB; Liquid; Jungle; Breakbeat; Guitar; Indian; Hindi; Bhangra; Carnatic; Gothic; Alternative; Rock; Pop; F
Elf-Girl-001-Through-009-MP3s-320kbps,Steven Casteel & Udio v1.5,Angwedh Thinnas,2024,opensource_audio,https://creativecommons.org/publicdomain/zero/1.0/,https://archive.org/download/Elf-Girl-001-Through-009-MP3s-320kbps/007_01%20-%20Angwedh%20Thinnas.mp3,158.6,opensource_audio,Drum & Bass; DnB; Liquid; Jungle; Breakbeat; Guitar; Indian; Hindi; Bhangra; Carnatic; Gothic; Alternative; Rock; Pop; F
Elf-Girl-001-Through-009-MP3s-320kbps,Steven Casteel & Udio v1.5,Glaer Lith,2024,opensource_audio,https://creativecommons.org/publicdomain/zero/1.0/,https://archive.org/download/Elf-Girl-001-Through-009-MP3s-320kbps/007_02%20-%20Glaer%20Lith.mp3,291.9,opensource_audio,Drum & Bass; DnB; Liquid; Jungle; Breakbeat; Guitar; Indian; Hindi; Bhangra; Carnatic; Gothic; Alternative; Rock; Pop; F
Elf-Girl-001-Through-009-MP3s-320kbps,Steven Casteel & Udio v1.5,Bregedúr,2024,opensource_audio,https://creativecommons.org/publicdomain/zero/1.0/,https://archive.org/download/Elf-Girl-001-Through-009-MP3s-320kbps/007_03%20-%20Bregedu%CC%81r.mp3,231.0,opensource_audio,Drum & Bass; DnB; Liquid; Jungle; Breakbeat; Guitar; Indian; Hindi; Bhangra; Carnatic; Gothic; Alternative; Rock; Pop; F
Elf-Girl-001-Through-009-MP3s-320kbps,Steven Casteel & Udio v1.5,Raucima Lindë,2024,opensource_audio,https://creativecommons.org/publicdomain/zero/1.0/,https://archive.org/download/Elf-Girl-001-Through-009-MP3s-320kbps/007_06%20-%20Raucima%20Linde%CC%88.mp3,287.5,opensource_audio,Drum & Bass; DnB; Liquid; Jungle; Breakbeat; Guitar; Indian; Hindi; Bhangra; Carnatic; Gothic; Alternative; Rock; Pop; F
Elf-Girl-001-Through-009-MP3s-320kbps,Steven Casteel & Udio v1.5,Tuima Morë,2024,opensource_audio,https://creativecommons.org/publicdomain/zero/1.0/,https://archive.org/download/Elf-Girl-001-Through-009-MP3s-320kbps/007_07%20-%20Tuima%20More%CC%88.mp3,300.3,opensource_audio,Drum & Bass; DnB; Liquid; Jungle; Breakbeat; Guitar; Indian; Hindi; Bhangra; Carnatic; Gothic; Alternative; Rock; Pop; F
Elf-Girl-001-Through-009-MP3s-320kbps,Steven Casteel & Udio v1.5,Ëa Lómelindë,2024,opensource_audio,https://creativecommons.org/publicdomain/zero/1.0/,https://archive.org/download/Elf-Girl-001-Through-009-MP3s-320kbps/007_14%20-%20E%CC%88a%20Lo%CC%81melinde%CC%88.mp3,167.7,opensource_audio,Drum & Bass; DnB; Liquid; Jungle; Breakbeat; Guitar; Indian; Hindi; Bhangra; Carnatic; Gothic; Alternative; Rock; Pop; F
Elf-Girl-001-Through-009-MP3s-320kbps,Steven Casteel & Udio v1.5,Taur Gond,2024,opensource_audio,https://creativecommons.org/publicdomain/zero/1.0/,https://archive.org/download/Elf-Girl-001-Through-009-MP3s-320kbps/007_15%20-%20Taur%20Gond.mp3,247.6,opensource_audio,Drum & Bass; DnB; Liquid; Jungle; Breakbeat; Guitar; Indian; Hindi; Bhangra; Carnatic; Gothic; Alternative; Rock; Pop; F
Elf-Girl-001-Through-009-MP3s-320kbps,Steven Casteel & Udio v1.5,Calu Am Calu,2024,opensource_audio,https://creativecommons.org/publicdomain/zero/1.0/,https://archive.org/download/Elf-Girl-001-Through-009-MP3s-320kbps/007_16%20-%20Calu%20Am%20Calu.mp3,214.1,opensource_audio,Drum & Bass; DnB; Liquid; Jungle; Breakbeat; Guitar; Indian; Hindi; Bhangra; Carnatic; Gothic; Alternative; Rock; Pop; F
Elf-Girl-001-Through-009-MP3s-320kbps,Steven Casteel & Udio v1.5,Súrë Mírima,2024,opensource_audio,https://creativecommons.org/publicdomain/zero/1.0/,https://archive.org/download/Elf-Girl-001-Through-009-MP3s-320kbps/007_17%20-%20Su%CC%81re%CC%88%20Mi%CC%81rima.mp3,316.1,opensource_audio,Drum & Bass; DnB; Liquid; Jungle; Breakbeat; Guitar; Indian; Hindi; Bhangra; Carnatic; Gothic; Alternative; Rock; Pop; F
Elf-Girl-001-Through-009-MP3s-320kbps,Steven Casteel & Udio v1.5,Fae-nín Faug,2024,opensource_audio,https://creativecommons.org/publicdomain/zero/1.0/,https://archive.org/download/Elf-Girl-001-Through-009-MP3s-320kbps/007_19%20-%20Fae-ni%CC%81n%20Faug.mp3,251.9,opensource_audio,Drum & Bass; DnB; Liquid; Jungle; Breakbeat; Guitar; Indian; Hindi; Bhangra; Carnatic; Gothic; Alternative; Rock; Pop; F
Elf-Girl-001-Through-009-MP3s-320kbps,Steven Casteel & Udio v1.5,Galu na Vëa,2024,opensource_audio,https://creativecommons.org/publicdomain/zero/1.0/,https://archive.org/download/Elf-Girl-001-Through-009-MP3s-320kbps/008_01%20-%20Galu%20na%20Ve%CC%88a.mp3,150.5,opensource_audio,Drum & Bass; DnB; Liquid; Jungle; Breakbeat; Guitar; Indian; Hindi; Bhangra; Carnatic; Gothic; Alternative; Rock; Pop; F
Elf-Girl-001-Through-009-MP3s-320kbps,Steven Casteel & Udio v1.5,Mael Amarth,2024,opensource_audio,https://creativecommons.org/publicdomain/zero/1.0/,https://archive.org/download/Elf-Girl-001-Through-009-MP3s-320kbps/008_02%20-%20Mael%20Amarth.mp3,426.8,opensource_audio,Drum & Bass; DnB; Liquid; Jungle; Breakbeat; Guitar; Indian; Hindi; Bhangra; Carnatic; Gothic; Alternative; Rock; Pop; F
Elf-Girl-001-Through-009-MP3s-320kbps,Steven Casteel & Udio v1.5,Celu Meluina,2024,opensource_audio,https://creativecommons.org/publicdomain/zero/1.0/,https://archive.org/download/Elf-Girl-001-Through-009-MP3s-320kbps/008_03%20-%20Celu%20Meluina.mp3,173.8,opensource_audio,Drum & Bass; DnB; Liquid; Jungle; Breakbeat; Guitar; Indian; Hindi; Bhangra; Carnatic; Gothic; Alternative; Rock; Pop; F
Elf-Girl-001-Through-009-MP3s-320kbps,Steven Casteel & Udio v1.5,Wilwarin Ëar,2024,opensource_audio,https://creativecommons.org/publicdomain/zero/1.0/,https://archive.org/download/Elf-Girl-001-Through-009-MP3s-320kbps/008_05%20-%20Wilwarin%20E%CC%88ar.mp3,156.8,opensource_audio,Drum & Bass; DnB; Liquid; Jungle; Breakbeat; Guitar; Indian; Hindi; Bhangra; Carnatic; Gothic; Alternative; Rock; Pop; F
Elf-Girl-001-Through-009-MP3s-320kbps,Steven Casteel & Udio v1.5,Lissëlanta Yúla,2024,opensource_audio,https://creativecommons.org/publicdomain/zero/1.0/,https://archive.org/download/Elf-Girl-001-Through-009-MP3s-320kbps/008_06%20-%20Lisse%CC%88lanta%20Yu%CC%81la.mp3,355.0,opensource_audio,Drum & Bass; DnB; Liquid; Jungle; Breakbeat; Guitar; Indian; Hindi; Bhangra; Carnatic; Gothic; Alternative; Rock; Pop; F
Elf-Girl-001-Through-009-MP3s-320kbps,Steven Casteel & Udio v1.5,Mîw Wendë,2024,opensource_audio,https://creativecommons.org/publicdomain/zero/1.0/,https://archive.org/download/Elf-Girl-001-Through-009-MP3s-320kbps/008_09%20-%20Mi%CC%82w%20Wende%CC%88.mp3,152.4,opensource_audio,Drum & Bass; DnB; Liquid; Jungle; Breakbeat; Guitar; Indian; Hindi; Bhangra; Carnatic; Gothic; Alternative; Rock; Pop; F
Elf-Girl-001-Through-009-MP3s-320kbps,Steven Casteel,01 - drum & bass : dnb : liquid : jungle : breakbeat,2024,opensource_audio,https://creativecommons.org/publicdomain/zero/1.0/,https://archive.org/download/Elf-Girl-001-Through-009-MP3s-320kbps/009_01%20-%20Drum%20%26%20Bass%20%3A%20DnB%20%3A%20Liquid%20%3A%20Jungle%20%3A%20Breakbeat.mp3,278.6,opensource_audio,Drum & Bass; DnB; Liquid; Jungle; Breakbeat; Guitar; Indian; Hindi; Bhangra; Carnatic; Gothic; Alternative; Rock; Pop; F
Elf-Girl-001-Through-009-MP3s-320kbps,Steven Casteel,02 - guitar,2024,opensource_audio,https://creativecommons.org/publicdomain/zero/1.0/,https://archive.org/download/Elf-Girl-001-Through-009-MP3s-320kbps/009_02%20-%20Guitar.mp3,248.9,opensource_audio,Drum & Bass; DnB; Liquid; Jungle; Breakbeat; Guitar; Indian; Hindi; Bhangra; Carnatic; Gothic; Alternative; Rock; Pop; F
Elf-Girl-001-Through-009-MP3s-320kbps,Steven Casteel,03 - indian - hindi - bhangra - carnatic,2024,opensource_audio,https://creativecommons.org/publicdomain/zero/1.0/,https://archive.org/download/Elf-Girl-001-Through-009-MP3s-320kbps/009_03%20-%20Indian%20-%20Hindi%20-%20Bhangra%20-%20Carnatic.mp3,368.1,opensource_audio,Drum & Bass; DnB; Liquid; Jungle; Breakbeat; Guitar; Indian; Hindi; Bhangra; Carnatic; Gothic; Alternative; Rock; Pop; F
Elf-Girl-001-Through-009-MP3s-320kbps,Steven Casteel,04 - jazz - big band - bossa nova,2024,opensource_audio,https://creativecommons.org/publicdomain/zero/1.0/,https://archive.org/download/Elf-Girl-001-Through-009-MP3s-320kbps/009_04%20-%20Jazz%20-%20Big%20Band%20-%20Bossa%20Nova.mp3,675.9,opensource_audio,Drum & Bass; DnB; Liquid; Jungle; Breakbeat; Guitar; Indian; Hindi; Bhangra; Carnatic; Gothic; Alternative; Rock; Pop; F
Elf-Girl-001-Through-009-MP3s-320kbps,Steven Casteel,06 - celtic folk - medieval electronica - folk baroque - traditional irish folk - renaissance folk - dark folk,2024,opensource_audio,https://creativecommons.org/publicdomain/zero/1.0/,https://archive.org/download/Elf-Girl-001-Through-009-MP3s-320kbps/009_06%20-%20Celtic%20Folk%20-%20Medieval%20Electronica%20-%20Folk%20Baroque%20-%20Traditional%20Irish%20Folk%20-%20Renaissance%20Folk%20-%20Dark%20Folk.mp3,469.5,opensource_audio,Drum & Bass; DnB; Liquid; Jungle; Breakbeat; Guitar; Indian; Hindi; Bhangra; Carnatic; Gothic; Alternative; Rock; Pop; F
Elf-Girl-001-Through-009-MP3s-320kbps,Steven Casteel,08 - orchestral,2024,opensource_audio,https://creativecommons.org/publicdomain/zero/1.0/,https://archive.org/download/Elf-Girl-001-Through-009-MP3s-320kbps/009_08%20-%20Orchestral.mp3,260.8,opensource_audio,Drum & Bass; DnB; Liquid; Jungle; Breakbeat; Guitar; Indian; Hindi; Bhangra; Carnatic; Gothic; Alternative; Rock; Pop; F
01AdscumLada_201810,adscum,adscum - lada,2018,opensource_audio,http://creativecommons.org/licenses/by-sa/4.0/,https://archive.org/download/01AdscumLada_201810/01_Adscum%20-%20Lada.mp3,327.3,opensource_audio,"noise,industrial techno,bass,techno,berlin; harsh noise; bass; techno; industrial techno; blast"
01AdscumLada_201810,adscum,adscum - kill_by_fluoride,2018,opensource_audio,http://creativecommons.org/licenses/by-sa/4.0/,https://archive.org/download/01AdscumLada_201810/02_Adscum%20-%20Kill_by_fluoride.mp3,293.5,opensource_audio,"noise,industrial techno,bass,techno,berlin; harsh noise; bass; techno; industrial techno; blast"
01AdscumLada_201810,adscum,adscum - sarkas,2018,opensource_audio,http://creativecommons.org/licenses/by-sa/4.0/,https://archive.org/download/01AdscumLada_201810/03_Adscum%20-%20Sarkas.mp3,310.2,opensource_audio,"noise,industrial techno,bass,techno,berlin; harsh noise; bass; techno; industrial techno; blast"
angel-0.02,Angel's Domain,Slit Your Wrist and I'll Drink the Honey That Bleeds,2026,hifidelity_potpourri,https://creativecommons.org/licenses/by-nc-sa/4.0/,https://archive.org/download/angel-0.02/0.02_1.flac,520.9,hifidelity_potpourri,experimental; industrial techno; illbient; cybergrind; power noise; experimental
angel-0.02,Angel's Domain,Soulful Hell,2026,hifidelity_potpourri,https://creativecommons.org/licenses/by-nc-sa/4.0/,https://archive.org/download/angel-0.02/0.02_2.flac,209.5,hifidelity_potpourri,experimental; industrial techno; illbient; cybergrind; power noise; experimental
blank-banshee-4-d,Blank Banshee,Trojan Horse,2023,hifidelity_potpourri,https://creativecommons.org/publicdomain/zero/1.0/,https://archive.org/download/blank-banshee-4-d/Blank%20Banshee%20-%204D%20-%2006%20Trojan%20Horse.flac,193.7,hifidelity_potpourri,vaporwave; eccojams; vapor; vaportrap; plunderphonics; post vaporwave; wonky; experimental; electronica; progressive ele
blank-banshee-4-d,Blank Banshee,Lost Angles,2023,hifidelity_potpourri,https://creativecommons.org/publicdomain/zero/1.0/,https://archive.org/download/blank-banshee-4-d/Blank%20Banshee%20-%204D%20-%2008%20Lost%20Angles.flac,152.0,hifidelity_potpourri,vaporwave; eccojams; vapor; vaportrap; plunderphonics; post vaporwave; wonky; experimental; electronica; progressive ele
blank-banshee-4-d,Blank Banshee,Hall of Mirrors,2023,hifidelity_potpourri,https://creativecommons.org/publicdomain/zero/1.0/,https://archive.org/download/blank-banshee-4-d/Blank%20Banshee%20-%204D%20-%2009%20Hall%20of%20Mirrors.flac,192.0,hifidelity_potpourri,vaporwave; eccojams; vapor; vaportrap; plunderphonics; post vaporwave; wonky; experimental; electronica; progressive ele
blank-banshee-4-d,Blank Banshee,Time Thief,2023,hifidelity_potpourri,https://creativecommons.org/publicdomain/zero/1.0/,https://archive.org/download/blank-banshee-4-d/Blank%20Banshee%20-%204D%20-%2013%20Time%20Thief.flac,159.1,hifidelity_potpourri,vaporwave; eccojams; vapor; vaportrap; plunderphonics; post vaporwave; wonky; experimental; electronica; progressive ele
blank-banshee-4-d,Blank Banshee,Tracer,2023,hifidelity_potpourri,https://creativecommons.org/publicdomain/zero/1.0/,https://archive.org/download/blank-banshee-4-d/Blank%20Banshee%20-%204D%20-%2015%20Tracer.flac,158.8,hifidelity_potpourri,vaporwave; eccojams; vapor; vaportrap; plunderphonics; post vaporwave; wonky; experimental; electronica; progressive ele
blank-banshee-4-d,Blank Banshee,Revelations,2023,hifidelity_potpourri,https://creativecommons.org/publicdomain/zero/1.0/,https://archive.org/download/blank-banshee-4-d/Blank%20Banshee%20-%204D%20-%2016%20Revelations.flac,165.3,hifidelity_potpourri,vaporwave; eccojams; vapor; vaportrap; plunderphonics; post vaporwave; wonky; experimental; electronica; progressive ele
pakkaslumi36,Valovoima,,2026,pakkaslumi,https://creativecommons.org/licenses/by-nc-nd/4.0/,https://archive.org/download/pakkaslumi36/01.mp3,456.1,pakkaslumi,techno; industrial techno; hardcore techno; valovoima; pakkaslumi
pakkaslumi36,Valovoima,,2026,pakkaslumi,https://creativecommons.org/licenses/by-nc-nd/4.0/,https://archive.org/download/pakkaslumi36/02.mp3,400.0,pakkaslumi,techno; industrial techno; hardcore techno; valovoima; pakkaslumi
pakkaslumi36,Valovoima,,2026,pakkaslumi,https://creativecommons.org/licenses/by-nc-nd/4.0/,https://archive.org/download/pakkaslumi36/03.mp3,392.1,pakkaslumi,techno; industrial techno; hardcore techno; valovoima; pakkaslumi
pakkaslumi36,Valovoima,,2026,pakkaslumi,https://creativecommons.org/licenses/by-nc-nd/4.0/,https://archive.org/download/pakkaslumi36/04.mp3,424.1,pakkaslumi,techno; industrial techno; hardcore techno; valovoima; pakkaslumi
pakkaslumi36,Valovoima,,2026,pakkaslumi,https://creativecommons.org/licenses/by-nc-nd/4.0/,https://archive.org/download/pakkaslumi36/05.mp3,448.0,pakkaslumi,techno; industrial techno; hardcore techno; valovoima; pakkaslumi
pakkaslumi36,Valovoima,,2026,pakkaslumi,https://creativecommons.org/licenses/by-nc-nd/4.0/,https://archive.org/download/pakkaslumi36/06.mp3,336.0,pakkaslumi,techno; industrial techno; hardcore techno; valovoima; pakkaslumi
pakkaslumi36,Valovoima,,2026,pakkaslumi,https://creativecommons.org/licenses/by-nc-nd/4.0/,https://archive.org/download/pakkaslumi36/07.mp3,432.0,pakkaslumi,techno; industrial techno; hardcore techno; valovoima; pakkaslumi
complete-moron-lp,(´･ω･`),PISS ON THE POPE,2019,hifidelity_potpourri,https://creativecommons.org/publicdomain/zero/1.0/,https://archive.org/download/complete-moron-lp/%28%C2%B4%EF%BD%A5%CF%89%EF%BD%A5%60%29%20-%20COMPLETE%20MORON%20-%2004%20PISS%20ON%20THE%20POPE.flac,212.6,hifidelity_potpourri,vaporwave; post vaporwave; vapor; post vapor; hardvapour; plunderphonics; brostep; deathstep; power noise; industrial ha
complete-moron-lp,(´･ω･`),RUN AWAY,2019,hifidelity_potpourri,https://creativecommons.org/publicdomain/zero/1.0/,https://archive.org/download/complete-moron-lp/%28%C2%B4%EF%BD%A5%CF%89%EF%BD%A5%60%29%20-%20COMPLETE%20MORON%20-%2007%20RUN%20AWAY.flac,156.0,hifidelity_potpourri,vaporwave; post vaporwave; vapor; post vapor; hardvapour; plunderphonics; brostep; deathstep; power noise; industrial ha
complete-moron-lp,(´･ω･`),STOP IT PLEASE FOR THE LOVE OF GOD,2019,hifidelity_potpourri,https://creativecommons.org/publicdomain/zero/1.0/,https://archive.org/download/complete-moron-lp/%28%C2%B4%EF%BD%A5%CF%89%EF%BD%A5%60%29%20-%20COMPLETE%20MORON%20-%2008%20STOP%20IT%20PLEASE%20FOR%20THE%20LOVE%20OF%20GOD.flac,165.6,hifidelity_potpourri,vaporwave; post vaporwave; vapor; post vapor; hardvapour; plunderphonics; brostep; deathstep; power noise; industrial ha
complete-moron-lp,(´･ω･`),EJECT CORPSES,2019,hifidelity_potpourri,https://creativecommons.org/publicdomain/zero/1.0/,https://archive.org/download/complete-moron-lp/%28%C2%B4%EF%BD%A5%CF%89%EF%BD%A5%60%29%20-%20COMPLETE%20MORON%20-%2009%20EJECT%20CORPSES.flac,257.6,hifidelity_potpourri,vaporwave; post vaporwave; vapor; post vapor; hardvapour; plunderphonics; brostep; deathstep; power noise; industrial ha
complete-moron-lp,(´･ω･`),OH FUCK RIGHT OFF,2019,hifidelity_potpourri,https://creativecommons.org/publicdomain/zero/1.0/,https://archive.org/download/complete-moron-lp/%28%C2%B4%EF%BD%A5%CF%89%EF%BD%A5%60%29%20-%20COMPLETE%20MORON%20-%2010%20OH%20FUCK%20RIGHT%20OFF.flac,184.6,hifidelity_potpourri,vaporwave; post vaporwave; vapor; post vapor; hardvapour; plunderphonics; brostep; deathstep; power noise; industrial ha
complete-moron-lp,(´･ω･`),FINAL BOSS,2019,hifidelity_potpourri,https://creativecommons.org/publicdomain/zero/1.0/,https://archive.org/download/complete-moron-lp/%28%C2%B4%EF%BD%A5%CF%89%EF%BD%A5%60%29%20-%20COMPLETE%20MORON%20-%2011%20FINAL%20BOSS.flac,169.6,hifidelity_potpourri,vaporwave; post vaporwave; vapor; post vapor; hardvapour; plunderphonics; brostep; deathstep; power noise; industrial ha
complete-moron-lp,(´･ω･`),UR FUCKING STUPID LOL (ALBUM EDIT),2019,hifidelity_potpourri,https://creativecommons.org/publicdomain/zero/1.0/,https://archive.org/download/complete-moron-lp/%28%C2%B4%EF%BD%A5%CF%89%EF%BD%A5%60%29%20-%20COMPLETE%20MORON%20-%2012%20UR%20FUCKING%20STUPID%20LOL%20%28ALBUM%20EDIT%29.flac,188.9,hifidelity_potpourri,vaporwave; post vaporwave; vapor; post vapor; hardvapour; plunderphonics; brostep; deathstep; power noise; industrial ha
technik-heute,Erick Jaeger,helga,2024,opensource_audio,https://creativecommons.org/licenses/by-nd/4.0/,https://archive.org/download/technik-heute/01_Helga.wav,354.1,opensource_audio,jaeger; erick jaeger; techno; industrial; industrial techno; sind re07; sind
technik-heute,Erick Jaeger,minimini,2024,opensource_audio,https://creativecommons.org/licenses/by-nd/4.0/,https://archive.org/download/technik-heute/03_Minimini.wav,207.0,opensource_audio,jaeger; erick jaeger; techno; industrial; industrial techno; sind re07; sind
technik-heute,Erick Jaeger,cleansing,2024,opensource_audio,https://creativecommons.org/licenses/by-nd/4.0/,https://archive.org/download/technik-heute/04_Cleansing.wav,153.9,opensource_audio,jaeger; erick jaeger; techno; industrial; industrial techno; sind re07; sind
technik-heute,Erick Jaeger,bleiben im rytmus,2024,opensource_audio,https://creativecommons.org/licenses/by-nd/4.0/,https://archive.org/download/technik-heute/05_Bleiben%20im%20Rytmus.wav,223.6,opensource_audio,jaeger; erick jaeger; techno; industrial; industrial techno; sind re07; sind
technik-heute,Erick Jaeger,cleansing,2024,opensource_audio,https://creativecommons.org/licenses/by-nd/4.0/,https://archive.org/download/technik-heute/06_Cleansing.wav,155.3,opensource_audio,jaeger; erick jaeger; techno; industrial; industrial techno; sind re07; sind
technik-heute,Erick Jaeger,nightlife,2024,opensource_audio,https://creativecommons.org/licenses/by-nd/4.0/,https://archive.org/download/technik-heute/07_Nightlife.wav,250.7,opensource_audio,jaeger; erick jaeger; techno; industrial; industrial techno; sind re07; sind
sacro-servo-02.-la-voz-metalica,Sacro Servo,Cuerpos Robados,2026,hifidelity_potpourri,https://creativecommons.org/licenses/by-nd/4.0/,https://archive.org/download/sacro-servo-02.-la-voz-metalica/01.%20Cuerpos%20Robados.mp3,230.4,hifidelity_potpourri,industrial techno; dark techno; cyberpunk; industrial electronic; dystopian; female vocals; distorted vocals; darkwave; 
sacro-servo-02.-la-voz-metalica,Sacro Servo,La llegada,2026,hifidelity_potpourri,https://creativecommons.org/licenses/by-nd/4.0/,https://archive.org/download/sacro-servo-02.-la-voz-metalica/02.%20La%20llegada.mp3,229.1,hifidelity_potpourri,industrial techno; dark techno; cyberpunk; industrial electronic; dystopian; female vocals; distorted vocals; darkwave; 
sacro-servo-02.-la-voz-metalica,Sacro Servo,Carne de sombra,2026,hifidelity_potpourri,https://creativecommons.org/licenses/by-nd/4.0/,https://archive.org/download/sacro-servo-02.-la-voz-metalica/03.%20Carne%20de%20sombra.mp3,422.5,hifidelity_potpourri,industrial techno; dark techno; cyberpunk; industrial electronic; dystopian; female vocals; distorted vocals; darkwave; 
sacro-servo-02.-la-voz-metalica,Sacro Servo,El sistema,2026,hifidelity_potpourri,https://creativecommons.org/licenses/by-nd/4.0/,https://archive.org/download/sacro-servo-02.-la-voz-metalica/04.%20El%20sistema.mp3,185.0,hifidelity_potpourri,industrial techno; dark techno; cyberpunk; industrial electronic; dystopian; female vocals; distorted vocals; darkwave; 
sacro-servo-02.-la-voz-metalica,Sacro Servo,Depredador,2026,hifidelity_potpourri,https://creativecommons.org/licenses/by-nd/4.0/,https://archive.org/download/sacro-servo-02.-la-voz-metalica/05.%20Depredador.mp3,243.4,hifidelity_potpourri,industrial techno; dark techno; cyberpunk; industrial electronic; dystopian; female vocals; distorted vocals; darkwave; 
sacro-servo-02.-la-voz-metalica,Sacro Servo,Juguete roto,2026,hifidelity_potpourri,https://creativecommons.org/licenses/by-nd/4.0/,https://archive.org/download/sacro-servo-02.-la-voz-metalica/06.%20Juguete%20roto.mp3,308.4,hifidelity_potpourri,industrial techno; dark techno; cyberpunk; industrial electronic; dystopian; female vocals; distorted vocals; darkwave; 
sacro-servo-02.-la-voz-metalica,Sacro Servo,Sangre en la boca,2026,hifidelity_potpourri,https://creativecommons.org/licenses/by-nd/4.0/,https://archive.org/download/sacro-servo-02.-la-voz-metalica/07.%20Sangre%20en%20la%20boca.mp3,225.3,hifidelity_potpourri,industrial techno; dark techno; cyberpunk; industrial electronic; dystopian; female vocals; distorted vocals; darkwave; 
sacro-servo-02.-la-voz-metalica,Sacro Servo,voz metalica,2026,hifidelity_potpourri,https://creativecommons.org/licenses/by-nd/4.0/,https://archive.org/download/sacro-servo-02.-la-voz-metalica/08.%20Voz%20met%C3%A1lica.mp3,180.2,hifidelity_potpourri,industrial techno; dark techno; cyberpunk; industrial electronic; dystopian; female vocals; distorted vocals; darkwave; 
nuke-011-death-in-paradise-nuke-vol.-11,Death In Paradise,Nuke Vol. 11,2020,nuke-the-planet-netlabel,https://creativecommons.org/licenses/by-nc-nd/4.0/,https://archive.org/download/nuke-011-death-in-paradise-nuke-vol.-11/%28NUKE011%29%20Death%20In%20Paradise%20-%20Nuke%20Vol.%2011.wav,276.1,nuke-the-planet-netlabel,Hardcore; Gabba; Speedcore; Noisecore; Schranz; Breakcore; Death in Paradise; NUKE THE PLANET
nuke006-kasma-nuke-vol.-06,Kasma,Nuke Vol. 06,2019,nuke-the-planet-netlabel,https://creativecommons.org/licenses/by-nc-nd/4.0/,https://archive.org/download/nuke006-kasma-nuke-vol.-06/%28NUKE006%29%20Kasma%20-%20Nuke%20Vol.%2006.wav,304.0,nuke-the-planet-netlabel,Hardcore; Gabba; Speedcore; Acidcore; Schranz; Kasma; NUKE THE PLANET
nuke007-pagna-nuke-vol.-07,Pagna,Nuke Vol. 07,2019,nuke-the-planet-netlabel,https://creativecommons.org/licenses/by-nc-nd/4.0/,https://archive.org/download/nuke007-pagna-nuke-vol.-07/%28NUKE007%29%20Pagna%20-%20Nuke%20Vol.%2007.wav,400.4,nuke-the-planet-netlabel,Hardcore; Speedcore; Acidcore; Schranz; Gabba; Pagna; NUKE THE PLANET
nuke002-the-homeraver-nuke-vol.-02,The Homeraver,Nuke Vol. 02,2018,nuke-the-planet-netlabel,https://creativecommons.org/licenses/by-nc-nd/4.0/,https://archive.org/download/nuke002-the-homeraver-nuke-vol.-02/%28NUKE002%29%20The%20Homeraver%20-%20Nuke%20Vol.%2002.wav,311.9,nuke-the-planet-netlabel,Hardcore; Gabba; Speedcore; Schranz; Acidcore; NUKE THE PLANET; The Homeraver
nuke003-brutal-rave-bastards-nuke-vol.-03_202201,Brutal Rave Bastards,Nuke Vol. 03,2018,nuke-the-planet-netlabel,https://creativecommons.org/licenses/by-nc-nd/4.0/,https://archive.org/download/nuke003-brutal-rave-bastards-nuke-vol.-03_202201/%28NUKE003%29%20Brutal%20Rave%20Bastards%20-%20Nuke%20Vol.%2003.wav,316.8,nuke-the-planet-netlabel,Hardcore; Gabba; Speedcore; Acidcore; Schranz; Brutal Rave Bastards; NUKE THE PLANET
sub03dl-origin,Stanley Hottek,Relevant Emphasis,2022,opensource_audio,https://creativecommons.org/licenses/by-nd/4.0/,https://archive.org/download/sub03dl-origin/Stanley%20Hottek%20-%20Origin%20-%2001%20Relevant%20Emphasis.mp3,496.3,opensource_audio,drone; instrumental; music; techhouse; darkwave; percussive; progressive; boom; fusion; tekkno; glitch; netlabel; free; 
sub03dl-origin,Stanley Hottek,Unkown Origin,2022,opensource_audio,https://creativecommons.org/licenses/by-nd/4.0/,https://archive.org/download/sub03dl-origin/Stanley%20Hottek%20-%20Origin%20-%2002%20Unkown%20Origin.mp3,463.6,opensource_audio,drone; instrumental; music; techhouse; darkwave; percussive; progressive; boom; fusion; tekkno; glitch; netlabel; free; 
sub03dl-origin,Stanley Hottek,Satellite,2022,opensource_audio,https://creativecommons.org/licenses/by-nd/4.0/,https://archive.org/download/sub03dl-origin/Stanley%20Hottek%20-%20Origin%20-%2003%20Satellite.mp3,421.4,opensource_audio,drone; instrumental; music; techhouse; darkwave; percussive; progressive; boom; fusion; tekkno; glitch; netlabel; free; 
nuke004-acin-nuke-vol.-04,Acin,Nuke Vol. 04,2019,nuke-the-planet-netlabel,https://creativecommons.org/licenses/by-nc-nd/4.0/,https://archive.org/download/nuke004-acin-nuke-vol.-04/%28NUKE004%29%20Acin%20-%20Nuke%20Vol.%2004.wav,338.9,nuke-the-planet-netlabel,Hardcore; Speedcore; Acidcore; Gabba; Schranz; Acin; NUKE THE PLANET
nuke001-death-in-paradise-nuke-vol.-01,Death In Paradise,Nuke Vol. 1,2018,nuke-the-planet-netlabel,https://creativecommons.org/licenses/by-nc-nd/4.0/,https://archive.org/download/nuke001-death-in-paradise-nuke-vol.-01/%28NUKE001%29%20Death%20In%20Paradise%20-%20Nuke%20Vol.%2001.wav,319.2,nuke-the-planet-netlabel,Hardcore; Gabba; Speedcore; Acidcore; Schranz; Death In Paradise; NUKE THE PLANET
nuke010-brutal-rave-bastards-nuke-vol.-10,Brutal Rave Bastards,Nuke Vol. 10,2020,nuke-the-planet-netlabel,https://creativecommons.org/licenses/by-nc-nd/4.0/,https://archive.org/download/nuke010-brutal-rave-bastards-nuke-vol.-10/%28NUKE010%29%20Brutal%20Rave%20Bastards%20-%20Nuke%20Vol.%2010.wav,238.9,nuke-the-planet-netlabel,Hardcore; Speedcore; Acidcore; Noisecore; Schranz; Brutal Rave Bastards; NUKE THE PLANET
nuke012-rabbits-on-speed-nuke-vol.-12,Rabbits On Speed,Nuke Vol. 12,2020,nuke-the-planet-netlabel,https://creativecommons.org/licenses/by-nc-nd/4.0/,https://archive.org/download/nuke012-rabbits-on-speed-nuke-vol.-12/%28NUKE012%29%20Rabbits%20On%20Speed%20-%20Nuke%20Vol.%2012.wav,468.6,nuke-the-planet-netlabel,Hardcore; speedcore; Acidcore; Noisecore; Breakcore; Schranz; Rabbits on Speed; NUKE THE PLANET
nuke008-kasma-nuke-vol.-08,Kasma,Nuke Vol. 08,2020,nuke-the-planet-netlabel,https://creativecommons.org/licenses/by-nc-nd/4.0/,https://archive.org/download/nuke008-kasma-nuke-vol.-08/%28NUKE008%29%20Kasma%20-%20Nuke%20Vol.%2008.wav,662.3,nuke-the-planet-netlabel,Hardcore; gabba; Speedcore; Schranz; Scidcore; Kasma; NUKE THE PLANET
nuke009-ego-drums-nuke-vol.-09,Ego Drums,Nuke Vol. 09,2020,nuke-the-planet-netlabel,https://creativecommons.org/licenses/by-nc-nd/4.0/,https://archive.org/download/nuke009-ego-drums-nuke-vol.-09/%28NUKE009%29%20Ego%20Drums%20%20-%20Nuke%20Vol.%2009.wav,245.6,nuke-the-planet-netlabel,Hardcore; Speedcore; Acidcore; Gabba; Noisecore; Schranz; Ego Drums; NUKE THE PLANET
